group,victim,website,country,country_name,country_source,industry,industry_raw,industry_source,revenue_usd,data_volume,data_size_gb,data_categories,data_types,employee_count,description,post_date,post_month,date_source,still_listed,recycled_flag,source_id
DragonForce,HEC Group,hec-group.com.tw,TW,Taiwan,stated in address/location,Manufacturing,,inferred from description,,301.44 GB,301.44,,,,"On August 30, HEC Group issued an official statement addressed to shareholders of TPE:3032 and other stakeholders, announcing that the company had been the target of a cyberattack. In its statement, the company claimed that the breach was detected immediately, that high-tech countermeasures were deployed, and that no corporate documentation was lost. The incident was characterized as a minimal, random occurrence. The reality, however, is starkly different. Our operation against the company began weeks prior to that publication. Due to a systemic failure to implement basic security principles, we gained nearly total control over the infrastructure supporting the development and commercial operations of the entire corporate group. We conducted a methodical and comprehensive review of the documentation, exfiltrating a vast amount of data. We remained undetected for as long as necessary to secure everything we sought. Only after completing our objectives did we initiate the data encryption process, the company's technical staff did not even detect our presence until many hours later. At the time of their official announcement, HEC Group's leadership knew the statement was entirely false. Its sole purpose was to manipulate stock market trading. Instead of contacting us to mitigate the damage, management chose to deceive the exchange. When we finally managed to contact the company's leadership and offered them a chance to make their official statement more truthful in exchange for the deletion of the taken documents, they showed no interest. If the leadership of HEC Group has decided to pursue a path of selfdestruction, we will not stand in their way. To prove that HEC Group’s statement was a fabrication and that our claims are accurate, we will now publish a portion of the exfiltrated data. This initial release will consist of over 360,000 files, drawn from a total volume measuring in terabytes. This data will provide stock exchange regulators and partner companies with exhaustive evidence of the actual events. The remaining documents will not be released publicly at this time, as we have devised a more strategic use for them. While the countdown timer below this publication runs, the companies affiliated with HEC Group, their shareholders, and regulatory authorities have time to prepare. HEC Group has one final opportunity to accept our proposal and avoid the consequences.",2026-09-24,2026-09,stated by site,yes,,61fc714c-292f-4ca0-ac3f-d185e09a5397
DragonForce,"Elite Industech Co., Ltd",pjemetal.com,TW,Taiwan,stated in address/location,,,,,34.89 GB,34.89,,,,"Elite Industech Co., Ltd. (established in 2003) is a certified Class-A waste treatment plant based in Kaohsiung, Taiwan. The company operates within the circular economy sector, specializing in the eco-friendly processing of electronic waste (E-waste) and the recycling of rare and precious metals",2026-09-23,2026-09,stated by site,yes,,78625ea1-7180-494c-a14f-e199fac6f139
DragonForce,BMGP Groupe,polyresine.com,FR,France,stated in address/location,Manufacturing,,inferred from description,,41.58 GB,41.58,,,,"BMGP Groupe (Polyresine) is an established French manufacturer specializing in the formulation, production, and distribution of synthetic resins and high-performance technical polymers. Founded in 1972, the company serves a wide range of industrial sectors, providing tailored chemical formulations for applications such as industrial flooring, waterproofing, encapsulation, and specialized coatings. They are known for engineering reliable, durable chemical solutions to meet complex industrial specifications.",2026-09-23,2026-09,stated by site,yes,,539a46d4-2e59-4ef7-aabf-5cddda6a7606
DragonForce,"Arizona Vascular Medical Equipment, Inc",arizonavascular.com,US,United States,stated in address/location,Healthcare,,inferred from description,,61.03 GB,61.03,,,,"Arizona Vascular Medical Equipment, Inc. is a trusted provider of specialized medical devices, focusing primarily on compression therapy solutions and vascular care equipment. Headquartered in Mesa, Arizona, the company is dedicated to improving patient mobility and quality of life by delivering high-quality medical products and personalized customer service across the United States.",2026-09-23,2026-09,stated by site,yes,,95e362a7-eb25-4e6a-9762-8f32a5b1bca7
DragonForce,Owen Leigh Optometry,owenleighoptometry.co.uk,GB,United Kingdom,stated in address/location,Healthcare,,inferred from description,,Full DATA 400 GB+,432.34,,,,"Full DATA 400 GB+ The brain uses the eyes to gather information about our surroundings. The brain cannot process all our view so it must first decide what to look for. The eyes-brain system then has to select that information, usually by shifting eye position and often by shifting focus. How the eyes-brain go through this process is the real test of visual efficiency. Here at Owen Leigh Optometry, we specialise in helping patients of all ages to develop flexibility in their vision to meet all their needs and interests. We start this by observing and measuring your eye-brain system with a wide range of visual challenges. Eye health and eyesight are important, but this must not be the end point of developing good vision. We want to take you much further than that, to explore ways that you can see more, feel more, move better, plan better and understand quicker. We use 'visual efficiency glasses', vision exercises (vision therapy) and 'training/learning lenses' to help you develop your own vision. We add visual hygiene, consider coloured lenses and refer to other disciplines if that will help you meet your goals. “What we see is dependant upon what we are looking for and what we managed to see last time.”",2026-09-16,2026-09,stated by site,yes,,2be33b50-70f7-4151-8b86-b60b31e5e1ba
DragonForce,Community Property Management,cpm1.com,,,,Real Estate,,inferred from description,,full data 200 GB+,249.3,,,,"full data 200 GB+ We have been in business since 1978 as a management firm specializing in the management of common interest developments including condominiums and planned unit developments. CPM rapidly evolved into one of the premier association management firms in the industry and is on the forefront of innovative and specialized services. Our reputation for attentiveness to the needs of each association is one of which Community Property Management is very proud. Our dedication to excellence and our staffs skills and professionalism have become the trademark at Community Property Management. Management level personnel attend courses offered through Community Associations Institute, a national organization of community association, and California Association of Community Managers. CPM has also earned its Accredited Management Organization designation with IREM, and Certified Property Manager from CAI, the industries highest designation. We are responsive and dedicated to our Associations and their unique service requirements. We have found, over the years that association needs are constantly changing. Therefore, we analyze and formulate objective plans for the guidance and support of the Association through its Board Members. Our company has developed expertise in all areas of association management and keeps Board Members updated on law changes. We stand ready to assist you with all your Associations requirements.",2026-09-16,2026-09,stated by site,yes,,dbdc4732-e361-4834-a8bf-52778bae559f
DragonForce,Medical Department Store,medicaldepartmentstore.com,US,United States,stated in address/location,Healthcare,,inferred from description,,27.68 GB,27.68,,,,Medical Department Store in united state,2026-09-10,2026-09,stated by site,yes,,aafe099f-f355-4460-95fb-4443b41efc21
DragonForce,Norwood Law Firm,norwoodlegal.com,US,United States,stated in address/location,Legal,,inferred from description,,78.56 GB,78.56,,,,"Norwood Law is a Tulsa-based legal firm that specializes in personal injury law, criminal defense, business law, and family law. Founded by attorney Joe Norwood in 2004, the firm is known for its success in high-profile cases and achieving significant legal victories for its clients. The team also includes Todd Maxwell, who specializes in contracts, construction law, and dispute mediation. Norwood Law serves clients in Oklahoma seeking expert legal representation in complex legal matters.",2026-09-04,2026-09,stated by site,yes,,66da3509-a3fc-4ff3-a229-ecfa57caf4e0
DragonForce,Homewood Sales,homewoodsales.com,US,United States,stated in address/location,Manufacturing,,inferred from description,,140.33 GB,140.33,,,,"Homewood Sales Corporation specializes in equipment life extension solutions, offering a wide range of products including automatic voltage regulators, control panels, and motors, all built to Westinghouse specifications. With over a century of expertise, they provide exceptional quality in industrial and power distribution units and components. Their services include global sourcing, factory revitalization, and technical support, ensuring precise and expert assistance for their clients. Homewood primarily serves industries requiring reliable power distribution and equipment maintenance solutions.",2026-09-04,2026-09,stated by site,yes,,6483b94b-84e1-4416-947f-2591eb728a83
DragonForce,arsrenacer.com,arsrenacer.com,,,,Healthcare,,inferred from description,,365.65 GB,365.65,,Personal data (PII); Financial / accounting; Medical / health (PHI); Legal / contracts; Corporate / confidential; Email / correspondence,,"ARS RENACER, S.A. DUMP: ANALYSIS OF A HEALTH INSURANCE COMPANY LEAK ═══════════════════════════════════════════════════ ARS Renacer, S.A. (Dominican Republic) is a private Health Risk Administrator (ARS), licensed by SISALRIL (Law 87-01). Member of ADIMARS. It serves hundreds of thousands of affiliates through 24 regional offices. **DUMP VOLUME:** 274,404 files / 158,693 critical and high-risk files ▸ 50,894 files in the ""Usuarios"" (Users) folder — user accounts for all systems ▸ .ssh/ + .bash_history + .gitconfig — access keys and command history of IT personnel ▸ 4,501 files — direct affiliate databases (names, cédulas [national IDs], phone numbers, addresses) ▸ 3,000 backup files — potentially complete database dumps ▸ 679 files — employee payroll data ▸ 500 files — passwords and access tokens to financial systems **MEDICAL DATA (PHI):** ▸ 19,443 medical service authorization files — diagnoses, procedures, patient names ▸ 13,928 pre-certification files ▸ 810 pre-certification files (treatment details) ▸ 199 medical record files (expediente clínico) ▸ 1,569 prescription files linked to diagnoses ▸ 252 claims files containing PHI **FINANCIAL DATA:** ▸ 4,863 financial transaction files — payments, refunds, bank details ▸ 3,676 account files with affiliates' financial data ▸ 3,467 financial documents (reports, balance sheets, budgets) ▸ 1,293 files containing financial system secrets and tokens **REGULATORY RISKS:** ▸ Law 172-13 (Personal Data Protection) — Article 13 directly violated; penalties: 6 months to 2 years in prison + fines up to 150 minimum wages per incident ▸ Law 42-01, Article 28 (Confidentiality of clinical records) ▸ Law 53-07 (Cybercrime) — mandatory DICAT investigation ▸ Circular SSRL-INT-2025-000827 SISALRIL — direct requirement to protect PHI ▸ Precedent: SISALRIL fine of 2.3 million DOP for 5 incidents (2021); the current leak is orders of magnitude larger **OTHER RISKS:** ▸ Exploitation of the Traspaso Digital system (SISALRIL, 2025) for massive illegal transfers of affiliates using leaked credentials ▸ Blackmailing patients with the threat of disclosing diagnoses ▸ BEC (Business Email Compromise) attacks on management (Board of Directors' data is in the dump) ▸ Synthetic identity theft and fabrication of fake cédulas ▸ Mass Habeas Data lawsuits — will paralyze the legal department The dump contains a complete cross-section of the medical insurance company: from server SSH keys to the diagnoses of hundreds of thousands of patients and affiliates' bank details. The data cannot be invalidated — a cédula and medical history are immutable.",2026-09-01,2026-09,stated by site,yes,,01cb9bb7-2f43-4e39-aef6-ef509ed5ecfd
DragonForce,Frato,frato.com,PT,Portugal,stated in address/location,,,,,133.7 GB,133.7,,,,"(release includes data for the entire group of companies across all countries of operation, financial documentation, shareholder information, personal data of employees and clients, and much more) FRATO is recognized for its commitment to quality and style, merging traditional craftsmanship with innovative design. Drawing inspiration from diverse cultures and breathtaking locations worldwide, the brand creates a unique international aesthetic. It offers an exceptional interior lifestyle concept through its flagship stores located across America, Europe, and the Middle East. FRATO's intended clients are those seeking sophistication and inspiration for their living spaces.",2026-08-24,2026-08,stated by site,yes,,0c6530da-dedd-4f1f-805f-c4c7eb9e6d1a
DragonForce,Wozair,wozair.com,GB,United Kingdom,stated in address/location,Construction,,inferred from description,,48.22 GB,48.22,,,,"Wozair specializes in the design, manufacture, and installation of heavy-duty heating, ventilating, and air conditioning (HVAC) products for various sectors including Marine, Naval, Military, Nuclear, Oil and Gas, Powergen, and Renewables. Their product range includes air handling units, dampers, filtration solutions, and refrigeration systems. Wozair also offers services such as system design, project management, manufacturing, commissioning, and maintenance. The company aims to provide bespoke solutions to meet specific client requirements while ensuring a safe working environment.",2026-08-24,2026-08,stated by site,yes,,6e06069d-69f2-44e1-8a0d-306d487cc8cd
DragonForce,Brookview Financial,brookviewfinancial.com,US,United States,stated in address/location,Retail & Wholesale,,inferred from description,,111.37 GB,111.37,,,,"(data of many thousands of customers, including credit reports, SSNs, addresses, etc.) Brookview Financial is a boutique private lender specializing in quick-close financing solutions for real estate projects. Established in 1992, the company has served as a trusted capital partner for thousands of real estate investors across the nation. They offer a range of loan programs, including commercial bridge loans, fix & flip loans, and special situation financing, with amounts ranging from $75,000 to over $50 million. Known for their personal service and flexible terms, Brookview can close deals in as little as 7 days.",2026-08-24,2026-08,stated by site,yes,,65fa9687-26ec-41c7-8aca-7bc0b1d62c51
DragonForce,winfashion,winfashion.com,US,United States,stated in address/location,Financial Services,,inferred from description,,78.89 GB,78.89,,,,"══════════════════════════ ══════════════════════════ ══════════════════════════ WINFASHION TECHNOLOGIES DUMP: DATA LEAK ANALYSIS OF A B2B ERP PLATFORM FOR THE FASHION INDUSTRY ══════════════════════════ ══════════════════════════ ══════════════════════════ This is a preliminary analysis, processing of sensitive data is currently underway. Target: WinFashion Technologies (Los Angeles, USA) — an international B2B provider of ERP solutions (WF125sR / Fabric ERP V.10) for 250+ fashion brands. Offices in New York, Shanghai, and India. Integrations: Shopify, Acenda, JOOR, NuORDER, CommerceHub, FashionGo. BPO/EDI processing via Inovis/QRS. DUMP VOLUME: ~205K files / ~13K directories / ~73 Gigabytes AT-RISK FILES: 125,274 (61.0%) Critical: 9,350 High: 78,174 Medium: 37,750 PRELIMINARY FINDINGS: ▸ kaktus.bak (5.64 GB) — full MSSQL backup of the ""Kaktus"" client's ERP installation (Customer Master, Style Master, EDI, AR) ▸ 6 SSL PFX containers + EDI-VAN client certificate for ECGrid/OpenText ▸ 33,307 .shxml files — WinSCP SFTP session logs (hosts, paths, sizes) ▸ 332 ASP.NET Web.config files — potentially hardcoded Shopify / Authorize.Net secrets ▸ 171 files with PAN / CreditCard / Cardholder / Payment data — Authorize.Net payment processing code ▸ 39 files with IBAN / SWIFT / BankAccount data — bank account details ▸ 259 Invoice Register / Invoice data files — Excel payment registers (up to 124 MB) CLIENT DATA (~40 BRANDS): ▸ STYLEMASTER.xlsx (48 MB) — aggregated product catalog export ▸ Vendors.XLS (20 MB) + test customers.XLS (7 MB) — Kaktus vendors and customers ▸ 40,621 EDI files (.edi / .850 / .856 / .810 / .997 / .852 / .832 / .846) — full B2B trade lifecycle (PO, ASN, invoices, price catalogs) INTELLECTUAL PROPERTY: ▸ 8,577 .cs files — integration source code (Authorize.Net, Shopify, Acenda, JOOR, NuORDER, DSCO) ▸ 5,828 .pbd files — PowerBuilder WF125sR ERP core ▸ 3,398 .sql files — DB schema, triggers, CLR procedures ▸ 18 .dbf / .mdf files — legacy DBASE / FOXPRO / MSSQL tables without encryption HR / PII: ▸ INV EMPLOYEE ALLOWANCE YTD.xlsx (76 MB) — employee HR data ▸ AR Aging 12.30.25.xls + AR Aging 12.29.25.XLS — accounts receivable for Monrow and Kaktus clients REGULATORY RISKS: ▸ PCI DSS — compromise of PAN processing code + Authorize Excel registers ▸ CCPA / CPRA — HR-PII (76 MB), California jurisdiction ▸ FTC — ""total security"" claims amidst PFX / DBF / Web.config compromise ▸ SEC (Regulation FD) — risk for publicly traded client issuers ▸ GDPR — PII of customers / vendors across ~40 brands The dump represents a cross-tenant B2B SaaS incident involving the disclosure of trade secrets for ~40 fashion brands, the compromise of the Authorize.Net payment infrastructure, and the exposure of the full ERP source code.",2026-08-24,2026-08,stated by site,yes,,282bb4b1-73bc-41e7-b926-a27c05a288c6
DragonForce,Hogan Omidi P.C.,hoganomidi.com,US,United States,stated in address/location,Legal,,inferred from description,,74.9 GB,74.9,,,,"Hogan Omidi, P.C. is a boutique law firm specializing in family law, including divorce, child custody, and property division, with a focus on high-asset cases. The firm is led by experienced attorneys who have authored key reference materials on Colorado family law, providing them with a unique advantage in legal representation. They serve a diverse clientele, including executives, business owners, and professionals, ensuring personalized and strategic legal solutions. With offices in Denver and Aspen, they are dedicated to protecting clients' interests and achieving favorable outcomes in family law matters.",2026-08-21,2026-08,stated by site,yes,,ed288008-26ad-4b2d-babf-32879da1a35d
DragonForce,R & D Machine and Engineering,rdmachine.com,US,United States,stated in address/location,Manufacturing,,inferred from description,,306.61 GB,306.61,,,,"&D Machine and Engineering, LLC specializes in CNC machining of precision metal components primarily for the aerospace, defense, and space industries. The company is known for its ability to maintain tight tolerances and produce complex geometries using advanced 5-axis milling and coordinate measuring machines. With a commitment to quality, R&D Machine has built a strong customer base that includes respected blue-chip companies like NASA. Acquired by Compass Precision in 2022, the company continues to focus on manufacturing mission-critical components for demanding applications.",2026-08-18,2026-08,stated by site,yes,,9351fab2-40b4-47c9-bf96-a00af22ab27a
DragonForce,Vermont XCenter,vermont.com.br,BR,Brazil,inferred from domain,Technology,,inferred from description,,4.44 GB,4.44,,,,"A Vermont coloca seus clientes estrategicamente no Centro das Decisões, pois entende que o cliente deve estar no Centro das Atenções. Com isso estabelecido, a companhia acredita que é mais simples interpretar o mercado a partir dos desejos e perspectivas do mesmo. Vermont XCenter: Centro de interAções modernas que promovem experiências em relacionamento. Soluções de Contact Center que contam com um avanço tecnológico do atendimento e que se adaptam às necessidades de um consumidor cada vez mais exigente e conectado; Soluções de Tecnologia: Pensada por meio de um portfólio que vai desde fábrica de software, mapeamento e modelagem dos processos de negócios (BPM) até Service e Help Desk. Com Skills técnicos e avançadas linguagens de programação.",2026-08-17,2026-08,stated by site,yes,,50670edf-f2a0-45b3-ae78-bfbc7f5e951d
DragonForce,rubbermill.com,rubbermill.com,US,United States,stated in address/location,Insurance,,inferred from description,,365.63 GB,365.63,,Customer data; Financial / accounting; Databases / backups; Engineering / R&D / IP,,"═════════════════ ═════════════════ ═════════════════ RUBBERMILL, INC. DUMP: BREAKDOWN OF AN OEM MANUFACTURER LEAK ═════════════════ ═════════════════ ═════════════════ Target: RubberMill, Inc. (North Carolina, USA) — contract manufacturer of non-metallic components for appliance, HVAC, automotive, and heavy equipment. Certifications: ISO 9001:2015, WOSB, WBENC. Probable defense contracts (Mil-Spec). DUMP SIZE: ~296K files / 276K data objects / 340+ GB ▸ 146 GB disk image (.mrimg) — full copy of the system ▸ AES PASSWORDS.xlsx file + APWDxx libraries — credentials ▸ outlook.pst (487 MB) — corporate email archive ▸ creditcard.xls — payment data ▸ EMPLOYEE CALL LIST + Employee Information Record Form — PII ▸ Insurance data ▸ Tax forms containing SSNs ENGINEERING DATA: ▸ 3,000+ CAD files (.dxf, .stp, .dwg) with client part numbers: 7J314, K2A31, K7K11, V1324, etc. ▸ Complete set of 3D models ▸ Client drawings FINANCIAL DATA: ▸ Sales analysis.mdb (38 MB) — complete sales database ▸ commercial terms ▸ customer segmentation REGULATORY RISKS: ▸ C-TPAT / NAFTA / Certificate of Origin ▸ Conflict Minerals Reporting Template ▸ Supplier Quality Assurance Manual ▸ Probable Mil-Spec specifications The dump contains a full cross-section of the business: from passwords and SSNs to automotive OEM drawings and military specifications. ═════════════════ ═════════════════ ═════════════════",2026-08-15,2026-08,stated by site,yes,,dabd2c16-5f55-49a2-acd5-28d1de9052f7
DragonForce,GB Group S.A,gbgroup.com,,,,Construction,,inferred from description,,1757.19 GB,1757.19,,,,"GB Group is one of Haiti’s largest private industrial and trading conglomerates. Headquartered in Port-au-Prince, it operates across nine core industries including construction materials, consumer goods, and energy. Recently, the organization transitioned its corporate identity to B|G|O (Builders of Great Opportunities).",2026-08-11,2026-08,stated by site,yes,,172d1161-42f6-4f69-89a0-d401a2be2b54
DragonForce,QPC Global,qpcglobal.com,,,,Retail & Wholesale,,inferred from description,,706.71 GB,706.71,,,,"Quest Personal Care Global Ltd is a global company specializing in affordable beauty and personal care products, with over 30 years of experience and a presence in more than 65 countries. They offer a diverse range of innovative brands and products, including skincare, haircare, and fragrance, aimed at helping consumers look and feel their best. The company focuses on speed to market, consumer insights, and sustainable practices, ensuring high-quality products that are both effective and environmentally friendly. Their mission is to simplify beauty for everyone by providing inclusive and trend-led products to retail partners and distributors worldwide",2026-08-10,2026-08,stated by site,yes,,13482e3f-7d7f-4b88-b6bd-b0e8468b7498
DragonForce,Primary Eye Care,primaryeyecareneworleans.com,US,United States,stated in address/location,Healthcare,,inferred from description,,1.42 GB,1.42,,,,"We offer a full range of options to meet your eyecare needs. From advanced custom LASIK laser vision correction and cataract surgery to glasses, contact lens fittings and routine eye tests, we can provide the treatment that is right for you.",2026-08-05,2026-08,stated by site,yes,,b7c7a087-21bf-459f-b236-f1018767bacf
DragonForce,One Community FCU,onecommunityfcu.org,US,United States,stated in address/location,Financial Services,,inferred from description,,294.32 GB,294.32,Chat,,,"(UPD: Added additional internal documentation and longer-term customer data. Also included data showing low network security against breaches.) One Community FCU offers a range of financial services, including loans, savings accounts, and online banking solutions. Its products cater to individuals seeking personal, auto, mortgage, and credit card loans, as well as savings and checking accounts. This release includes databases, internal documentation, client data, documents, financial information (including statements clients supplied to One Community FCU from other banks), and documentation on delinquent payments. Additionally, the release contains reports and documentation produced by TraceSecurity LLC (6300 Corporate Blvd, Suite 200, Baton Rouge, LA 70809). TraceSecurity LLC handled security matters for One Community FCU. In our view, that work was inadequate. These shortcomings contributed to the data breach, though they were not the sole cause, so we believe it is necessary to publish them.",2026-08-05,2026-08,stated by site,yes,,3b6cb0aa-6d4e-4e99-a0f0-d3caf9a03ee5
DragonForce,Mike Graham Heating And Air Conditioning,mgpcomfort.com,US,United States,stated in address/location,Construction,,inferred from description,,57.82 GB,57.82,,,,"Mike Graham Heating, Air Conditioning & Plumbing is a trusted HVAC and plumbing service provider based in Wichita Falls, Texas, serving the local community since 1994. The company offers a wide range of services including air conditioning, heating, indoor air quality solutions, and comprehensive plumbing services. Their target clients include homeowners and businesses in Wichita County and surrounding areas, seeking reliable and professional home service assistance. With a commitment to customer satisfaction, they provide upfront estimates, emergency services, and tailored solutions to meet individual needs.",2026-08-05,2026-08,stated by site,yes,,e633d61f-8e85-4f38-884b-56a9fde31cde
DragonForce,P. A. Inc. (Performance Alloys),painc.com,US,United States,stated in address/location,Manufacturing,,inferred from description,,64.56 GB,64.56,,,,"P.A. Inc. is a leading distributor of high nickel alloy and specialty stainless steel piping products, based in Houston, Texas. The company offers a comprehensive inventory of materials including Nickel 200, Alloy 400, Alloy 600, and various titanium grades, catering to industries requiring high-temperature and corrosion-resistant solutions. Their services include custom fabrication and a qualitative specification assurance process to ensure product quality. P.A. Inc. serves clients in sectors such as specialty chemicals, oil and gas, and petrochemicals, providing efficient and effective procurement solutions.",2026-08-05,2026-08,stated by site,yes,,720bcaea-bde0-4b88-b487-d72bc4d233ce
DragonForce,EduSpa,eduspa.com,KR,South Korea,stated in address/location,,,,,3.85 GB,3.85,,,,"Parkmungak has been operating since 1972, providing a range of services and products tailored to meet the needs of its clients. The company focuses on delivering high-quality solutions and has established a reputation for excellence in its field. With a commitment to innovation and customer satisfaction, Parkmungak aims to serve a diverse clientele. Their offerings include various services designed to enhance user experience and operational efficiency.",2026-08-05,2026-08,stated by site,yes,,9a456609-e7aa-4034-a7de-1645f7c50e6d
DragonForce,TUI China,tui.cn,CN,China,stated in address/location,Hospitality & Travel,,inferred from description,,104.48 GB,104.48,,,,"An affiliate of TUI Group, the world's number one leisure tourism business, TUI China was established in late 2003 as the first joint venture with foreign majority share in the Chinese tourism industry. Passports, visas, internal documentation, legal and financial documents, etc.",2026-08-03,2026-08,stated by site,yes,,eac9b985-c649-480d-815d-805c0c980241
DragonForce,Lamont Pridmore,lamontpridmore.co.uk,GB,United Kingdom,stated in address/location,Hospitality & Travel,,inferred from description,,"Lamont Pridmore is a leading independent chartered accountancy practice based in Carlisle, Cumbria, and Lancashire, offering a comprehensive range of accountancy, tax, and business advisory services. Their expertise spans various sectors including agriculture, tourism, and family businesses, catering to both individuals and organizations throughout the North of England and Southern Scotland. The firm specializes in services such as asset and wealth management, corporate finance, and tax planning, aiming to support clients in improving their financial performance. The release consists of a single archive that expands to 250 GB of data once unpacked. This includes both internal company documentation and client data containing confidential financial information.",104.85,,,,"Lamont Pridmore is a leading independent chartered accountancy practice based in Carlisle, Cumbria, and Lancashire, offering a comprehensive range of accountancy, tax, and business advisory services. Their expertise spans various sectors including agriculture, tourism, and family businesses, catering to both individuals and organizations throughout the North of England and Southern Scotland. The firm specializes in services such as asset and wealth management, corporate finance, and tax planning, aiming to support clients in improving their financial performance. The release consists of a single archive that expands to 250 GB of data once unpacked. This includes both internal company documentation and client data containing confidential financial information.",2026-07-31,2026-07,stated by site,yes,,b6be8d66-388e-4cc3-8e6d-f18008ed955a
DragonForce,www.mbmlawsc.com,mbmlawsc.com,US,United States,stated in address/location,Legal,,inferred from description,,1168.03 GB,1168.03,,,,"MBM Law (Moore Bradley Myers) is a South Carolina-based law firm founded in 1971. For over half a century, the firm has represented individuals, families, and businesses across a wide range of legal matters",2026-07-30,2026-07,stated by site,yes,,7311c4c3-6f5d-42e5-a487-c2d5d5e8410b
DragonForce,RUS Industrial,rusindustrial.com,US,United States,stated in address/location,Construction,,inferred from description,,12.25 GB,12.25,,,,"RUS Industrial specializes in heavy industrial construction services, catering to sectors such as chemical refineries, petrochemical plants, oil and gas facilities, and mission-critical data centers.",2026-07-30,2026-07,stated by site,yes,,7a02a198-4fa0-47ab-afe0-0b087659af9e
DragonForce,Katathani Phuket Beach Resort,katathani.com,TH,Thailand,stated in address/location,Hospitality & Travel,,inferred from description,,409.79 GB,409.79,,,,"Katathani Phuket Beach Resort is a luxury beachfront resort located on Kata Noi Beach in Phuket, Thailand, offering a range of accommodations from suites to family-friendly rooms. The resort features world-class amenities including multiple dining options, a spa, fitness facilities, and a kids club, catering to couples, families, and solo travelers alike. Guests can enjoy stunning ocean views, direct beach access, and a variety of recreational activities, ensuring a memorable stay in a tranquil setting. With its commitment to providing exceptional service and a serene atmosphere, Katathani is an ideal destination for those seeking relaxation and luxury in paradise. We took all the database files related to customer relationships, which contained a large amount of sensitive information, such as names, passport numbers, and other details 1.5T used in 33023 directories, 299789 files",2026-07-27,2026-07,stated by site,yes,,8289671c-c761-48b7-833b-f75f83d4b7b8
DragonForce,Deluxe Medical Supply,deluxemedical.com,US,United States,stated in address/location,Healthcare,,inferred from description,,460.33 GB,460.33,,,,"Deluxe Medical Supply is a distributor of healthcare supplies that focuses on delivering quality home healthcare products and services. They provide a wide range of medical equipment, including mobility aids, incontinence supplies, and compression therapy garments, aimed at restoring independence and confidence for their clients. Their knowledgeable staff is dedicated to offering fast and efficient service to both patients and medical professionals. The company intends to serve individuals needing home healthcare solutions while ensuring affordable options and high-quality products.",2026-07-26,2026-07,stated by site,yes,,23ed9672-4fc8-4c75-ba59-f6e5d34941e2
DragonForce,Syntron Bioresearch,syntron.net,US,United States,stated in address/location,Healthcare,,inferred from description,,143.38 GB,143.38,,,,"Syntron Bioresearch, Inc. specializes in manufacturing rapid in vitro diagnostic tests and detection readers, focusing on fertility and over-the-counter tests for ovulation and pregnancy. The company is licensed as a Medical Device Establishment by the US FDA and the State of California Department of Health Services, and is ISO certified. Their intended clients include healthcare providers and individuals seeking reliable diagnostic solutions. Syntron is committed to meeting the needs of its customers with high-quality products and services.",2026-07-26,2026-07,stated by site,yes,,e3e9a2e3-d642-49b5-963b-42cce1b49a6d
DragonForce,ID engineering,id-engineering.com,,,,Construction,,inferred from description,,298.56 GB,298.56,,,,"ID Engineering & Automated Systems is a machine builder and integrator with over 50 years of combined experience, established in 2002. The company specializes in producing quality, turn-key equipment and offers both stand-alone equipment and fully robotic work cells. With a strong focus on quality, reliability, and operator ergonomics, they cater to the manufacturing industry by meeting demands for safety and process control. Their commitment to competitive pricing and on-time delivery, along with a dedicated workforce, underscores their success in the field.",2026-07-24,2026-07,stated by site,yes,,c19d8971-6581-4a3b-9dec-76e53794edc1
DragonForce,Koshkaryan Law Group,koshlaw.com,US,United States,stated in address/location,,,,,400.21 GB,400.21,,,,"Koshkaryan Law Group is a legal firm specializing in personal injury and criminal defense cases. They prioritize client service and provide personalized attention to ensure favorable outcomes for their clients. The firm offers free initial consultations and is dedicated to keeping clients informed about their legal options. With a strong track record of recovering over $138 million for clients, they aim to advocate vigorously on behalf of those they represent.",2026-07-22,2026-07,stated by site,yes,,877bb86e-24f9-4685-bbe4-6589ae2725b6
DragonForce,Baicizhan,baicizhan.com,,,,,,,,271.06 GB,271.06,,,,Baicizhan is a language learning platform specializing in English instruction. It offers a wide range of tools and resources designed to help users overcome the challenges of learning English.,2026-07-21,2026-07,stated by site,yes,,2cef3ae9-229a-4e1b-9434-9abfe97ba161
DragonForce,NewNet,newnetsa.com,,,,Manufacturing,,inferred from description,,47.02 GB,47.02,,,,"NewNet S.A. is a Colombian company specializing in managing IT risks, offering advanced and personalized data protection services. Their extensive range of services includes information security, cybersecurity, business continuity, and governance, risk, and compliance (GRC) solutions. They cater to various sectors, providing consulting, technology, and managed services to ensure optimal IT operations for their clients. With a commitment to quality and collaboration with recognized manufacturers, NewNet S.A. has been delivering reliable and secure technology solutions since 1996",2026-07-18,2026-07,stated by site,yes,,6f4e3a42-0adb-422b-ba3e-5bd972e17938
DragonForce,Sinai Grand Casino,sinaigrandcasino.com,EG,Egypt,stated in address/location,Hospitality & Travel,,inferred from description,,1370.54 GB,1370.54,,,,"Sinai Grand Casino is the premier casino in the Middle East, offering a luxurious gaming experience with a variety of games including roulette, blackjack, and poker. The casino provides 24/7 services, entertainment shows, and dining options, making it a top destination for visitors in Sharm El Sheikh. It caters primarily to international tourists, as Egyptian nationals are not permitted to enter due to government regulations. With a commitment to exceptional customer service, Sinai Grand Casino also offers complimentary transportation for qualified players and guests.",2026-07-16,2026-07,stated by site,yes,,989c5e3a-598c-409e-b299-ed842bc4a698
DragonForce,Petrini Valores,petrini.com.ar,AR,Argentina,stated in address/location,Financial Services,,inferred from description,,138.57 GB,138.57,,,,"Petrini Valores S.A. specializes in personalized wealth management and financial planning, offering tailored financial solutions for individuals, families, and businesses. They provide private banking services, corporate solutions, and sales & trading expertise, ensuring clients can access both local and international markets. The company focuses on creating customized portfolios aligned with clients' profiles and objectives, utilizing innovative strategies and technology. With a commitment to exploring capital market opportunities, Petrini Valores aims to deliver flexible and disruptive financial strategies.",2026-07-16,2026-07,stated by site,yes,,c7a0279c-a105-4324-a7ee-ce72ba0ae329
DragonForce,Kee Wah Bakery,keewah.com,HK,Hong Kong,stated in address/location,Agriculture & Food,,inferred from description,,397.25 GB,397.25,,,,"Kee Wah Bakery specializes in traditional and innovative baked goods, offering a wide range of products including mooncakes, festive treats, and gift items. The company prides itself on using high-quality ingredients and advanced techniques to create its renowned products. Targeting both individual consumers and corporate clients, Kee Wah Bakery also provides promotional offers and a membership program for added benefits. With a commitment to quality and tradition, the brand continues to uphold its legacy in the baking industry.",2026-07-16,2026-07,stated by site,yes,,bbca2373-ee63-4a48-91a5-9d70a5c142f0
DragonForce,Heritage Mechanical LLC,heritagemechanical-llc.com,US,United States,stated in address/location,Construction,,inferred from description,,111.16 GB,111.16,,,,"Built on a family legacy of proud steamfitters dating back to over 100 years, Heritage Mechanical was established in 2012 to provide quality mechanical service to the commercial construction industry. Opening its doors with only three employees and a master plan, the company has since grown rapidly to become one of the fastest growing mechanical construction firms serving the DMV.",2026-07-15,2026-07,stated by site,yes,,b3dd9277-35e9-4698-8a7a-144bdf89a688
DragonForce,Stephens Precision,stephensprecision.com,US,United States,stated in address/location,Manufacturing,,inferred from description,,70.27 GB,70.27,,,,"Stephens Precision, Inc. is a versatile HUBZone manufacturing facility in Vermont, specializing in the machining of mechanical assemblies, components, and tooling for aerospace, defense, commercial, and research sectors. As a Woman-Owned Small Business, they offer solutions from prototype to volume production, emphasizing lean manufacturing and cost control through various programs. The company prides itself on achieving 100% quality and delivery ratings from major clients like Boeing and GE Aviation. With a commitment to quality and a skilled workforce, they provide precision machined parts and a wide range of materials, ensuring strong partnerships with their clients.",2026-07-15,2026-07,stated by site,yes,,a388f700-9866-41dd-876a-e0df581209a7
DragonForce,Shillen Mackall & Seldon,promotingjustice.com,US,United States,stated in address/location,Legal,,inferred from description,,1276.43 GB,1276.43,,,,"Shillen Mackall Seldon Spicer & Fraas is a law firm dedicated to representing personal injury victims primarily in Vermont, New Hampshire, and Florida since 1980. They offer legal services for a wide range of personal injury cases, including car accidents, medical malpractice, and workers' compensation. The firm is committed to providing compassionate legal counsel and fighting for the rights of clients facing physical, emotional, and financial challenges after accidents. With a team of experienced attorneys, they strive to secure maximum compensation for their clients while ensuring a supportive and understanding environment.",2026-07-15,2026-07,stated by site,yes,,44f4c161-ceec-4599-8f03-6eea8c4e4ea7
DragonForce,Hughes Atwood & Mullaly pllc,hsh-law.com,US,United States,stated in address/location,Legal,,inferred from description,,487.28 GB,487.28,,,,"Hughes Atwood & Mullaly PLLC is a full-service law firm that offers professional legal services to individuals, businesses, and institutions in the Upper Valley Region of New Hampshire and Vermont. The firm specializes in various practice areas including Business Law, Civil Litigation, Criminal Law, Estate Planning, Real Estate, Divorce Law, Municipal Law, Collections, and Landlord-Tenant issues. Their experienced attorneys are dedicated to providing caring legal support tailored to their clients' needs. The firm does not solicit legal business from clients in jurisdictions where they are not licensed to practice.",2026-07-15,2026-07,stated by site,yes,,a6b51e12-3d64-4267-a3b7-697c95a787b4
DragonForce,North Atlantic Engineering Consultants,northatlantic.bw,BW,Botswana,stated in address/location,Engineering & Architecture,,inferred from description,,13.66 GB,13.66,,,,"Established in the early 1980's North Atlantic Engineering Consultants has since inception conscientiously led the way with holistic sustainable energy solutions and responsible engineering practice. With a human resource base of professionals of the highest calibre, who are qualified and experienced in project design, co-ordination and management, the firm has grown steadily over the years with a steadfast commitment to quality and cutting-edge design, establishing itself as a trend setter in the field of sustainable building services engineering.",2026-07-15,2026-07,stated by site,yes,,56d4e3ab-85a8-480f-8b8a-9a3f74036dc8
DragonForce,Metro Design Cente,metrodesigncenter.com,US,United States,stated in address/location,Engineering & Architecture,,inferred from description,,18.09 GB,18.09,,,,"Metro Design Center offers a variety of design ideas through its room settings, creating an experience reminiscent of Architectural Digest. The center is conveniently located in the Lehigh Valley, making it accessible to a wide range of clients",2026-07-15,2026-07,stated by site,yes,,49336a64-38c9-4305-b7ee-3b2ccfa9698c
DragonForce,Southport Outdoor Living,southportoutdoor.com,CA,Canada,stated in address/location,,,,,22.78 GB,22.78,,,,"Southport Outdoor Living is a Canadian company established in 2008, specializing in outdoor patio furniture. They offer a wide range of products including lounge furniture, dining sets, grills, umbrellas, and custom cushions, all with a focus on quality and thoughtful design. Their services include design consultation and a commitment to supporting local suppliers by providing Canadian-made products. The company aims to deliver exceptional value and reliable service to clients in Toronto, Woodbridge, and Vaughan.",2026-07-15,2026-07,stated by site,yes,,ca8899be-9289-4e32-8661-8fc3d9fe6a14
DragonForce,Edison Global Networks Limited,edisongn.com,HK,Hong Kong,stated in address/location,Technology,,inferred from description,,298.0 GB,298.0,,,,"Edison Global Networks Limited is a Hong Kong-based IT system integrator and managed service provider with regional offices in Shenzhen, Shanghai, and Beijing. They specialize in cloud solutions, network infrastructure, disaster recovery, global data center services, and communication systems.",2026-07-14,2026-07,stated by site,yes,,dc4e608f-e9fc-48c8-93f9-d4fd52dadbec
DragonForce,Road Ahead Technologies Consultant,ratc.com.cn,CN,China,stated in address/location,Healthcare,,inferred from description,,128.3 GB,128.3,,,,"马路科技 specializes in advanced 3D scanning and measurement solutions, offering a range of products including GOM ATOS 3D scanners, industrial CT systems, and 3D printers. They serve various industries such as automotive, aerospace, and medical devices, providing high-precision measurement and reverse engineering services. As the authorized distributor for ZEISS in China, they ensure high-quality products and support for their clients. Their services also include software solutions for quality management and 3D data analysis",2026-07-14,2026-07,stated by site,yes,,59b86793-648f-4822-8c06-61485a57ac1a
DragonForce,Ifage,ifage.ch,CH,Switzerland,stated in address/location,Education,,inferred from description,,913.19 GB,913.19,,,,"Ifage is a foundation based in Geneva dedicated to the continuous education and professional development of adults. It offers a wide range of courses in languages, management, administration, industry, construction, and new technologies. The foundation serves individuals seeking to enhance their skills and obtain recognized certifications, including federal diplomas and international certificates. Its clients include professionals looking to advance their careers and companies seeking training solutions for their employees.",2026-07-14,2026-07,stated by site,yes,,81b39124-4df9-4825-b410-581d859de945
DragonForce,Omax Autos,omaxauto.com,IN,India,stated in address/location,Manufacturing,,inferred from description,,386.71 GB,386.71,,,,"OMAX Autos Limited is a leading manufacturer of sheet metal components, specializing in the production of auto and non-auto components. The company serves various sectors, including commercial vehicles, passenger cars, and railways, with a focus on innovative design and manufacturing solutions. OMAX is committed to bridging the gap between human and technology, evolving from a manufacturing to an engineering company. Their mission emphasizes a performance-driven culture and respect for intellectual property.",2026-07-14,2026-07,stated by site,yes,,e97e4acb-8587-423d-afa3-e4dc8fdb22dd
DragonForce,Midal Cables,midalcable.com,BH,Bahrain,stated in address/location,Manufacturing,,inferred from description,,355.68 GB,355.68,,,,"Founded in 1977, Midal Cables manufactures alluminum rods and wires, overhead line conductors, aluminum clad steel and extruded products. Midal Cables has offices located in Bahrain, London, Toronto, Kuala Lampur and Nairobi.",2026-07-14,2026-07,stated by site,yes,,1cca878f-d73a-45df-bc04-d0413369432a
DragonForce,Atcom,atcomm.cn,CN,China,inferred from domain,Manufacturing,,inferred from description,,421.93 GB,421.93,,,,"ATCOM Technology Co., LTD. specializes in manufacturing VoIP products, including various types of IP phones and IP PBX systems. They offer a range of solutions such as self-built VoIP, cloud VoIP, call center VoIP, and Wi-Fi VoIP solutions tailored for enterprises. Their focus is on creating value for customers through innovative products and excellent service. The intended clients include businesses looking for reliable and efficient communication systems.",2026-07-14,2026-07,stated by site,yes,,e14ea058-9e63-4d6e-b0c2-2b6baf9065c2
DragonForce,Intron Technology Holdings,intron-tech.com,CN,China,stated in address/location,Energy & Utilities,,inferred from description,,580.15 GB,580.15,,,,"Intron Technology Holdings Limited is a fast-growing automotive electronics solutions provider in China focuses on providing solutions targeting critical automotive electronic components applied in New Energy, Body Control, Safety and Powertrain systems. The Group utilizes its research and development and engineering capabilities to provide solutions incorporating advanced semiconductor devices to help OEMs achieve industry leading performance.",2026-07-14,2026-07,stated by site,yes,,8d68afdb-9f29-4d4a-941d-3a312b899536
DragonForce,Isegen South Africa (Pty) Ltd,isegen.co.za,ZA,South Africa,stated in address/location,Mining & Materials,,inferred from description,,251.93 GB,251.93,,,,Isegen South Africa (Pty) Ltd is a South African chemical company founded in 1974. It is the sole producer of certain chemical products in South Africa. Data that will be published: Corporate correspondence Passport / personal identification data Contracts Certificates Intellectual property data And other related information,2026-07-14,2026-07,stated by site,yes,,a48fc159-10de-423a-a16b-7fa21b9bdb81
DragonForce,asimar.com,asimar.com,TH,Thailand,stated in address/location,Manufacturing,,inferred from description,,68.84 GB,68.84,,,,"Asimar | Asian Marine Service PCL is a leading shipyard in Thailand with over 35 years of experience in the shipbuilding and repair industry. The company specializes in ship repair, ship building, steel fabrication, and engineering services for marine, offshore, and onshore sectors. Committed to quality and timely delivery, Asimar aims to achieve ultimate client satisfaction while adhering to classification society standards. Established in 1981, Asimar has evolved from a marine survey company to a prominent player in the ship repair services market.",2026-07-14,2026-07,stated by site,yes,,927c723b-c1df-46f6-953a-9f8505bcc6e2
DragonForce,Graphic International Centre,graphicint.com,AE,United Arab Emirates,stated in address/location,Hospitality & Travel,,inferred from description,,781.5 GB,781.5,,,,"Graphic International Centre LLC (GIC) has been providing top-tier printing solutions and office automation products in the UAE since 1982. The company specializes in managed print services, large format printing, and a variety of office accessories, catering to diverse sectors including hospitality, education, oil & gas, and retail. GIC is committed to empowering creativity with high-quality products like Copic markers and advanced printing technologies. With a focus on exceptional customer support, GIC aims to meet the evolving needs of its clients through innovative and technology-driven solutions.",2026-07-14,2026-07,stated by site,yes,,7b04f500-495d-40dc-b4af-4755255b146b
DragonForce,SITAV SpA,sitav.eu,,,,Construction,,inferred from description,,440.02 GB,440.02,,,,"SITAV specializes in the construction, maintenance, revision, and restoration of trains and railway vehicles, ensuring maximum efficiency for high-speed trains, regional transport carriages, trams, and subways. The company has been operational since its founding, providing corrective and ordinary maintenance services primarily for Trenitalia. With a focus on innovation and safety, SITAV employs a team of experts and advanced technologies to guarantee that every vehicle is in perfect operational condition. Their services also include revamping, which modernizes existing trains to enhance the travel experience.",2026-07-14,2026-07,stated by site,yes,,639ab14a-fdcd-4e32-be98-d16c626fbebe
DragonForce,Northeast Rescue Systems,northeastrescue.com,,,,Manufacturing,,inferred from description,,27.07 GB,27.07,,,,"Northeast Rescue Systems is a dedicated provider of specialized rescue, safety, and protective equipment serving emergency services and industrial safety communities throughout the New England region. The company is known for supplying a wide selection of highquality gear, including protective clothing, technical rescue tools, detection instruments, and missioncritical hardware tailored to the demanding needs of first responders and safety professionals. With a focus on reliability, expert guidance, and personalized service, Northeast Rescue Systems supports teams that operate in hazardous environments by equipping them with trusted products from reputable manufacturers and fostering strong relationships built on professionalism and trust",2026-07-13,2026-07,stated by site,yes,,872e1a75-79c6-4adf-b533-bc796676b244
DragonForce,Nicholson y Cano Abogados,nicholsonycano.com.ar,AR,Argentina,inferred from domain,Legal,,inferred from description,,372.55 GB,372.55,,,,"Nicholson y Cano is a leading full-service law firm in Argentina, established in 1976, with a team of 29 partners and over 150 lawyers. The firm provides exceptional legal services to both local and international clients across all sectors of the economy, focusing on strategic solutions that drive business success. With expertise in 20 practice areas, they handle complex legal matters and transactions. Their commitment to client success is reflected in their personalized attention and innovative approaches.",2026-07-13,2026-07,stated by site,yes,,dde8ad3c-5650-48f2-bd90-cb786567b52b
DragonForce,www.twtci.com Trans World Trading,twtci.com,PH,Philippines,stated in address/location,Agriculture & Food,,inferred from description,,5.17 GB,5.17,,,,"Trans World Trading Company, Inc. is a leading business conglomerate in the Philippines, recognized for its trust and reliability since 1946. The company specializes in providing sustainable material solutions through its divisions in plastics, chemicals, industrial products, and agrochemicals. With a strong commitment to integrating global innovations with local expertise, it serves various industries across the nation. Trans World continues to expand its operations and influence, shaping the future of the Philippine industry",2026-07-13,2026-07,stated by site,yes,,45c18967-51db-4181-97c5-6a0d59ab1122
DragonForce,degeremcia.com,degeremcia.net,EC,Ecuador,stated in address/location,,,,,38.99 GB,38.99,,,,"DEGEREMCIA is a food operator that is dedicated to the production, distribution and sale of prepared food. It operates mainly through its own chain of fast-food stores; its main brands include Naturissimo and Soldia.",2026-07-13,2026-07,stated by site,yes,,f23e19db-7e99-4185-9673-3ef7cf7a8c17
DragonForce,STEP Oiltools,stepoiltools.com,AU,Australia,stated in address/location,Energy & Utilities,,inferred from description,,56.28 GB,56.28,,,,"STEP Oiltools is a leading global provider of solids control and drilling waste management services, primarily serving the oil and gas and civil engineering industries. The company offers a range of products including mini separation systems, modular recyclers, and dewatering systems, aimed at enhancing efficiency and sustainability in drilling operations. With a commitment to health and safety, STEP Oiltools has received recognition for its high standards in workplace safety. Their clientele includes major players in the energy sector, civil construction, and water treatment markets.",2026-07-12,2026-07,stated by site,yes,,2aedf0cd-9031-4333-aa3b-3b775041d7d3
DragonForce,Al - Saidi Factory,alsaidi.com,SA,Saudi Arabia,stated in address/location,Transportation & Logistics,,inferred from description,,124.06 GB,124.06,,,,"Al Saidi Al Saidi Trading and Industry is a prominent group of companies providing tailored chemical and logistics solutions primarily for clients in the Middle East. They offer a comprehensive range of global logistics services, including supply chain management and freight forwarding, designed to enhance business efficiency. Additionally, the company specializes in manufacturing chemicals for the Oil & Gas and petrochemical industries, focusing on reliability and sustainability. With a commitment to high-quality, environmentally friendly products, Al Saidi aims to support clients in maximizing their operational effectiveness.",2026-07-12,2026-07,stated by site,yes,,7dc6bb41-0cc2-4c0a-8b60-dffc1a57317a
DragonForce,The Schuett Companies,schuettcares.com,US,United States,stated in address/location,,,,,104.04 GB,104.04,,,,"The Schuett Companies, Inc. is a family-owned business with over 50 years of experience specializing in affordable housing for seniors, individuals with disabilities, and families. They manage approximately 1,600 housing units across Minnesota, North Dakota, and South Dakota. Since 1968, they have also offered Home Health Care services through their CompassionCare program, ensuring residents can age in place comfortably. The company's commitment to providing a supportive community emphasizes the importance of a stable home for a healthy life.",2026-07-10,2026-07,stated by site,yes,,d08d0ea2-3184-4606-8198-38fd270460a4
DragonForce,Access Equipment Hire,accessgroup.net.au,AU,Australia,inferred from domain,Construction,,inferred from description,,45.23 GB,45.23,,,,"Access Group International is a leading privately owned provider of access, material handling, power generation, and construction equipment. The company is dedicated to safety, performance, and reliability, serving Australia's demanding industries with dependable equipment and expertise. Their integrated services include maintenance, OEM manufacturing, transport, logistics, and workforce solutions, allowing for seamless project support. With a focus on adaptability and tailored solutions, Access Group International is a trusted partner for projects of all sizes.",2026-07-10,2026-07,stated by site,yes,,71752b28-6410-4be5-b260-ffa493fdc9d3
DragonForce,amplesurveyor.com,amplesurveyor.com,HK,Hong Kong,stated in address/location,Construction,,inferred from description,,85.32 GB,85.32,,,,Ample Surveyor Services Limited is a professional property and construction consultancy firm based in Hong Kong.,2026-07-06,2026-07,stated by site,yes,,a3589bf6-523d-4cee-b2cb-0a8586dd26ef
DragonForce,hive360.com,hive360.com,GB,United Kingdom,stated in address/location,,,,,60.19 GB,60.19,,,,HIVE360 is a UK-based employment administration and employee benefits specialist. They help businesses streamline their payroll and HR operations while improving employee engagement,2026-07-06,2026-07,stated by site,yes,,accc029a-dadb-49f2-925e-92f614445e37
DragonForce,vipimaging,vipimaging.com,,,,Healthcare,,inferred from description,,9.31 GB,9.31,,,,"VIP Imaging is the largest mobile nuclear imaging company in Southern California, specializing in cardiac PET/CT and SPECT studies for cardiologists. The company is employee-owned and prides itself on having the best technicians and technology in the industry, ensuring high-quality patient care and support for proper billing.",2026-06-28,2026-06,stated by site,yes,,cba47217-b041-44c5-8c3f-f2edf6cee00a
DragonForce,stni.co.kr,stni.co.kr,KR,South Korea,stated in address/location,,,,,6.48 GB,6.48,,,,"Creating accurate virtual replicas involves production facilities, workshops, and equipment for modeling, testing, and optimizing technological processes.",2026-06-28,2026-06,stated by site,yes,,2050a4f3-e6f6-441e-b898-99cc53b3f822
DragonForce,agroprime,agroprime.com,,,,Technology,,inferred from description,,0.79 GB,0.79,,,,development of specialized software (SaaS) for automating agribusiness management and monitoring field personnel,2026-06-28,2026-06,stated by site,yes,,0fe755b6-1c08-4a19-8e89-bd90699bcfc7
DragonForce,hwaseng,hwaseng.com.tw,TW,Taiwan,stated in address/location,Manufacturing,,inferred from description,,28.15 GB,28.15,,,,"A Taiwanese manufacturer with forty years of experience, specializing in the high-precision production of metal fasteners, precision-machined parts, and components for the electronics and automotive industries.",2026-06-28,2026-06,stated by site,yes,,342630cf-5aaf-4c06-bdf0-80a70c300bbb
DragonForce,medipakpharma.com,medipakpharma.com,PK,Pakistan,stated in address/location,Pharmaceuticals & Biotech,,inferred from description,,10.51 GB,10.51,,,,"The Pakistani pharmaceutical company Medipak Limited (medipakpharma.com) specializes in the manufacture of infusion solutions, medical devices, and pharmaceutical products.",2026-06-28,2026-06,stated by site,yes,,f34ddda4-9dca-40a8-98e7-d1abccead8ea
DragonForce,Aptora,aptora.com,US,United States,stated in address/location,Technology,,inferred from description,,123.9 GB,123.9,,,,"Aptora is an aggressively growing software company in Lenexa, KS. The company offers award-winning software and consulting services to the service and contracting industries. In 2006, the company were voted one of the top twenty-five companies in the Kansas City area by the Business Journal. Aptora also provides data hosting and processing services for its clients on its own infrastructure. During our visit, we took not only the company’s own data but also the databases of its clients. Unfortunately, the company showed no interest in preserving its clients’ data. When we contacted them, they told us the company had assured them there was no leak. That’s not true. For the release, we have prepared not only Aptora data but also archives containing the databases of more than 100 of its clients. This could affect Aptora leadership, and they may decide to prevent publication.",2026-06-27,2026-06,stated by site,yes,,5d3ee0c2-d584-4a80-86ae-53328d19f87c
DragonForce,mihana-v.com,mihana-v.com,JP,Japan,stated in address/location,,,,,30.18 GB,30.18,,,,"Here is the comprehensive corporate overview of MIHANA Seisakusho Co., Ltd. based on their official company profiles, technical catalogs, and industrial registries",2026-06-20,2026-06,stated by site,yes,,a043ec7d-9adc-4f79-a8ea-bd1cd0d96432
DragonForce,bits-pilani.ac.in,bits-pilani.ac.in,IN,India,stated in address/location,Education,,inferred from description,,66.44 GB,66.44,,,,"BITS Pilani is a premier Indian private research university and ""Institution of Eminence"" known for elite engineering and science programs across five campuses. Founded in 1964, it is highly selective with a 1.47% acceptance rate and offers a 0% attendance policy with mandatory industry immersion.",2026-06-20,2026-06,stated by site,yes,,2683aa7a-5bbf-4be4-b6a2-71a4cea9352d
DragonForce,Tecfi SpA,tecfi.it,IT,Italy,inferred from domain,,,,,176.98 GB,176.98,,,,"Tecfi is a company specialising in the design, production and sale of fastening systems. Going into more detail, three production lines can be highlighted. ▪ Plastic and rubber moulding ▪ Sheet metal moulding with blanking ▪ Cold stamping and flatbed rolling machines",2026-06-15,2026-06,stated by site,yes,,ee80d66c-c0b2-4efd-bd78-83d3d91d7cb6
DragonForce,Ink,weareink.co.uk,GB,United Kingdom,stated in address/location,Construction,,inferred from description,,110.43 GB,110.43,,,,"(including internal documentation, counterparties, contractors, software, correspondence, and the like) INK is an award-winning production studio based in London specialising in CGI, Animation and Retouching. We combine the technical and the beautiful to bring ideas to life across film, print and interactive platforms.",2026-06-14,2026-06,stated by site,yes,,168544de-7ef1-4bca-ad6d-e850fab12a5a
DragonForce,Corniche Hotel Abu Dhabi,abudhabi.corniche-hotels.com,AE,United Arab Emirates,stated in address/location,Hospitality & Travel,,inferred from description,,140.05 GB,140.05,,,,"At the heart of the Central Business District. Situated along the stunning Corniche stretch, our hotel’s 305 luxurious guest rooms offer breathtaking views of the Capital Garden and sparkling turquoise waters of the Arabian Gulf. There’s something here for everyone. Busy executives will appreciate our first-class business centre and car rental services, and families will love our childcare and babysitting services. Our health and fitness center, with sauna and steam room, will delight any globetrotter recovering from jet lag. And our wheelchair accessible rooms and public areas are a comfort for the physically impaired. Sightseeing couldn’t be simpler. Our hotel offers free scheduled pick up and drop off to the city’s main attractions: Yas Waterworld, Ferrari World, Corniche Public Beach, and World Trade Centre Mall. Book here for our Best Price Guarantee promise. Earn and spend loyalty points on all qualifying stays. The level of points, benefits and privileges are subject to availability and may vary at certain participating hotels.",2026-06-12,2026-06,stated by site,yes,,e08d24da-219a-4529-a8f2-d3ca264e5168
DragonForce,Cheoy Lee Shipyards,cheoylee.com,HK,Hong Kong,stated in address/location,Manufacturing,,inferred from description,,655.85 GB,655.85,,,,"Cheoy Lee Shipyards Ltd. specializes in the design and manufacturing of a diverse range of vessels, including tugs, ferries, crew boats, pilot boats, and luxury yachts. Their state-of-the-art facility in Zhuhai, China, is equipped with advanced machinery, enabling the production of high-quality vessels up to 70 meters in length. The company serves a global clientele, focusing on maritime industries that require innovative and efficient solutions for various operational needs. Cheoy Lee is committed to excellence, sustainability, and employee welfare, fostering a strong community within their workforce.",2026-06-12,2026-06,stated by site,yes,,35fcc6bd-3ac2-4175-b2ad-9c58dc4bc4f5
DragonForce,Al Ishrak Contracting,alishrak.com,AE,United Arab Emirates,stated in address/location,Construction,,inferred from description,,46.99 GB,46.99,,,,"Al Ishrak Contracting Company, established in 1975 in Dubai, specializes in construction works including industrial warehouses, residential and commercial buildings, and civil engineering projects on a turnkey basis. The company boasts a skilled workforce of over 250 personnel, including engineers and project managers, dedicated to delivering quality and timely services. Their commitment to client satisfaction is reflected in their values of quality, integrity, teamwork, and technical excellence. Al Ishrak's diverse portfolio includes various projects such as commercial buildings, industrial sheds, and labor accommodations.",2026-06-12,2026-06,stated by site,yes,,5afe6fa8-d4ee-4680-80b1-49f6266d2b1b
DragonForce,The DRM,drm.bh,BH,Bahrain,stated in address/location,Hospitality & Travel,,inferred from description,,55.39 GB,55.39,,,,"Durrat Resort Management specializes in providing high-quality resort management services. Their offerings include operational management, marketing strategies, and guest services tailored to enhance the overall experience of resort guests. The company primarily targets luxury resort owners and investors looking to optimize their properties' performance. With a focus on excellence and customer satisfaction, Durrat aims to elevate the standards of resort management in the industry.",2026-06-12,2026-06,stated by site,yes,,809847a5-1a4e-4061-b622-fd9f83403823
DragonForce,Al Shafar GRC,asgrc.ae,AE,United Arab Emirates,stated in address/location,Manufacturing,,inferred from description,,161.46 GB,161.46,,,,"ASGRC is a leading provider of Glass Fiber Reinforced Concrete (GRC) solutions, specializing in the design, manufacturing, and installation of high-quality products for both residential and industrial projects. Established in 2003, the company has grown to become the largest GRC facility in the UAE, known for its innovative and aesthetically pleasing cladding systems, decorative screens, domes, furniture, and precast units. ASGRC has contributed to iconic architectural landmarks in the UAE, combining craftsmanship with sustainability. The company also offers expert construction consulting services to ensure that client visions are realized effectively.",2026-06-12,2026-06,stated by site,yes,,b7d53a52-8293-4d08-b9b8-9daa74f0db0c
DragonForce,A. Liberty Engineering Co. Ltd,aleengg.com.hk,HK,Hong Kong,stated in address/location,Energy & Utilities,,inferred from description,,144.47 GB,144.47,,,,"Founded in 1973 as Liberty Electrical Engineering Company Limited, A. Liberty Engineering Co Ltd has continually evolved to meet the dynamic needs of the electrical services sector. With a rich history in design and contracting, the company has expanded its offerings to include cutting-edge solutions in the realm of sustainable energy. In response to the burgeoning demand for electric vehicle infrastructure, A. Liberty Engineering proudly introduces its self-branded EV chargers, designed for both AC and DC supercharging. These state-of-the-art systems enhance the efficiency of electric vehicle charging while seamlessly integrating with existing Intelligent EV Charging and IoT LV Switchboard Monitoring systems.",2026-06-12,2026-06,stated by site,yes,,6cdc6f0c-3083-4f25-b358-a37a5e463d54
DragonForce,Astec Valves & Fittings Pvt,astecflow.com,FR,France,stated in address/location,Mining & Materials,,inferred from description,,1442.7 GB,1442.7,,,,"Astec Valves & Fittings Private Limited specializes in providing high-quality instrumentation and piping solutions for various industries, including Oil & Gas, Refining, Petrochemical, and Nuclear Power. Established in 1965, the company offers a range of products such as instrument tube fittings, valves, and integrated assemblies, with a focus on innovative technologies that enhance process measurement and reduce maintenance downtime. With a presence in 40 countries and over a million installations, Astec is recognized for its eco-friendly product technologies and has received multiple awards for technical innovation. Their clients include sectors like shipbuilding, water treatment, and pharmaceuticals, making them a trusted partner for instrumentation and piping engineers worldwide.",2026-06-11,2026-06,stated by site,yes,,f92435ee-e67b-4091-8940-e5eba4daf3f4
DragonForce,Brian Cox,brian-cox.co.uk,GB,United Kingdom,stated in address/location,Real Estate,,inferred from description,,55.22 GB,55.22,,,,"Established in 1984, Brian Cox & Company is a leading estate agent in Middlesex, specializing in residential lettings and property management. With six local offices, they provide maximum exposure for homeowners seeking buyers or tenants. Their services include property valuation and a wide range of property types for rent and sale. The company caters to clients in Harrow, Sudbury, Greenford, and Northolt.",2026-06-11,2026-06,stated by site,yes,,053ff566-6e37-43aa-ac8c-fa181e9a9104
DragonForce,Cekok,cekok.com.tr,TR,Turkey,stated in address/location,Agriculture & Food,,inferred from description,,215.04 GB,215.04,,,,"Çekok Gıda is a leading fruit and vegetable producer in Turkey and Europe, known for its commitment to sustainable agriculture and high-quality products. The company cultivates 35 types of fruits and vegetables across 13,500 decares of farmland, utilizing advanced technology and adhering to strict environmental and safety",2026-06-11,2026-06,stated by site,yes,,bdf68eee-49ed-489a-aa9b-7faac51510a6
DragonForce,Hong Kong Parkview,hongkongparkview.com,HK,Hong Kong,stated in address/location,,,,,206.76 GB,206.76,,,,"Hong Kong Parkview offers over 200 luxury serviced apartments and a private clubhouse featuring recreational and dining facilities. Located within Tai Tam Country Park, it provides a tranquil living experience just minutes from the city center. The complex includes amenities such as a fitness center, swimming pools, themed playrooms, and various dining options. Targeting both long-term residents and short-term guests, it serves as an ideal home away from home.",2026-06-11,2026-06,stated by site,yes,,65a2b582-2f38-4537-b839-5a250f406c97
DragonForce,Areco,areco.se,SE,Sweden,stated in address/location,Manufacturing,,inferred from description,,262.09 GB,262.09,,,,"Areco Steel is the parent company of the privately-owned Areco Group, which includes five divisions: Areco Metals, Areco Profiles, Areco Direct, and Areco Properties. The company's business idea is to develop, manufacture, and globally market products and services tailored to the needs of industries. Their product offerings include various types of metals, profiles, and construction materials. Areco Steel aims to serve a diverse range of industrial clients with innovative solutions.",2026-06-11,2026-06,stated by site,yes,,7c280f4f-e99b-4895-b1a0-bf6b276d762e
DragonForce,Sayre Associates,sayreassociates.com,US,United States,stated in address/location,Construction,,inferred from description,,107.32 GB,107.32,,,,"(Including clients, projects, emails and financial documents) Sayre Associates, Inc. is a civil engineering and land surveying firm based in Sioux Falls, South Dakota, established in 1969. The company offers a range of services including land development planning, parks and recreation facilities design, drainage and erosion control, and construction administration. They focus on delivering high-quality solutions through collaboration and innovation, serving clients in South Dakota, Iowa, and Minnesota. Their talented team of engineers and surveyors is dedicated to improving community efficiency and quality of life.",2026-06-10,2026-06,stated by site,yes,,7bdce603-5d2a-4f3a-a973-a8fb133483bd
DragonForce,REHA-ACTIV,reha-activ.de,DE,Germany,inferred from domain,Healthcare,,inferred from description,,52.13 GB,52.13,,,,REHA-ACTIV is a medical supply company that has been supporting individuals with health limitations for over 30 years.,2026-06-05,2026-06,stated by site,yes,,346c0da9-56e1-4186-a56e-e9a9a88c2c73
DragonForce,SETS Solutions,sets.com.lb,LB,Lebanon,inferred from domain,Technology,,inferred from description,,20.94 GB,20.94,,,,"SETS Solutions is a prominent information technology company based in Lebanon, serving the Middle East since 1990. The company specializes in a diverse range of technology solutions, including its flagship Human Resources Management System, People365, which encompasses Time Attendance, Payroll, and HR modules. Additionally, SETS offers services in data center solutions, security, cloud computing, and end-user computing, catering to various industries. With over 25 years of experience, SETS aims to enhance organizational efficiency and productivity through innovative technology solutions.",2026-06-03,2026-06,stated by site,yes,,45d4b57a-01ee-487c-b7a2-16a93c09723d
DragonForce,Copamex,copamex.com,,,,Manufacturing,,inferred from description,,632.12 GB,632.12,,,,"Copamex, headquartered in Monterrey, Mexico, and established in 1928, is a paper manufacturing company offering writing and printing, special, corrugated, and kraft paper solutions.",2026-06-03,2026-06,stated by site,yes,,7bc6a138-2d17-464b-bb0e-a332c9869097
DragonForce,Synex International Pvt Ltd,synexint.com,LK,Sri Lanka,stated in address/location,Energy & Utilities,,inferred from description,,14.64 GB,14.64,,,,"Mechanical, Electrical, and Plumbing (MEP) systems, Extra Low Voltage (ELV) solutions, and Solar energy.",2026-05-30,2026-05,stated by site,yes,,56580fc6-68d5-4044-bc50-52cfb859c202
DragonForce,Panorama BPO,panoramabpo.com,PE,Peru,stated in address/location,,,,,48.1 GB,48.1,,,,Panorama BPO is a large international company specializing in business process outsourcing (BPO) and providing comprehensive operational services for businesses.,2026-05-30,2026-05,stated by site,yes,,ba5f5c05-ae40-4443-9280-65ce3d96becc
DragonForce,Taos Mountain Casino,taosmountaincasino.com,US,United States,stated in address/location,Hospitality & Travel,,inferred from description,,41.48 GB,41.48,,,,"Taos Mountain Casino is a Native American gaming casino located in Taos, New Mexico. It is owned and operated by the Taos Pueblo, a federally recognized tribe known for its ancient, historic adobe pueblo.",2026-05-30,2026-05,stated by site,yes,,74ea6fa5-c754-4127-b46c-779f8c264b5c
DragonForce,Shoreline Sightseeing,shorelinesightseeing.com,,,,Engineering & Architecture,,inferred from description,,821.44 GB,821.44,,,,"Shoreline Sightseeing offers guided boat tours and water taxi services in Chicago, focusing on architecture and skyline views. Their popular tours include the Architecture River Tour, Skyline Lake Cruise, and Fireworks Tour, showcasing over 40 landmarks. The company caters to tourists looking for unique perspectives of the city and offers packages like the Chicago CityPASS for additional savings on attractions. Established in 1939, Shoreline operates the largest and most diverse fleet of cruise boats in Chicago",2026-05-29,2026-05,stated by site,yes,,a4fba6c4-17ac-4c49-9f6f-8efbd2415629
DragonForce,Henry Molded Products Likely to Engage tag.,henry-molded.com,,,,Manufacturing,,inferred from description,,85.32 GB,85.32,,,,"Henry Molded Products specializes in the manufacturing of custom molded pulp fiber products and packaging solutions. The company is recognized for its eco-friendly offerings, which are biodegradable, compostable, and recyclable, catering to a growing demand for sustainable packaging. Their products are designed for various clients, including government, industry, and environmentally conscious consumers. Henry Molded Products is committed to providing cost-effective solutions while leading in technology, design, and engineering in the molded fiber sector.",2026-05-29,2026-05,stated by site,yes,,5aad2e55-7159-4395-a911-fdef0ed82f58
DragonForce,President Container Group,presidentcontainer.com,,,,Manufacturing,,inferred from description,,290.54 GB,290.54,,,,"President Container Inc., founded in 1947 by Marvin and George Grossbard, not only grew into one of the largest independent manufacturers of corrugated products in the country, but was also the seed of what has become todays President Container Group. From the beginning, President Containers philosophy was simple: Always ensure complete customer satisfaction by providing exceptional service and quality products. At President Container we realized that to ensure satisfaction we must continue to expand our products and services to meet the demands of the marketplace as our customers continue to evolve.",2026-05-27,2026-05,stated by site,yes,,4d26baa3-099b-41f5-984d-38dc3a5b7778
DragonForce,ksmart.ca,ksmart.ca,CA,Canada,stated in address/location,Engineering & Architecture,,inferred from description,,305.25 GB,305.25,,,,"K. Smart Associates Limited is a consulting engineering and planning company established in 1975, specialising in civil engineering and land use planning.",2026-05-27,2026-05,stated by site,yes,,4c86a8ef-9010-42a4-b6c1-861e99b45d4d
DragonForce,wsm.co.uk,wsm.co.uk,GB,United Kingdom,inferred from domain,Financial Services,,inferred from description,,20.65 GB,20.65,,,,"The firm's core business is focused on UK tax services, which are provided to clients seeking an advisor with not only in-depth knowledge to navigate the country's complex tax system, but also impeccable integrity to ensure optimal tax results. At the core of the company is an experienced team of professionals providing expert knowledge and advice on UK tax matters to private and corporate clients – both local, national, and international. In the current climate of tightening anti-tax evasion measures, WSM specialists firmly believe in the ethical right of taxpayers to manage their financial affairs – strictly within the law – in a way that minimizes their tax liabilities. In addition to tax services, the firm offers accounting, auditing, insolvency (bankruptcy) support, due diligence, and consulting. Additionally, through its European partner network, Europe Fides, the company assists clients seeking complex, often multi-jurisdictional, advice in developing their overall strategic plans.",2026-05-27,2026-05,stated by site,yes,,84613ccf-a791-4a25-be34-1f3a15354424
DragonForce,northbridge.com,northbridge.com,US,United States,stated in address/location,,,,,23.72 GB,23.72,,,,"North Bridge Venture Partners invests in outstanding individuals whose innovative ideas have the potential to transform entire industries. The firm provides funding from seed to growth stages, helping these ideas grow into successful companies. Their goal is to transform startups into market leaders. They work with clients seeking investment and support for their entrepreneurial projects.",2026-05-27,2026-05,stated by site,yes,,79dd69fe-4d2c-42d5-8a0a-892f422ef976
DragonForce,dunasgroen.nl,dunasgroen.nl,NL,Netherlands,stated in address/location,Construction,,inferred from description,,23.52 GB,23.52,,,,Landscape design supplies store.The company operates very economically and claims to be located on Dunas Groen. You can contact us only through the contact form or by phone: 06-52452889.,2026-05-27,2026-05,stated by site,yes,,922f4f8a-1212-4bf8-ac30-f16a2be3eb13
DragonForce,refreshmentsystems.co.uk,refreshmentsystems.co.uk,GB,United Kingdom,inferred from domain,,,,,191.38 GB,191.38,,,,Refreshment Systems is a UK-based vending machine company.,2026-05-27,2026-05,stated by site,yes,,69a8a26b-2d20-468d-92b0-60863b7d1c88
DragonForce,practicus.co.uk,practicus.co.uk,GB,United Kingdom,inferred from domain,,,,,619.14 GB,619.14,,,,"Practicus specializes in interim management, executive search, and project management services.",2026-05-27,2026-05,stated by site,yes,,ea1cad83-1de6-4f5b-a926-95feb1982b98
DragonForce,nemd.com,nemd.com,US,United States,stated in address/location,Engineering & Architecture,,inferred from description,,426.75 GB,426.75,,,,"NEMD Architects, Inc. specializes in innovative, functional, and sustainable architectural solutions that address the unique challenges of each project.",2026-05-27,2026-05,stated by site,yes,,56330a5d-27db-4722-bca6-83bd9f1d486c
DragonForce,pieralisi.com,pieralisi.com,,,,,,,,1440.33 GB,1440.33,,,,"Pieralisi is a leading company specializing in the production of equipment for the extraction and separation of liquids using centrifugal force, including decanter centrifuges, separators and olive oil extractors.",2026-05-27,2026-05,stated by site,yes,,43da4c92-6bbb-400e-9a2d-a5ea3982d41b
DragonForce,jcripberger.com,jcripberger.com,US,United States,stated in address/location,Construction,,inferred from description,,47.32 GB,47.32,,,,"J.C. Ripberger Construction Corporation is a full-service General Contractor, which self-performs Buildings/Structural Concrete, Carpentry, and Selective/Mass Demolition. Founded over 68 years ago in Zionsville, Indiana, our strategic focus has and continues to be new construction and renovations within the commercial, educational, health care and industrial sectors.",2026-05-27,2026-05,stated by site,yes,,bec09d67-c1e9-44d8-aaab-e3edd9813d6a
DragonForce,profundo.nl,profundo.nl,NL,Netherlands,inferred from domain,,,,,160.32 GB,160.32,,,,"Profundo is an independent research organization dedicated to advancing sustainable development and social justice through insightful, evidence-based research and advice.",2026-05-27,2026-05,stated by site,yes,,cbfcb886-6c67-4cd9-baee-768296866a5c
DragonForce,waypointsolutions.com,waypointsolutions.com,US,United States,stated in address/location,Technology,,inferred from description,,10.4 GB,10.4,,,,"Waypoint Business Solutions partners with Dell Technologies to provide comprehensive IT solutions, including hardware, software, and professional services.",2026-05-27,2026-05,stated by site,yes,,3ff50f8d-524a-4e7e-93e8-da9955512a9e
DragonForce,erh.co.uk,erh.co.uk,GB,United Kingdom,inferred from domain,,,,,156.03 GB,156.03,,,,"ERH is a leading provider of traffic management solutions, offering installation, maintenance and commissioning services throughout the UK.",2026-05-27,2026-05,stated by site,yes,,0d27a5b1-d3cc-48d4-a744-999dd6c7f67b
DragonForce,fabbricausa.com,fabbricausa.com,US,United States,stated in address/location,Manufacturing,,inferred from description,,252.97 GB,252.97,,,,"Fabbrica LLC specializes in design, development, and manufacturing, focusing on high quality standards and a creative approach. It serves clients seeking innovative solutions across various industries, emphasizing a human-centered, less corporate approach. Headquartered in the United States and with offices in Canada and Italy, Fabbrica strives to provide timely and relevant services. The company is currently seeking experienced professionals to join its team.",2026-05-27,2026-05,stated by site,yes,,4f016f71-9e64-4b70-8b97-66651c28bfe7
DragonForce,Ramos Rheumatology,ramosrheumatology.com,US,United States,stated in address/location,Healthcare,,inferred from description,,55.69 GB,55.69,,,,"Ramos Rheumatology is a leading care center in Avoca, PA, specializing in the diagnosis and treatment of autoimmune diseases such as lupus, rheumatoid arthritis, and fibromyalgia. The practice emphasizes personalized care, ensuring that each patient receives tailored treatment plans in a compassionate environment. Their team, including local specialists, collaborates closely with primary care providers to deliver comprehensive rheumatology services. With a commitment to patient autonomy and immediate appointment availability for emergencies, Ramos Rheumatology prioritizes the well-being of its clients",2026-05-27,2026-05,stated by site,yes,,45a8d467-5a2a-4aba-96ab-ed5dbb93ef03
DragonForce,hbroch.com,hbroch.com,US,United States,stated in address/location,Agriculture & Food,,inferred from description,,82.91 GB,82.91,,,,"Founded in 1941, Henry Broch Foods is an American international food ingredient manufacturer, processor, and packaging company, sourcing high-quality natural ingredients from producers worldwide. Our suppliers produce vegetables, fruits, herbs, spices, and natural colors, which are then concentrated, dehydrated, frozen, extracted, or pasteurized. The company's products are used in a wide range of applications, including: spice and seasoning blends, batters and coatings, bakery mixes, sauces, soups, salad dressings, flavorings, extracts and colors, fruit juices, flavored beverages, jams and jellies, ready-to-eat meats, entrees, ethnic dishes, pasta, rice and grains, pizza, and snack foods.",2026-05-27,2026-05,stated by site,yes,,1115e75c-2615-4c19-9fde-ff94516372ce
DragonForce,dentonfirm.com,dentonfirm.com,US,United States,stated in address/location,Legal,,inferred from description,,29.1 GB,29.1,,,,Denton Law Firm is committed to rapid response and providing real solutions.,2026-05-27,2026-05,stated by site,yes,,cd06d250-4b20-49d2-aa36-1caf4f88983a
DragonForce,qlslogistics.com.au,qlslogistics.com.au,AU,Australia,inferred from domain,Transportation & Logistics,,inferred from description,,595.55 GB,595.55,,,,"QLS Group is Australia's leading supplier of large domestic appliances, serving the retail and consumer markets. Last year, the company shipped over 4 million appliances, including 1.4 million televisions, accounting for 65% of the Australian TV market. The company also operates Ecycle Solutions Pty Ltd, which provides recycling services for discarded televisions, computers, and polystyrene, demonstrating a strong commitment to sustainability. With a nationwide network and a focus on logistics, warehousing, and distribution, QLS Group offers reliable and comprehensive solutions throughout Australia.",2026-05-27,2026-05,stated by site,yes,,d1ec16b5-3428-41f6-a40b-34d0b0071cf8
DragonForce,duboisag.com,duboisag.com,CA,Canada,stated in address/location,Agriculture & Food,,inferred from description,,477.99 GB,477.99,,,,"To find a solution tailored to your situation, the company prioritizes your needs. The company's team's consulting, expertise, and high-quality service enhance the value of its products. The company is constantly evolving and seeking new technologies to improve the quality of your work and your profitability. Dubois Agrinovation was founded to usher in a new era in agriculture.",2026-05-27,2026-05,stated by site,yes,,a56a5db0-2a91-4795-88eb-4757d7812d6c
DragonForce,WG Neukölln,gwneukoelln.de,DE,Germany,inferred from domain,Energy & Utilities,,inferred from description,,36.13 GB,36.13,,,,"WG Neukölln eG is a cooperative based in Berlin that offers various housing options and services, including apartments and residential projects. The organization is committed to social engagement and provides a venue for events, as well as support for its members through social management. They focus on sustainable energy projects and aim to enhance the living experience for their tenants. Their intended clients include individuals and families seeking affordable housing solutions in the Neukölln area.",2026-05-27,2026-05,stated by site,yes,,0881a6fe-365d-4fc8-824a-c4dd629df551
DragonForce,Delbrook Capital Advisors,delbrookcapital.com,,,,,,,,271.07 GB,271.07,,,,"Delbrook Capital Advisors is an alternative investment manager that specializes in the global materials sector. The company focuses on providing investment solutions tailored to the unique needs of clients interested in this industry. With a commitment to delivering value, Delbrook Capital Advisors aims to navigate the complexities of the materials market. Their expertise positions them as a key player for investors seeking opportunities in this sector.",2026-05-27,2026-05,stated by site,yes,,68eb47ac-f8c0-44ee-9298-0bf2ba533756
DragonForce,Greenway Technologies,greenway-technologies.com,,,,,,,,25.23 GB,25.23,,,,"Greenway Technologies is a leading fire protection company based in Phoenix, AZ, specializing in a comprehensive range of services including fire suppression systems, alarms, sprinklers, and smoke control. Established in 2010, the company provides tailored fire protection design, installation, maintenance, and inspection services aimed at ensuring the safety of properties across the federal and commercial sectors. With a strong commitment to innovative, code-compliant solutions, Greenway Technologies aims to protect lives and property through their top-tier services. Their expert team is dedicated to delivering reliable, high-quality fire protection systems that meet the unique needs of their clients",2026-05-27,2026-05,stated by site,yes,,b25fda73-0916-4b09-8de1-6a2ae9ac5f26
DragonForce,ggroupcpas.com,ggroupcpas.com,US,United States,stated in address/location,Financial Services,,inferred from description,,1186.59 GB,1186.59,,,,"Goldklang Group CPAs specializes in audit and tax services for homeowners associations, condominiums, and housing cooperatives. With over 40 years of experience, the firm strives to deliver superior results to clients through tailored audit and tax procedures. They emphasize expert knowledge and attention to detail in their work, saving clients over $3 million in just three years. Their target audience is homeowners associations seeking reliable and competent financial services.",2026-05-25,2026-05,stated by site,yes,,d760bf8f-4a5c-4f1b-99a9-68c840c89756
DragonForce,vegfresh.com,vegfresh.com,US,United States,stated in address/location,,,,,64.21 GB,64.21,,,,"Veg-Fresh Farms is a family-owned business committed to providing its customers with the freshest and healthiest produce. The company offers a wide range of products, including organic potatoes and exclusive vine-ripened tomatoes.",2026-05-25,2026-05,stated by site,yes,,af1ebbf8-62ad-4a7b-8cd4-2fff1136128a
DragonForce,saver.nl,saver.nl,NL,Netherlands,stated in address/location,,,,,63.79 GB,63.79,,,,"Saver NV operates in waste management, environmental services, and recycling. It employs 20 to 49 people and generates revenues of $5 to $10 million. The company is headquartered in Roosendaal, Noord-Brabant, the Netherlands.",2026-05-25,2026-05,stated by site,yes,,2e6fdca6-fa61-44f6-b759-ab32dd9285a3
DragonForce,xtr-global.de,xtr-global.de,DE,Germany,inferred from domain,,,,,258.96 GB,258.96,,,,"Xchange Technology Rentals is a leading provider of IT and audiovisual equipment rental services for businesses, offering a wide range of devices with professional support and a focus on sustainability.",2026-05-25,2026-05,stated by site,yes,,de31b646-eab6-4f42-a40e-bbb109167d95
DragonForce,allianceadjustment.com,allianceadjustment.com,US,United States,stated in address/location,Insurance,,inferred from description,,16.34 GB,16.34,,,,"Alliance Adjustment Group is a leading independent insurance claims adjuster serving Pennsylvania and New Jersey, specializing in handling a variety of insurance claims, including water damage, fire, storm damage, theft, and vandalism.",2026-05-25,2026-05,stated by site,yes,,6b820b8a-91b2-4ac8-90ad-904d651fe7c8
DragonForce,jakn.com,jakn.com,US,United States,stated in address/location,Technology,,inferred from description,,17.94 GB,17.94,,,,JAKN Network Support & Services LLC operates in the custom software development and IT services industry. It employs 10 to 19 people and generates revenues of $5 million to $10 million.,2026-05-25,2026-05,stated by site,yes,,c68f6e44-11a0-4964-9e33-1dba86bbd336
DragonForce,epbinsurance.com,epbinsurance.com,US,United States,stated in address/location,Insurance,,inferred from description,,46.21 GB,46.21,,,,"Ekblad, Pardee & Bewell, Inc. is an independent insurance agency licensed in Minnesota, Wisconsin, South Dakota, and Arizona, offering a wide range of insurance products including auto, home, life, health, and business insurance.",2026-05-25,2026-05,stated by site,yes,,e4a6823e-9a7d-4aaf-8deb-4261742bff09
DragonForce,rolser.com,rolser.com,,,,,,,,711.56 GB,711.56,,,,"Rolser specializes in producing a variety of eco-friendly and practical products, including folding and non-folding shopping carts, eco-friendly ironing boards, stylish shopping bags, and versatile aluminum ladders. The product range meets a variety of customer needs, including families with children, eco-conscious consumers, and those seeking convenient home solutions. Rolser emphasizes innovation and quality, offering special edition series and accessories to enhance the user experience.",2026-05-25,2026-05,stated by site,yes,,115f5c2c-ab9e-4104-913c-560ad31fa9fe
DragonForce,arsenalscaffold.com,arsenalscaffold.com,US,United States,stated in address/location,Construction,,inferred from description,,71.19 GB,71.19,,,,"Founded in 1998, Arsenal Scaffold Inc. specializes in providing professional scaffolding and vertical access solutions, including tubular and system scaffolding, formwork, and construction hoists. The company is committed to exceptional service, safety, and quality workmanship, ensuring every project meets the highest industry standards.",2026-05-25,2026-05,stated by site,yes,,4717aa66-72e3-4eeb-a981-f905a12e975b
DragonForce,ennsco.ca,ennsco.ca,CA,Canada,stated in address/location,Professional Services,,inferred from description,,531.12 GB,531.12,,,,"Enns & Company Professional Corporation is a leading accounting and audit firm providing entrepreneurs with a full range of services, including auditing, tax consulting, financial reporting, and business advisory services, with an emphasis on teamwork and a personalized approach.",2026-05-25,2026-05,stated by site,yes,,9d5089be-f809-4d9a-a375-f1fb7e14a302
DragonForce,sphvalue.com,sphvalue.com,US,United States,stated in address/location,,,,,201.12 GB,201.12,,,,"Since 1992, our team of experts in economics, accounting, finance, and valuation has earned an impeccable reputation for relentless analysis and exemplary quality work. Clients trust Sanli Pastore & Hill's expert opinions, unparalleled research, and in-depth analysis in critical business situations.",2026-05-25,2026-05,stated by site,yes,,41b723e9-e3e9-4add-9be8-39d489b57bd0
DragonForce,businessrecord.com,businessrecord.com,US,United States,stated in address/location,,,,,265.51 GB,265.51,,,,"BusinessRecord.com provides RSS feeds free of charge for personal, non-commercial use. If you embed an RSS feed on a personal website, please include a link back to Business Record. Business Record reserves the right to request that you cease distributing these feeds at any time and for any reason.",2026-05-25,2026-05,stated by site,yes,,cc30e3e3-0f7c-4216-9fbd-a78081e25d5b
DragonForce,Prologic Construction,prologicconstruction.ca,CA,Canada,inferred from domain,Construction,,inferred from description,,111.14 GB,111.14,,,,"Prologic Construction is a trusted general contractor based in Alberta, specializing in high-quality construction solutions for both public and private sectors since 1999. The company offers a full range of services including commercial, institutional, and municipal projects, ensuring timely completion and adherence to budget. With a commitment to quality craftsmanship and competitive pricing, Prologic Construction has built a strong reputation for reliability and expertise. Their portfolio includes various projects such as school modernizations, arena renovations, and healthcare facilities, reflecting their dedication to excellence and community development",2026-05-24,2026-05,stated by site,yes,,3ef65c5b-aea3-4460-a83f-ae710367e4ec
DragonForce,HELIX INTERNATIONAL,helix-int.com,,,,Technology,,inferred from description,,24.94 GB,24.94,,,,"Helix International is a software platform and managed services provider specializing in enterprise content management and data migration. They cater to medium, large, and Fortune 500 companies across various industries, including healthcare, finance, retail, and entertainment. The company offers a variety of solutions, such as custom development, hosting, and GDPR compliance, enabled by their advanced software platform and proprietary extraction tools. With a track record of 100% project success and partnerships with major firms like IBM, Helix International is recognized for its ability to manage and optimize complex data environments.",2026-05-24,2026-05,stated by site,yes,,421f3e88-aad6-405d-b978-08c157ee72e5
DragonForce,Heartland Growers,heartlandgrowers.com,,,,Retail & Wholesale,,inferred from description,,80.15 GB,80.15,,,,"Heartland Growers is a full-service wholesale greenhouse located in Westfield, Indiana, owned and operated by the Gapinski Family since 1984. The company supplies wholesale plants to independent garden centers, florists, landscapers, and national chain stores throughout the Midwest. With a modern and capital-intensive facility covering over 30 acres, Heartland Growers produces a variety of plants including bedding plants, geraniums, lilies, and hanging baskets. The company is committed to maintaining quality and service as top priorities for its customers",2026-05-24,2026-05,stated by site,yes,,a1dccd4b-e34d-4c85-9e31-b5daa4ca41aa
DragonForce,Le Pain Quotidien US,lepainquotidien.com,,,,Agriculture & Food,,inferred from description,,113.94 GB,113.94,,,,"Established in 1990 and headquartered in New York, New York, Le Pain Quotidien US is a chain of bakery restaurants specializing in baked goods, bread, salads, sandwiches, beverages, tartines, and more.",2026-05-22,2026-05,stated by site,yes,,b4d29f61-59ef-4ca0-9bff-959c292d6225
DragonForce,Vega,vega-corp.com,,,,Manufacturing,,inferred from description,,202.79 GB,202.79,,,,"Vega combines elite technical skills with personalized customer service and environmental stewardship to excel in the industrial and manufacturing sector. From the loading docks through the warehouse, assembly line, raw product processing, storage, distribution and into the administration areas, the company's work is designed to support the company's customer's operations in the production of everything from fabrication to perishables. ""I/the company continue to use Vega not because the company has to but because the company want to. Vega brings a lot of knowledge and experience with them to the table and adds a great amount of value to the company's projects. The company value the company's relationship with them and expect it to continue for a long, long time",2026-05-20,2026-05,stated by site,yes,,dcde7455-48bb-468e-99df-a63e0b1eae71
DragonForce,TAURUS INVESTMENT HOLDINGS,tiholdings.com,,,,Real Estate,,inferred from description,,271.07 GB,271.07,,,,"Established in 1976, Taurus is a global real estate private equity firm with over 40 years of experience as a general partner, investor, and operator. Currently active in the United States, Western Europe, Asia, and South America, the firm makes strategic investments into value-add, core-plus, and development opportunities. Throughout North America and Europe, Taurus is consistently recognized as one of the premier owner operators of both directly managed and joint venture commercial real estate. To date, Taurus has purchased and developed more than 54 million square feet (5.01 million square meters) of residential, office, industrial, retail and other commercial real estate assets throughout the world with a total acquisition value of over $8 billion. www.tiholdings.com",2026-05-19,2026-05,stated by site,yes,,235ea5ca-db75-4e61-ba9b-02289478af59
DragonForce,ZFG ALTHERM Engineering,zfg-altherm.at,AT,Austria,inferred from domain,Engineering & Architecture,,inferred from description,,4416.5 GB,4416.5,,,,"ZFG ALTHERM Engineering GmbH specializes in engineering services for technical building equipment. The company focuses on providing high-quality planning and consulting solutions tailored to complex and technically demanding projects. With a commitment to precision, know-how, and experience, they strive to develop individualized solutions for each client. Their target clients include those seeking specialized engineering services in the field of technical building infrastructure.",2026-05-19,2026-05,stated by site,yes,,b4c8e56d-f86c-4d17-af4c-2eb1157d3ddc
DragonForce,Plan,plan.com,,,,Telecommunications,,inferred from description,,1183.58 GB,1183.58,,,,"Founded in 2013, Plan.com works with businesses using their platform to find telecom solutions. They are headquartered in Douglas, Isle of Man",2026-05-17,2026-05,stated by site,yes,,ec01828f-e044-43f5-8005-9dbf3dd71654
DragonForce,Ingelan,ingelan.com,,,,Engineering & Architecture,,inferred from description,,36.42 GB,36.42,,,,"Ingelan is a provider of engineering solutions for systems and communications environments. It specializes in security of information systems, information systems architecture, communications, and automation of plant systems. The company was founded in 1993 and is headquartered in ??Barcelona, Spain",2026-05-17,2026-05,stated by site,yes,,7a4fcb02-4195-4311-a773-c0c5c89ed8a8
DragonForce,LeRoy Surveyors & Engineers,lseinc.com,,,,Engineering & Architecture,,inferred from description,,246.32 GB,246.32,,,,"LeRoy Surveyors & Engineers, INC. specializes in property boundary surveying, topographic surveys, and subdivision surveys, primarily serving clients in the Puyallup area. With a commitment to quality and a history of excellence since 1958, they provide comprehensive surveying and engineering services to both public and private sectors. Their expertise includes civil engineering, geotechnical services, and environmental engineering, ensuring compliance with local regulations and effective project planning. The company aims to support architects, engineers, developers, and municipalities in making informed decisions about land development.",2026-05-15,2026-05,stated by site,yes,,a733ec48-7b77-4593-8c68-af15bd455910
DragonForce,Tricon Infotech,triconinfotech.com,,,,Education,,inferred from description,,22.15 GB,22.15,,,,"Tricon Infotech delivers efficient, automated solutions and full digital transformations through custom products and enterprise implementations. The company's worldwide clients include leaders in the publishing, educational technology, finance, and legal sectors",2026-05-13,2026-05,stated by site,yes,,687036b0-7d35-4ba0-993c-bebc96174ad6
DragonForce,Pamil Modulsystem,pamil.se,SE,Sweden,inferred from domain,Education,,inferred from description,,71.55 GB,71.55,,,,"Pamil Modulsystem specializes in renting flexible modular buildings tailored for various needs, including offices and schools. Established in 1963, the company focuses on providing high-quality, customizable solutions that enhance work and learning environments. They manage the entire process from planning and construction to maintenance, ensuring a seamless experience for their clients. Committed to sustainability, Pamil emphasizes circular building practices by renovating returned modules for future use.",2026-05-13,2026-05,stated by site,yes,,8735ea06-7110-4801-b5f5-b3be61b2b4c0
DragonForce,MicroMarketing,micromarketing.org,,,,Hospitality & Travel,,inferred from description,,153.21 GB,153.21,,,,"MicroMarketing specializes in expert title selections for books, audio CDs, and DVDs, catering primarily to librarians and libraries. The company is known for its personalized service, ensuring that clients receive timely and efficient support without automated responses. They offer valuable services such as downloadable invoices and MARC records, along with a strong price-value proposition. MicroMarketing's commitment to quality and customer satisfaction has garnered positive testimonials from clients who appreciate their reliable and responsive service",2026-05-13,2026-05,stated by site,yes,,19f33588-d8bc-490e-bf95-80ee856cef6a
DragonForce,CF Evans Construction,cfevans.com,US,United States,stated in address/location,Construction,,inferred from description,,4775.8 GB,4775.8,,,,"A recognized leader in the multi-family housing construction industry, CF Evans Construction provides a product for developers. The company has thrived amid six decades. The data of this company includes: Corporate correspondence of senior executives Financial documents HR documents Accounting documents Certificates, contracts, passwords, databases, and much more.",2026-05-08,2026-05,stated by site,yes,,b008b8b7-0e47-416f-adcd-2313d8136de4
DragonForce,CMC Expertise Comptable,cmcexpertise.fr,FR,France,stated in address/location,Financial Services,,inferred from description,,226.28 GB,226.28,,,,"CMC Expertise Comptable is a certified accounting firm located in Martinique, dedicated to providing comprehensive support in accounting, social, legal, and fiscal matters. The firm focuses on understanding the unique needs of each client to offer tailored advice and assistance, ensuring precision and efficiency in their services. They specialize in company creation, legal and tax advice, and are committed to simplifying the administrative burdens faced by business leaders. With a strong emphasis on availability and communication, CMC Expertise Comptable aims to be the ideal partner for business growth.",2026-05-08,2026-05,stated by site,yes,,3827192f-9bb3-490c-9c1c-d28b382510cd
DragonForce,Cult Wines,cultwines.com,,,,,,,,308.51 GB,308.51,,,,"Cult Wines is revolutionizing the fine wine industry by leveraging expertise, digital platforms, and innovative technology to enhance the buying, selling, investing, and collecting experience for producers and consumers. Their services support the entire life cycle of fine wine, ensuring transparency and secure transactions. Recognizing fine wine as a unique investment, Cult Wine Investment provides clients with a wealth of possibilities, combining heritage with cutting-edge technology to enrich portfolios and enhance lives. Targeting both new generations of wine drinkers and seasoned collectors, Cult Wines aims to build a global community around fine wine appreciation.",2026-05-04,2026-05,stated by site,yes,,282416b0-8ad9-4980-a147-7bc506476190
DragonForce,Promotion AB,promotionab.se,SE,Sweden,inferred from domain,,,,,169.6 GB,169.6,,,,Etablerad redan 1979 och genom en merger med Eclipse Display 2020 kör vi nu full gas framåt på vår resa att bli nordens bästa partner när det gäller att förenklar vardagen för dig som driver en butik!,2026-04-27,2026-04,stated by site,yes,,46716f4a-c0e6-42b4-abba-bb9025de4ef7
DragonForce,massdevelopment.com,massdevelopment.com,US,United States,stated in address/location,Government,,inferred from description,,1710.2 GB,1710.2,,,,"MassDevelopment, a state agency for finance and development, partners with businesses, nonprofit organizations, financial institutions, and local communities to stimulate economic growth throughout the state. In fiscal year 2017, MassDevelopment financed or managed 377 projects, which attracted more than $4 billion in investment to the Massachusetts economy. These projects are expected to create approximately 9,488 jobs and build or renovate approximately 1,863 housing units.",2026-04-27,2026-04,stated by site,yes,,42b167ed-bfaa-4357-b54c-2dc1ebf57f44
DragonForce,rosehillgardens.com,rosehillgardens.com,US,United States,stated in address/location,Construction,,inferred from description,,333.1 GB,333.1,,,,"Rosehill Gardens is a professional landscaping company based in Kansas City, employing over 150 specialists in landscape design, maintenance, irrigation, lighting, and the wholesale of gardening supplies. They serve both residential and commercial clients, offering services such as snow removal, garden center supplies, and event space at their winery.",2026-04-27,2026-04,stated by site,yes,,d9360817-f7c1-4a56-b9a3-886fe2e9ed6a
DragonForce,gelatissimo.com.au,gelatissimo.com.au,AU,Australia,stated in address/location,Retail & Wholesale,,inferred from description,,378.41 GB,378.41,,,,A global brand seeking major investors with experience in retail and franchising to expand its artisanal ice cream chain through a master franchise program,2026-04-27,2026-04,stated by site,yes,,8233839a-78af-4025-b355-888eac072dec
DragonForce,avalonflooring.com,avalonflooring.com,US,United States,stated in address/location,Manufacturing,,inferred from description,,339.93 GB,339.93,,,,"Avalon Flooring, founded in 1958 and located in Cherry Hill, New Jersey, specializes in installing flooring in both residential and commercial spaces. In addition to flooring installation services, Avalon also specializes in window treatments and the fabrication of bathroom vanities.",2026-04-27,2026-04,stated by site,yes,,81692c11-2b18-487f-a93b-305af7132a5f
DragonForce,mopec.com,mopec.com,US,United States,stated in address/location,Healthcare,,inferred from description,,87.71 GB,87.71,,,,"Mopec supplies American-made medical equipment and laboratory products for pathological, histological, autopsy, and morgue services.",2026-04-27,2026-04,stated by site,yes,,2740d96d-2f1a-4c99-9fa3-bbb2910869aa
DragonForce,fatbrands.com,fatbrands.com,US,United States,stated in address/location,,,,,944.04 GB,944.04,,,,"FAT Brands is a leading global franchising company that strategically acquires, promotes, and develops quick-service, fast-casual, and casual dining concepts around the world.",2026-04-27,2026-04,stated by site,yes,,2e00a333-4513-4717-8051-d594282960fe
DragonForce,andrewtjohnson.com,andrewtjohnson.com,US,United States,stated in address/location,,,,,37.4 GB,37.4,,,,"The company is a leading provider of printing and reprographic services, offering image processing, printing, graphic design for exhibitions, copying, offset printing, and an online catalog of drawings",2026-04-27,2026-04,stated by site,yes,,2a2621cb-ec06-48ef-a717-f4c9501df593
DragonForce,wmsopko.com,wmsopko.com,US,United States,stated in address/location,,,,,32.91 GB,32.91,,,,Wm. Sopko & Sons Co. supplies and distributes the full line of Dumore automatic self-feeding drilling and threading equipment,2026-04-27,2026-04,stated by site,yes,,6db77a92-0c00-4190-b363-90ba0579a60e
DragonForce,aotco.com,aotco.com,US,United States,stated in address/location,Healthcare,,inferred from description,,249.75 GB,249.75,,,,"AOTCO specializes in metal finishing solutions, offering a wide range of services, including electroplating, anodizing, and passivation, and has over 45 years of experience. It serves various industries, such as aerospace, energy, defense, medical, and semiconductor, providing capabilities for both rapid prototyping and high-volume production.",2026-04-27,2026-04,stated by site,yes,,c25e70c7-e81c-4eb4-9783-fd2c3651c1e5
DragonForce,delonhampton.com,delonhampton.com,US,United States,stated in address/location,Construction,,inferred from description,,70.04 GB,70.04,,,,"An engineering and consulting firm specializing in civil and structural engineering, program management, and construction, delivering complex infrastructure projects across various sectors, from aviation and roads to water treatment facilities.",2026-04-27,2026-04,stated by site,yes,,de1126b6-0d91-48b2-ac2e-f291371c53d6
DragonForce,ibswebsite.com,ibswebsite.com,US,United States,stated in address/location,Professional Services,,inferred from description,,96.02 GB,96.02,,,,"The company helps commercial organizations invest in technology solutions for their businesses by offering technology consulting, as well as the design and integration of solutions for voice communications, data transmission, video, and security.",2026-04-27,2026-04,stated by site,yes,,b937fe29-713b-46a4-98d5-f9d9342f7b2c
DragonForce,Synmosa Biopharma,synmosa.com.tw,TW,Taiwan,stated in address/location,Pharmaceuticals & Biotech,,inferred from description,,300.81 GB,300.81,,,,"Synmosa is a specialty pharmaceutical corporation that engages in diversified development that includes acting as an agent, manufacturing, OEM, and R&D. Adhered to the corporate motto “Honesty, Credibility, Reliability, and Innovation” in the development and manufacture of pharmaceuticals ever since its establishment in 1980.",2026-04-26,2026-04,stated by site,yes,,c3ebdb46-3e1f-4c11-aa50-bb82a2dbfd18
DragonForce,Primius Law Firm,primiuslawfirm.gr,GR,Greece,inferred from domain,Legal,,inferred from description,,77.23 GB,77.23,,,,"Primius Law Firm is a modern and effective legal firm established to provide holistic solutions to various legal issues. With a team of experienced professionals specializing in all branches of law, the firm has established itself as one of the best and most successful law firms in Greece. The firm is committed to continuous development and support for its clients. Its intended clients include individuals and businesses seeking reliable legal representation and expert advice",2026-04-22,2026-04,stated by site,yes,,e27d0dd4-78f5-4355-a624-a1357edd0b69
DragonForce,The Galliher Law Firm,galliher-law.com,US,United States,stated in address/location,Legal,,inferred from description,,468.27 GB,468.27,,,,"The Galliher Law Firm, established in 1974, specializes in personal injury law, providing dedicated legal representation to clients in Las Vegas and surrounding areas. With over 40 years of experience, the firm assists clients with various personal injury claims, including car accidents, medical malpractice, and wrongful death cases. Their mission is to help injured clients secure compensation for their medical expenses and lost wages, ensuring they receive the justice they deserve. The firm offers free consultations and is committed to protecting the rights of injured individuals throughout Clark County.",2026-04-22,2026-04,stated by site,yes,,2d75b30a-552c-44ea-99ae-5522337a27fd
DragonForce,Champion Homes,championhomes.com.au,AU,Australia,inferred from domain,Construction,,inferred from description,,47.71 GB,47.71,,,,"Champion Homes is a progressive residential building company which undertakes building work in the Greater Sydney and Illawarra region. Champion Homes operates as a specialist residential builder in the following major segments of the residential home building market: Duplex Builder Knockdown Rebuild Own Designs Narrow Lot Designs New Home Builder Sydney Townhouse Builder New Home Property Sales Project Home Builder Home and Land Packages Sydney Champion Homes is structured to use its construction expertise and resources so as to cater for both individual and corporate clients. Champion Homes has considerable experience building in the older established suburbs of Sydney. Champion Homes can help you with narrow lots, difficult building lots and customise designs to suit your needs. When the time comes to find project home builders in Sydney, Champion homes has earned their reputation as one of the most trusted and reliable project home builders in Australia",2026-04-21,2026-04,stated by site,yes,,230f8e9a-933c-45cc-a50c-f9ff354ef5c4
DragonForce,medicalnetworks CJ GmbH & Co. KG,medicalnetworks.de,DE,Germany,stated in address/location,Healthcare,,inferred from description,,637.02 GB,637.02,,,,"Medicalnetworks specializes in integrated healthcare solutions, offering services such as ascleoncare and Hybrid-DRG billing. Their products are designed to streamline processes for health insurance providers and medical practices. The company aims to enhance the efficiency of healthcare delivery through innovative technology. Their intended clients include healthcare providers and insurance companies seeking to improve their operational workflows",2026-04-17,2026-04,stated by site,yes,,14833707-9066-410f-b6a8-b9db41ec1b4f
DragonForce,Empower Group,goempowergroup.com,,,,,,,,339.71 GB,339.71,,,,"Empower Group has positioned itself in this space as a hub for it's clients to access these different types of funding products. Empower Group has leveraged partnerships with the top lenders in the space to better service Empower Group's client's specific needs. Through Empower Group's relationships, with access to more than 40 private finance institutions, Empower Group prides ourselves at being able to meet Empower Group's clients right where they are to service their specific needs for working capital. Empower Group is committed to continually growing and evolving with the industry as a service to Empower Group's partners; both business owners and lenders alike.",2026-04-15,2026-04,stated by site,yes,,06c26b79-4599-4008-8434-79fb6415c22e
DragonForce,McCOR,mccor.ca,CA,Canada,inferred from domain,Real Estate,,inferred from description,,56.59 GB,56.59,,,,"McCor is a leading real estate and property management company in Canada, specializing in commercial, retail, and residential property management services. The company offers a comprehensive range of services including investment management, advisory services, leasing, and project management, targeting clients involved in real estate developments. McCor prides itself on building long-term partnerships through innovation, collaboration, and a strong focus on value creation. Their proactive approach ensures high levels of tenant satisfaction and operational efficiency, catering to a diverse clientele across various market segments",2026-04-15,2026-04,stated by site,yes,,eef14cd1-1d68-4f9a-a8e2-3a4c7b94bf63
DragonForce,Curtis Design Group,curtisdesigngroup.com,,,,Engineering & Architecture,,inferred from description,,176.4 GB,176.4,,,,"Curtis Design Group specializes in home architecture and design, creating beautiful and livable spaces tailored to the needs of families and developers. They focus on understanding client dreams and site specifics to produce detailed blueprints that reflect those visions. The company emphasizes a collaborative approach, ensuring clients are delighted with the final designs before working with builders. Their services extend beyond Utah, aiming to create homes that endure and bring joy for generations.",2026-04-15,2026-04,stated by site,yes,,2558ad00-e293-441a-b326-9bedc8fcb40a
DragonForce,tulsachamber.com,tulsachamber.com,,,,,,,,56.39 GB,56.39,,,,The Talsi Regional Chamber of Commerce is committed to serving as a leading business-oriented organization and improving the quality of life in the community by fostering regional economic prosperity.,2026-04-14,2026-04,stated by site,yes,,407fd775-a942-4759-ab2b-ddd81b5932cc
DragonForce,breslinbuilders.com,breslinbuilders.com,US,United States,stated in address/location,Construction,,inferred from description,,47.26 GB,47.26,,,,"Breslin Builders is a general contractor specializing in design and construction, based in Las Vegas, Nevada, and serving the Las Vegas Valley and Southern Nevada since 1980. The company specializes in a wide range of commercial construction services, including pre-development, design, and construction, as well as construction management for various types of projects, such as apartment buildings, retail spaces, and hotel complexes.",2026-04-14,2026-04,stated by site,yes,,fcfc9d37-cabe-44dd-9c33-ba7ccd1e7f4d
DragonForce,je-nyc.com,je-nyc.com,US,United States,stated in address/location,Technology,,inferred from description,,32.66 GB,32.66,,,,"Jacmel Enterprise Inc. offers a wide range of IT services, including Microsoft Dynamics solutions, project services such as data cabling and server configuration, as well as cloud services using Microsoft Office 365.",2026-04-14,2026-04,stated by site,yes,,f0a6c94f-b964-4b83-a15c-63c8f17955ff
DragonForce,ppiplastics.com,ppiplastics.com,US,United States,stated in address/location,Manufacturing,,inferred from description,,193.7 GB,193.7,,,,Preproduction Plastics Inc. is a company specializing in structural foam injection molding and gas-assisted injection molding.,2026-04-14,2026-04,stated by site,yes,,814f56ab-0d7f-473f-abad-b239deb9abcd
DragonForce,novafp.com,novafp.com,US,United States,stated in address/location,,,,,820.72 GB,820.72,,,,"Nova Fire Protection Inc. specializes in sprinkler fire suppression systems, offering design, installation, repair, inspection, and testing services to homeowners and businesses in the Chicago area. Their team is ready to tackle projects of any scale, from residential homes to large commercial buildings, providing comprehensive fire safety solutions. The company also provides 24/7 emergency services and system upgrades to maintain their effectiveness. With years of experience in the region, Nova Fire Protection is committed to protecting lives and property across various communities.",2026-04-14,2026-04,stated by site,yes,,abf898a3-5883-4657-a4f0-a336b44a231e
DragonForce,advprograms.com,advprograms.com,US,United States,stated in address/location,Government,,inferred from description,,706.9 GB,706.9,,,,"Advanced Programs, Incorporated (API) specializes in providing secure, high-quality integrated system solutions designed specifically for government and industrial clients, particularly in the fields of intelligence, defense, and foreign policy. The product portfolio includes TEMPEST-certified computers, networking equipment, and secure communication devices that meet stringent security standards. API retrofits existing products from leading manufacturers and develops new designs to ensure reliability in high-risk environments. The company’s typical customers are program management offices responsible for deploying and maintaining secure IT solutions in remote locations.",2026-04-14,2026-04,stated by site,yes,,83b95c5a-633b-4f5d-9309-8aa68a611bcf
DragonForce,imadesign.com,imadesign.com,,,,Education,,inferred from description,,971.63 GB,971.63,,,,"IMA Design Group, Inc. specializes in master planning, development services, and landscape architecture, with a particular focus on creating exceptional spaces for its clients. The company is distinguished by its unique artistic approach and strives to ensure maximum cost-effectiveness in its projects. The company’s portfolio includes a wide range of projects—from affordable and student housing to commercial spaces—located both in California and beyond. The company strives to help clients create socially oriented environments that harmoniously blend recreational elements with modern technology.",2026-04-14,2026-04,stated by site,yes,,9b6e3e04-9791-4e93-ad79-beb5974076ce
DragonForce,tremcar.com,tremcar.com,CA,Canada,stated in address/location,Manufacturing,,inferred from description,,183.63 GB,183.63,,,,Tremcar Drummond Inc. manufactures and designs high-quality textile machinery and equipment. The company was founded in 1962,2026-04-14,2026-04,stated by site,yes,,8db5a061-8ab7-446a-9c8e-c00b77adf62c
DragonForce,gtlcompany.com,gtlcompany.com,US,United States,stated in address/location,Aerospace & Defense,,inferred from description,,415.82 GB,415.82,,,,"Gloyer-Taylor Laboratories, Inc. (GTL) is a high-tech company specializing in providing revolutionary technologies for the aerospace industry. Its product portfolio includes advanced composite cryogenic tanks, propulsion systems, as well as aerospace system design and analysis services. GTL serves customers in the aerospace sector, with a particular focus on innovative solutions for launch vehicles and high-temperature structures. The company also collaborates with organizations such as NASA to develop cutting-edge technologies for space exploration.",2026-04-14,2026-04,stated by site,yes,,c47d2fb2-1f75-422f-ba73-d89a787826a3
DragonForce,graphicinfo.com,graphicinfo.com,US,United States,stated in address/location,Transportation & Logistics,,inferred from description,,68.37 GB,68.37,,,,"Graphic Information Systems Inc. specializes in the custom production of barcode labels, product number/identification labels, and warehouse signage, serving businesses that require inventory management solutions. They also offer a wide range of promotional products and apparel to enhance a company’s brand recognition. Their services include the installation of warehouse labels and signs, as well as design services. Based in Cincinnati, Ohio, GIS strives to provide high-quality, affordable products to improve warehouse operations and marketing efforts.",2026-04-14,2026-04,stated by site,yes,,c64d7c32-4781-4cb0-9415-08581b25281d
DragonForce,milliondollarbabyco.com,milliondollarbabyco.com,US,United States,stated in address/location,Retail & Wholesale,,inferred from description,,173.76 GB,173.76,,,,"Million Dollar Baby Co. was founded in 1990 and is a proudly family-owned business based in Los Angeles. Since then, MDB has grown to include seven distinct children’s furniture brands, each with its own style, aesthetic, and price point, while offering some of the most eco-friendly and award-winning designs in the industry. Our products are available at retailers such as Target and Amazon, as well as specialty stores like Pottery Barn Kids and Crate & Barrel. The parent company, Million Dollar Baby Co., includes our brands: Babyletto, daVinci, Nursery Works, and Namesake.",2026-04-14,2026-04,stated by site,yes,,04a980e8-5299-465c-bf27-621fa02e8daf
DragonForce,Apply Capnor,applycapnor.com,,,,Manufacturing,,inferred from description,,2135.44 GB,2135.44,,,,"Capnor specializes in laser scanning, engineering, and 3D data management services, offering a comprehensive range of solutions including design engineering, reverse engineering, and dimensional control. Their services cater to various industries such as oil and gas, marine, chemical, power, pulp and paper, automotive, steel, and food. Capnor utilizes advanced technologies like drone inspections and 3D modeling to enhance project efficiency and accuracy. The company is dedicated to providing innovative solutions that improve project lifecycle phases and ensure quality and safety",2026-04-14,2026-04,stated by site,yes,,698b5229-4f01-4707-a64c-0dc5b42b9a5f
DragonForce,rudolf-med.com,rudolf-med.com,,,,Healthcare,,inferred from description,,108.15 GB,108.15,,,,"RUDOLF Medical GmbH + Co. KG specializes in providing medical products and services. They offer a range of items through E-catalogs and support their clients with various services. The company aims to cater to a diverse clientele in the medical field. For further engagement, they participate in trade fairs and provide career opportunities",2026-04-13,2026-04,stated by site,yes,,e7ef8335-38df-4e5b-a03f-0fb95c4e0f74
DragonForce,Lift,liftag.int,,,,Manufacturing,,inferred from description,,450.33 GB,450.33,,,,"Lift AG is a Swiss lift manufacturer established in 1958, specializing in high-quality elevator solutions for residential and commercial buildings. The company offers a wide range of products including new installations, replacement systems, modernization services, and maintenance contracts. With a commitment to flexibility and customer satisfaction, Lift AG caters to various client needs with tailored solutions. As an independent family business, it prides itself on its experienced team and strong service network across the German-speaking part of Switzerland",2026-04-13,2026-04,stated by site,yes,,0e0a1b30-8f0b-44b1-a928-fb8321133556
DragonForce,Travel of America,travelofamerica.com,,,,Hospitality & Travel,,inferred from description,,40.44 GB,40.44,,,,"Travel of America specializes in luxury ocean, river, and expedition cruises, as well as hotels, resorts, guided tours, and custom land arrangements for both individual and group travel. They offer a wide range of travel options including hosted cruises, shore excursions, and active adventures. Their services cater to clients seeking high-end travel experiences and personalized itineraries. With a focus on exceptional customer service, they provide exclusive offers and loyalty programs to enhance the travel experience.",2026-04-13,2026-04,stated by site,yes,,359e6804-203a-4e08-977f-05638002dcaf
DragonForce,edtg.com,edtg.com,,,,Financial Services,,stated in description,,26.94 GB,26.94,,,,"The Eldorado Trading Group is a company that operates in the Banking industry. It employs 10to19 people and has 1Mto5M of revenue. The company is headquartered in Mountain View, California",2026-04-13,2026-04,stated by site,yes,,b6165216-5c83-4743-aa5b-d26f47af293a
DragonForce,www.sistemigestioneintegrata.eu,sistemigestioneintegrata.eu,IT,Italy,stated in address/location,Professional Services,,inferred from description,,383.4 GB,383.4,,,,"SGI – Sistemi Gestione Integrata is an Italian consulting firm headquartered in Bergamo, Lombardy, specializing in workplace health & safety, environmental compliance, and occupational medicine. With over 863 clients, 57,000+ medical visits conducted, and 125 environmental authorizations managed, SGI offers comprehensive services including risk assessments, fire prevention, emergency planning, ISO certification consulting (9001, 14001, 45001), waste management, and REACH compliance. As an accredited training provider (Regione Lombardia No. 691), SGI also delivers in-person and e-learning safety courses. The company supports its services through proprietary digital platforms including NET4SAFE and SGI FAD.",2026-04-13,2026-04,stated by site,yes,,c7d7dc98-e39f-41f6-9ad1-c6caa04fa798
DragonForce,Affordable Oil,affordableoil.com,US,United States,stated in address/location,Construction,,inferred from description,,4.17 GB,4.17,,,,The goal of Affordable Oil is in our name. We strive to provide the best heating oil delivery service at the lowest cost. Our friendly office staff is here Monday - Friday to help you with all your scheduling needs. We have our own on-site oil storage facility. This ensures that we can serve all our customers without interruption all year round. 24 hour emergency burner service is available through reliable independent contractors.,2026-04-12,2026-04,stated by site,yes,,2cec3774-27a9-4908-8bdd-37fd0f32000a
DragonForce,Mercedes-Benz of Arlington,justmercedes.com,,,,Automotive,,inferred from description,,99.93 GB,99.93,,,,"Mercedes-Benz of Arlington is a premier dealership specializing in new and pre-owned Mercedes-Benz vehicles, offering a wide selection of luxury cars, SUVs, and convertibles. The dealership provides exceptional customer service and a seamless buying experience for clients in the Arlington and greater Washington, DC area. They also offer financing options, vehicle servicing, and genuine parts to ensure customer satisfaction. With decades of experience, the knowledgeable staff is dedicated to helping clients find their ideal vehicle.",2026-04-06,2026-04,stated by site,yes,,1943c262-5b17-4140-98c5-6acd3e4386f3
DragonForce,Innovision Holdings,ivcorp.com,,,,Manufacturing,,inferred from description,,1175.49 GB,1175.49,,,,"Founded in 2004, InnoVision Holdings Corporation is a group of apparel and accessories companies that focus on brand developments, product innovation, global sales, marketing and distribution. From the company's luxury fashion division to the company's mass market fan wear subsidiary, InnoVisions companies combine innovative designs, high quality, utility with respected brands in their respective markets. Through its portfolio of brands, be it its fully owned or licensed, created or acquired, InnoVision designs, manufacture and distribute to a diverse base of retailers in luxury lifestyle, outdoor, speciality and mass markets in over 30 countries. To create and develop premium leading global lifestyle brands by focusing on product design and innovation, and developing global sales, marketing and distribution capabilities. Innovation is a core value of InnoVision group. Through ongoing in-house research and development efforts and an open innovation collaboration platform, InnoVision de",2026-04-05,2026-04,stated by site,yes,,f85e068c-1ffc-44c6-959c-86c6a66bfeac
DragonForce,Siam Okamura International Co,okamura.co.th,TH,Thailand,stated in address/location,Manufacturing,,inferred from description,,395.89 GB,395.89,,,,"Siam Okamura International Co., Ltd., established in Thailand in 1996, is a leading provider of high-quality Japanese-designed ergonomic office furniture and interior solutions. Based in Bangkok with local manufacturing via Siam Okamura Steel Co., Ltd., they offer products and services for offices, education, healthcare, and retail spaces.",2026-04-04,2026-04,stated by site,yes,,5fc214c9-da08-4acd-b173-e934a6e9973a
DragonForce,Vietnam Fortress Tools JSC,fortresstools.com.vn,VN,Vietnam,stated in address/location,Manufacturing,,inferred from description,,432.0 GB,432.0,,,,"Vietnam Fortress Tools JSC, established in 2006, is a leading manufacturer of gardening tools, with over 90% of its products exported to North America and Europe. The company offers a diverse range of gardening tools that meet international standards at competitive prices. Fortress is committed to its responsibilities towards its employees and the local community, ensuring its factories are regularly audited by independent organizations. Their focus on sustainability and quality positions them as a top partner in the gardening tools industry.",2026-04-04,2026-04,stated by site,yes,,14841b15-0c82-4696-b591-d7a9a1492e00
DragonForce,AUG Pharma,augpharma.com,EG,Egypt,stated in address/location,Healthcare,,inferred from description,,956.0 GB,956.0,,,,"AUG Pharma is an Egyptian shareholding company dedicated to enhancing public health through the development, manufacturing, and commercialization of innovative pharmaceutical products. Their product range includes various medications and health solutions such as immune sachets, dermatological creams, and pain relief medications. The company aims to serve a diverse clientele, including healthcare professionals and patients, by providing high-quality pharmaceutical products. AUG Pharma is also focused on expanding its market presence, as evidenced by its recent collaborations and participation in industry events.",2026-04-04,2026-04,stated by site,yes,,8abd18c9-deda-4744-b5c6-c8f8c4e68e31
DragonForce,G Plants,gplants.com,GB,United Kingdom,stated in address/location,Retail & Wholesale,,inferred from description,,388.99 GB,388.99,,,,"G Plants Ltd specializes in providing innovative gardening products and gifts, including seasonal plant items and lawn care solutions. They cater to a diverse clientele, ranging from small retailers to large chains, and collaborate with specialized growers to offer exclusive plant varieties. The company also offers white label solutions and brand management services tailored to their clients' marketing needs. Their product range includes easy gardening kits, seed planters, and eco-friendly options, appealing to both novice and experienced gardeners.",2026-04-04,2026-04,stated by site,yes,,7d51b117-d575-4547-9aff-64ca25a682ba
DragonForce,Kopran,kopran.com,IN,India,stated in address/location,Pharmaceuticals & Biotech,,inferred from description,,304.72 GB,304.72,,,,"Kopran Limited & its subsidiary Kopran Research Laboratories Limited has established an indomitable presence in the realm of manufacturing an extensive spectrum of Finished Dosage Forms and Active pharmaceutical ingredients (APIs) respectively. With over sixty years of expertise at our disposal, we adeptly seized opportunities and propelled a trajectory of sustained growth.",2026-04-04,2026-04,stated by site,yes,,b8caeabc-1e04-43ad-88e9-988650862c63
DragonForce,sutex.com,sutex.com,CO,Colombia,stated in address/location,,,,,130.39 GB,130.39,,,,"SUTEX was founded in 1985.Our core business includes the development and marketing of textiles used in the production of clothing, upholstery, lingerie, footwear, and leather goods.We collaborate with prestigious international textile mills. Driven by a genuine passion for fashion, for the past three decades, Sutex has been dedicated to refining corporate practices that allow us to remain at the forefront of the textile industry. We closely monitor fashion cycles to identify the latest trends and respond promptly, providing our customers with the most appropriate product at the right time. Our production facilities are located in Bogotá, along with a distribution center equipped with state-of-the-art technology, allowing us to ensure the efficiency and quality of our marketing efforts.",2026-04-02,2026-04,stated by site,yes,,6229fdb6-8d2e-4660-aff5-6bd531b92279
DragonForce,bunch.ca,bunch.ca,CA,Canada,stated in address/location,Construction,,inferred from description,,1008.05 GB,1008.05,,,,It is a leading contractor in the construction of facilities for the oil and gas industry in Western Canada.,2026-04-02,2026-04,stated by site,yes,,7a7f61d2-2deb-40c5-99c5-6fd0d4a8f8d4
DragonForce,kleankanteen.com,kleankanteen.com,US,United States,stated in address/location,Manufacturing,,inferred from description,,478.17 GB,478.17,,,,"Klean Kanteen was founded in 2004. The company manufactures reusable stainless steel water bottles. The company's headquarters are located in Chico, California.",2026-04-02,2026-04,stated by site,yes,,0bac7dda-ea23-4cd1-bf96-206cb8a2f4fb
DragonForce,northstarmetal.com,northstarmetal.com,US,United States,stated in address/location,Manufacturing,,inferred from description,,158.25 GB,158.25,,,,"Northstar Metal Products is a manufacturer of metal products. Services: CNC machining, laser cutting, robotic welding, powder coating, and prototyping. Industries: telecommunications, manufacturing, transportation, energy, healthcare, and home goods.",2026-04-02,2026-04,stated by site,yes,,f557c1c3-e017-4609-b26d-db0358a461e9
DragonForce,acmealliance.com,acmealliance.com,US,United States,stated in address/location,Agriculture & Food,,inferred from description,,433.8 GB,433.8,,,,"It is a global manufacturer specializing in the custom production of die-cast components for various industries, including the automotive, marine, and agricultural sectors.",2026-04-02,2026-04,stated by site,yes,,aea30e95-68ad-4b9f-bce5-cfe6f01de778
DragonForce,jbrand.co.uk,jbrand.co.uk,GB,United Kingdom,inferred from domain,,,,,1156.2 GB,1156.2,,,,"J Brand, headquartered in London, UK, provides a range of services in the electrical engineering and IT sectors.",2026-04-02,2026-04,stated by site,yes,,863f08fe-fd1f-4fdc-bd39-b26615f09459
DragonForce,cesimaging.com,cesmn.com,US,United States,stated in address/location,,,,,9.57 GB,9.57,,,,"The company is an authorized dealer for Canon, Sharp, Oce, KIP America, and HP",2026-04-02,2026-04,stated by site,yes,,c3991166-99f7-4c64-ad73-54f553f1ec0e
DragonForce,singita.com,singita.com,,,,Hospitality & Travel,,inferred from description,,46.97 GB,46.97,,,,"Singita is committed to providing unforgettable wildlife experiences, offering accommodations in lodges, camps, and private villas located in some of Africa’s most stunning and sought-after destinations. The company is committed to environmentally responsible hospitality and sustainable conservation, and has been working with local communities since its founding in 1993.",2026-04-02,2026-04,stated by site,yes,,0e64a450-0c5f-43d6-911e-81456466f406
DragonForce,atpkg.com,atpkg.com,CA,Canada,stated in address/location,Transportation & Logistics,,inferred from description,,73.54 GB,73.54,,,,"At AT Packaging, employees play a key role—dedication, a commitment to quality, and team spirit are at the core of the company’s business philosophy. If you are a dynamic, customer-focused individual, there may be a career opportunity for you at AT Packaging. The following positions are available: Warehouse Operations — the company’s operations must be based on an organized and efficient warehouse to ensure high-quality customer service.",2026-04-02,2026-04,stated by site,yes,,d8181000-caef-4f9a-a19b-064c23d709ca
DragonForce,congoleum.com,congoleum.com,JE,Jersey,stated in address/location,Manufacturing,,inferred from description,,121.43 GB,121.43,,,,"Founded in 1886 and headquartered in Mercerville, New Jersey, Congoleum develops and manufactures flooring for residential and commercial spaces.",2026-04-02,2026-04,stated by site,yes,,8711b463-2001-47bc-bf7c-89d7087e0943
DragonForce,greenwayfence.com,greenwayfence.com,NL,Netherlands,stated in address/location,Construction,,inferred from description,,61.6 GB,61.6,,,,"A wholesale supplier of fencing and railings serving both private homeowners and contractors throughout the East Coast. They offer a wide range of custom fencing materials, including vinyl and aluminum options, as well as decking and specialty products.",2026-04-02,2026-04,stated by site,yes,,eedeb683-a30f-4709-b65e-ba8614974605
DragonForce,fhw-neukoelln.de,fhw-neukoelln.de,DE,Germany,inferred from domain,,,,,61.59 GB,61.59,,,,"Fernheizwerk Neukölln provides heat to homes in the Berlin-Neukölln district. This local heating company generates and supplies heat to approximately 40,000 homes, ensuring a comfortable temperature during the cold months. They make every effort to provide reliable heat to the community by connecting homes to efficient heating systems throughout the district.",2026-04-02,2026-04,stated by site,yes,,14cd73d2-75e0-4f12-a511-a6447823a7a9
DragonForce,Elara Engineering,elaraeng.com,,,,Construction,,inferred from description,,305.46 GB,305.46,,,,"Elara Engineering is a full-service Mechanical, Electrical, Plumbing, Fire Protection, and Technology consulting engineering firm based in Chicago, Illinois. With 25 years of experience, the company specializes in the design, costing, delivery, and oversight of building and utility systems, offering both pre-design and post-construction services. Their clients include educational institutions, municipal entities, and residential developers, focusing on sustainable and innovative engineering solutions. Elara Engineering is committed to reducing energy consumption and carbon footprints through its projects and embraces diversity within its workforce",2026-04-01,2026-04,stated by site,yes,,14fb8686-9317-496b-b9af-d674002cd614
DragonForce,Fountain,fountain.eu,,,,,,,,68.58 GB,68.58,,,,"Over the last 40 years, Fountain has established itself as Europe's leading supplier of drinks vending machines for businesses, delivering the widest range of solutions to organisations with 5 to 50 employees, as well as multi-site key account customers. The company now operates in 28 countries and has developed a strong reputation and identity, founded on personalised services and solutions, a wide range of tailor-made products, and a local distribution network. Here at Fountain, we provide our customers with a comprehensive service that covers cartridge and automatic machines, capsule machines, water fountains, accessories and snacks. Fountain distributes a vast range of both own-brand and third-party products. As such, it is able to meet the exacting demands of businesses and organisations looking to tailor their offer to the specific needs of their customers and/or staff, from precise quantities to consumer preferences. Fountain has been listed on the Euronext stock exchange since",2026-04-01,2026-04,stated by site,yes,,3ee4bbb2-0ac1-4a17-ac6e-4fcfbb332aff
DragonForce,blossmangas.com,blossmangas.com,US,United States,stated in address/location,Energy & Utilities,,inferred from description,,487.81 GB,487.81,,,,"Blossman Gas, founded in 1951 and located in Ocean Springs, Mississippi, is a family-owned business that provides a wide range of services in the liquefied petroleum gas industry and specializes in gas appliances.",2026-04-01,2026-04,stated by site,yes,,2bb3ac2e-7355-485a-b5ce-c0e2bf9f61de
DragonForce,North Central HIDTA,northcentralhidta.org,US,United States,stated in address/location,Mining & Materials,,inferred from description,,1624.49 GB,1624.49,,,,"North Central HIDTA is a federal program aimed at supporting federal, state, local, and tribal law enforcement agencies in combating drug trafficking in Minnesota and Wisconsin. The organization focuses on creating multi-agency task forces to reduce drug threats and enhance intelligence sharing to dismantle significant drug trafficking and money laundering organizations. Their initiatives include enforcement, prevention, prosecution, and training to foster drug-free communities. Intended clients include law enforcement and public safety professionals in the region.",2026-03-30,2026-03,stated by site,yes,,a9ebb66a-f484-4cd1-b33c-143cddb37dd6
DragonForce,Alliance Select Foods International,allianceselectfoods.com,,,,,,,,0.02 GB,0.02,,,,"Alliance Select Foods International, Inc. is a leading seafood company specializing in the tuna canning industry since 2003, producing premium-quality tuna and salmon products. The company offers a diverse range of products including canned, pouched, and frozen tuna, ensuring high standards of quality and sustainability. With a global presence, ASFII is dedicated to supporting its workforce, empowering communities, and protecting the environment. Their commitment to corporate governance emphasizes sustainable growth and accountability to stakeholders",2026-03-29,2026-03,stated by site,yes,,174bc965-9627-47d9-9ef8-76b59d115634
DragonForce,Groupe Courtois Automobiles,groupe-courtois.fr,FR,France,inferred from domain,Automotive,,inferred from description,,14.12 GB,14.12,,,,"Groupe Courtois is an automotive dealership specializing in Honda vehicles, with over 40 years of experience in the automotive industry. They operate in Chambourcy and Saint-Ouen-l'Aumône,",2026-03-27,2026-03,stated by site,yes,,a1829d25-558d-4ac1-bd7a-b634bc82bbd0
DragonForce,STS Travel,ststravel.com,US,United States,stated in address/location,Education,,inferred from description,,19.85 GB,19.85,,,,"STS Travel was founded in 1984 by two Cornell University graduates who shared one common goal: to specialize in the marketing and operation of travel services designed specifically for students. Since our foundation in 1984, STS has handled the travel plans of over a half of million student travelers. This tremendous volume gives STS a great deal of negotiating power, enabling us to assemble quality vacation packages within the budget confines of the student traveler. Today, we have evolved into one of America's premier collegiate tour operators, having student organizations, travel agents, and campus representatives representing STS on over 1000 campuses throughout the United States.",2026-03-27,2026-03,stated by site,yes,,cc4883a7-8351-4b88-b1d3-332cc7b88ea0
DragonForce,Durable Superior Casters,durablesuperior.com,US,United States,stated in address/location,Manufacturing,,inferred from description,,1127.53 GB,1127.53,,,,"Durable Superior Casters, Inc. was established in 1991. In a relatively short period of time Durable USA has become the finest manufacturer and importer of casters and wheels in North America. We provide ""Quality without Compromise"" at very competitive prices and prompt shipment from an inventory in excess of 20 million dollars. We also attribute our success to our loyal customers, experienced and knowledgeable staff, and innovative leadership. We offer one of the broadest caster and wheel selections in the world. In addition to our ongoing new product development program we offer custom built casters for manufacturers that have a large unique or special requirement. Our corporate headquarters, largest US assembly plant with onsite Testing Lab and Engineering Department is in Arlington, Texas. Our assembly plant in Ohio helps to service our customers in New England and the upper Midwest",2026-03-26,2026-03,stated by site,yes,,a521eb45-bffb-4a38-a3cd-fd18d2436150
DragonForce,pridesol.com,pridesol.com,,,,Transportation & Logistics,,inferred from description,,70.08 GB,70.08,,,,"Pride Solvents & Chemical Co. is an authorized distributor of the largest and most reputable global manufacturers of chemical products and solvents. This list includes companies such as Dow, Exxon, BASF, Sasol, ADM, Penreco, P&G, and Stepan—just to name a few. With an advanced production facility, a fully equipped analytical laboratory, extensive warehouse inventory, and a modern transportation fleet, the company is able to provide an unmatched level of service to customers across all industries—from the state of Maine to Virginia, and westward as far as Ohio.",2026-03-26,2026-03,stated by site,yes,,03ca8e7f-9e77-4881-91c7-1d3e10a36ff2
DragonForce,kalimaresort.com,kalimaresort.com,TH,Thailand,stated in address/location,Hospitality & Travel,,inferred from description,,331.26 GB,331.26,,,,"Kalima Resort & Spa is a luxurious 5-star resort located just a few minutes from Patong Beach in Phuket, known for its stunning sea views and hillside setting. The resort offers a variety of accommodation options, including deluxe rooms, suites, and private villas, catering to couples, families, and guests seeking relaxation or adventure.",2026-03-26,2026-03,stated by site,yes,,731fdccf-b21e-494f-93f8-1b118aebf8db
DragonForce,Edward Beiner,edwardbeiner.com,US,United States,stated in address/location,Retail & Wholesale,,inferred from description,,44.05 GB,44.05,,,,"Edward Beiner specializes in designer sunglasses and luxury eyewear, offering a blend of fashion and vision. Their product range includes sunglasses and eyeglasses for both men and women, featuring exclusive collections from high-end brands like Cartier, Gucci, and Tom Ford. The company targets style-conscious clients seeking premium eyewear and eye care services, including eye exams. With a commitment to exceptional customer service, Edward Beiner provides free standard shipping on U.S. orders and a unique shopping experience in their boutiques",2026-03-24,2026-03,stated by site,yes,,0506a0bb-e480-45cd-815a-b0d04185833e
DragonForce,M3 Group,m3group.biz,,,,Professional Services,,inferred from description,,566.27 GB,566.27,,,,"Founded in Lansing more than 11 years ago by Dowling, M3 Group prides itself on being the only local agency that offers the most comprehensive array of integrated branding, marketing and advertising services in the mid-Michigan region. M3 Group has grown into one of the largest and most respected agencies in the area. For more than a decade, M3 Group has built and refined strong brands through integrated marketing strategies that keep the client's goals and its bottom line in mind. M3 Group's award-winning staff works across traditional and nontraditional platforms, offering an array of market research and consulting, media planning and buying, website development, social and digital media marketing, public relations and promotions, video and audio production, corporate brand development, and graphic design. Take your brand to the next level by visiting M3Group.biz",2026-03-24,2026-03,stated by site,yes,,a4413b32-f2f8-460b-9e74-587d5344a629
DragonForce,odayequipment.com,odayequipment.com,US,United States,stated in address/location,Energy & Utilities,,inferred from description,,27.83 GB,27.83,,,,"Founded in 1935, ODay Equipment specializes in supplying and maintaining equipment for the oil and gas industry, serving customers in the U.S. Midwest.The company offers fuel storage tanks, retail fueling systems, EV charging solutions,installation, and a variety of repair services.",2026-03-20,2026-03,stated by site,yes,,5547053f-beb9-422d-b09c-171771375a68
DragonForce,wardencc.com,wardencc.com,US,United States,stated in address/location,Construction,,inferred from description,,219.95 GB,219.95,,,,"Warden Construction is a general contractor based in Jacksonville, Florida, specializing in design-build, construction management, renovation, and new construction. The company primarily serves clients in the government and public sectors, leveraging its expertise in indefinite-delivery/indefinite-quantity (IDIQ) contracts.",2026-03-20,2026-03,stated by site,yes,,21836298-9e44-4b75-bf1c-1630b86805b0
DragonForce,theunlimited.co.za,theunlimited.co.za,ZA,South Africa,inferred from domain,Insurance,,inferred from description,,339.98 GB,339.98,,,,"The Unlimited offers a full range of insurance products, including health, auto, legal, and life insurance, designed to provide peace of mind and financial protection to its customers. Founded in 1994, the company strives to challenge the status quo and deliver exceptional value to millions of customers. Its services are designed to support individuals and families during life’s unexpected moments, ensuring they are never left alone to face difficulties. Focused on meeting the needs of its clients, The Unlimited strives to treat them like family and provide hassle-free service.",2026-03-20,2026-03,stated by site,yes,,da525115-b16e-40d7-a064-086aed1003de
DragonForce,centreconcrete.com,centreconcrete.com,US,United States,stated in address/location,Construction,,inferred from description,,15.99 GB,15.99,,,,"Centre Concrete has been a leader in the production and delivery of ready-mix concrete in central Pennsylvania since 1956, operating seven production sites. They offer a wide range of concrete products and services, including ready-mix concrete, roller-finished concrete, and decorative concrete, for residential and commercial customers. Their focus on quality, innovation, and sustainability ensures durable and energy-efficient solutions for construction needs. Through a strong commitment to customer service, Centre Concrete lays the foundation for a wide range of construction projects while contributing to environmentally responsible practices.",2026-03-20,2026-03,stated by site,yes,,d1270aaa-09d1-43f3-9dea-4a9718fd34f3
DragonForce,liverpoolphil.com,liverpoolphil.com,,,,,,,,301.85 GB,301.85,,,,"The Liverpool Philharmonic Hall, which hosts a variety of concerts and events.",2026-03-20,2026-03,stated by site,yes,,e5dab396-1e8a-4847-9a92-a6038bcf2a1e
DragonForce,sopower.com,sopower.com,US,United States,stated in address/location,,,,,27.12 GB,27.12,,,,"industrial electrical service provider located in Baton Rouge, LA. Founded in 1994, it specializes in electrical testing, commissioning, maintenance, switchgear, transformers, and substation services, serving as a trusted ally for power infrastructure",2026-03-20,2026-03,stated by site,yes,,b293017e-9b35-4a58-8a5c-fb9b6253e7a3
DragonForce,Oriska Insurance,oriskainsurance.com,,,,Insurance,,inferred from description,,113.22 GB,113.22,,,,"Oriska Insurance specializes in providing surety bonding, workers compensation, health insurance, and disability insurance tailored for small and minority-owned businesses. The company positions itself as a single source solution for multi-policy requirements, ensuring competitive pricing and comprehensive protection. With a commitment to reliability, Oriska Insurance has a track record of never failing to pay a claim or abandoning an employer. Their services are designed to help clients meet job requirements while staying within budget and legal constraints",2026-03-20,2026-03,stated by site,yes,,3ecf1364-50e5-4ebb-86d0-5fcf71e54979
DragonForce,The Farese Group,faresegroup.com,US,United States,stated in address/location,,,,,0.34 GB,0.34,,,,"The Farese Group specializes in retirement income planning, investment management, and financial planning, focusing on the distribution phase of retirement. With nearly two decades of experience, they provide strategic game plans to help clients spend their savings wisely and intentionally. They offer complimentary workshops to address common retirement questions and concerns for those in or nearing retirement. The firm values client relationships and shows appreciation through various location-based events throughout the year",2026-03-19,2026-03,stated by site,yes,,5f148fe5-854b-48a8-917a-eb90dcaa734b
DragonForce,Edifice Design + Architecture,edificedna.com,US,United States,stated in address/location,Engineering & Architecture,,inferred from description,,23.09 GB,23.09,,,,"We shape our buildings, and afterward our buildings shape us - Winston Churchill At Edifice, we believe architecture and design have a unique physical, spiritual, and psychological relationship with our lives. Whether we recognize it or not, design and the buildings we live in, shape our experiences and impact each of us in every aspect of our lives. Innovation and the built environment affect how we live, work, worship and sleep. We believe design and architecture can embrace and provide a unique canvas for our lives, which happens in and around them. As the architect Peter Zumthor said, architecture is a sensitive container for the rhythm of footsteps on the floor, for the concentration of work, for the silence of sleep. We believe excellent design and architecture can complement, accentuate, and highlight the best in the world around us, lifting our environments, building our community, and shaping us into something better. We believe buildings have the potential to EDIFY us and weall deserve to be edified. We believe this is our role, as architects and designers, to EDIFY individuals by crafting environments that inspire, and bring peace and beauty.",2026-03-19,2026-03,stated by site,yes,,a86fd3d3-d7c9-4c73-ac1c-2c9e865aed29
DragonForce,vatractor.com,vatractor.com,US,United States,stated in address/location,,,,,24.05 GB,24.05,,,,"Virginia Maryland Tractor specializes in John Deere equipment, offering a wide selection of new and used machinery, financing options, parts, and service.",2026-03-19,2026-03,stated by site,yes,,0d493c86-71da-42a0-89ee-8911b43c35f1
DragonForce,Health Management Systems,hms.com.au,AU,Australia,inferred from domain,Technology,,inferred from description,,165.62 GB,165.62,,,,"Health Management Systems provides tailored health care software designed to enhance business processes and improve staff management for service providers in community health, aged care, and related sectors. Their solutions are NDIS ready and focus on automating scheduling, tracking budgets, and improving client care through efficient practice management. The software aims to maximize staff productivity, reduce client wait times, and ensure compliance with various funding portals. Their target clients include organizations supporting clients with government-funded schemes and packages, ensuring better care delivery",2026-03-19,2026-03,stated by site,yes,,6aabfbe3-d96b-4808-a575-a1940cfdd5ce
DragonForce,Construction Equipment Parts,ceparts.com,,,,Construction,,inferred from description,,23.53 GB,23.53,,,,"Construction Equipment Parts, LLC is a dismantler specializing in heavy equipment parts for various brands, including wheel loaders, excavators, and articulated haulers. They provide a broad selection of new, used, rebuilt, and aftermarket parts tailored to clients who prioritize economic and environmental considerations. With over 200,000 parts available for shipping and expert sales support, they cater to all heavy equipment part needs. The company serves a diverse clientele in the construction industry, ensuring access to reliable equipment components",2026-03-18,2026-03,stated by site,yes,,d692cde6-2430-44da-b73a-ea6915106b18
DragonForce,gasteiger.design,gasteiger.design,,,,Engineering & Architecture,,inferred from description,,40.23 GB,40.23,,,,"Gasteiger specializes in creating unforgettable living designs that reflect individual personalities through unique compositions of materials and craftsmanship. They cater to a diverse clientele, including private customers, developers, and architects, offering comprehensive solutions for various living styles such as chalet, modern, classic, and urban. The company is committed to innovation and quality, regularly drawing inspiration from major European design fairs to surprise and delight their international customers. With a spacious showroom and a focus on complete coordination of all work areas, Gasteiger ensures a seamless and comfortable implementation of their designs",2026-03-18,2026-03,stated by site,yes,,0a55f8e8-d1c2-40ab-a7dd-d50f8ef13651
DragonForce,HARTMANN BAU,hartmann-bau.ch,CH,Switzerland,inferred from domain,Agriculture & Food,,inferred from description,,178.87 GB,178.87,,,,"Hartmann Bau GmbH is a construction company based in Borgentreich near Kassel, specializing in residential, commercial, agricultural, and civil engineering projects in the Paderborn, Höxter, and Kassel areas. With over 80 years of experience, the company emphasizes quality, timely completion, and customer satisfaction as the foundation for successful construction projects. They offer a comprehensive range of services from planning to key handover, ensuring adherence to high standards and legal requirements. Their team is equipped to handle diverse projects, including offices, housing, barns, and warehouses, tailored to clients' specific needs",2026-03-18,2026-03,stated by site,yes,,28239bd8-a606-45ef-86c0-1e2399ac547d
DragonForce,Flexform,flexform.it,IT,Italy,inferred from domain,,,,,31.69 GB,31.69,,,,"Flexform SpA is an Italian company with its head office in Meda, Italy, at the centre of the furniture production district of La Brianza. Founded in 1959 by the Galimberti brothers, the company designs, produces and markets furniture and furnishing accessories for residential and public use",2026-03-18,2026-03,stated by site,yes,,829c5d9f-6e98-41fd-8ad2-71fa41097c81
DragonForce,Dynex/Rivett,dynextechnologies.com,,,,Energy & Utilities,,inferred from description,,62.8 GB,62.8,,,,"Dynex/Rivett Inc. specializes in high-pressure hydraulic components and systems, including piston pumps, power units, motors, and valves, designed for demanding applications. Their products are rated from 6000 psi to 20,000 psi and are utilized across various industries such as oil and gas, aerospace, and heavy lifting. With over 60 years of experience, Dynex offers both standard and custom hydraulic solutions to meet the specific needs of their clients. The company is committed to providing reliable and efficient hydraulic solutions for mobile and industrial machinery worldwide",2026-03-18,2026-03,stated by site,yes,,f6f5fb28-de88-4f94-8735-b1e63761fcf7
DragonForce,Conrad Capital Management,conradcapital.com,US,United States,stated in address/location,Professional Services,,inferred from description,,79.7 GB,79.7,Chat,,,"(including customers personal information and financial data) Conrad Capital Management (CCM) is an independent Registered Investment Advisory firm that provides personalized financial advice and investment counseling to individual and institutional investors across the United States. Established in 1998 by Donald E. Conrad, the firm specializes in complex financial services, including fixed income portfolio management, alternative investments, retirement planning, and customized portfolio management strategies. CCM's fiduciary duty ensures that they prioritize the best interests of their clients, fostering deep personal relationships through ongoing interactions. With a focus on risk management, CCM is committed to helping clients achieve their financial goals as soon as possible.",2026-03-18,2026-03,stated by site,yes,,43137bdf-5980-4ccc-b144-c703ea9169bd
DragonForce,bestgraphics.net,bestgraphics.net,US,United States,stated in address/location,,,,,56.13 GB,56.13,,,,"Founded in 1977, Best Graphics Group offers a full range of equipment for printing, bookbinding, finishing, and packaging",2026-03-17,2026-03,stated by site,yes,,eb90fc30-a3f2-4abd-a4b7-353ede743bb2
DragonForce,phoenixlabs.com,phoenixlabs.com,US,United States,stated in address/location,Government,,inferred from description,,1776.24 GB,1776.24,,,,"Phoenix Environmental Laboratories specializes in high-quality analysis of soil, water, air, sediment, and solids, complying with EPA, state environmental protection agency, and health department requirements. The company serves a diverse clientele, including small businesses, large engineering firms, and state and federal agencies. They offer competitive pricing and standard turnaround times of 7 to 10 business days, as well as priority, expedited, and emergency response services. Phoenix strives to collaborate with consulting and municipal partners in an effort to create a cleaner and safer environment.",2026-03-13,2026-03,stated by site,yes,,14eb8a86-549b-48c9-b18e-1efaaad4c079
DragonForce,hazeldenes.com.au,hazeldenes.com.au,AU,Australia,inferred from domain,Agriculture & Food,,inferred from description,,84.8 GB,84.8,,,,Hazeldenes is a family-owned chicken farm that has been supplying high-quality Australian chicken since 1938.,2026-03-11,2026-03,stated by site,yes,,a5feaa9f-4cea-430d-8734-56905ba21607
DragonForce,tazzetti.com,tazzetti.com,IT,Italy,stated in address/location,Mining & Materials,,inferred from description,,16.05 GB,16.05,,,,"TAZZETTI - Special fluids and environmental services: Your international partner in refrigerants, specialty gases, hydrodynamic systems, gaseous waste treatment, chemical and environmental analysis, research, and technology development.",2026-03-10,2026-03,stated by site,yes,,42584b0f-4637-4d04-9366-03340cffbfc7
DragonForce,maa-architects.com,maa-architects.com,GB,United Kingdom,stated in address/location,Engineering & Architecture,,inferred from description,,236.61 GB,236.61,,,,"Matthew Allchurch Architects (MAA) specializes in high-quality architectural solutions across a range of sectors, including residential, commercial, office, coworking, and light industrial buildings.",2026-03-10,2026-03,stated by site,yes,,da89a678-c23c-48a2-b005-d878a50a2bda
DragonForce,Northern Family Farms,northernfamilyfarms.com,US,United States,stated in address/location,Retail & Wholesale,,inferred from description,,29.43 GB,29.43,,,,"Northern Family Farms, located in Merrillan, WI, has been a trusted wholesale supplier of Christmas trees and nursery plants since 1955. They offer a variety of products including Fraser Fir, Balsam Fir, White Pine, and numerous types of nursery plants such as fruits, topiaries, and shrubs. The company serves distributors and businesses across the country, ensuring top-quality plants for retail and landscaping needs. With a commitment to customer satisfaction, they invite potential clients to tour their facilities in West Central Wisconsin.",2026-03-07,2026-03,stated by site,yes,,2f133f2f-3a52-4efa-8bd9-42fadf0d63d6
DragonForce,Graham County Electric Cooperative,gce.coop,US,United States,stated in address/location,Energy & Utilities,,inferred from description,,165.82 GB,165.82,,,,Graham County Electric is committed to provide members with affordable cost effective energy solutions.,2026-03-06,2026-03,stated by site,yes,,8fd986b3-a624-47a9-8699-8a25b8a175f2
DragonForce,Advanced Rehabilitation Technology,artcoatingtech.com,US,United States,stated in address/location,Government,,inferred from description,,126.12 GB,126.12,,,,"Advanced Rehabilitation Technology (ART) specializes in state-of-the-art no-dig technology solutions aimed at protecting and extending the life of critical infrastructure. The company offers innovative products and services for the rehabilitation of water and wastewater structures, including manholes, stormwater culverts, and potable water systems. ART's solutions are designed to be cost-effective and long-lasting, addressing issues such as corrosion and structural integrity while ensuring compliance with health standards. Their intended clients include municipalities and industries seeking to maintain and enhance their infrastructure without the need for extensive excavation",2026-03-06,2026-03,stated by site,yes,,f4f816cb-3775-4e04-9b57-adc716231dbb
DragonForce,The Delventhal Company,thedelventhalco.com,US,United States,stated in address/location,Construction,,inferred from description,,101.25 GB,101.25,,,,"The Delventhal Company offers a wide range of construction and management services including general contracting, construction management, design-build, and real estate services. They cater to industries such as healthcare, financial, commercial/retail, education, and industrial, providing personalized solutions to meet unique client needs. Their commitment to quality and service is evident in their extensive portfolio of successful projects across various sectors. The company prides itself on being dependable, flexible, and credible, aiming to empower clients throughout the construction process",2026-03-06,2026-03,stated by site,yes,,c5f5dff0-ec33-40e4-b412-cb3fe1774967
DragonForce,C.A. LINDMAN Inc.,calindman.com,US,United States,stated in address/location,,,,,219.93 GB,219.93,,,,"Numerous data items, including financial and project details, were leaked from servers located at the company's headquarters in Florida, Maryland, and North Carolina. C.A. Lindman, Inc., founded in 1990, has grown from a small restoration company with less than 10 employees, into one of the top 20 national firms specializing in exterior concrete and masonry repairs over the last 30 years. The founders, Rob Pusheck and Jeff Procter, have kept Lindman focused on meeting all of their clients’ needs and expectations. The “Lindman Difference” is the company’s motto and delivering this superior service is the company-wide goal every day.",2026-03-06,2026-03,stated by site,yes,,d9ea51a7-c164-45be-a61a-42bcc2337168
DragonForce,ICS Electrical Services,icselectricalservices.com,US,United States,stated in address/location,,,,,86.15 GB,86.15,,,,"ICS Electrical Services is a Cincinnati based electrical contracting company that has been specializing in complex industrial installations since 1997. We provide a unique approach to the many facets of the industrial market that set us apart from the rest. Our services include full service electrical installations, outage and startup support, PLC system upgrades, instrumentation installation & Calibration, electrical design-build, UL Listed control panel assembly, automation & programming, and maintenance & repairs.",2026-03-06,2026-03,stated by site,yes,,88339e7d-bc4e-42e1-9245-880c41d297ca
DragonForce,A C Scott Electric,acscottelectric.com,US,United States,stated in address/location,,,,,24.52 GB,24.52,,,,"A.C. Scott Electric Company was established in 1967 by Dexter C. Ricker and Frederik C. Nielsen as a partnership. On May 14, 1968 the company succeeded to incorporate. With the resignation of Dexter C. Ricker in 1984, Frederik C. Nielsen and his wife, Maiken Nielsen obtained 100% ownership of the corporation. From this point forward, A.C. Scott Electric Co., Inc. was operated as a ""family-owned"" small business enterprise in the State of New Jersey. Frederik and Maiken retired from the day to day operation of the corporation in 1999, relinquishing ownership and operational control to their son, Michael C. Nielsen.",2026-03-06,2026-03,stated by site,yes,,f6241c85-a021-430e-bf37-4ff37c7d1025
DragonForce,salfordcc.ac.uk,salfordcc.ac.uk,GB,United Kingdom,stated in address/location,Education,,inferred from description,,275.86 GB,275.86,,,,Salford City College is one of the largest further education providers in Greater Manchester. It was established in 2009 following a merger between several predecessor colleges.,2026-03-06,2026-03,stated by site,yes,,0cdb3d55-953a-4378-8702-8a5c5d8ce98b
DragonForce,"R&C Fence, Inc.",randcfence.com,US,United States,stated in address/location,Manufacturing,,inferred from description,,66.1 GB,66.1,,,,"R&C Fence, Inc. is a locally owned and operated company that has been providing custom-built fence installation services for both commercial and residential clients since 1970. With an in-house fabrication shop, they are equipped to handle complex fencing projects while ensuring high quality and service excellence. Their experienced staff offers guidance on various fencing materials and installation solutions tailored to client needs. They serve the Fort Wayne area and surrounding regions, including South Bend, Auburn, and Warsaw",2026-03-06,2026-03,stated by site,yes,,5f1b0fc5-f63e-455d-945f-62600ce2b103
DragonForce,Pantomath Group,pantomathgroup.com,IN,India,stated in address/location,Financial Services,,inferred from description,,132.72 GB,132.72,,,,"Pantomath is a mid-market investment bank that offers a range of financial services including investment banking, corporate advisory, asset management, and structured finance. The company serves mid-market businesses, family offices, and leading investors, leveraging a global network across 12+ countries. With a strong track record of over 100 fund-raising transactions and a vast investor network, Pantomath is committed to providing innovative solutions tailored to the needs of its clients. The firm emphasizes ethical practices, refusing to engage with businesses that involve cruelty or animal killing.",2026-03-04,2026-03,stated by site,yes,,837baa36-cfa2-48f1-bb0a-b5e6be472df7
DragonForce,Environmental Air,env-air.net,US,United States,stated in address/location,Healthcare,,inferred from description,,15.68 GB,15.68,,,,"Environmental Air, Inc. has been a trusted provider of Sheet Metal Fabrication, Custom Ductwork Fittings, Welding, and HVAC Installation services for over 40 years in Pittsburgh and Western Pennsylvania. They specialize in product design, fabrication, installation, and testing, catering to various sectors, including hospitals, institutional buildings, and retail spaces. The company prides itself on its experience, quality, and value. Their facility is equipped to handle immediate project fabrication and delivery needs",2026-03-04,2026-03,stated by site,yes,,ebf6297c-a24f-49a2-978b-707ddca6585b
DragonForce,AHMED MUBARAK DEBT COLLECTION,amdc.ae,AE,United Arab Emirates,stated in address/location,Government,,inferred from description,,115.58 GB,115.58,,,,"With over 14 years of experience, Ahmed Mubarak Debt Collection (AMDC) is licensed by the Government of Sharjah as “Debt Collectors” for consumer & commercial debts. We specialize in the recovery of bad debts with a strong sense of sustaining the client’s relationships. Remedial management is our forte, and we have helped our clients keep and further develop the existing relationship with their consumers. Contrary to what people may think, the art of collections is more than just asking for money. It is about knowing who you are speaking to before you pick up the phone. Knowing their financials, assessing their credit, locating assets, and using a range of psychological techniques to engage on an individual basis. With sophisticated world class practices, the AMDC team is well versed in the relevant laws & regulations to maximize results. Relevant case law that pertains to whatever the situation dictates. AMDC uses this information to support its collection efforts and educate the debtor as to why, based on their legal responsibility, it is in their best interest to pay. The law, when it is on your side, is the best advantage you can have.",2026-03-04,2026-03,stated by site,yes,,844e4768-0653-47c0-8d3b-5bd70452ca81
DragonForce,Öztekin Group,oztekingroup.com,TR,Turkey,stated in address/location,Construction,,inferred from description,,22.82 GB,22.82,,,,"Öztekin Group specializes in project design and construction of industrial, residential, and commercial buildings. The company emphasizes commitment to promises, respect for project integrity, and adherence to universal standards. Their approach is guided by a dedication to excellent engineering and coordination, aiming to transform visions into reality. They serve clients seeking reliable construction solutions in various sectors.",2026-03-04,2026-03,stated by site,yes,,fd825361-af2f-46e5-8541-21763f33eae9
DragonForce,Tenteks Tente,tenteks.com.tr,TR,Turkey,stated in address/location,Hospitality & Travel,,inferred from description,,14.89 GB,14.89,,,,"Tenteks specializes in high-quality awning and shading systems, offering a wide range of models suitable for various applications. The company provides solutions such as bioclimatic pergolas, motorized systems, and other bespoke designs, catering to the needs of both residential and commercial clients. Their products are designed to enhance comfort and aesthetic appeal, making them ideal for hotels, restaurants, pools, balconies, and patios. Operating since 1989, Tenteks is recognized for its durable offerings that comply with European standards, ensuring client satisfaction across multiple countries.",2026-03-04,2026-03,stated by site,yes,,087abc8c-c252-4bed-afce-b6fc1e03a699
DragonForce,NEW GENERATION MEDIA,ngmedia.com.tr,TR,Turkey,inferred from domain,Media & Entertainment,,inferred from description,,31.1 GB,31.1,,,,"NGM is a new generation media and production company founded on the understanding that producing content for the television industry is 'not just a commercial activity, but also a social responsibility'. NGM, having produced many successful projects in a short time , has found its place in the global market with the content it produces, and its series are broadcast on leading TV channels all over the world. NGM's vision, blended with the founders' more than twenty years of experience in their respective fields , continues to produce original content for Turkish and international television.",2026-03-04,2026-03,stated by site,yes,,fc8ac41b-3d0d-4b19-95ba-424a9dfbdaa1
DragonForce,Lincoln Green Brewing,lincolngreenbrewing.co.uk,GB,United Kingdom,stated in address/location,Hospitality & Travel,,inferred from description,,324.96 GB,324.96,,,,"Lincoln Green Brewing Company Ltd. specializes in crafting a wide range of beers, including core, occasional, and special brews, available for online purchase. Their offerings also include cases of bottles, cans, mini-kegs, and thoughtful gifting options for beer enthusiasts. The company aims to serve customers through free delivery on orders over £55 within the UK and encourages collection from their various pubs. Additionally, Lincoln Green emphasizes quality and offers insights into their brewing philosophy and process, catering both to individual consumers and businesses",2026-03-04,2026-03,stated by site,yes,,dc31d2da-c2e5-4ead-8163-7ba3aea164fe
DragonForce,Bravo Electro Components,bravoelectro.com,US,United States,stated in address/location,Healthcare,,inferred from description,,112.94 GB,112.94,,,,"Bravo Electro specializes in providing a wide range of power supplies, including AC/DC converters, medical power supplies, and modular power solutions. They also offer various fan products, including DC and AC fans, along with components for custom power solutions. Their target clients include engineers, purchasing agents, and technicians looking for reliable power solutions and expert design support. With a commitment to customer service and competitive pricing, Bravo Electro aims to empower designs with exceptional service and technical expertise",2026-03-04,2026-03,stated by site,yes,,8d6fde8f-40c0-43b3-a461-38709529f4a5
DragonForce,Minogue Associates,minogueassociates.com,US,United States,stated in address/location,Education,,inferred from description,,21.41 GB,21.41,Chat,,,"Minogue Associates, Inc. specializes in comprehensive construction valuation reports and estimates for both commercial and residential properties, as well as consulting services for construction litigation. Established in 1973, the company has extensive experience in damage assessment and estimating services for a wide range of structures, including high-rise buildings, hotels, and schools. Their clients include property owners and insurance companies seeking expert appraisal and dispute resolution services. With a reputation for professionalism and integrity, Minogue Associates handles high-profile assignments involving significant financial exposures.",2026-03-03,2026-03,stated by site,yes,,c463def4-0ffb-4045-baad-cb1f75c26876
DragonForce,Lawrence Journal - World,ljworld.com,US,United States,stated in address/location,Education,,inferred from description,,110.62 GB,110.62,,,,"Lawrence Journal-World is a news organization based in Lawrence, Kansas, providing coverage on diverse topics including news, sports, opinion, and community events. The publication offers a platform for local announcements, classified ads, and job listings, catering primarily to residents and the surrounding community. It also features educational insights and updates relevant to local schools and government activities. Target clients include local residents, businesses, and those interested in Lawrence's happenings.",2026-03-03,2026-03,stated by site,yes,,06160a3d-a88b-4896-a565-32391867f203
DragonForce,Encompass,encompass-inc.com,,,,Manufacturing,,inferred from description,,244.78 GB,244.78,,,,"Founded in 2001 and headquartered in Clarksville, Virginia, Encompass Solutions is a preferred Epicor partner and Value-Added Re-seller (VAR), that delivers mission-critical ERP software solutions, custom development services, and process improvements for businesses in manufacturing industries. The company prides themselves on being expert business consultants, software implementation specialists, and managed services providers.",2026-03-03,2026-03,stated by site,yes,,61e8d563-1b2b-423f-add3-1b967492af86
DragonForce,importservices.co.uk,importservices.co.uk,GB,United Kingdom,stated in address/location,Transportation & Logistics,,inferred from description,,477.23 GB,477.23,,,,"Import Services Ltd (importservices.co.uk) is a Southampton-based UK logistics company specializing in retail supply chain services, contract warehousing, freight forwarding, order fulfillment, and port-centric distribution for imports and domestic operations. breched with love 3",2026-03-02,2026-03,stated by site,yes,,6771fef6-0664-49f3-b855-164749d0b14a
DragonForce,TIW Group,tiw-group.com,,,,Construction,,inferred from description,,236.94 GB,236.94,,,,"TIW Group consists of two related contracting entities: Tidewater Interior Wall and Ceiling, Inc. and Mid-Atlantic Painting, Inc., offering Class-A drywall and painting services since 1998 and 2002 respectively. They cater to builders and general contractors, providing high-quality, efficient, and timely residential and commercial services. With a strong focus on customer service and a well-seasoned staff, TIW Group ensures excellence in every project with a combination of drywall and painting applications.",2026-03-02,2026-03,stated by site,yes,,ad791ae8-a535-4582-b77f-5911bb010de0
DragonForce,fgv.br,fgv.br,BR,Brazil,inferred from domain,Education,,inferred from description,,1673.94 GB,1673.94,,,,"Fundação Getulio Vargas (FGV) is a prestigious educational institution in Brazil, offering a wide range of programs including undergraduate, MBA, master's, and doctoral courses. It serves students, professionals, and organizations, focusing on developing leadership and providing high-quality education. FGV also engages in research and provides technical assistance to both public and private sectors, contributing to national and international debates. Additionally, FGV promotes cultural initiatives and publishes academic works to enhance education and research in the country.",2026-03-02,2026-03,stated by site,yes,,4941a871-b19a-4537-b056-e648e3706004
DragonForce,Aegis Project Controls,consultaegis.com,,,,Construction,,inferred from description,,228.99 GB,228.99,,,,"Aegis Project Controls is a construction company providing 4d scheduling, training, and construction scheduling services. 214GB of files, projects, and documents that threaten US national security. These include projects on military-critical facilities (Space Fence, Nitrocellulose Facility, etc.), biosecurity laboratories (USAMRIID), critical infrastructure facilities, and others. We know you didn't contact the FBI after the attack on your infrastructure, but now the FBI will come to you. We advise you to contact us immediately; your IT department knows how. You have 15 days before this data is made public. Dear David J. Hatwell (+1 269-673-8962, +1 360-918-3187, +1 240-331-0437), we promise you public shame and the destruction of your company if you don't pay. Time has begun.",2026-02-28,2026-02,stated by site,yes,,35757642-d38d-4eb3-9616-966e5fc7713b
DragonForce,Huffman Insurance Agency,huffmaninsurancegroup.com,US,United States,stated in address/location,Insurance,,inferred from description,,10.9 GB,10.9,,,,"Huffman Insurance Agency was founded in 1975 and operates in the Richlands, Virginia area with an office in Ashland, Kentucky. Huffman represents a strong network of Independent Agents offering home, car, and business insurance",2026-02-27,2026-02,stated by site,yes,,620f6390-ff67-46a5-b85c-05fcb65766ba
DragonForce,Audexia group,volkswagen-group-retail-france.fr,FR,France,inferred from domain,Automotive,,inferred from description,,226.38 GB,226.38,,,,"Audexia Bourges - Volkswagen is a dealership known for its strong customer service and expertise in the automotive field. Located in Saint-Doulchard, France, it has garnered positive reviews for its friendly staff and professional guidance throughout the car buying process. Customers appreciate the attentive service they receive, making their experiences memorable and satisfying.",2026-02-27,2026-02,stated by site,yes,,19207784-32cf-407d-ac07-8b464ecc197f
DragonForce,Middlesex Transporters,middlesextransporters.com,US,United States,stated in address/location,Healthcare,,inferred from description,,88.96 GB,88.96,,,,"Middlesex Transporters LLC specializes in non-emergency medical transportation services aimed at providing cost-effective solutions for patients with healthcare needs in Massachusetts. Their mission focuses on delivering fast, reliable, and comfortable transportation to healthcare appointments, ultimately enhancing community access to medical services. The company serves various locations, including the Merrimack Valley Area, Worcester Area, and Metro Boston, ensuring clients reach their destinations for medical appointments and community resources. With a commitment to improving quality of life through transportation, they are dedicated to helping individuals overcome barriers in accessing healthcare.",2026-02-24,2026-02,stated by site,yes,,2e963f7c-7db8-4761-a258-1d3a78c0b543
DragonForce,Hudson Awning,hudsonawning.com,US,United States,stated in address/location,Construction,,inferred from description,,122.85 GB,122.85,,,,"Hudson Awning has been providing exceptional products and services since 1881, specializing in a wide variety of awnings, including fabric awnings, metal canopies, and custom projects. Their products are designed to be durable and high-quality, catering to both architects and contractors. Notable clients include major brands such as Netflix, HBO, Amazon, and Ralph Lauren. The company is dedicated to discussing and fulfilling specific project needs for their clients.",2026-02-24,2026-02,stated by site,yes,,2aa8b028-7f3f-4583-8d29-8e721e122aa2
DragonForce,Zelenkofske Axelrod,zallc.org,,,,Financial Services,,inferred from description,,256.79 GB,256.79,,,,"Zelenkofske Axelrod, LLC (ZA) is a regional CPA firm based in Pennsylvania, with multiple offices providing auditing, accounting consulting, and tax services primarily to non-profit and governmental entities. The firm prides itself on its hands-on approach and deep specialization in the governmental sector, serving clients of all sizes with tailored solutions.",2026-02-23,2026-02,stated by site,yes,,6d6a1271-80b5-43d4-82fe-fefebc089d5c
DragonForce,Salvatori Group of Companies,salvatori.com,GB,United Kingdom,stated in address/location,Transportation & Logistics,,inferred from description,,284.75 GB,284.75,,,,"Salvatori Group is a leading provider of transport and distribution services in Kent, specializing in UK and European logistics. They offer a comprehensive range of services including express freight delivery, full load transport, pallet distribution, customs clearance, and storage solutions. Their dedicated fleet and membership in Europe's largest pallet network ensure reliable service and full visibility for clients. The company prides itself on customer care, maintaining high standards of service and communication",2026-02-21,2026-02,stated by site,yes,,61e30c7a-4903-4fd5-9fb4-8e72c0e2c4c3
DragonForce,cepezed.nl,cepezedinterieur.nl,NL,Netherlands,stated in address/location,Engineering & Architecture,,inferred from description,,2.81 GB,2.81,,,,"cepezed is an award-winning spatial design firm. Its projects address challenges in urban planning, industry, interior design, and, especially, architecture. cepezed embodies knowledge, craftsmanship, and an inspiring, pragmatic approach.",2026-02-19,2026-02,stated by site,yes,,73e5ac95-268f-4b23-8a30-5358b7fd1224
DragonForce,fivestates.com,fivestates.com,US,United States,stated in address/location,Financial Services,,inferred from description,,68.81 GB,68.81,,,,"Five States Energy is a private investment firm based in Dallas, Texas, with over 30 years of experience in the energy sector. The company specializes in acquiring producing oil and natural gas properties, primarily focusing on independent, onshore operators and working interest owners across various regions in the U.S. Recently",2026-02-19,2026-02,stated by site,yes,,63e732ab-4cc9-47c7-8f0a-7ee856dcaef3
DragonForce,CCR Solutions,ccrsolutions.com,CA,Canada,stated in address/location,Hospitality & Travel,,inferred from description,,925.32 GB,925.32,,,,"Here is porn with the CEO of the company and his naked photos. CCR Solutions is a diverse and talented group of problem solvers, imaginative thinkers and caring people united in our passion for technology and hospitality. We are devoted to assisting companies and individuals in telling their stories, educating others, inspiring change, celebrating, and shaping the future. We value teamwork, relationships, and commitment to excellence. At CCR Solutions, it's all about people. Yours and ours. Combined we can create memorable events and experiences. With offices throughout North America, CCR Solutions is a privately owned company that has been in business since 1995. We remain true to our core values of Passion, Integrity, Accountability and Safety. Extensive training and ongoing development guarantee our team is at the forefront of the latest staging, audio-visual and computer technology trends. Ensuring this experience and knowledge is used to support you. We pride ourselves in diversity of thought, and a can-do attitude combined with creativity",2026-02-18,2026-02,stated by site,yes,,654e90d7-78a4-4471-9b4e-1abb11bdb886
DragonForce,hh2home.com,hh2home.com,US,United States,stated in address/location,Retail & Wholesale,,inferred from description,,238.51 GB,238.51,,,,"For 30 years, we have been the preferred wholesale partner for many of your favorite retailers. During this time, we have continued to develop our passion for innovation and creating quality furniture designed to inspire. We believe that real life is beautiful, and nowhere is this more evident than in our homes.",2026-02-16,2026-02,stated by site,yes,,137feb32-c0e7-4c54-af29-5752b7c5a41b
DragonForce,mapsweb.com,mapsweb.com,,,,,,,,14.75 GB,14.75,,,,"Modern Advanced Print Solutions (MAPS, Inc.) is a leading independent corporation located in Leavenworth, Kansas, specializing in a wide range of products for document management and office systems. The company offers innovative print management, asset lifecycle management, and other professional services designed to improve business efficiency.",2026-02-16,2026-02,stated by site,yes,,2824472f-f90e-4d10-99e1-d39c02a6438a
DragonForce,traceenv.com,traceenv.com,,,,Energy & Utilities,,inferred from description,,3.28 GB,3.28,,,,"Trace Environmental Systems Inc. is an innovative organization specializing in providing continuous stack emission monitoring systems and data collection solutions that ensure regulatory compliance.The company serves a variety of industries, including ethanol production, power generation, chemical manufacturing, waste-to-energy, wastewater incineration, cogeneration/recovery/university facilities, and refineries.",2026-02-16,2026-02,stated by site,yes,,f9fde2c7-00dc-44e5-9096-5b2943c6e395
DragonForce,wiproferretto.com,wiproferretto.com,,,,Manufacturing,,inferred from description,,324.08 GB,324.08,,,,"Wipro Ferretto Group Srl develops and manufactures material handling and storage solutions for various industries.Its product range includes automated warehouses, warehouse management software, and a wide range of services such as after-sales support and consulting.",2026-02-16,2026-02,stated by site,yes,,2e34ddb0-f34d-4565-bd63-ba3dc3c85282
DragonForce,Bigso,bigso.com,SE,Sweden,stated in address/location,Manufacturing,,inferred from description,,108.41 GB,108.41,,,,"Bigso Box, established in 1963, specializes in premium storage and packaging solutions that are both sustainable and stylish. Their product range includes customizable storage boxes and luxury packaging options designed for homes, offices, and retailers. The company prides itself on its commitment to quality, innovation, and customer service, ensuring efficient and elegant organization solutions. With a focus on eco-friendly materials and manufacturing processes, Bigso Box serves clients looking for functional yet decorative storage solutions.",2026-02-15,2026-02,stated by site,yes,,018d4be8-8727-415e-80b8-81ae696d4a22
DragonForce,Betesan,betesan.com,,,,Energy & Utilities,,inferred from description,,631.38 GB,631.38,,,,"Betesan is a leading engineering company established in 1992 in Tuzla, specializing in ship electrical contracting and supply of electrical materials. The company offers innovative and high-quality solutions in ship power and automation systems, electrical panels, and control consoles, catering to the maritime and industrial sectors. Betesan also provides tailored solutions for military maritime needs, energy transmission, and processing industries, ensuring reliability and efficiency. With over 30 years of experience, Betesan serves a diverse clientele, including ship owners and operators, industrial facilities, and military forces.",2026-02-13,2026-02,stated by site,yes,,29c4e797-5fdf-45e5-9511-664bba4ba74e
DragonForce,Yem Chio Co,ycgroup.tw,TW,Taiwan,stated in address/location,,,,,492.67 GB,492.67,,,,"Yem Chio Co., Ltd. was founded in 1978 by Mr. Chih Hsien Lee who is the current President and CEO. Although our business was started with low capital and easy equipment, but it was with a broad vision and worldview. Since its early development in 1984, Yem Chio Group has now become a total capital up to US$ 850 million multinational corporations.",2026-02-13,2026-02,stated by site,yes,,f5bb2827-ae00-4824-84f5-d59cad49030e
DragonForce,Shining Labels,shininglabels.com,HK,Hong Kong,stated in address/location,Manufacturing,,inferred from description,,466.17 GB,466.17,,,,"Shining Labels specializes in high-quality apparel accessories, including reusable face masks made from breathable 100% polyester fabric. The company integrates eco-friendly practices by utilizing recycled yarn in its production processes. Their products are aimed at environmentally conscious consumers and industries looking for sustainable labeling solutions. Shining Labels' manufacturing facilities in Hong Kong and China are certified with Oeko-Tex, Bluesign, and HIGG Index, ensuring compliance with strict environmental standards",2026-02-13,2026-02,stated by site,yes,,b2a0613f-bea4-43f0-adb8-459d230b7aa0
DragonForce,SPIR STAR Asia,spirstarasia.com,DE,Germany,stated in address/location,Manufacturing,,inferred from description,,37.02 GB,37.02,,,,"Headquartered in Mörlenbach, Germany, SPIR STAR designs and manufactures a wide range of thermoplastic high pressure hoses for working pressures up to 3200 bar (46400 psi). The production of high pressure hoses was started in 1981 by PAPUREX in Mörlenbach with SPIR STAR being the brand name of the product. In 1989 SPIR STAR Druckschläuche GmbH was founded by the owners of PAPUREX. In 1991 SPIR STAR France S.A.R.L in Haguenau/France and in 1995 SPIR STAR Inc. in Houston/Texas were founded in order to promote SPIR STAR's products and develop the market. In 1999 SPIR STAR Asia in Singapore was founded. SPIR STAR hoses are constructed with spiral layers of specially treated, highly tensile steel wire. The inner core is made of Polyoxymethylene (POM) or Polyamide (PA) while the outer cover is either of Polyamide or Polyurethane (PUR).",2026-02-13,2026-02,stated by site,yes,,9d9b3d37-4554-484a-80b7-50a11298e6b0
DragonForce,MAIRIE DE FUMEL,mairiedefumel.fr,FR,France,inferred from domain,Financial Services,,inferred from description,,401.48 GB,401.48,,,,"Fumel is a commune in the Lot-et-Garonne department in south-western France. Situated at the right bank of the river Lot, it is the centre of a small agglomeration which consists of 7 communes, including Monsempron-Libos and Montayral. In 1438, during the Hundred Years' War, it was pillaged by Rodrigo de Villandrando",2026-02-13,2026-02,stated by site,yes,,a8638981-1276-4348-9fc5-f7a534869de2
DragonForce,Elite Screens Inc.,elitescreens.com,US,United States,stated in address/location,Retail & Wholesale,,inferred from description,,28.19 GB,28.19,,,,"Founded in 2004, Elite Screens Inc. is a US-based projection screen manufacturing company with its world headquarters in California and satellite offices in Australia, China, France, Germany, India, Latvia, Mexico, Japan, and Taiwan. Elite is a certified professional manufacturer of projection screens that specializes in producing retail, commercial and custom integrator sales channels. Elite Screens products are available through authorized distributors, re sellers, retailers and system integrator worldwide.",2026-02-13,2026-02,stated by site,yes,,47cf6589-524d-47c0-9e4a-4167cdb43d2e
DragonForce,Empire Express,empireexpress.com,US,United States,stated in address/location,Transportation & Logistics,,inferred from description,,100.65 GB,100.65,,,,"Empire Express, Inc. provides trucking transportation services. The company offers transports clothing and apparel, air cargo, home and office products, packaging and containers, retail, electronics, cotton, and general commodities. Empire Express operates in the United States.",2026-02-12,2026-02,stated by site,yes,,42c7b8e9-46d9-435b-8b9f-eaa559b54d73
DragonForce,Atlantic Refinishing & Restoration,atlanticrr.com,US,United States,stated in address/location,,,,,244.85 GB,244.85,,,,"The data leaked from the company's servers includes all project work(Exp. PENTAGON), employee information, confidential company agreements and etc. In particular, all data related to the renovation work carried out at the Pentagon has been leaked in its entirety.",2026-02-11,2026-02,stated by site,yes,,379c0612-a31d-45ff-9918-979583b42701
DragonForce,"R.J. Zavoral & Sons, Inc.",rjzavoral.com,US,United States,stated in address/location,Construction,,inferred from description,,111.43 GB,111.43,,,,"Established in 1951, R.J. Zavoral and Sons, Inc. is a leading earth moving and construction services contractor based in East Grand Forks, MN, specializing in asphalt paving, road and rail construction, site work, and underground utilities. The company serves clients across the Red River Valley, including municipalities, private businesses, and industries, providing solutions for flood mitigation and environmental site management. With a commitment to quality and family values, R.J. Zavoral and Sons employs innovative technologies to ensure efficient project execution and customer satisfaction. Their extensive experience in construction has allowed them to build strong relationships with various clients, further solidifying their reputation in the industry",2026-02-11,2026-02,stated by site,yes,,e5469bc2-4711-4aa5-a1e6-0ff279a0734b
DragonForce,adelphi.uk.com,adelphi.uk.com,GB,United Kingdom,stated in address/location,,,,,491.63 GB,491.63,,,,The Adelphi Group supplies a wide range of packaging and processing equipment for various industries.,2026-02-11,2026-02,stated by site,yes,,0157607d-e39c-4cf6-90f1-ef593096b366
DragonForce,Esposito Bros. Construction Ltd,espositobros.com,CA,Canada,stated in address/location,Construction,,inferred from description,,55.03 GB,55.03,,,,"Esposito Bros. Construction Ltd. is a leading construction company based in Bolton, Ontario, recognized as one of the top bridge contractors. With over four decades of experience, the firm specializes in managing complex projects involving bridges, roads, demolition, and underground infrastructure. Their commitment to safety and innovation ensures that they provide exceptional construction services while fostering a collaborative work environment. Targeting a diverse clientele, they deliver groundbreaking solutions while maintaining a strong focus on environmental sensitivity and community engagement.",2026-02-06,2026-02,stated by site,yes,,0c47ced9-95eb-41ac-8388-88b67778d657
DragonForce,Platinum Drywall Inc,platinumdrywall.net,US,United States,stated in address/location,Construction,,inferred from description,,68.57 GB,68.57,,,,Platinum Drywall has been providing drywall and framing services to commercial construction companies since 2001. They specialize in metal framing and truss systems and acoustic applications for commercial projects. Their services include: Drywall Installation Acoustic Ceilings Insulation Wall Systems Fire and Soundproofing Joint Compound Finishing Tenant Improvements Metal Stud Framing Metal Roof Trusses Load-Bearing Metal Stud Systems Hollow Metal Door Frames Metal Support Drywall,2026-02-05,2026-02,stated by site,yes,,836f6ae1-7ea5-4212-9df9-4c6e7f823a96
DragonForce,Wayco Inc,waycoinc.com,,,,Construction,,inferred from description,,56.46 GB,56.46,,,,"Wayco, Inc. is a family-owned company with over 50 years of experience providing full-service paving solutions in northeastern Pennsylvania. Their extensive offerings include asphalt paving, oil chipping, aggregate sales, concrete services, excavating, and utility site work. The company prides itself on its knowledgeable staff, including licensed engineers for project consultation, and is a PA State Certified Contractor with products approved by PennDOT. Wayco, Inc. caters to clients in need of paving and construction services, ensuring high-quality results through a dedicated team.",2026-02-05,2026-02,stated by site,yes,,2c740bbf-6650-422e-bee7-f04df28a3e92
DragonForce,Perpetuuiti,ptechnosoft.com,,,,Technology,,inferred from description,,"An initial analysis of the structure and names of the files revealed that the directory contains software source codes, configuration and installation files, backup copies of information systems, database structures and dumps, as well as financial, administrative, operational, and technical documentation related to the functioning of the organization's IT systems. However, the presence or absence of personal data, including contact telephone numbers, cannot be reliably confirmed without additional analysis of the contents of the backups and databases, which indicates a potential area of risk in the context of data protection and information security management requirements. Listing files = 145MB.",638.13,,,,"An initial analysis of the structure and names of the files revealed that the directory contains software source codes, configuration and installation files, backup copies of information systems, database structures and dumps, as well as financial, administrative, operational, and technical documentation related to the functioning of the organization's IT systems. However, the presence or absence of personal data, including contact telephone numbers, cannot be reliably confirmed without additional analysis of the contents of the backups and databases, which indicates a potential area of risk in the context of data protection and information security management requirements. Listing files = 145MB.",2026-02-05,2026-02,stated by site,yes,,143fe1cb-0391-4b13-8e04-2bcd514f463e
DragonForce,Heavy Motions Inc,heavymotions.com,US,United States,stated in address/location,Agriculture & Food,,inferred from description,,26.23 GB,26.23,,,,"Heavy Motions Inc. specializes in advanced hydraulic solutions that cater to various industries, including mobile trucks, construction, agriculture, and oil & gas. The company offers a wide range of high-performance hydraulic products, such as pumps, valves, and cylinders, designed to meet modern demands and future challenges. With a focus on innovation and reliability, Heavy Motions Inc. aims to power the machines that drive global progress. Their products are tailored for clients seeking efficient hydraulic components for their operations.",2026-02-05,2026-02,stated by site,yes,,8cd2902b-e56f-4b6f-91f0-4db888d55dcf
DragonForce,Erickson Thorpe & Swainston,etsreno.com,US,United States,stated in address/location,Legal,,inferred from description,,534.15 GB,534.15,,,,"The law firm of Erickson, Thorpe & Swainston was founded in 1969. Since then, the firm has effectively and successfully represented its clients in state and federal courts in Nevada and Northern California. As experienced trial and appellate attorneys, we vigorously defend our clients' interests while remaining committed to the highest legal ethics.",2026-02-02,2026-02,stated by site,yes,,ba05a922-3cf5-4f2c-968b-cc33e47349ac
DragonForce,T & M Electric LLC,tmelectricinc.com,US,United States,stated in address/location,Construction,,inferred from description,,34.51 GB,34.51,,,,"T&M Electric LLC is a state certified full-service electrical contractor based in northeast Florida, specializing in residential and commercial electrical installations and services. They offer a range of services including new construction, electrical troubleshooting, panel upgrades, generator installations, and LED lighting upgrades. Their commitment to quality service, professionalism, and customer satisfaction distinguishes them in the electrical contracting industry. The company targets homeowners and businesses in northeast Florida, providing reliable and efficient solutions for all electrical needs",2026-01-27,2026-01,stated by site,yes,,92245a48-2640-47a9-a611-3f54f314fd9f
DragonForce,Mullinax Ford,mullinaxford.com,US,United States,stated in address/location,Automotive,,inferred from description,,316.38 GB,316.38,,,,"Located in Apopka, FL, Mullinax Ford is proud to be one of the premier dealerships in the area. From the moment you walk into our showroom, you'll know our commitment to Customer Service is second to none. We strive to make your experience with Mullinax Ford a good one - for the life of your vehicle. Whether you need to Purchase, Finance, or Service a New or Pre-Owned Ford, you've come to the right place",2026-01-25,2026-01,stated by site,yes,,8ba838e1-c373-4384-b8f8-217a377b7066
DragonForce,www.advancedcoolingtech.us,advancedcoolingtech.us,US,United States,stated in address/location,Healthcare,,inferred from description,,2.23 GB,2.23,,,,"Advanced Cooling Technologies, Inc is a leading provider of medical cooling solutions, specializing in the distribution of Airsys Medical Chillers in the USA. They offer a comprehensive range of services including replacement chiller sales, maintenance contracts, OEM parts, and technical support. With over 20 years of experience, ACT is recognized for delivering quality service and high availability chillers to hospitals, contractors, and industry peers.",2026-01-24,2026-01,stated by site,yes,,9ef107a0-9db8-4917-ad0a-dbdfd51668c0
DragonForce,www.hansemerkurintl.com,hansemerkurintl.com,DE,Germany,stated in address/location,Insurance,,inferred from description,,104.01 GB,104.01,,,,"HanseMerkur, founded in 1875 and headquartered in Germany, is an insurance company specializing in health insurance and other insurance products. The company offers customized insurance solutions with a focus on quality service and competitive pricing.",2026-01-24,2026-01,stated by site,yes,,2f5a80ec-1f58-4876-8fb2-64da4dfbd2a6
DragonForce,Uinta Bank,uintabank.com,US,United States,stated in address/location,Financial Services,,inferred from description,,206.51 GB,206.51,,,,"Established in 1919, Uinta Bank is a community bank headquartered in Mountain View, Wyoming. Uinta Bank is proud to provide community banking to the individuals, families and businesses located in Uinta County, the Bridger Valley, and neighboring communities. Personal service has been a legacy passed from generation to generation in the communities Uinta Bank serves. As a community member, we continue to serve in civic leadership and philanthropic capacities. As a community bank, we continue to provide financial services in a manner consistent with the demands of our customers. To remain competitive, Uinta Bank has adapted to the changing needs of customers as well as the changing nature of the banking industry. However, as we change and grow, we continue to place emphasis on the following: Uinta Bank offers a wide range of products and services to meet the needs of the communities we serve. High-quality, personal customer service is offered at all levels of the organization",2026-01-22,2026-01,stated by site,yes,,61627972-2b73-484f-ae0d-b010ee8b9da5
DragonForce,"SINBON Electronics Co., Ltd",sinbon.com,TW,Taiwan,stated in address/location,,,,,"This is an updated notice. SINBON Electronics, a major Taiwanese maker of electronic components that works with companies like ASML Holding N.V. and trades under the ticker 3023.TW, has been hit by our attack. The breach hit both the headquarters and the U.S. office. We stayed in the network for several weeks, siphoning off a massive amount of company data, including information on senior managers and executives. Initially we prepared a leak package of roughly 650,000 files totaling about 840 GB. That bundle traditionally contains financial and accounting records, reports, client data, and personal information. In addition, the material includes documentation of the partnership with ASML Holding N.V., production paperwork, and actual records of defects and the company’s financial health. We warned that these files are only a fraction of what we have. We warned that if our threat wasn’t taken seriously, we would have been forced to increase the volume of data we published. We told senior management about it, but our words weren’t taken seriously enough. Now we’ve put together an expanded list of files for release. The total data size is now 1.55 TB. Besides the previously mentioned files, we’ve added a huge (about 740 GB) archive of email correspondence covering business and internal communications from offices in two countries. We’re reaching out to the company’s leadership once more to say we’re open to dialogue and to resolve this incident. We have already sent our contact details to the executives’ email addresses. Use those details to reach out to us so we can discuss how to keep the data from being released while your company continues to grow and thrive.",1706.95,,,,"This is an updated notice. SINBON Electronics, a major Taiwanese maker of electronic components that works with companies like ASML Holding N.V. and trades under the ticker 3023.TW, has been hit by our attack. The breach hit both the headquarters and the U.S. office. We stayed in the network for several weeks, siphoning off a massive amount of company data, including information on senior managers and executives. Initially we prepared a leak package of roughly 650,000 files totaling about 840 GB. That bundle traditionally contains financial and accounting records, reports, client data, and personal information. In addition, the material includes documentation of the partnership with ASML Holding N.V., production paperwork, and actual records of defects and the company’s financial health. We warned that these files are only a fraction of what we have. We warned that if our threat wasn’t taken seriously, we would have been forced to increase the volume of data we published. We told senior management about it, but our words weren’t taken seriously enough. Now we’ve put together an expanded list of files for release. The total data size is now 1.55 TB. Besides the previously mentioned files, we’ve added a huge (about 740 GB) archive of email correspondence covering business and internal communications from offices in two countries. We’re reaching out to the company’s leadership once more to say we’re open to dialogue and to resolve this incident. We have already sent our contact details to the executives’ email addresses. Use those details to reach out to us so we can discuss how to keep the data from being released while your company continues to grow and thrive.",2026-01-17,2026-01,stated by site,yes,,a789f621-e9a1-46d6-afcb-1da852500d29
DragonForce,JR Advertising Specialties,jradspec.com,US,United States,stated in address/location,Professional Services,,inferred from description,,108.28 GB,108.28,,,,"JR Advertising Specialties Inc specializes in promotional products and business gifts, offering a vast selection to meet various needs. Their product range includes apparel, bags, drinkware, office supplies, and awards, catering to businesses looking to enhance their brand visibility. The company prides itself on providing high-quality merchandise with fast delivery times and budget-friendly prices. With a commitment to personalized recommendations, they aim to simplify the shopping experience for their clients.",2026-01-16,2026-01,stated by site,yes,,91f163ea-0108-48b3-b6ad-b5053c4991d5
DragonForce,NWIMS IT Group,nwims.com,,,,Technology,,inferred from description,,350.67 GB,350.67,,,,"NWIMS IT Group provides a complete service for all your technology needs including computer repair and upgrade services for Home and Small Business Users. That it's not always an option to take your equipment in for repair or assistance. Therefore they offer a unique service where we will arrange a visit to you at your Home and/or office, where they can fix the problems in your own environment and answer any questions that you may have. At times a site visit will not be necessary and assistance can be given remotely. Here is a summary of the some of the services they offer: Internet and networks installed Hardware and Software upgrades Communications : Mobile Phones, Broadband, VOIP Phone systems Lost file and crash recovery, as well as system backup Virus, Trojan and Malware removal Hardware and Software Sales Security and Internet Filtering Office Virtualization Network Support Hardware upgrades and installations Assistance with other computer problems",2026-01-16,2026-01,stated by site,yes,,99191269-ff2d-44f7-a1d3-7809ab6aa32a
DragonForce,"1171 Rue Notre Dame O, Victoriaville, QC G6P 7L1, Canada. (819) 758-0313",soteck.com,,,,Energy & Utilities,,inferred from description,,1672.49 GB,1672.49,,,,"Soteck specializes in air treatment, automation, industrial refrigeration, and energy efficiency, catering specifically to the agri-food sector. They provide comprehensive engineering solutions to help clients maintain optimal production conditions for quality products. With over 25 years of experience serving North American food processing plants, their team guarantees performance and client satisfaction. Soteck focuses on creating stable environments to enhance operational efficiency for both agri-food and industrial clients",2026-01-15,2026-01,stated by site,yes,,ef8272e9-70a8-4792-8d5f-df9d413d1676
DragonForce,UBS Office,ubsoffice.com,US,United States,stated in address/location,Education,,inferred from description,,93.34 GB,93.34,,,,"United Business Systems specializes in simplifying the management of hardcopy and digital documents for various industries, with a strong focus on education. Their offerings include printers, copiers, print management, document management, and cloud printing solutions, all designed to enhance efficiency and security. UBS is recognized for its commitment to service excellence, providing reliable support and technology solutions tailored to client needs. The company emphasizes sustainability and cost savings, making it a preferred partner for organizations looking to optimize their document workflows.",2026-01-02,2026-01,stated by site,yes,,128f7e86-5543-41c1-a213-ac9d7f8581d5
