group,victim,website,country,country_name,country_source,industry,industry_raw,industry_source,revenue_usd,data_volume,data_size_gb,data_categories,data_types,employee_count,description,post_date,post_month,date_source,still_listed,recycled_flag,source_id
INC Ransom,cambrialawfirm.com,cambrialawfirm.com,CA,Canada,stated,,,,15000000,,,Proof,,,Re-uploaded; the old download link was unavailable.,2026-09-28,2026-09,stated by site,yes,yes,6ab9da399cd108bf260627e8
INC Ransom,nsbsd.org,nsbsd.org,US,United States,stated,Education,,inferred from description,34400000,,,Encrypted; Proof,,,"North Slope Borough School District is a public school district serving the remote communities of Alaska's North Slope, headquartered in Utqiaġvik. It operates 11 schools across the borough, enrolling approximately 2,044 students from Pre-K through 12th grade. The district's mission is rooted in Iñupiaq culture, aiming to develop students who are ""empowered, culturally rooted, bilingual, healthy, critical, creative, life-long learners"". For the 2025-2026 fiscal year, the district received $38,766,371 in local funding from the North Slope Borough, with per-pupil spending significantly above the national average at approximately $40,367",2026-09-27,2026-09,stated by site,yes,no,6ab8c97c9cd108bf26e619cd
INC Ransom,AHEAD,,US,United States,stated,Engineering & Architecture,,inferred from description,30000000,,,Proof; Encrypted,,,"AHEAD is a Chicago-based IT consulting and engineering firm specializing in the digital transformation of large enterprises. It offers strategic consulting and managed services across cloud, cybersecurity, data and AI, infrastructure, and operations. The company positions itself as an ""engineering-led"" partner that takes responsibility for outcomes at every stage — from design to ongoing operations. Following its acquisition of CDI, AHEAD's revenue exceeded $3.7 billion, with a workforce of more than 2,500 employees across 40 locations worldwide.",2026-09-27,2026-09,stated by site,yes,no,6ab8c47b9cd108bf26e57e79
INC Ransom,pharma5.ma,pharma5.ma,MA,Morocco,stated,,,,500000000,,,Proof,Personal data (PII); Employee / HR; Financial / accounting; Corporate / confidential,,"Pharma5 21, Rue des Asphodèles, Maârif Extension, 20100 Casablanca, Morocco 05 22 23 62 15 pharma5.ma Leaked data: 50Gb Corporate and financial information, data on products and their supply, quality control and certification, drug testing and related issues, employee personal data, counterparties, and much more.",2026-09-25,2026-09,stated by site,yes,no,6ab630619cd108bf2694b2ef
INC Ransom,bnlawmacau.com www.bn-ip.com,,MO,Macao,stated,,,,7000000,,,Proof,,,full data all country,2026-09-24,2026-09,stated by site,yes,yes,6ab5548c9cd108bf2677a835
INC Ransom,ukbjja.org,ukbjja.org,GB,United Kingdom,stated,,,,1000000,,,Proof,,,full data,2026-09-24,2026-09,stated by site,yes,yes,6ab550cb9cd108bf26772eb9
INC Ransom,welgenone.com,welgenone.com,US,United States,stated,Healthcare,,inferred from description,20000000,,,Proof,,,"Welgen One is a mobile wellness service provider based in Georgia, USA, offering personalized wellness care and dispensary access across Atlanta. The company focuses on delivering innovative healthcare solutions, including remote patient monitoring and onsite wellness programs, to enhance overall well-being. Targeting individuals seeking convenient and comprehensive health services, Welgen One aims to revolutionize the healthcare experience by prioritizing patient-centered care. With a commitment to accessibility and customization, they utilize advanced technology and data to optimize health outcomes",2026-09-24,2026-09,stated by site,yes,yes,6ab54bee9cd108bf2676bd94
INC Ransom,Grupo Caberj,,BR,Brazil,stated,,,,57000000,,,Proof,,,"O Grupo Caberj, que oferece uma ampla gama de seguros, foi hackeado há 10 dias",2026-09-24,2026-09,stated by site,yes,no,6ab5075e9cd108bf266ebbdf
INC Ransom,Lemon Law,,US,United States,stated,,,,8900000,,,Proof,Personal data (PII); Employee / HR; Financial / accounting; Legal / contracts; Corporate / confidential,,"Virginia A Lemon PLLC 267 Stratton Aly, Lewisburg, West Virginia, USA vlemonlaw.com Leaked data: 16.8 Gb, 42к files corporate documents, litigation materials, client personal data, financial documents and reporting, personal files of employees, and much more.",2026-09-23,2026-09,stated by site,yes,no,6ab3a8e79cd108bf26410d9e
INC Ransom,Maryann Kriger,,US,United States,stated,Healthcare,,inferred from description,5000000,,,Encrypted,,,"At Bonita Orthodontics, Dr. Maryann Kriger and our friendly team provide personalized orthodontic care using state-of-the-art technology. As a board-certified orthodontist and Elite Invisalign Provider, Dr. Kriger takes a conservative approach — creating simple, affordable treatment plans that deliver beautiful, lasting smiles. Call today to schedule your free consultation! We have reached out to Bonita Ortho on multiple occasions to prevent this leak, warning them that it exposes the private information of patients who are minors. Despite this, our messages have been ignored.",2026-09-20,2026-09,stated by site,yes,no,6ab057339cd108bf26ca4f1a
INC Ransom,SECOND HOUSE,,ES,Spain,stated,Real Estate,,inferred from description,5300000,,,Proof,,,"Second House (Second House, S.L.) is a privately held real estate company headquartered in Barcelona, Spain, with over 26 years of experience in the property sector. Their business model centers on buying properties and adding value to them — through renovation works, improving rental situations, and legalizing the existing state of buildings — effectively driving renewal of the real estate market in Barcelona and its surroundings. They are actively acquiring in the Barcelona area (including L'Hospitalet, Badalona, Sant Cugat, etc.)",2026-09-20,2026-09,stated by site,yes,no,6ab02fa89cd108bf26c5e025
INC Ransom,www.kendallhunt.com,kendallhunt.com,US,United States,stated,Education,,inferred from description,44000000,,,Encrypted; AD Dump; Proof; Stocks,Databases / backups,,"Founded in 1944, Kendall Hunt Publishing is a publisher of hands-on, inquiry-based science, mathematics, and gifted curricula for grades PreK-12. Their research and standards-based programs are available in both print and digital components that encompass students, teachers, and parents. Kendall Hunt is headquartered in Dubuque, IA.",2026-09-18,2026-09,stated by site,yes,no,6aad21c99cd108bf2661c398
INC Ransom,www.roancampingholidays.com,roancampingholidays.com,NL,Netherlands,stated,,,,50000000,,,Encrypted; AD Dump; Proof; Stocks,Databases / backups,,Roan Luxury Camping Holidays is a Dutch tour operator specializing in deluxe mobile home and tent rentals at 4- and 5-star campsites across Europe,2026-09-18,2026-09,stated by site,yes,no,6aad206a9cd108bf2661a43a
INC Ransom,cimbsecurities.com,cimbsecurities.com,MY,Malaysia,stated,Financial Services,,inferred from description,5000000000,,,Encrypted; Proof,,,"CIMB Group is a leading focused ASEAN bank and a prominent corporate advisor in the region, headquartered in Kuala Lumpur, Malaysia. The company offers a wide range of financial services including Consumer Banking, Commercial Banking, Investment Banking, Islamic Banking, and Asset Management. With over 33,000 staff and approximately 29 million customers, it is recognized as a world leader in Islamic finance and the fifth largest banking group by assets in ASEAN. CIMB Group is committed to sustainability, integrating environmental, economic, and social considerations into its business practices.",2026-09-18,2026-09,stated by site,yes,no,6aad200e9cd108bf26619b67
INC Ransom,www.diarco.com.ar,diarco.com.ar,AR,Argentina,stated,Professional Services,,stated in description,1700000000,,,Encrypted; AD Dump; Proof; Stocks,Databases / backups,1000-4999,"Diarco is a company that operates in the HR & Staffing industry. It employs 1000to4999 people and has 1Gto5G of revenue. The company is headquartered in San Telmo, Capital Federal, Argentina.",2026-09-17,2026-09,stated by site,yes,no,6aab92029cd108bf2638c39c
INC Ransom,www.appliancefactory.com,appliancefactory.com,US,United States,stated,Manufacturing,,inferred from description,107000000,,,Encrypted; Proof; Stocks; AD Dump,Databases / backups,,"Appliance Factory & Mattress Kingdom offers a wide range of discount appliances and mattresses, providing unbeatable savings to customers across multiple locations including Colorado, Kentucky, Wyoming, and Indiana. Their extensive product lineup includes kitchen appliances, laundry machines, refrigeration units, and various mattress types from well-known brands. The company emphasizes next-day delivery, professional installation, and financing options to enhance customer convenience. Targeting homeowners and trade partners, they pride themselves on excellent service and a hassle-free shopping experience.",2026-09-17,2026-09,stated by site,yes,no,6aab8c5b9cd108bf2637fece
INC Ransom,Silicon Integrated Systems,,TW,Taiwan,stated,Technology,,inferred from description,6200000,,,Encrypted; Proof,,,Silicon Integrated Systems Corporation (SiS) is a Taiwan-based professional IC design company specializing in analog and mixed-signal technologies.,2026-09-17,2026-09,stated by site,no,yes,6aabee5c9cd108bf2644325e
INC Ransom,cullottalaw.com,cullottalaw.com,US,United States,stated,Healthcare,,inferred from description,5000000,,,Proof,,,"Cullotta Bravo Law Group is a personal injury law firm based in Aurora, IL, with over 35 years of experience in various legal areas including personal injury, nursing home abuse, and workers compensation.",2026-09-09,2026-09,stated by site,yes,no,6aa1b4799cd108bf26fb4634
INC Ransom,Wellness Partners network(combined revenue),,US,United States,stated,Healthcare,,inferred from description,60000000,,,Encrypted; Proof,,,"Headquartered in Clinton, New York Community Wellness Partners is a faith based non-profit organization that provides healthcare, housing and community services. They also have 24/7 skilled-nursing care to older adults who require residential medical care and support services.",2026-09-07,2026-09,stated by site,yes,no,6a9f08409cd108bf26a4f9bf
INC Ransom,jms building corporation,,US,United States,stated,Insurance,,inferred from description,300000,,,Proof,,,"JMS Building Construction is a full service Insurance Restoration construction company that handles every step of the Insurance Restoration process, from dealing with your insurance company to restoring your home's integrity WE HAS COLLECTED SUCH DATA AS: - Confidential documents - Clients Data - NDA - Financial data - Operations - Corporate data - Business Agreements - Development - Financial databases, all transactions, all clients And a lot of other VERY IMPORTANT information!",2026-09-07,2026-09,stated by site,yes,no,6a9e419a9cd108bf268b82e3
INC Ransom,myglobal.com,myglobal.com,MY,Malaysia,stated,Engineering & Architecture,,stated in description,3000000,,,Encrypted,,10,"My Global Services Sdn Bhd is the first authorized distributor of OLED LiFi in Malaysia, specializing in OLED LiFi technology, mechanical and electrical engineering, as well as civil and construction services. The company provides solutions for scientists and research workers, offering sales and support for scientific equipment. Their services include civil and structural engineering, ensuring a comprehensive approach to their clients' needs. With a focus on innovative lighting solutions, they aim to enhance the capabilities of their clients across various sectors. Employees: 10 Revenue: $5 Million Industry: Architecture, Engineering & Design Phone Number: +60 358922797",2026-09-03,2026-09,stated by site,yes,no,6a99ad6a9cd108bf26e7ee52
INC Ransom,Asfaltos y Pavimentos S.A. (Asfalpasa),,ES,Spain,stated,,,,30300000,,,Proof; Encrypted,,,"Empresa dedicada a la fabricación, transporte y extendido de mezclas asfálticas así como todo tipo de servicios relacionados con la construcción y mantenimiento de carreteras, vias públicas y privadas. Desde sus comienzos en 1982 Asfaltos y Pavimentos (ASFALPASA) se basa en un equipo humano especializado y experimentado en la actividad que posteriormente llevaría a cabo la empresa. Dicha experiencia aporta a la empresa un rápido crecimiento y un alto grado de especialización y competitividad que hace de Asfalpasa una de las empresas más conocidas de su sector.",2026-09-02,2026-09,stated by site,yes,no,6a98332a9cd108bf26b37c4c
INC Ransom,Westfield Public School District,,US,United States,stated,Education,,inferred from description,122000000,,,Encrypted; Proof,,,"Westfield Public Schools is dedicated to educating all students to reach their highest potential as engaged citizens who value diversity. The district focuses on inclusivity, community engagement, wellness, and comprehensive financial planning to enhance the educational experience. Their strategic plan outlines long-term goals and strategies to align resources with the needs of students and staff. The intended clients include students, families, and the broader community in Westfield, NJ.",2026-09-02,2026-09,stated by site,yes,no,6a98339f9cd108bf26b38e4f
INC Ransom,Trucka,,MX,Mexico,stated,Transportation & Logistics,,inferred from description,28700000,,,Encrypted; Proof,,,"Trucka is a transportation and logistics company that helps businesses move goods across different regions. They handle everything from local deliveries to long-distance shipping, working with companies of all sizes. Their trucks cover major routes, making sure packages and freight get where they need to go safely and on time. With a team of experienced drivers and a solid network of shipping routes, Trucka makes moving cargo simple and reliable.",2026-09-02,2026-09,stated by site,yes,no,6a9834289cd108bf26b3a6ba
INC Ransom,Policlinico Triestino,,IT,Italy,stated,Healthcare,,inferred from description,81700000,,,Encrypted; Proof,,,"Policlinico Triestino S.p.A. is a private healthcare network based in Trieste, Italy, that operates hospitals, nursing homes, and outpatient clinics.",2026-09-02,2026-09,stated by site,yes,no,6a9835249cd108bf26b3d268
INC Ransom,Multiver Ltée,,CA,Canada,stated,Manufacturing,,inferred from description,20900000,,,Encrypted; Proof,,,"Multiver Ltée specializes in the manufacturing of glass products, offering a range of solutions from sealed to tempered and shaped glass. With over 50 years of experience, the company is renowned for its craftsmanship and commitment to timely delivery. They have successfully completed various architectural projects, showcasing both subtle and bold designs. Their intended clients include those looking to enhance their construction with high-quality glass features.",2026-09-02,2026-09,stated by site,yes,no,6a98358f9cd108bf26b3e38b
INC Ransom,Metales Panamericanos,,PA,Panama,stated,Construction,,inferred from description,49900000,,,Encrypted; Proof,,,"English Metales Panamericanos, previously known as ACERO PANAMA, is the main construction & steel supplier to the Construction industry in Panama, initially focus in steel materials, now our new mission is extended to different constructions systems, Electrical Solutions, Equipment & Devices, zing ceilings, strollers, metal wires, windows structures, gypsum, among others. Spanish Metales Panamericanos S.A. (METALPAN), previamente conocida como ACERO PANAMA, es una dinmica y exitosa sociedad 100% panamea que se constituyo como METALPAN en el ao 1991, y que ha sabido transformarse y crecer con firmeza para responder de manera rpida y eficaz a las exigencias del clientes con altos niveles de competitividad presentes en el mercado nacional.",2026-09-02,2026-09,stated by site,yes,no,6a9836399cd108bf26b3fe27
INC Ransom,specialtytextile.com,specialtytextile.com,US,United States,stated,Hospitality & Travel,,inferred from description,6000000,,,Proof,,,"Specialty Textile Services is a U.S. textile services company founded in 1996, specializing in linen rental and processing for the hospitality industry. Headquartered in Phoenix, Arizona, with a branch in San Diego, California, the company employs between 201 and 500 people. Serving mid-to-high-end restaurants, hotels, and other hospitality providers, Specialty Textile Services offers flexible rental programs covering a full line of linens, kitchen textiles, uniforms, and dust control products — all delivered clean and ready for use. Key features include: flexible pickup and delivery schedules, including multiple weekly service visits; all-inclusive service pricing with no upfront investment required from customers; an in-house commercial laundry facility operating 7 days a week, 365 days a year, with rapid emergency response available for special requests.",2026-09-02,2026-09,stated by site,yes,no,6a97ed959cd108bf26aadc1c
INC Ransom,www.renorefractories.com,renorefractories.com,US,United States,stated,Manufacturing,,inferred from description,17700000,,,Encrypted; Proof,,,"RENO Refractories, Inc. specializes in the manufacturing of refractory products and services for various industrial applications, including aluminum, iron and steel, cement and lime, foundries, mini mills, and hydrocarbon processing. With over 35 years of experience, the company is committed to innovation and quality, providing advanced research and development, technical support, and installation services. Their product offerings include a full range of monolithic products and the revolutionary ElectroCast product line. RENO aims to optimize the profits and safety of their clients by delivering superior refractory technology across North America.",2026-08-31,2026-08,stated by site,yes,no,6a955cf79cd108bf265a7443
INC Ransom,www.lichtvision.com,lichtvision.com,GB,United Kingdom,stated,Engineering & Architecture,,inferred from description,5700000,,,Encrypted; Proof,,,"Lichtvision specializes in innovative lighting design, focusing on architectural spaces through the use of daylight, artificial light, and immersive media technologies. With a team of 40 designers, architects, and engineers, they provide sustainable and aesthetically pleasing lighting solutions for a variety of projects, including museums, offices, and retail spaces. Established in 1997, Lichtvision has a global presence with studios in major cities and emphasizes a holistic approach to lighting that enhances the quality of life. Their work is characterized by a blend of creativity, technical expertise, and a commitment to ecological sustainability.",2026-08-31,2026-08,stated by site,yes,no,6a955c739cd108bf265a6372
INC Ransom,zummocorp.com,zummocorp.com,US,United States,stated,Manufacturing,,inferred from description,1000000,,,Encrypted; Stocks; Proof; AD Dump,Databases / backups,,"Zummo is a global incumbent in the design, manufacture and commercialization of automatic fresh fruit juice extraction machines, mainly aimed at the food service and food retail segments.",2026-08-31,2026-08,stated by site,yes,no,6a955bb29cd108bf265a5154
INC Ransom,BENCIVIL,,US,United States,stated,Engineering & Architecture,,inferred from description,5000000,,,Proof,,,"Benchmark Civil Engineering Services, Inc. is a civil engineering firm based in Allentown, PA, specializing in civil engineering, traffic studies, forensic engineering, and land surveying. The company serves municipalities and clients in the Lehigh Valley and surrounding areas, providing expert services in traffic and transportation engineering, land development, and construction engineering. With a focus on professionalism and integrity, Benchmark is committed to guiding clients through the design, approval, and construction processes. Their highly trained staff utilizes state-of-the-art technology to ensure project success and compliance with regulations.",2026-08-27,2026-08,stated by site,yes,no,6a906fe29cd108bf26c5d1d1
INC Ransom,Rohloff Group,,ZA,South Africa,stated,Hospitality & Travel,,inferred from description,80000000,,,Proof,Employee / HR; Financial / accounting; Corporate / confidential,,"KFC Rohloff Group franchise partner Total leak: 536 GB, 103,196 Files, 30,805 Folders Data: Employees personal , Loan applications, Employees banking details, ID's, Bank account statements, Employees ACKNOWLEDGEMENT OF DEBT, RESULT OF THE DISCIPLINARY HEARING, Financial documentation for royalties, Food Cost Reconciliation and a lot of other documentation. Data type: Confidential Full publication coming soon.",2026-08-27,2026-08,stated by site,yes,no,6a9045299cd108bf26c2734d
INC Ransom,Ruby Seven Studios,,US,United States,stated,,,,22000000,,,Proof,Personal data (PII); Employee / HR; Financial / accounting; Legal / contracts; Corporate / confidential; Engineering / R&D / IP,,"Ruby Seven Studios Inc. https://www.rubyseven.com/ Total leak: 114 GB (123,463,823,360 bytes), 133,851 Files, 49,357 Folders. Data: Source code, Games Rules, Game assets, Game math, GDD, IGT, Analytics report Finance doc's, Royalty Reports, Tax invoice, Inventions Agreement - Employee intellectual property assignment, non competition and confidentiality agreement Personal ID/Passport, Share holders list. Data type: Confifential Partners: IGT (International Game Technology), Konami Gaming, Wazdan, Bluberi Gaming, CHAYOWO TECHNOLOGY, Everi & Aristocrat Bally's Corporation, Delaware North Gaming, Pechanga Resort & Casino, Mystic Lake Casino Hotel, Affinity Interactive, Choctaw Casinos & Resorts. Full publication coming soon.",2026-08-27,2026-08,stated by site,yes,no,6a9032e29cd108bf26c1044a
INC Ransom,Oilquip Inc,,US,United States,stated,Retail & Wholesale,,inferred from description,5800000,,,Encrypted; Proof,,,"Oilquip Inc, established in 1960, is a comprehensive fluid power distributor that specializes in hydraulics, pneumatics, oil conditioning, and system integration. The company is dedicated to providing innovative electro-hydraulic and electro-mechanical solutions while exceeding customer expectations. Their services include design and engineering, fluid conditioning, power generation, and repairs and upgrades, catering to a diverse range of clients. Oilquip prides itself on its customer-focused approach, flexibility, and commitment to excellence in all aspects of its operations.",2026-08-26,2026-08,stated by site,yes,no,6a8f0c6c9cd108bf26a1bbe6
INC Ransom,Macro Engineering & Technology,,CA,Canada,stated,,,,27000000,,,Proof,,,We have the following types of information: active NDAs financial information and account transactions internal documents a large number of internal developments and prototypes employee personal data information about clients and business partners,2026-08-25,2026-08,stated by site,yes,no,6a8d72839cd108bf26741507
INC Ransom,FFKR Architects,,US,United States,stated,Engineering & Architecture,,inferred from description,27000000,,,Proof,,,"FFKR Architects is a leading architecture and interior design firm based in Utah, with additional offices in Arizona and Idaho. They offer a wide range of services including architecture, landscape architecture, interior design, and environmental graphic design. The firm is known for its design excellence and commitment to environmental leadership, serving various sectors such as healthcare, education, hospitality, and commercial projects. With a team of over 170 professionals, FFKR empowers clients through innovative visualization techniques, ensuring informed decision-making.",2026-08-24,2026-08,stated by site,yes,no,6a8c64f19cd108bf26556ed5
INC Ransom,wittmann,,MX,Mexico,stated,,,,35000000,,,Encrypted,,,"Unauthorized access has been gained to the company's confidential files, including client data, proprietary R&D, and financial documentation.NDA files",2026-08-24,2026-08,stated by site,yes,no,6a8c56149cd108bf2653d42b
INC Ransom,el-group,,CH,Switzerland,stated,,,,5000000,,,Encrypted,,,"Unauthorized access has been gained to the company's confidential files, including client data, proprietary R&D, and financial documentation.",2026-08-22,2026-08,stated by site,yes,no,6a8979d59cd108bf26069fa7
INC Ransom,BANGKOKCABLE,,TH,Thailand,stated,Manufacturing,,inferred from description,6900000,,,Encrypted; Proof; AD Dump; Stocks,Databases / backups,,"About Bangkok Cable Bangkok Cable is Thailand's leading manufacturer of electric wires and cables, boasting over five decades of sustainable growth. The company is committed to connecting people with power and driving economic development through innovative manufacturing technologies. With a production capacity of 30,000 metric tons per year for copper and 15,000 metric tons for aluminum cables, Bangkok Cable adheres to high-quality standards and sustainable practices. Their products serve a wide range of clients, contributing to the country's development and enhancing the quality of life through reliable electrical power.",2026-08-19,2026-08,stated by site,yes,no,6a857ba49cd108bf268592d4
INC Ransom,UNIPLASTICS.COM,uniplastics.com,US,United States,stated,Manufacturing,,inferred from description,5000000,,,Encrypted; AD Dump; Proof; Stocks,Databases / backups,,"Universal Plastics Inc. is a family-owned commercial specialty subcontractor with over 50 years of experience, specializing in custom wall panel systems, wall protection, and high-impact wall coverings. They serve a diverse clientele, including commercial projects such as airports and medical facilities, providing innovative solutions with materials like FRP, stainless steel, and plastic laminates. As a master distributor for Marlite in Northern California, they also offer a wide range of products including solid surfaces and decorative wall panels. Their commitment to quality and customer service makes them a leader in the industry.",2026-08-19,2026-08,stated by site,yes,no,6a857d4d9cd108bf2685c646
INC Ransom,EXEL,,CA,Canada,stated,Construction,,inferred from description,6200000,,,Encrypted; Proof,,,"Exel Systems Inc. specializes in providing high-quality custom heating, ventilation, and air conditioning (HVAC) and energy recovery products. Established in 1993, the company serves the institutional, commercial, and industrial markets, collaborating with building owners, consulting engineers, and contractors to deliver innovative and energy-efficient solutions. Their extensive product range and expertise enable them to handle complex projects tailored to specific client needs. Exel Systems encourages clients to explore their website for new products and application information to enhance building sustainability.",2026-08-19,2026-08,stated by site,yes,no,6a85895b9cd108bf268747e9
INC Ransom,CDGARVINLAW,,US,United States,stated,Education,,inferred from description,1000000,,,Encrypted; Proof,,,"CHRISTOPHER D. GARVIN (Docket #2352300) is a Wood-Ridge attorney admitted to New York State in 1990 and registered with the Office of Court Administration (OCA) of the New York State Unified Court System. Employer - CHRISTOPHER D. GARVIN, ESQ. COUNSEL AT LAW. The attorney graduated from SETON HALL UNIVERSITY. The registered office is located at 268 Valley Blvd, Wood Ridge, NJ 07075-1202, contact telephone: (201) 804-7681. Current lawyer status: registered.",2026-08-19,2026-08,stated by site,yes,no,6a8586419cd108bf2686ecf0
INC Ransom,nyklawfirm.com nyk.ae,,AE,United Arab Emirates,stated,,,,20000000,,,Proof,,,/,2026-08-18,2026-08,stated by site,yes,yes,6a842ea69cd108bf265b14cb
INC Ransom,Foresee Pharmaceuticals,,TW,Taiwan,stated,Pharmaceuticals & Biotech,,inferred from description,25000000,,,Proof,Financial / accounting; Corporate / confidential; Engineering / R&D / IP,,"Foresee Pharmaceuticals Co., Ltd. https://www.foreseepharma.com Total leak: 1,2TB Leak includes: Drug Master File, ASMF, FDA/EMA, R&D, Financial statements, Clinical study reports and other confidential information. Projects: CAMCEVI, SIF, Casppian, NCE, Aderamastat, Linvemastat, FP-045, FP-016, FP-018, FP-014... Partners: Accord BioPharma, Intas Pharmaceuticals, Primevera Therapeutics, Accord Healthcare... Type of information: Confidential Full publication of the data within a few weeks!",2026-08-18,2026-08,stated by site,yes,no,6a8414a79cd108bf2657cdc6
INC Ransom,ssf-int.com ssf-ing.de,,DE,Germany,stated,Engineering & Architecture,,inferred from description,60000000,,,Proof,,,"SSF International GmbH is an engineering firm headquartered in Munich, Germany. A subsidiary of SSF Ingenieure AG, the company provides comprehensive engineering services in project management, supervision, consultancy, design, quality management, and special construction design worldwide. It specializes in railways, high-speed railway lines, metro and light rail, Maglev lines, and large infrastructure projects, including bridges and railway stations. The company serves international clients across various stages of project development, from early studies and design to construction, commissioning, operation, and maintenance. Its service portfolio includes BIM and GIS solutions, environmental protection, and specialized solutions for acoustic and vibration control.",2026-08-18,2026-08,stated by site,yes,yes,6a842a739cd108bf265a9a4a
INC Ransom,Lansing Urgent Care,,US,United States,stated,Healthcare,,inferred from description,21800000,,,Proof,,,"Lansing Urgent Care provides a range of urgent care services for both adults and children, including on-site medications, lab tests, and X-rays. Their facilities are designed for quick visits, with an average wait time of under one hour, and they offer telemedicine options for added convenience. The company caters to patients seeking immediate medical attention, sports physicals, and occupational health services. With multiple locations in Lansing, Okemos, and surrounding areas, they aim to deliver friendly and efficient healthcare.",2026-08-17,2026-08,stated by site,yes,no,6a834cdb9cd108bf263e89dd
INC Ransom,"Otter Tail County, Minnesota",,US,United States,stated,,,,7000000,,,Encrypted; Proof,,,https://ottertailcounty.gov/,2026-08-17,2026-08,stated by site,yes,no,6a82d06d9cd108bf262ee4f8
INC Ransom,SD Associates Sdn Bhd,,MY,Malaysia,stated,Engineering & Architecture,,inferred from description,3000000,,,Proof,,,"SD Associates (SDA) is a globally expanding company that prides itself in providing quality service to every client. We provide comprehensive professional project management and engineering consultancy services in diverse market segments. Our multi-disciplinary teams consisting of experienced Project Managers, Professional Engineers, Architects, Quantity surveyors, and Technical Support Managers. We are an ISO 9001, ISO 45001, and ISO 14001 certified WE HAS COLLECTED SUCH DATA AS: - Confidential documents - Clients Data - NDA - Financial data - Operations - Corporate data - Business Agreements - Development - Financial databases, all transactions, all clients And a lot of other VERY IMPORTANT information!",2026-08-16,2026-08,stated by site,yes,no,6a81fb7c9cd108bf2614728e
INC Ransom,cambrialawfirm.com,cambrialawfirm.com,CA,Canada,stated,Healthcare,,inferred from description,10000000,,,Proof,,,personal and medical cards of all clients.,2026-08-13,2026-08,stated by site,yes,yes,6a7e49da9cd108bf269d76d0
INC Ransom,https://pacific-construction.com/,pacific-construction.com,GB,United Kingdom,stated,Construction,,inferred from description,30000000,,,Proof,,,project data client data contract,2026-08-13,2026-08,stated by site,yes,yes,6a7e4ea49cd108bf269e158e
INC Ransom,gamaus.com,gamaus.com,US,United States,stated,,,,32,,,Proof,,,https://www.zoominfo.com/c/greater-austin-merchants-cooperative-association/98978085 greater-austin-merchants-cooperative-association 400gb,2026-08-12,2026-08,stated by site,yes,yes,6a7cc2679cd108bf266aea60
INC Ransom,diabetesandmetabolism.com,diabetesandmetabolism.com,US,United States,stated,Healthcare,,stated in description,5500000,,,Encrypted,,50,"Diabetes and Metabolism Specialists is a specialty medical clinic located in San Antonio, TX, focused on the diagnosis and treatment of endocrine-related medical conditions. The clinic is staffed by board-certified endocrinologists, nurse practitioners, and certified diabetes educators who provide comprehensive care and education for chronic conditions such as diabetes, hyperparathyroidism, and metabolic syndrome. They emphasize professionalism and patient education, ensuring that clients understand their diagnoses and treatment options. The intended clients are individuals seeking specialized care for endocrine disorders and metabolic conditions. Employees: 50 Revenue: $5.5 Million Industry: Hospitals & Physicians Clinics Phone Number: (210) 494-3739",2026-08-12,2026-08,stated by site,yes,no,6a7c827d9cd108bf26618d5d
INC Ransom,BEDC.COM.AU,bedc.com.au,AU,Australia,stated,Healthcare,,stated in description,5000000,,,Encrypted,,50,"Brighton East Dental Clinic (BEDC) is a family dental clinic dedicated to providing comprehensive dental care for families in Brighton, Caulfield, and Bentleigh. They offer a wide range of services including kids dentistry, general dentistry, cosmetic procedures, and preventative care, with a strong emphasis on patient needs and comfort. With over 30 years of experience, their team of certified dentists focuses on creating healthy, happy smiles while accepting all major health funds. The clinic is known for its convenient evening hours and commitment to emergency dental care. Employees: 50 Revenue: $5 Million Industry: Dental Practice Management Phone Number: +61 395788500",2026-08-12,2026-08,stated by site,yes,no,6a7c86919cd108bf266231b4
INC Ransom,stuartandassociates.com,stuartandassociates.com,US,United States,stated,Construction,,stated in description,6400000,,,Encrypted,,50,"Stuart & Associates Commercial Flooring, Inc. specializes in providing high-quality commercial flooring solutions designed to enhance customer experiences. They offer a three-year warranty on new installations when clients purchase maintenance programs, ensuring satisfaction and value throughout the process. The company features a design center with extensive product samples and emphasizes delivering projects on budget and on schedule. Their target clients include businesses seeking safe, comfortable, and aesthetically pleasing flooring options. Employees: 50 Revenue: $6.4 Million Industry: Construction Management Phone Number: (316) 267-0743",2026-08-12,2026-08,stated by site,yes,no,6a7c7a059cd108bf26607e5f
INC Ransom,https://geleximco.vn/,geleximco.vn,VN,Vietnam,stated,,,,9000000,,,Proof,,,200gb data,2026-08-04,2026-08,stated by site,yes,yes,6a7153669cd108bf261e30d1
INC Ransom,lccgroup.com,lccgroup.com,PH,Philippines,stated,Retail & Wholesale,,inferred from description,600000,,,Proof,,,"LCC - Liberty Commercial Center, Inc is one of the pioneering retail establishments in the Bicol Region. Based in the dynamic province of Albay, LCC primarily operates supermarkets, department stores, malls, and food establishments. LCC is also engaged in property development. Banking on the cherished Filipino trait of hospitality, LCC's corporate tagline - The company's Best For You empowers its stakeholders and corps of new - generation and seasoned managers to commit themselves to a market stewardship that puts a high premium on rewarding LCC customers for their loyalty and patronage. LCC's growth is rooted in the Filipino spirit of entrepreneurship as an agent of change and progress. Over 75 years of retailing knowhow and quality service continue to touch the lives of its Bicolano consumers and their communities www.lcc.com.ph",2026-08-04,2026-08,stated by site,yes,yes,6a7152ea9cd108bf261e1d04
INC Ransom,pushidrosal.id,pushidrosal.id,ID,Indonesia,stated,,,,40000000,,,Proof,,,*,2026-08-04,2026-08,stated by site,yes,yes,6a7152689cd108bf261e08da
INC Ransom,clintonhealthaccess.org,clintonhealthaccess.org,US,United States,stated,Non-profit,,inferred from description,178000000,,,Encrypted; Proof,,,"This Clinton foundation sponsors the sterilization of women in Africa and South America. With the help of this foundation, organs harvested criminally by transplant surgeons from people in Third World countries are legalized to improve the quality of life of the rich in capitalist countries, including the United States. We have irrefutable evidence of their secret accounts, including transactions in cryptocurrency, from which transplanted organs were purchased to replace Bill Clinton's wife, Hillary Clinton.",2026-08-04,2026-08,stated by site,yes,no,6a713ccd9cd108bf261acf63
INC Ransom,TRULITE GLASS & ALUMINUM SOLUTIONS,,US,United States,stated,Engineering & Architecture,,inferred from description,1000000,,,Proof,,,"TRULITE GLASS & ALUMINUM SOLUTIONS Date: August 2026 Overview Trulite Glass & Aluminum Solutions, a portfolio company of Truelink Capital (Los Angeles, CA), is a leading North American fabricator and distributor of architectural glass and aluminum systems. Headquartered in Alpharetta, Georgia, the company operates 40+ fabrication and distribution facilities across the United States and Canada, serving the commercial construction industry. Trulite was founded in 1978 and has undergone significant expansion through acquisitions — including Vitro America, Western States Glass, AGC Fabrication, Super Sky Products, American Insulated Glass, and others. In October 2022, Truelink Capital acquired Trulite from Sun Capital Partners. The company generates estimated annual revenue of $800M–$1.2B and employs 2,000–3,500 people. Incident We have obtained full and unrestricted access to Trulite's internal infrastructure. The total volume of exfiltrated data exceeds 8 terabytes. Data in Our Possession The dataset includes but is not limited to: - Complete corporate databases — ERP system (Microsoft Dynamics AX), CRM, operational databases - Financial records — multi-year Profit & Loss statements by branch, EBITDA schedules, debt covenant compliance calculations, 13-week cash flow forecasts, weekly and monthly financial reporting packages prepared for private equity ownership - M&A documentation — Confidential Information Memorandums (CIM), executed Stock Purchase Agreements, acquisition pipeline documents, due diligence materials, corporate structure charts with ownership percentages - Private equity communications — internal correspondence and reporting between Trulite management and fund ownership (Sun Capital Partners, Truelink Capital) - Board of Directors materials — governance records, board presentations, strategic planning documents - HR and employee data — personnel records, payroll, benefits information - Customer and vendor data — contracts, pricing agreements, project documentation, accounts receivable/payable - IT infrastructure documentation — network architecture, system configurations, credentials - Operational data — production records, logistics, fleet management, facility documentation across all 40+ locations Proof of Access Sample data will be published to confirm the scope and authenticity of the breach. Full data publication will follow if no resolution is reached. Contact The Trulite management team has been contacted directly and provided with instructions to initiate private negotiations. A deadline has been communicated. This is the only public statement at this time. Further updates — including data samples — will follow according to the established timeline.",2026-08-04,2026-08,stated by site,yes,no,6a72219f9cd108bf2638cb21
INC Ransom,Loyalist College,,CA,Canada,stated,Education,,inferred from description,67800000,,,Encrypted; AD Dump; Proof; Stocks,Databases / backups,,"The management of this institution was repeatedly warned about the disclosure of hundreds of personal data. Each of you who is faced with the consequences of the leak can be absolutely sure that the management of Loyalist College absolutely does not care about its students, employees and partners. ------------------------- Loyalist is Ontario's Destination College, empowering students, faculty, staff, and partners through experiential, industry cluster-based education, training and applied research programs. The College provides job-ready graduates for, and knowledge transfer to, industry and the community.",2026-08-03,2026-08,stated by site,yes,no,6a70f8179cd108bf2610d332
INC Ransom,ATMS,,IN,India,stated,,,,18000000,,,Encrypted,,,"Unauthorized access has been gained to the company's confidential files, including client data, proprietary R&D, and financial documentation.",2026-08-03,2026-08,stated by site,yes,no,6a705e329cd108bf26faa3a1
INC Ransom,vprj.org,vprj.org,US,United States,stated,,,,10900000,,,Encrypted; Proof,,,"The Virginia Peninsula Regional Jail (VPRJ) is a state-authorized, regional correctional facility located in Williamsburg, Virginia, USA. Opened in 1997, VPRJ provides short-to-medium-term detention services, ensuring public safety and order across the Virginia Peninsula region under the governance of a multi-jurisdictional jail board.",2026-08-02,2026-08,stated by site,yes,no,6a6fb7ac9cd108bf26e25640
INC Ransom,lantisnet.com,lantisnet.com,US,United States,stated,Healthcare,,inferred from description,30900000,,,Encrypted; Proof,,,"Lantis Enterprises, Inc. is an American consulting and management organization historically rooted in rural healthcare, skilled nursing, and senior living operations. Headquartered in Spearfish, South Dakota, the firm has expanded its focus to cross-industry advisory services",2026-08-02,2026-08,stated by site,yes,no,6a6fb5629cd108bf26e205ca
INC Ransom,ecfa.org,ecfa.org,US,United States,stated,Non-profit,,inferred from description,5000000,,,Encrypted; Proof,,,"The Evangelical Council for Financial Accountability (ECFA) is an American accreditation agency founded in 1979 that certifies Christian churches and nonprofits based on financial integrity, board governance, and transparent fundraising. It represents over 2,700 member organizations with billions in collective revenue.",2026-08-02,2026-08,stated by site,yes,no,6a6faf9c9cd108bf26e11d36
INC Ransom,obrieneng.com,obrieneng.com,US,United States,stated,,,,20000000,,,Proof,,,.,2026-07-30,2026-07,stated by site,yes,yes,6a6ab72b5ae71db30c73cdaa
INC Ransom,sslf.local,sslf.local,US,United States,stated,Legal,,inferred from description,5000000,,,Proof,,,"Samuels & Thornton is a law firm based in New Orleans, specializing in medical malpractice and personal injury cases. They provide personalized legal guidance to individuals, families, and businesses facing legal challenges, ensuring that each client receives dedicated attention from experienced attorneys. Their practice areas include medical malpractice, product liability, auto accident litigation, and more. The firm is committed to delivering proven results and effective representation throughout Louisiana.",2026-07-30,2026-07,stated by site,yes,no,6a6b426a5ae71db30c84c336
INC Ransom,PARTNERED HEALTH GROUP,,AU,Australia,stated,Healthcare,,inferred from description,40000000,,,Proof,Personal data (PII); Employee / HR; Financial / accounting; Medical / health (PHI); Legal / contracts; Corporate / confidential; Databases / backups,,"PARTNERED HEALTH GROUP — Australia ━━━━━━━━━━━━━━━━━━━━━━━━━━━━━━━━━━━━━━━━━━━━━━━━━ Industry: Healthcare — Primary Care, Occupational Health, Psychology, Telehealth Headquarters: Australia (NSW, QLD, VIC, WA, ACT) Owner: Quadrant Private Equity Clinics: 60+ nationwide Brands: Partnered Health Medical Centres, Jobfit, Baseline Onsite, New View Psychology, NewPsych, Australian EAP, Fuel Your Life, Northcare Physio, TeleWell Website: partneredhealth.com.au PENDING ACQUISITION: Bupa — ~$450,000,000 AUD Announced July 2, 2026 (Australian Financial Review) ACCC and FIRB regulatory approval pending. ━━━━━━━━━━━━━━━━━━━━━━━━━━━━━━━━━━━━━━━━━━━━━━━━━ BREACH SUMMARY ━━━━━━━━━━━━━━━━━━━━━━━━━━━━━━━━━━━━━━━━━━━━━━━━━ Date of access: 23 June 2026 Data exfiltrated: 3.2 TB Total files: 2,298,203 Servers accessed: 21 (9 AD Controllers + 11 Best Practice Medical Servers + 1 Central SQL Server) SQL Databases: ZedMed.mdf, Payroll.mdf, DocPays.mdf, VectraplexECG.mdf, BPM.mdf + 1,104 SQL backups Clinics compromised: 21 locations across 5 states/territories Patient records: 17,727+ named patient files identified Staff HR files: Full employee records including passports, AHPRA registrations, tax declarations Period of data: 1999 — 2026 (27 years) ━━━━━━━━━━━━━━━━━━━━━━━━━━━━━━━━━━━━━━━━━━━━━━━━━ WHAT WE HAVE ━━━━━━━━━━━━━━━━━━━━━━━━━━━━━━━━━━━━━━━━━━━━━━━━━ ▪ Complete patient medical records from 21 GP clinics — consultation notes, referral letters, pathology results, diagnostic imaging reports, prescriptions ▪ Full SQL database dumps — ZedMed (patient management), Payroll (all staff salaries), DocPays (doctor payments), VectraplexECG (cardiac/ECG monitoring data) ▪ 11 complete Best Practice patient database backups — one per clinic — including BPSPatients, BPSDocuments (up to 48 document partitions per clinic) ▪ Staff HR files — employment contracts, passport scans, AHPRA medical registrations, tax file declarations, superannuation details, performance reviews ▪ Bupa corporate data — direct billing agreements, fund tables for all Australian states, patient invoices, corporate program documents (Bronze/Silver/Gold), and active Bupa web portal session cookies ▪ Financial records — QuickBooks databases (2004-2026), Medicare billing, DVA remittances, private health fund claims ▪ Clinical governance — full RACGP accreditation files, patient consent templates, internal clinical audit data ▪ 27 years of accumulated medical data (1999-2026) across ━━━━━━━━━━━━━━━━━━━━━━━━━━━━━━━━━━━━━━━━━━━━━━━━━ TO PARTNERED HEALTH / QUADRANT PRIVATE EQUITY ━━━━━━━━━━━━━━━━━━━━━━━━━━━━━━━━━━━━━━━━━━━━━━━━━ Partnered Health was given the opportunity to resolve this matter privately and protect patient data. Instead of acting in the interest of their patients, they spent 22 days in silence, hired lawyers, and obtained a court injunction that has no practical effect outside Australian jurisdiction. Their public statement of July 15 describes the breach as affecting ""some"" data from ""some"" clinics. This is misleading. The reality: 3.2 terabytes. 2.3 million files. 21 servers. 27 years of patient medical history. Every clinic server in their network was accessed. Complete SQL database dumps were taken including the central patient management system and payroll for every employee. And critically — the data includes Bupa's own corporate information: billing agreements, fund pricing tables for every Australian state, named patient invoices, and active browser session cookies from Bupa's login, corporate, and web portals. We understand this acquisition matters. $450 million is a significant transaction. A full data publication would create material regulatory complications with the ACCC and FIRB review process. We trust the board and advisors at Quadrant understand what that means. This is not a threat. This is a deadline. ━━━━━━━━━━━━━━━━━━━━━━━━━━━━━━━━━━━━━━━━━━━━━━━━━ DEADLINE: [DATE + 10 DAYS] ━━━━━━━━━━━━━━━━━━━━━━━━━━━━━━━━━━━━━━━━━━━━━━━━━ Partnered Health has 10 days to resume negotiations and reach a settlement. If no agreement is reached: Stage 1 — Complete file tree listing (2.3M files) + all HR/staff records published Stage 2 — SQL databases (ZedMed, Payroll, ECG) released for download Stage 3 — Bupa corporate data, fund tables, billing agreements, session data published. ACCC, FIRB, and Bupa executive leadership notified directly. Stage 4 — Full 3.2 TB data dump made available for public download.",2026-07-30,2026-07,stated by site,yes,no,6a6b75a95ae71db30c8b0b19
INC Ransom,harwal.net,harwal.net,AE,United Arab Emirates,stated,Manufacturing,,inferred from description,17900000,,,Encrypted; AD Dump; Proof; Stocks,Databases / backups,,"Harwal.net Harwal Group is the largest plastics recycler in the Middle East, founded in 1938, with an annual processing capacity of over 200,000 tons of plastics and metals. Manufacturing includes construction materials, pre-engineered building systems, industrial packaging, consumer goods, and refrigeration equipment, including commercial chillers and freezers under the Celsius brand. Companies within the group: four main divisions — TSSC, Interplast, Cosmoplast, and Intermetal — unite 28 business units operating in 65 countries worldwide. DATA- 12tb",2026-07-29,2026-07,stated by site,yes,no,6a6a24085ae71db30c60bd45
INC Ransom,Della Casa Group AG,,CH,Switzerland,stated,,,,1000000,,,Encrypted; Proof,,,"041 785 61 31 / 041 785 61 46 / info@dellacasa.group 041 785 61 36 / s.pajaziti@dellacasa.group 041 785 61 30 / gdc@dellacasa.group 041 785 61 33 / a.stirnimann@dellacasa.group 041 785 61 43 / a.marku@dellacasa.group 041 785 61 42 / d.meier@dellacasa.group *************************************************** (240,391,913,425 bytes) 86,332 Files, / 15,359 Folders Personal / Client Information Accounting / Finance Details of current and future projects Other",2026-07-27,2026-07,stated by site,yes,no,6a6774db5ae71db30c14ce5b
INC Ransom,healthlawadvocates.org,healthlawadvocates.org,US,United States,stated,Legal,,inferred from description,9000000,,,Proof; Encrypted,,,"Health Law Advocates (HLA), an American non-profit, public interest law firm based in Boston, Massachusetts. Founded in 1996, HLA provides free (pro bono) legal representation to low-income residents and vulnerable populations who face barriers to accessing or paying for healthcare.",2026-07-26,2026-07,stated by site,yes,no,6a655dd45ae71db30cdbf8e4
INC Ransom,foundationstofreedom.org,foundationstofreedom.org,US,United States,stated,Non-profit,,inferred from description,7000000,,,AD Dump; Proof,Databases / backups,,"Foundations to Freedom is a US-registered 501(c)(3) non-profit organization that provides recovery housing, social adaptation programs, and comprehensive therapeutic support for individuals overcoming alcohol and substance abuse, as well as survivors of domestic violence.The organization is dedicated to offering a safe, structured environment for individuals to rebuild their lives from the ground up and maintain long-term sobriety. It is headquartered in DeLand, Florida, USA",2026-07-25,2026-07,stated by site,yes,no,6a65400c5ae71db30cd89b27
INC Ransom,greenecountyga.gov,greenecountyga.gov,US,United States,stated,Engineering & Architecture,,inferred from description,12345,,,Encrypted; Proof,,,"Greene County, Georgia is a historic and scenic county located in the east-central ""Lake Country"" region of the state, roughly halfway between Atlanta and Augusta. Established in 1786 as Georgia's 11th county, it is widely known for its combination of rural heritage, historic architecture, and upscale resort living centered around Lake Oconee.",2026-07-25,2026-07,stated by site,yes,no,6a653b8c5ae71db30cd8266a
INC Ransom,DUCON,,CO,Colombia,stated,,,,5000000,,,Encrypted,,,"Unauthorized access has been gained to the company's confidential files, including client data, proprietary R&D, and financial documentation.",2026-07-24,2026-07,stated by site,yes,no,6a6321575ae71db30c9bd08e
INC Ransom,minigrip.com.mx,minigrip.com.mx,MX,Mexico,stated,,,,5000000,,,Encrypted,,,"Unauthorized access has been gained to the company's confidential files, including client data, proprietary R&D, and financial documentation.",2026-07-24,2026-07,stated by site,yes,no,6a631e935ae71db30c9b88ce
INC Ransom,takethehop.com,takethehop.com,US,United States,stated,Transportation & Logistics,,inferred from description,21400000,,,Encrypted; Proof,,,"The HOP, an American regional public transit system operated by the Hill Country Transit District (HCTD). Founded in the 1960s in the state of Texas (USA) as a voluntary transportation service, the organization has grown over the decades into a major public public-transport network.",2026-07-23,2026-07,stated by site,yes,no,6a6277ab5ae71db30c86ca0a
INC Ransom,cabincreekhealth.com,cabincreekhealth.com,US,United States,stated,Healthcare,,inferred from description,4000000,,,Encrypted; Proof,,,"Cabin Creek Health Systems (CCHS), a non-profit community healthcare organization founded in 1973 by coal miners in West Virginia. It operates as a Federally Qualified Health Center (FQHC), providing comprehensive medical services to rural and urban residents across Kanawha County",2026-07-23,2026-07,stated by site,yes,no,6a62763d5ae71db30c869abb
INC Ransom,autismuslink.ch,autismuslink.ch,CH,Switzerland,stated,Non-profit,,inferred from description,5000000,,,Encrypted; Proof,,,"The Stiftung Autismuslink (Autism Link Foundation), a Switzerland-based competence center dedicated to supporting adolescents and young adults with Autism Spectrum Disorder (ASD). Headquartered in Bern, the organization focuses on helping individuals with autism achieve social and professional integration.",2026-07-23,2026-07,stated by site,yes,no,6a6274345ae71db30c86536e
INC Ransom,Ali-Monde,,US,United States,stated,,,,6100000,,,Encrypted,,,"Ali-Monde is a food production and distribution company that's been around for over 50 years. They've got 5 of their own brands and an impressive lineup of 800+ dry, organic, and gluten-free products. Based just south of Montreal, they distribute food across Quebec, Ontario, New Brunswick, and parts of Western Canada. Ali-Monde is all about giving customers exactly what they want - tasty, diverse food products that meet different dietary needs.",2026-07-20,2026-07,stated by site,yes,no,6a5e5bba5ae71db30c1e8750
INC Ransom,Oleoductos del Valle,,AR,Argentina,stated,Financial Services,,inferred from description,7500000,,,Proof; Encrypted,,,"During the analysis of data obtained from Oldelval, we have compiled information covering key aspects of the company's operations. The materials include: 1.HR documentation: full payroll data, bank account details (CBU), employee health insurance records (OSDE, SWISS MEDICAL), as well as severance calculations and compensation agreements. 2.Financial and regulatory reports filed with CNV and BYMA, including documents related to rating agencies (Moody's) and internal shareholder agreements. 3.Tax declarations and reports submitted to AFIP (Sicore, Ganancias, DDJJ IVA). 4.Documents related to tariff policy and SEN interactions, including WACC and TIR calculations used in tariff reviews. 5.Incident reports and environmental documentation, including reports on spills in Catriel and Medanito, as well as Rosen OSSR technical reports on pipeline conditions. 6.Confidentiality agreements with key partners, including Halliburton, Horizon, YPF, Otasa, McKinsey, and KPMG. 7.Internal whistleblower channel materials (Ley 27.401), including internal complaints and compliance reports. 8.Documents related to dividend payments and banking transactions. 9.Personal data of directors, candidates, and key employees, including ID numbers and CVs.",2026-07-20,2026-07,stated by site,yes,no,6a5e4dc55ae71db30c1d10a0
INC Ransom,V&P Nurseries,,US,United States,stated,Construction,,inferred from description,16,,,Proof,,,"V&P Nurseries is an Arizona-based wholesale grower specializing in drought-tolerant, subtropical, and desert-adapted plants for landscapes across the Southwest. Established in 1978, the company operates production facilities and a tissue culture lab focused on sustainable, water-conservative horticulture. For more information,",2026-07-18,2026-07,stated by site,yes,yes,6a5ad7a05ae71db30cbd0738
INC Ransom,reatile.co.za,reatile.co.za,ZA,South Africa,stated,Energy & Utilities,,inferred from description,28,,,AD Dump; Proof,Databases / backups,,"Reatile Group is an innovative, black-owned investment holding company established in 2003, focusing on the energy, petrochemical, and industrial sectors in South Africa. The company aims to leverage growth opportunities within these industrial sectors of the South African economy. Reatile Group is committed to improving the quality of life for disadvantaged communities through its foundation. Their strategic vision emphasizes growth and development in key sectors.",2026-07-18,2026-07,stated by site,yes,yes,6a5ad7205ae71db30cbcf9e2
INC Ransom,pokka.co,pokka.co,SG,Singapore,stated,Agriculture & Food,,inferred from description,32000000,,,Proof,,,"Founded in 1977 and headquartered in Central Singapore, Pokka Sg manufactures and markets a wide range of beverages",2026-07-18,2026-07,stated by site,yes,yes,6a5ad6bb5ae71db30cbcec59
INC Ransom,vedan corp,,VN,Vietnam,stated,Manufacturing,,inferred from description,51000000,,,Proof,,,"Vedan Vietnam is a leading manufacturer specializing in a wide range of products including seasoning, starch, MSG, chemicals, and consumer goods. The company is committed to quality and safety, utilizing advanced technology and local agricultural resources to produce high-quality products. Their services also extend to port operations and frozen food offerings, catering to both domestic and international markets. Vedan Vietnam aims to meet the growing demand for natural and non-GMO food products while maintaining a strong focus on corporate social responsibility and environmental protection.",2026-07-18,2026-07,stated by site,yes,yes,6a5ad67e5ae71db30cbce558
INC Ransom,"D.MAG New Material Technology Co., Ltd. Taiwan Giant",,TW,Taiwan,stated,Manufacturing,,inferred from description,50000000,,,Proof,,,"D.MAG New Material Technology Co., Ltd. is a key manufacturing subsidiary controlled by Taiwan’s Giant Group (Giant Manufacturing Co., Ltd.). Specializing in aluminum and magnesium alloys, D.MAG operates from Kunshan, Jiangsu Province, China, to develop and supply lightweight, high-performance materials and components for the bicycle, automotive, railway, and aerospace industries",2026-07-18,2026-07,stated by site,yes,yes,6a5ad5fc5ae71db30cbcd79c
INC Ransom,FAST.COM.PH,fast.com.ph,PH,Philippines,stated,Transportation & Logistics,,inferred from description,50,,,Proof,,,"FAST Logistics Group is a leading provider of end-to-end logistics and supply chain solutions in the Philippines, offering a comprehensive network of transport, warehousing, distribution, and logistics services. With over 50 years of experience, the company serves a diverse range of industries including FMCG, pharmaceuticals, and technology, enabling businesses of all sizes to expand their reach across the archipelago. Their innovative and sustainable solutions are designed to support business growth and ensure dependable operations at every stage of the supply chain. FAST Logistics Group is committed to helping clients navigate logistics challenges and achieve operational efficiency through tailored services and a strong nationwide presence.",2026-07-18,2026-07,stated by site,yes,yes,6a5ad58e5ae71db30cbcc904
INC Ransom,v-silicon.com,v-silicon.com,TW,Taiwan,stated,Manufacturing,,inferred from description,50000000,,,Proof,,,"威视芯半导体（合肥）有限公司 specializes in advanced audio and video processing technologies for the global smart TV and set-top box market. The company offers a range of products including high-definition smart TV chips and network camera chips, aimed at enhancing smart home, community, and city solutions. Their target clients include manufacturers in the smart display and visual technology sectors. 威视芯 is committed to driving innovation in the audio-visual industry",2026-07-18,2026-07,stated by site,yes,yes,6a5ad53a5ae71db30cbcbe61
INC Ransom,Kyokuto Kaihatsu Kogyo,,JP,Japan,stated,Construction,,inferred from description,790300000,,,Encrypted,,,"Kyokuto Kaihatsu Kogyo Co., Ltd. is a leading manufacturer specializing in special purpose vehicles such as dump trucks, tankers, and garbage collection vehicles. The company serves various sectors including construction, logistics, and environmental services, providing innovative solutions to meet diverse client needs. With a strong presence in both domestic and international markets, it aims to support sustainable infrastructure development. The company is committed to enhancing operational efficiency and environmental sustainability through its advanced technologies and services.",2026-07-17,2026-07,stated by site,yes,no,6a5984205ae71db30c99e780
INC Ransom,asa-international.com,asa-international.com,GB,United Kingdom,stated,,,,220000000,,,Proof,,,"ASA International is a major international microfinance institution operating across South Asia, Southeast Asia, and Africa. The company's shares are traded on the London Stock Exchange under the ticker symbol ASAI",2026-07-16,2026-07,stated by site,yes,no,6a59188d5ae71db30c8f3e00
INC Ransom,VantagePoint Management & Autoclear,,US,United States,stated,Energy & Utilities,,inferred from description,500000000,,,Encrypted,,,"VantagePoint Capital Partners is a global venture investor established in 1996, focusing on energy innovation and efficiency. With over $4 billion under management, the company supports start-up to scale-up companies by providing capital, strategic resources, and partnership alliances. Headquartered in Silicon Valley, VantagePoint also has offices in Beijing, China, and maintains strategic partnerships worldwide. Their diverse portfolio includes a range of entrepreneurs and companies in the energy sector.",2026-07-14,2026-07,stated by site,yes,no,6a56788b5ae71db30c45116e
INC Ransom,Golden Glasko & Associates,,US,United States,stated,Legal,,inferred from description,5000000,,,Proof,,,"Golden Glasko Haddy and Associates, P.A. is a law firm based in Miami specializing in estate law, probate, guardianship, and trust issues. With over 70 years of combined experience, they provide services including estate planning, probate litigation, and trust administration. The firm aims to offer personalized legal strategies and tenacious advocacy to support clients throughout South Florida. They also offer free initial consultations to prospective clients seeking legal guidance.",2026-07-14,2026-07,stated by site,yes,no,6a5681a95ae71db30c45deb5
INC Ransom,samberger24.de,samberger24.de,DE,Germany,stated,Healthcare,,inferred from description,10000000,,,Encrypted; Proof,,,"Samberger is a long-established medical supply store and sports and analysis center in Munich, offering orthopedic aids, shoe insoles and health products.",2026-07-03,2026-07,stated by site,yes,no,6a4706c25ae71db30cb381c1
INC Ransom,oakparkmi.gov,oakparkmi.gov,US,United States,stated,Hospitality & Travel,,inferred from description,50000000,,,Encrypted; Proof,,,"Oak Park, Michigan, is a vibrant, diverse inner-ring suburb of Metro Detroit located in Oakland County. Incorporated as a city in 1945, it spans 5.5 square miles and is home to roughly 30,000 residents. The city is currently experiencing a renaissance, transforming areas like the 11 Mile Road corridor into bustling hubs with breweries, restaurants, and new community spaces.",2026-07-03,2026-07,stated by site,yes,no,6a4704745ae71db30cb3362a
INC Ransom,tambasa.com,tambasa.com,BR,Brazil,stated,Retail & Wholesale,,inferred from description,5000000,,,Proof; Encrypted,,,"Tambasa Atacadistas is one of the largest wholesale distributors in Brazil, operating primarily in the B2B marketplace. Founded in 1949, the company supplies retail stores, supermarkets, and construction shops across the entire national territory.",2026-07-02,2026-07,stated by site,yes,no,6a468eaf5ae71db30ca4ccc0
INC Ransom,hamilton-eye.com,hamilton-eye.com,US,United States,stated,Healthcare,,inferred from description,123,,,Encrypted; Proof,,,"Hamilton Eye Institute is a comprehensive vision care practice operating out of two Pennsylvania locations: Allentown and Easton. They provide routine eye exams, medical/surgical eye treatments, and an in-house MediSpa.",2026-07-02,2026-07,stated by site,yes,no,6a468c355ae71db30ca47b2d
INC Ransom,ezortea.com.br,ezortea.com.br,BR,Brazil,stated,Manufacturing,,inferred from description,750000000,,,Encrypted; Proof,,,"Estrutural Zortea is a Brazilian company founded in 1995, specializing in the design, fabrication, and assembly of large-scale metal structures. ISO 9001-2015 certified, they provide industrial, logistics, and port solutions throughout the country. Specialties include: roofing for grain warehouses and industrial sheds, hoppers, silos, metal towers, and buildings.",2026-07-02,2026-07,stated by site,yes,no,6a468b5b5ae71db30ca45835
INC Ransom,carvalima.com.br,carvalima.com.br,BR,Brazil,stated,Transportation & Logistics,,inferred from description,136300000,,,Encrypted; Proof,,,"Carvalima Transportes is a specialized freight transportation company with over 35 years of experience, headquartered in Cuiabá, MT. The company operates in multiple regions, including Mato Grosso, Mato Grosso do Sul, Rondônia, Acre, and parts of Pará, as well as providing reverse logistics services across several states in Brazil. Their services include fractional cargo transport, dedicated cargo, e-commerce logistics, and air freight.",2026-07-02,2026-07,stated by site,yes,no,6a468abe5ae71db30ca4400d
INC Ransom,acworth-ga.gov,acworth-ga.gov,US,United States,stated,Financial Services,,inferred from description,10000000,,,Encrypted; Proof,,,"Acworth is located in the foothills of the North Georgia mountains and is nestled along the banks of Lake Acworth and Lake Allatoona, hence its nickname “The Lake City.” The city boasts a rich history, a charming downtown, abundant outdoor recreational activities, a vibrant restaurant scene, and an active festival and events calendar. Acworth is one of the best, family-friendly destinations in the Atlanta region.",2026-07-02,2026-07,stated by site,yes,no,6a46888b5ae71db30ca3fad9
INC Ransom,tricountyhs.org,tricountyhs.org,US,United States,stated,Education,,inferred from description,13000000,,,Encrypted; Proof,,,"Flowers Early Learning (formerly known as Tri-County Head Start) is a non-profit 501(c)(3) organization providing free, high-quality early childhood education and family support services across Berrien, Cass, and Van Buren counties in Southwest Michigan. Funded by a federal grant through the Office of Head Start, the organization serves eligible families with children from birth to age five, as well as expectant mothers.",2026-07-02,2026-07,stated by site,yes,no,6a4691a75ae71db30ca5296a
INC Ransom,https://www.roundshield.com/,roundshield.com,GB,United Kingdom,stated,,,,300000000000,,,Proof,,,400gb,2026-07-01,2026-07,stated by site,yes,yes,6a455c245ae71db30c80f236
INC Ransom,https://sza.it/,sza.it,IT,Italy,stated,,,,24000000,,,Proof,,,"client, contracts, personal, NDA and other",2026-06-30,2026-06,stated by site,yes,yes,6a43bac85ae71db30c4f3cb1
INC Ransom,GDN AR(Dorinka),,AR,Argentina,stated,Retail & Wholesale,,stated in description,1800000000,,,Proof,,,"Dorinka S.R.L. is based in Argentina, with the head office in Cidade Autonoma De Buenos Aires. The enterprise operates in the Grocery Stores industry. Dorinka S.R.L. was incorporated on June 29, 2026. There are currently 8,000 (2024) people employed by Dorinka S.R.L..",2026-06-29,2026-06,stated by site,yes,no,6a42457f5ae71db30c23ffa4
INC Ransom,theswansonlawgroup.com,theswansonlawgroup.com,US,United States,stated,,,,5000000,,,Proof,,,Meet Ben Swanson. The clients confidentiality worst nightmare.,2026-06-26,2026-06,stated by site,yes,no,6a3ecaeb5ae71db30cc2d19e
INC Ransom,callhorton.com,callhorton.com,US,United States,stated,Legal,,inferred from description,1000000,,,Proof,,,Horton Personal Injury Lawyers is the premier law firm at not protecting it's clients confidential data.,2026-06-26,2026-06,stated by site,yes,no,6a3ed7185ae71db30cc451c5
INC Ransom,johndufourlaw.com,johndufourlaw.com,US,United States,stated,,,,1000000,,,Proof,,,"If you find yourself injured, disabled or deep in debt, the Law Office of John Dufour is ready to help. John brings 25 years of focused experience and favorable outcomes. Our success is built on attentive service and attention to the legal details.",2026-06-26,2026-06,stated by site,yes,no,6a3ec89a5ae71db30cc28853
INC Ransom,GSP Crop Science Pvt,,IN,India,stated,Agriculture & Food,,inferred from description,253000000,,,Proof,,,"GSP Crop Science Limited is a leader in agricultural innovation, specializing in crop science and sustainable farming solutions. The company offers a wide range of products including pesticides, herbicides, fungicides, and plant growth regulators, designed to enhance crop productivity while minimizing environmental impact. Their target clients include farmers and agricultural businesses seeking effective and reliable crop protection solutions. With a strong commitment to research and development, GSP aims to revolutionize agriculture and support farmers in achieving high-quality, healthy crops.",2026-06-25,2026-06,stated by site,yes,no,6a3db5855ae71db30ca5c454
INC Ransom,Life Bridges,,US,United States,stated,Healthcare,,inferred from description,37800000,,,Proof,,,"Life Bridges is a non-profit organization dedicated to supporting individuals with intellectual and developmental disabilities, providing a range of services including residential support, healthcare, and community living services. Established in 1973, the organization focuses on promoting independence and dignity for its clients through tailored support and therapeutic services. Their intended clients include individuals with various developmental disabilities, as well as their families, ensuring a holistic approach to care and community involvement. Life Bridges is committed to bridging the gap between abilities and disabilities, fostering an inclusive environment where all individuals can thrive.",2026-06-25,2026-06,stated by site,yes,no,6a3db3e25ae71db30ca592ca
INC Ransom,belpointeasset.com \ belpointe.com,,US,United States,stated,,,,25000000,,,Proof,,,400gb,2026-06-22,2026-06,stated by site,yes,yes,6a39bd685ae71db30c36b16f
INC Ransom,Newspaper Media Group,,US,United States,stated,Media & Entertainment,,inferred from description,19000000,,,Encrypted; Proof,,,"Newspaper Media Group is a local news organization that provides comprehensive coverage of news, sports, entertainment, and community events across various regions, including Central Jersey and South Jersey. They publish multiple newspapers and magazines, ensuring that they reach more households than their competitors in nearly every zip code they cover. Their services are aimed at local communities, delivering news that is often not found elsewhere. With a commitment to connecting readers to the communities they care about, NMG stands out for its focus on local reporting.",2026-06-20,2026-06,stated by site,yes,no,6a36e3205ae71db30cedda2d
INC Ransom,jasperplastics.info,jasperplastics.info,US,United States,stated,Manufacturing,,stated in description,5000000,,,Encrypted; Proof,,10,"Jasper Plastics Solutions specializes in providing turn-key plastic and polyurethane solutions primarily for OEM manufacturers in the RV, Marine, Automotive, and Construction industries. Their product offerings include polyurethane thermal column blocks, fiberglass components, and innovative design boards that are weather-resistant and customizable. With nearly 20 years of experience, they utilize advanced manufacturing techniques, including a new HD Digital Division for large format printing, to create high-quality parts that mimic natural materials. Jasper Plastics is committed to delivering practical and innovative solutions tailored to the specific needs of their clients. Employees: 10 Revenue: $5 Million Industry: Manufacturing Phone Number: (574) 457-2062",2026-06-16,2026-06,stated by site,yes,no,6a317d755ae71db30c5cc0e2
INC Ransom,framesiprofessional.com,framesiprofessional.com,US,United States,stated,Retail & Wholesale,,inferred from description,25000000,,,Encrypted,,200,"Framesi specializes in creating and distributing professional hair products, including styling tools, color dyes, and hair treatments, exclusively for licensed stylists and salons. The company is dedicated to supporting the professional beauty industry by ensuring high-quality formulations that deliver reliable results. Framesi does not sell its products to retail chains or discount beauty outlets, maintaining a focus on professional use. Their offerings include a wide range of color products, care items, and styling solutions tailored for expert hands Employees: 200 Revenue: $25.1 Million Cosmetics, Beauty Supply & Personal Care Products Phone Number: (800) 321-9648",2026-06-16,2026-06,stated by site,yes,no,6a31672f5ae71db30c5a0b52
INC Ransom,jktornel,,MX,Mexico,stated,,,,10000000,,,Encrypted,,,"Unauthorized access has been gained to the company's confidential files, including client data, proprietary R&D, and financial documentation.",2026-06-16,2026-06,stated by site,yes,no,6a319a635ae71db30c606f82
INC Ransom,neuwoges.de,neuwoges.de,DE,Germany,stated,Government,,inferred from description,70000000,,,Encrypted; Proof,,,"The Neubrandenburger Wohnungsgesellschaft mbH (NEUWOGES), a municipal housing company and subsidiary of the Vier-Tore-Stadt Neubrandenburg in Mecklenburg-Western Pomerania, Germany. It is one of the largest regional housing providers, managing around 12,000 apartments alongside commercial units and care facilities. It’s no secret that the company was subjected to a cyberattack and that data was stolen. But let’s pull back the curtain a bit. At first, the company’s leadership cut costs on proper IT infrastructure, and after the attack they continued to do so—this time at the expense of the security of their clients, employees, vendors, etc. Relying on the supervisory board, they attempted to obtain more information about the compromised data in order to protect themselves. Now you’re learning about this for free. Stay tuned.",2026-06-16,2026-06,stated by site,yes,no,6a3195195ae71db30c5fac11
INC Ransom,3,,US,United States,stated,Professional Services,,inferred from description,5000000,,,Proof,,,"smithassociatescpa.com Smith and Associates is a Certified Public Accounting Firm based in Maine, offering a comprehensive range of services including accounting, auditing, tax planning, and management advisory services. The firm caters to a diverse clientele, including individuals, corporations, partnerships, and non-profits in Maine and New Hampshire. They provide specialized support for business start-ups and QuickBooks, along with professional consulting in various areas of tax and accounting practices. Established in 1987, Smith and Associates is committed to being personable, knowledgeable, and responsive to their clients' needs.",2026-06-15,2026-06,stated by site,yes,no,6a3058735ae71db30c1c87a3
INC Ransom,Signazon_USA,,US,United States,stated,,,,6600000,,,Encrypted,,,"Signazon.com was founded with the mission of providing the company's customers with the very best in printing. It's one thing to print fast and cheap - it's another thing to do that and do it well. The company believes in getting the little details right. From asking the company's customers the right questions to picking out different weights of paper, fine-tuning the company's printers for optimal quality to hand-checking every order several times throughout the production process, no stone is left unturned. And the company works hard every day to make sure that each and every customer gets the highest-quality, personalized products and service. With thousands of customers around the country, ranging from Fortune 500 companies to small business owners and even personal consumers, we've embraced the company's place as leaders at the innovative edge of the industry. We're constantly looking to improve and grow by streamlining the company's website, adding new products, and more.",2026-06-11,2026-06,stated by site,yes,no,6a2afb385ae71db30c29d014
INC Ransom,fineconsulting,,RO,Romania,stated,Professional Services,,inferred from description,5000000,,,Encrypted,,,"Unauthorized access has been gained to the company's confidential files, including client data, proprietary R&D, and financial documentation.",2026-06-11,2026-06,stated by site,yes,no,6a2a81c95ae71db30c1dd7e0
INC Ransom,DISCOLABINDU,,FR,France,stated,,,,5000000,,,Encrypted,,,"Unauthorized access has been gained to the company's confidential files, including client data, proprietary R&D, and financial documentation.",2026-06-11,2026-06,stated by site,yes,no,6a2a7bbf5ae71db30c1d4136
INC Ransom,FIZA,,CZ,Czechia,stated,Professional Services,,inferred from description,300000,,,Proof,,,"FIZA, a.s. is an established, medium-sized auditing and consulting company with a good capital base enabling its further development. Its roots go back to the very beginning of the 1990s, when it provided its services in the form of its legal predecessor, the association of individuals Ing. Jiří Ficbauer, civilingenjör. – FIZA. The current joint-stock company was established in 2001. We specialize in auditing, economic-organizational and tax consulting. We approach every job and every client carefully and responsibly. We want to become your long-term and trustworthy partner. We will be happy to accommodate you even in the case of one-off cooperation. Laek: 100GB WE HAS COLLECTED SUCH DATA AS: - Confidential documents - Clients Data - NDA - Financial data - Operations - Corporate data - Business Agreements - Development - Financial databases, all transactions, all clients And a lot of other VERY IMPORTANT information!",2026-06-08,2026-06,stated by site,yes,no,6a270bf95ae71db30cb8589e
INC Ransom,Stuga Machinery,,GB,United Kingdom,stated,Manufacturing,,inferred from description,15000000,,,Proof,,,"Stuga Machinery Ltd specializes in designing and manufacturing precision sawing and machining centers for the fenestration industry, serving clients primarily in the UK and Ireland. With over 50 years of experience, the company offers a range of fully automated cutting and prepping centers, as well as refurbishment services for existing machinery. As a subsidiary of Stürtz GmbH, Stuga combines British engineering with international innovation, providing reliable local support and access to global technical resources. Their commitment to customer service includes lifecycle support, genuine parts supply, and tailored service contracts to ensure optimal machine performance",2026-06-04,2026-06,stated by site,yes,no,6a21bd57d152110a6a4b4f68
INC Ransom,Colina Financial Advisors,,BS,Bahamas,stated,Professional Services,,inferred from description,7900000,,,Encrypted; Proof,,,"Colina Financial Advisors Limited (CFAL) is a prominent, independent wealth management and investment advisory firm based in Nassau, The Bahamas. Established in 1997, it serves as the investment arm of Colina Holdings Ltd.. The firm provides diverse financial services to both individual and institutional clients. While customers continue to entrust the company with their money, senior executives are actively working to cover up a major data breach involving approximately 500 GB of highly confidential data. The leak includes, but is not limited to: 1. Client Personally Identifiable Information (PII) 2. Client Financial Profiles & Asset Data 3. Proprietary Business Intel & System Data 4. Holistic Estate & Legal Planning 5. Regulatory & Compliance Records Stay tuned for further updates.",2026-06-03,2026-06,stated by site,yes,no,6a20239dd152110a6a17aa7e
INC Ransom,trrac.net,trrac.net,US,United States,stated,,,,5000000,,,Proof,,,150gb,2026-06-02,2026-06,stated by site,yes,no,6a1f24b6d152110a6af8cb74
INC Ransom,kelmreuter.com,kelmreuter.com,US,United States,stated,Healthcare,,inferred from description,5000000,,,Proof,,,"www.personadental.com Persona Dental offers personalized dental care for families in Sartell, MN, focusing on both general and specialized services such as cosmetic dentistry, dental implants, and solutions for snoring and sleep apnea. The clinic prides itself on creating a comfortable environment and empowering patients to make informed decisions about their dental health. With a friendly and experienced team, they provide comprehensive care under one roof, ensuring convenience for their clients. Persona Dental is dedicated to building confidence and achieving the best smiles for their patients",2026-06-02,2026-06,stated by site,yes,no,6a1ecd41d152110a6aed661c
INC Ransom,CUSTOMSIGN,,US,United States,stated,,,,17600000,,,Encrypted; AD Dump; Proof,Databases / backups,,"About Custom Sign & Engineering Custom Sign & Engineering, Inc. specializes in creating high-quality, custom commercial digital signs and billboards in Evansville, Indiana. The company offers a wide range of products, including LED dimensional letters, monumental signs, and information displays, all designed to meet the specific needs of businesses. The company is committed to providing customer-focused services at competitive prices and with free estimates. It serves clients in three states—Illinois, Indiana, and Kentucky—helping businesses enhance their visibility and brand image through eye-catching signage. Translated with DeepL.com (free version)",2026-06-02,2026-06,stated by site,yes,no,6a1ede26d152110a6aefc2ad
INC Ransom,pdcbodynits,,SG,Singapore,stated,Manufacturing,,inferred from description,50000000,,,Encrypted,,,"Bodynits Group is a leading apparel manufacturer specializing in design and innovation, offering comprehensive manufacturing solutions.Access was gained to accounting and finance, all asset management systems, client databases, employee personal data, non-disclosure agreements, as well as developments and technologies.",2026-06-01,2026-06,stated by site,yes,no,6a1d4367d152110a6ac2b472
INC Ransom,Oztugotomotiv,,TR,Turkey,stated,Automotive,,inferred from description,14000000,,,Proof,,,"Öztuğ Otomotiv & Endüstri is a Turkish company established in 1990 in Bursa, specializing in the production of high-precision components for the automotive, industrial, defense, and aerospace sectors. The company offers comprehensive services including design, mold manufacturing, and serial production of plastic, metal, and rubber parts, as well as industrial seals and vibration dampers. Öztuğ Otomotiv utilizes modern equipment (high-tonnage presses, progressive dies) and adheres to international quality standards, including a zero-defect principle and compliance with OEM standards. Financial performance (not publicly disclosed, but the company positions itself as a stable business): As of 2025, the company reports over 35 years of successful operations, more than 300 employees, and three production facilities with a total enclosed area of 12,000 m². Structure and facilities: The company operates three production sites in Hasantığla, Nilüfer (Bursa), and Adapazarı. As of 2025, the workforce comprises over 300 specialists. Production capabilities include plastic injection, metal forming, and rubber molding lines. Laek: 100GB WE HAS COLLECTED SUCH DATA AS: - Confidential documents - Clients Data - NDA - Financial data - Operations - Corporate data - Business Agreements - Development - Financial databases, all transactions, all clients And a lot of other VERY IMPORTANT information!",2026-06-01,2026-06,stated by site,yes,no,6a1de902d152110a6ad5bf1e
INC Ransom,Bradley law firm,,US,United States,stated,Legal,,inferred from description,5800000,,,Encrypted; AD Dump; Proof,Databases / backups,,"Bradley Law Personal Injury Lawyers is a law firm dedicated to representing clients who have suffered injuries due to accidents, medical malpractice, and other forms of negligence. With over 30 years of experience, they have successfully recovered more than $100 million in settlements and verdicts for their clients across Missouri and Illinois. Their services include free case consultations and a commitment to fight for maximum compensation on behalf of accident victims. The firm is known for its expertise in personal injury law, including vehicle accidents, workplace injuries, and wrongful death cases.",2026-06-01,2026-06,stated by site,yes,no,6a1d7512d152110a6ac7b3d5
INC Ransom,Champaign-Urbana Public Health District,,US,United States,stated,Healthcare,,inferred from description,13200000,,,Encrypted; Proof,,,"Champaign Urbana Public Health District provides a wide range of health services including dental care, nutrition assistance, mental health support, and food safety inspections. Their programs cater to various demographics, including adolescents, women, infants, and families, focusing on preventive health and education. The district also offers resources for substance abuse treatment, sexual health, and community food initiatives. Their intended clients include residents of Champaign County seeking health services, food assistance, and educational resources.",2026-06-01,2026-06,stated by site,yes,no,6a1d6c87d152110a6ac6d153
INC Ransom,belimed.com,belimed.com,US,United States,stated,,,,700000000,,,Proof,Employee / HR; Financial / accounting; Corporate / confidential,,"We are announcing the successful breach of the secure network of Belimed AG, a leading provider of sterilization equipment. Our team has gained full access to the digital assets of their finance department and has exfiltrated the entire dataset. Data Volume: 1.5 Terabytes. In our possession is the complete financial picture of Belimed AG. This isn't just tables or reports; it is the entire nervous system of their business, including: * **SAP (SUP) Databases:** Full dumps containing all operational and financial information. * **Accounting Records:** All transactions, entries, and financial operations spanning many years. * **Client Contracts and Payments:** Detailed information on deals, pricing, and accounts receivable. * **Employee Data:** Salaries, bonuses, and personal financial information. * **Internal Audits and Strategic Planning:** Documents revealing their weaknesses, future plans, and trade secrets. * **Tax Documentation and Banking Details:** All information necessary for a complete understanding of their financial flows. The management of Belimed AG was given the opportunity to resolve this matter privately and without consequence. They chose silence, believing they could ignore us. This was a fatal mistake. By refusing to engage, they have jeopardized not only their own reputation but also the security of their clients, partners, and employees. **This is not a threat. It is an announcement of a coming event.** Exactly one month from the date of this post, the entire 1.5 TB data archive will be published for public access on this resource. Anyone—competitors, journalists, regulators—will be able to download and scrutinize the inner workings of Belimed AG. To the management of Belimed AG: you have made your choice. Now you will serve as an example to all others. Enjoy the consequences. The clock is ticking.",2026-05-29,2026-05,stated by site,yes,no,6a18dda1d152110a6a470e18
INC Ransom,Distrigaz Vest S.A.,,RO,Romania,stated,Retail & Wholesale,,inferred from description,300000,,,Proof,,,"Distrigaz Vest S.A. is an independent gas distribution company established in 2001, renowned for being the exclusive natural gas distributor in Oradea, Romania. The company offers a wide range of services including public gas distribution, network operation, and maintenance of gas infrastructure. Distrigaz Vest utilizes modern, automated equipment aligned with European standards to ensure safety and operational efficiency. In terms of financial performance, for the fiscal year 2024, Distrigaz Vest S.A. reported a turnover of RON 86.53 million and a net profit of RON 9.89 million, reflecting a 60% increase compared to the previous year . The company maintains a stable operational structure with 50 employees as of 2024 . Regarding ownership, Distrigaz Vest S.A. is primarily controlled by S.C. Luxten Lighting Company S.A., which acquired its stake in 2012 by converting debts into shares . The current shareholding structure, established following the dissolution of shareholder RMG Romania S.R.L. in 2016, is as follows : S.C. Luxten Lighting Company S.A. – 75.0101% Xxxxxxxxx Xxxxxxx Xxxxxxx (individual) – 24.3631% Laek: 100GB WE HAS COLLECTED SUCH DATA AS: - Confidential documents - Clients Data - NDA - Financial data - Operations - Corporate data - Business Agreements - Development - Financial databases, all transactions, all clients And a lot of other VERY IMPORTANT information!",2026-05-26,2026-05,stated by site,yes,no,6a15bd2bd152110a6af5b33b
INC Ransom,PILLER AIMMCO,,US,United States,stated,Agriculture & Food,,inferred from description,25000000,,,Proof,,,"PILLER AIMMCO is a leading vertically integrated custom plastic injection molding and tool-making company based in Woodland and Washougal, Washington. The company serves as a ""one-stop shop"" by managing the entire manufacturing lifecycle under one roof—from initial part design and engineering to mold production, automated high-volume manufacturing, and secondary assembly. PILLER AIMMCO holds ISO 9001:2015 certifications across both its tooling and molding operations, enabling it to support rigorous industrial regulations: 1. Medical Devices & Biotech: Fluid management components, orthodontic instruments, and lab devices that meet FDA, biocompatibility, and sterilization metrics. 2. Aerospace & Defense: Specialized tooling, gauges, fixtures, and finished components requiring absolute traceability. 3. Consumer Electronics: Complex enclosures, wearable technology components, and carbon-fiber-filled metal replacements. 4. Industrial & Agriculture: Heavy-duty commodities, nursery containers, large housings, and automotive/heavy trucking aftermarket parts",2026-05-25,2026-05,stated by site,yes,no,6a14d339d152110a6addfb1e
INC Ransom,lawants,,ES,Spain,stated,Financial Services,,inferred from description,300000,,,Proof,,,"Lawants provides its clients with lawyers, Tax Advisors and Accountants accustomed to working in the international arena. Our goal is to become the client’s referents in the areas of expertise to address and solve all phases of a project, or issue, with an interdisciplinary and problem-solving-oriented approach. Likewise, we believe that the client must necessarily be an integral part of the Lawants team. We like to work, dialogue, confront each other and make our clients participants in every process that affects them to help them grow in their Business in Spain, the United States and South America. Laek: 100GB WE HAS COLLECTED SUCH DATA AS: - Confidential documents - Clients Data - NDA - Financial data - Operations - Corporate data - Business Agreements - Development - Financial databases, all transactions, all clients And a lot of other VERY IMPORTANT information!",2026-05-25,2026-05,stated by site,yes,no,6a144ad3d152110a6acdd762
INC Ransom,pacificwestinjury.com,pacificwestinjury.com,US,United States,stated,Legal,,inferred from description,20000000,,,Proof,,,"""We’ve built more than a law firm... We’ve built trust."" Clearly not for their clients safety!",2026-05-23,2026-05,stated by site,yes,no,6a10f48ed152110a6a7d2ace
INC Ransom,www.labexpress.com,labexpress.com,US,United States,stated,Financial Services,,inferred from description,5000000,,,AD Dump; Encrypted; Stocks,Databases / backups,,"LABEXPRESS & GARONIT PHARMA: 200 GB OF SHARED INFRASTRUCTURE We have obtained 200 GB of internal data from a US-based group operating under two legal entities: Labexpress and Garonit Pharma. The materials show a single Active Directory domain (LABEXPRESS1.local), a shared file server, and extensive cross‑company records. This data will be made publicly available in the near future. Active Directory Overview - 65 computers, 142 user accounts, 98 groups, 11 organizational units (OUs). - Domain controllers: DC01 (Server 2019), LABXDC01 (Server 2012 R2). - A single AD domain serves both Labexpress and Garonit Pharma. Notable account: cn: Troy Austin sAMAccountName: Taustin memberOf: QuickBooks, LABEXPRESS, LABEXPRESSUSERS The same person appears in Exchange mailboxes as taustin@garonitpharma.com. Weak Passwords and Brute‑Force Indicators - Administrator account: 3,193 failed logon attempts, last successful logon 2026-04-30. - Computer accounts FRONTDESK$, DEV$, LABEL$ – more than 3,000 failures each. - Cleartext password found on FILE01\passwords.txt: Admin: LabExpress2024! - The Domain Admins group includes: Administrator, labadmin, adminiss, Protect, xtratech, LAE009-CT. - Password for user Protect: Password123! - Outdated password templates in the “SBSUsers” OU are still in use. Mail Servers and Exchange - LABSERVER2 runs Windows Server 2003 SP2 with Exchange 2007. - Full mailbox export performed using the built‑in Export-Mailbox cmdlet – no special exploit required. Contents of the Obtained Data (200 GB) We have data from drive E:\, including: 1. Financial & Accounting - QuickBooks Enterprise 2021 installer and data files (QB2021.DSN, QB2021.ND). - Folder: E:\Garonit Documents\Clients 2022\ – hundreds of invoices, COAs, and COCs (e.g., Amtrade International INV# 50268.pdf for ~21M USD, Estee Lauder Inv# 24.pdf). - Folder: E:\Garonit Documents\ACCOUNTS PAYABLES 2022 09 22\ – detailed accounts payable records for 50+ vendors. 2. Quality & Production - Thousands of COA/COC files (e.g., CHG 20% Lot 429012 CoA.pdf, COC CHG 20%, Lot# 705103.docx). - Complete batch records for 2023–2026 (folders Batch Records\2023, 2024, 2025, 2026). - Stability study protocols and raw HPLC data for CHG 0.12% Oral Rinse. 3. ANDA & Regulatory Documentation - Folder “00 Oral Rinse ANDA-Old One” – complete ANDA dossier, including DMF, method validation, stability, and correspondence with the FDA. - Files: ANDA Checklist-Oral Rinse.docx, DMF Assessment in advance.pdf. 4. Vendor & Customer Records - Folder: E:\Garonit Documents\Vendor from 2022 07 19 TO 2022 09 21\Vendor\ – dossiers on each supplier (contracts, invoices, assessments). - Folder: E:\LABEXPRESSDATA\ALL LEI ORDERS\ – customer purchase orders and sales quotations. 5. Human Resources (HR) - Folder: E:\LABEXPRESSDATA\HUMAN RESOURCES\ – employment contracts, W‑9 forms, tax deductions, resignation letters. - Passport scans, Green Card copies, health insurance records for many employees. - Files: Employee Handbook.pdf, PTO Request Form.docx, Time off request form.pdf. 6. Internal Communications & Scans - Directory “C224E BIZHUB SCANNER DUMPS” containing subfolders named after employees (Burcu, Frank, Iliany, Kelvin, Dave, Randy, Sudhir, etc.). - Scans include: Green Cards, IDs, credit card authorization forms, bank letters, and correspondence with the IRS. - Examples: Burcu Green Card.pdf, Rohit Garg X-Ray.pdf, SKM_C250i... (thousands of scanned documents). 7. Tax & Banking Documentation - Correspondence with the IRS, State of New Jersey, Valley National Bank, Citibank. - Files: IRS Notice Lab Express.pdf, Valley Bank Garonit Deceember 2020.pdf, Credit Application, Bank instructions.pdf. Shared Infrastructure – Observed Facts - The same Active Directory domain and file server (drive E:\) store data for both Labexpress and Garonit Pharma. - Cross‑company records reside in the same folders (e.g., “Garonit Documents” and “LABEXPRESSDATA” coexist on the same drive). - User Troy Austin has an AD account (Taustin) and also uses the email address taustin@garonitpharma.com. - Purchase orders, invoices, COA/COC files refer to both companies interchangeably. - At the IT level, there is no separation between the two legal entities. The obtained data demonstrates that Labexpress and Garonit Pharma operate on a single, shared IT infrastructure. All files, accounts, mailboxes, and production records are stored on the same systems. A 200 GB archive will be publicly released in the near future.",2026-05-22,2026-05,stated by site,yes,no,6a0fdc7bd152110a6a5e7814
INC Ransom,Open Door Health Center,,US,United States,stated,Healthcare,,inferred from description,5000000,,,Proof,,,"Open Door Health Center of Illinois offers a comprehensive medical home approach to primary health care, focusing on improving community health since 1977. Their services include medical assistance, HIV programs, behavioral health, case management, and community outreach, catering especially to LGBTQI individuals and those living with HIV/AIDS. The center aims to provide affordable and accessible healthcare without discrimination, while also engaging in education and training initiatives. Their intended clients include patients in need of medical care, community members seeking support, and volunteers looking to contribute to health equity.",2026-05-22,2026-05,stated by site,yes,no,6a101ddfd152110a6a6658dc
INC Ransom,Mecanizados y Montajes Aeronáuticos (mymgroup.es),,ES,Spain,stated,Manufacturing,,inferred from description,500000,,,Proof,,,"MyM specializes in the manufacturing of metallic components and subassemblies for aerospace applications, serving major Tier 1 and OEM programs globally. The company is committed to excellence, utilizing advanced technology, infrastructure, and a skilled workforce to ensure high-quality production and timely delivery. MyM is recognized as an innovative SME, actively engaging in research and development within the aerospace and industrial sectors. Their clientele includes prominent companies such as Airbus, Boeing, Embraer, and Leonardo. Laek: 100GB WE HAS COLLECTED SUCH DATA AS: - Confidential documents - Clients Data - NDA - Financial data - Operations - Corporate data - Business Agreements - Development - Financial databases, all transactions, all clients And a lot of other VERY IMPORTANT information!",2026-05-21,2026-05,stated by site,yes,no,6a0f5600d152110a6a4f6aa3
INC Ransom,threadinnovations,,CA,Canada,stated,,,,15000000,,,Encrypted,,,"Thread has developed a proprietary technology for the production of cost-effective, efficient, and scalable carbon fiber. This process is based on utilizing the natural molecular structure of asphaltenes found in oil sands bitumen. Unauthorized access has been gained to the company's confidential files, including client data, proprietary R&D, and financial documentation.",2026-05-21,2026-05,stated by site,yes,no,6a0f559dd152110a6a4f6395
INC Ransom,Nothing,,TW,Taiwan,stated,,,,122000000,,,Proof,,,NOTHING Website: https://nothing.tech/ https://www.zoominfo.com/c/nothing/557232902 WE HAS COLLECTED SUCH DATA AS: - Confidential documents - Clients Data - NDA - Financial data - Operations - Corporate data - Business Agreements - Technology - Total: 52GB And a lot of other VERY IMPORTANT information!,2026-05-19,2026-05,stated by site,yes,no,6a0cac1fd152110a6a17ee94
INC Ransom,Meirc training and consulting,,AE,United Arab Emirates,stated,Professional Services,,inferred from description,21000000,,,Encrypted; Proof,,,"Meirc offer a wide range of training programs across various categories, including accounting, finance, artificial intelligence, project management. They is recognized as a ""trusted"" training and consulting partner. We accessed the entire MEIRC network and downloaded 1TB of data - accounting - internal mail -planning - budgets - all personal information of all employees of the company In a week everything will be in the public domain.",2026-05-17,2026-05,stated by site,yes,no,6a0a55f6d152110a6acc24fa
INC Ransom,metaval.com.au,metaval.com.au,AU,Australia,stated,Retail & Wholesale,,stated in description,5000000,,,Encrypted; Proof,,50,"Metaval Consolidated is an Australian owned and operated manufacturers representative supplying all Australian states and territories. Metaval was established in 1967 to provide an engineering supply service to users in the paper industry. As our company grew and diversified, the range of industries serviced also increased. Today we provide engineered products to all major industries in Australia. We represent some of the worlds leading manufacturers in the supply of industrial equipment to a wide range of industries including water, manufacturing, mining and processing. Since commencing operations we have: Grown to be a leading Melbourne-based manufacturers representative for dozens of well known international brands. Worked and consulted on hundreds of projects from thousands of dollars to million dollar projects. Located in our own industrial premises and warehouse in Bayswater. Work with customers and consultants located in all Australian states and territories. Employees: 50 Revenue: $5 Million Industry: Home Improvement & Hardware Retail Phone Number: (646) 256-4886",2026-05-17,2026-05,stated by site,yes,no,6a099da9d152110a6ab7ed5b
INC Ransom,defenseisready.com,defenseisready.com,US,United States,stated,,,,1000000,,,Proof,,,"Deandra Grant Law is a Texas criminal defense and DWI firm with a practice exclusively concentrated on DWI, federal and criminal defense. The firm has defended clients across North and Central Texas for more than 30 years, with more than 500 cases tried to verdict.",2026-05-15,2026-05,stated by site,yes,no,6a072947d152110a6a706176
INC Ransom,Silergy Corp,,US,United States,stated,Manufacturing,,inferred from description,223000000,,,Encrypted; Proof; AD Dump; Stocks,Databases / backups,,"Silergy Corp. specializes in the manufacture and sale of power integrated circuits. Silergy Corp. is headquartered in Hangzhou, Zhejiang, China.",2026-05-14,2026-05,stated by site,yes,no,6a0600fed152110a6a4ef108
INC Ransom,rbh aerospace inc,,US,United States,stated,Aerospace & Defense,,inferred from description,8200000,,,Proof,Financial / accounting; Legal / contracts; Corporate / confidential; Email / correspondence; Engineering / R&D / IP,,"RBH Aerospace, Inc. -is a manufacturing company located in Long Beach, California, specializing in the production of aerospace components. Established in January 2005, the company focuses on providing high-quality parts for both commercial and military aircraft. Their product offerings include aircraft frames, fuselages, wings, and various metal alloy components such as steel, aluminum, and titanium. 2708 Seaboard Lane, Long Beach, CA 90805 http://www.rbhaerospace.com/ Leaked data 240 GB: Corporate information, including electronic correspondence with counterparties, contracts including NDAs, transactions and payments related to them, STP (STEP) files, part drawings (including those for F-15, F-22), manuals and instructions.",2026-05-11,2026-05,stated by site,yes,no,6a026194d152110a6aeddbc7
INC Ransom,lalsgroup.com,lalsgroup.com,AE,United Arab Emirates,stated,Retail & Wholesale,,inferred from description,87000000,,,Stocks,,,"Lals Group is a large UAE-based family business group operating in retail, FMCG, distribution, home goods, and lifestyle brands across the GCC region. Founded in 1979, the company manages well-known brands and retail chains including Homes r Us, Daiso Japan, Carter’s, Mom Store, and others. Lals Group operates across the UAE, Qatar, Bahrain, Oman, Kuwait, and Saudi Arabia, with activities spanning retail stores, shopping malls, and logistics services. -- 400 gb",2026-05-11,2026-05,stated by site,yes,no,6a02334bd152110a6ae8fc6c
INC Ransom,https://sibillacapital.com/,sibillacapital.com,US,United States,stated,,,,1,,,Proof,,,data,2026-05-10,2026-05,stated by site,yes,yes,69fffa6bd152110a6ab10d5a
INC Ransom,lopezlawfl.com,lopezlawfl.com,US,United States,stated,,,,500000,,,Stocks,,,full data,2026-05-10,2026-05,stated by site,yes,yes,69fff6d3d152110a6ab0bb0a
INC Ransom,Bideawee,,US,United States,stated,Healthcare,,inferred from description,11100000,,,Encrypted; Proof,,,"Bideawee is a no-kill animal rescue and shelter located in NYC, Wantagh, and Westhampton. The organization offers a variety of services including adoptions, medical care, pet therapy, and fostering opportunities. Bideawee aims to strengthen the human-animal bond through compassionate care for both pets and their owners. Its targeted clients include individuals and families seeking to adopt or foster pets, as well as volunteers looking to support animal welfare.",2026-05-09,2026-05,stated by site,yes,no,69ffb56dd152110a6aaad633
INC Ransom,Calsoft Inc,,US,United States,stated,,,,300000000,,,Proof,Personal data (PII); Employee / HR; Customer data; Financial / accounting; Legal / contracts; Corporate / confidential,,"CalSoft Inc. is a company focused on providing digital transformation and AI services tailored for enterprises. Their offerings are designed to enhance operational efficiency, accelerate product delivery, and ensure robust data security, AI-Powered Solutions, Cloud and Infrastructure Services, Data Management, Product Development 1762 Technology Dr, San Jose, California, 95110 calsoftinc.com Leaked data 24.4 Gb Technical information of clients, logs, software and its instructions, contracts including NDAs, client lists, personal data of employees with passports and personal photos, accounting records, and other corporate information.",2026-05-08,2026-05,stated by site,yes,no,69fe673ad152110a6a8abbbd
INC Ransom,earthsystems.com.au earthsystemseurope.com,,AU,Australia,stated,,,,20000000,,,Proof,,,full corp data nda client contract project,2026-05-07,2026-05,stated by site,yes,yes,69fd03998f1d14b743bbf310
INC Ransom,autorisk.org,autorisk.org,US,United States,stated,,,,5000000,,,Proof,,,client data,2026-05-07,2026-05,stated by site,yes,yes,69fcfec88f1d14b743bb4c38
INC Ransom,egnyte.com,egnyte.com,US,United States,stated,,,,200000000,,,Proof,,,development department EU pl,2026-05-07,2026-05,stated by site,yes,yes,69fd06c68f1d14b743bc5851
INC Ransom,bergen1.net,bergen1.net,US,United States,stated,Education,,inferred from description,146500000,,,Encrypted; Proof,,,"Founded in 1965, Bergen Community College is a comprehensive higher education institute that offers academic degree programs to students. Bergen Community College is located out of Paramus, New Jersey We will publish all the data(1TB) in a week",2026-05-07,2026-05,stated by site,yes,no,69fd1aa08f1d14b743bed25b
INC Ransom,cmswpc.com,cmswpc.com,US,United States,stated,Healthcare,,inferred from description,50000000,,,Proof,,,"All patient medical records in their entirety. All data from the medical center, including personal and confidential information, will be stolen. The data will be divided into 7 parts, with each part containing 200–300 GB",2026-05-07,2026-05,stated by site,yes,yes,69fcf1d98f1d14b743b95793
INC Ransom,childplace.org,childplace.org,US,United States,stated,Non-profit,,stated in description,7200000,,,Encrypted; Proof,,100,"Childplace Family Services is dedicated to nurturing children and empowering families through a range of services including fostering, adoption, counseling, and community support. The organization aims to serve children and families at risk, particularly those who have experienced abandonment, abuse, or neglect. With a history of over 50 years, Childplace has successfully helped thousands of children find loving homes and provided essential support to families in need. Their mission is rooted in promoting hope and healing within the community, guided by a spirit of Christian love. Employees: 100 Revenue: $7.2 Million Industry: Non-Profit & Charitable Organizations Phone Number: (812) 282-8248",2026-05-04,2026-05,stated by site,yes,no,69f920828f1d14b7435a480d
INC Ransom,sanver.com.mx,sanver.com.mx,MX,Mexico,stated,Retail & Wholesale,,stated in description,37000000,,,Encrypted; Proof,,1000,"Sanver Forte is a leading hardware wholesaler with over 30 years of experience in the northeastern, central, and Bajío regions of Mexico. The company offers a wide range of products and services related to hardware and construction, focusing on meeting the needs and expectations of its clients through timely deliveries and excellent customer service. Their mission is to simplify the distribution of leading brands, ensuring satisfaction and profitability for customers, collaborators, and shareholders. Sanver Forte aims to be the most comprehensive and secure provider of hardware and home preservation products, contributing to the growth of its employees and the community. Employees: 1000 Revenue: $30 Million Industry: Home Improvement & Hardware Retail Phone Number: +52 7898933030",2026-05-04,2026-05,stated by site,yes,no,69f91d448f1d14b74359fb5d
INC Ransom,https://www.wilkemgroup.com/,wilkemgroup.com,BS,Bahamas,stated,,,,20000000,,,Proof,,,wilkemsolutions.com wilkemgroup.com 400gb gov contract etc,2026-05-04,2026-05,stated by site,yes,no,69f817388f1d14b743413276
INC Ransom,Aerodiagnostics,,US,United States,stated,,,,30000000,,,Proof,,,"Aerodiagnostics, LLC is a Massachusetts-based laboratory specializing in advanced diagnostic testing for gastrointestinal disorders, including Small Intestinal Bacterial Overgrowth (SIBO), fructose malabsorption, sucrose intolerance, and lactose intolerance. The company utilizes state-of-the-art technology and non-invasive breath tests to provide accurate results while ensuring a high level of customer service Laek: 50GB WE HAS COLLECTED SUCH DATA AS: - Confidential documents - Clients Data - NDA - Financial data - Operations - Corporate data - Business Agreements - Development - Financial databases, all transactions, all clients And a lot of other VERY IMPORTANT information!",2026-05-04,2026-05,stated by site,yes,no,69f845818f1d14b743454e7c
INC Ransom,northshoreenv.com,northshoreenv.com,US,United States,stated,Professional Services,,stated in description,23500000,,,Encrypted; AD Dump,Databases / backups,200,"North Shore Environmental Consultants is a progressive environmental company that provides a wide range of environmental management and consulting services to help clients navigate complex environmental and regulatory challenges. With over 20 years of experience, they offer solutions in areas such as remediation, emergency spill response, air quality, and corporate consulting. Their client base spans various industries across western Canada, and they are recognized for their innovative operational programs and commitment to client satisfaction. North Shore is dedicated to fostering a sustainable future while continuously expanding their expertise and services. Employees: 200 Revenue: $23.5 Million Industry: Business Services Phone Number: (780) 467-3354",2026-05-02,2026-05,stated by site,yes,no,69f53ed68f1d14b743ffbc53
INC Ransom,EXPEDITOR,,US,United States,stated,Healthcare,,inferred from description,18000000,,,Proof,,,"Expeditor Systems specializes in improving patient flow through innovative light signaling systems designed for medical practices and institutions. Their solutions, including the LEAN Patient Flow System and Life Safety Nurse Call Systems, aim to enhance patient experience, increase operational efficiency, and boost revenues. With over 40 years of experience and a client base exceeding 8,000 Laek: 50GB WE HAS COLLECTED SUCH DATA AS: - Confidential documents - Clients Data - NDA - Financial data - Operations - Corporate data - Business Agreements - Development - Financial databases, all transactions, all clients And a lot of other VERY IMPORTANT information!",2026-05-01,2026-05,stated by site,yes,no,69f424de8f1d14b743e44b1e
INC Ransom,Iowa Spring Manufacturing & Sales,,US,United States,stated,Agriculture & Food,,inferred from description,20300000,,,Proof,Financial / accounting; Legal / contracts; Corporate / confidential,,"Iowa Spring is a well-established manufacturer specializing in a variety of springs, including those for overhead garage doors, mechanical applications, and agricultural equipment. Founded in 1977 and based in Adel, Iowa, the company has built a strong reputation for quality and reliability in the spring manufacturing industry. 2112 Greene Street P.O. Box 130 Adel, IA 50003, US www.iowaspring.com Leaked data: 49,4Gb Accounting, product development and testing, laboratory defect analysis, supply logistics, contracts, NDA, financial indicators, corporate information, and much more",2026-04-29,2026-04,stated by site,yes,no,69f2821e8f1d14b743bc4e9a
INC Ransom,https://www.fulcrumre.com/,fulcrumre.com,US,United States,stated,,,,50000000,,,Proof,,,2tb data all company data,2026-04-28,2026-04,stated by site,yes,yes,69f0d6b38f1d14b74390f7b1
INC Ransom,sumacinc.com,sumacinc.com,US,United States,stated,,,,50000000,,,Proof,,,all client data 2tb,2026-04-28,2026-04,stated by site,yes,yes,69f012738f1d14b7437c5997
INC Ransom,www.durable-tech.com,durable-tech.com,US,United States,stated,Professional Services,,inferred from description,1000000,,,Proof,,,"Durable Mecco is a small company (1-10 employees) operating in the HR & Staffing industry, located at 176 Thorn Hill Rd, Warrendale, Pennsylvania, 15086. This entity is distinct from ""Durable Technologies,"" which focuses on industrial marking equipment.",2026-04-28,2026-04,stated by site,yes,no,69f07fd58f1d14b7438902a4
INC Ransom,ldisolutions.com,ldisolutions.com,US,United States,stated,Manufacturing,,stated in description,5000000,,,Encrypted; Proof,,50,"Pneutronics, a division of Parker Hannifin Corporation's Instrumentation group, is a New Hampshire-based designer and manufacturer of pneumatic and electronic control systems serving diverse industrial markets. Founded in 1977 with the mission of combining pneumatics and electronics into modular package control solutions, Pneutronics has evolved from its initial focus on semiconductor equipment subsystems to become a trusted component supplier across kidney dialysis, patient monitoring, gas chromatography, automotive paint spray, and semiconductor equipment applications. Located in Hollis, New Hampshire, approximately one hour north of Boston, the company operates as part of Fortune 500 Parker Hannifin Corporation, headquartered in Cleveland, Ohio, providing access to world-class resources and global distribution capabilities. Employees: 50 Revenue: $5 Million Industry: Industrial Machinery & Equipment Phone Number: (866) 332-0700",2026-04-27,2026-04,stated by site,yes,no,69ef4e668f1d14b743662bdf
INC Ransom,BELFOR,,SG,Singapore,stated,,,,2000000000,,,Proof,Personal data (PII); Employee / HR; Financial / accounting; Legal / contracts; Corporate / confidential; Engineering / R&D / IP,,"BELFOR (Asia) Pte Ltd, Singapore. RecoveryPro Ltd, Japan. Country list: Singapore, Japan, Korea, Taiwan, Thailand, Malaysia. Total Data: 430GB Data: Confidential (Classified) - non-disclosure agreements (NDA's), Personal scan passports, Employee Privacy, Employment contracts, Employment Records, Health Information. Finance Department - Salary & Bonus structures, Internal audit reports, Insurance contracts & payments, Payroll Reports, Benefits & pension details, Internal investigations, Partners agreements, Balance sheets, Budget reports, Credit agreements, Tax filings, Marketing plans. IT Department - IT network infrastructure, Research and development data, SDLC documentation. Other - All projects report & files, Buildings drawings, Object Photo, Photo of damages, Object plans, a lot of internal documentation. Clients: Mitsubishi, Samsung, Toyota, Kawasaki Motors, Sony Technology, Fujifilm Business Innovation, Siemens, Seiko, Nissan and many other. Full data release coming soon!!!",2026-04-27,2026-04,stated by site,yes,no,69ef61a08f1d14b743681c09
INC Ransom,Selex - Gruppo Commerciale,,IT,Italy,stated,Retail & Wholesale,,inferred from description,22500000000,,,Encrypted; AD Dump,Personal data (PII); Employee / HR; Customer data; Financial / accounting; Legal / contracts; Databases / backups,,"Selex Group Announces Cyber Attack and Data Breach Today We confirm that Selex, a leading grocery retailer and distributor in Italy, has fallen victim to a large-scale cyber attack. The breach, which occurred in recent days, has compromised approximately 1 terabyte of sensitive data, including both production and development sources, as well as the personal and financial information of employees, customers, and partners. It is estimated that the attack affected a significant amount of critical company data, including: Production and Development Sources: Intellectual property, project plans, and confidential development documents. Personal and Financial Data: Sensitive personal information, including names, addresses, financial records, and employee payroll details. Customer and Partner Information: Data related to Selex’s customer base and business partners, including transaction history and contractual agreements. Moreover, We dumped databases include: products, suppliers, specifications, login credentials, tokens, workflow engine, production data, and BPM system. UPD: In light of the recent cyber incident, representatives of the Selex Group, including Maniele Tasca, who was personally informed, have indicated that they do not assume any responsibility to their customers regarding this matter. All interested parties may contact us for further details via the ‘Reports’ button.",2026-04-27,2026-04,stated by site,yes,no,69ef627c8f1d14b74368332f
INC Ransom,United Quality Cooperative / www.uqcoop.com,,US,United States,stated,Energy & Utilities,,inferred from description,33800000,,,Encrypted; Proof,,,"United Quality Cooperative provides a range of services including bulk fuel, propane, lubricants, and agricultural products. We have at our disposal internal corporate correspondence, financial documents, personal data of company employees and much more. All stolen information will be published in the public domain in a week, if the company's management does not pay.",2026-04-27,2026-04,stated by site,yes,no,69eeb5488f1d14b74359d4c5
INC Ransom,reddycardiology.com,reddycardiology.com,US,United States,stated,Healthcare,,stated in description,5000000,,,Encrypted; Proof,,50,"Reddy Cardiology provides comprehensive cardiovascular care and diabetes management services in Sugar Land, TX. The clinic specializes in the prevention and treatment of heart disease, high blood pressure, and diabetes, utilizing state-of-the-art technology and personalized treatment plans. Their intended clients include adult patients referred by primary physicians for various cardiac symptoms and those seeking preventive care. Reddy Cardiology also offers a unique diet plan, the Reddy Diet, aimed at promoting heart health and managing diabetes. Employees: 50 Revenue: $5 Million Industry: Hospitals & Physicians Clinics Phone Number: (281) 491-0044",2026-04-26,2026-04,stated by site,yes,no,69ee864b8f1d14b743560da8
INC Ransom,MTCI,,US,United States,stated,Telecommunications,,inferred from description,25000000,,,Proof,Personal data (PII); Employee / HR; Financial / accounting; Medical / health (PHI); Corporate / confidential; Email / correspondence; Engineering / R&D / IP,,"MTCI Telecommunications and IT Consulting . Specializes in VoIP, structured cabling, network protection, and cloud services. They highlight being an independent consultant (vendor-agnostic) and offer 24/7/365 support . They have won the Cincinnati US Regional Chamber of Commerce Small Business of the Year award. 11260 Chester Road, Cincinnati, Ohio, USA mtci.com Leaked data: 320 Gb company projects (including special projects of devices with drawings, air bridges, Wi-Fi bank and many other projects), information about employees with personal data, insurance, medical secrets; corporate information with guidance documents and correspondence with counterparties; finance; employee Video surveillance Files",2026-04-26,2026-04,stated by site,yes,no,69ee77e38f1d14b74354b57f
INC Ransom,tlctrialteam.com,tlctrialteam.com,US,United States,stated,Legal,,inferred from description,1000000,,,Proof,,,"TLC Trial Team is a personal injury law firm based in Winter Haven, Florida. The firm handles accident and injury-related cases.",2026-04-24,2026-04,stated by site,yes,no,69eb79598f1d14b74309bec2
INC Ransom,nbd3pl.com,nbd3pl.com,US,United States,stated,Transportation & Logistics,,inferred from description,500000000,,,Proof,,,"North Bay Distribution has been in the warehousing, order fulfillment, and shipping industry for more than 30 years. They are a full service outsourcing logistics service provider. They are based in northern California's City of Vacaville. The proximity of their facility provides streamlined deliveries from the Port of Oakland for goods manufactured and arriving from the Pacific Rim",2026-04-23,2026-04,stated by site,yes,no,69ea301d8f1d14b743ec6c2b
INC Ransom,krauseundco,,DE,Germany,stated,Engineering & Architecture,,inferred from description,5000000,,,Proof,,,"Provision of civil engineering services, renovation and restoration of all types of buildings, road and path construction, sewer construction, pipeline construction for gas, water, and district heating, plant construction, engineering services, specialized civil engineering services, concrete restoration, trade in building materials, and all activities conducive to furthering the company’s purpose.",2026-04-23,2026-04,stated by site,yes,no,69ea22bb8f1d14b743eb4941
INC Ransom,Dorotea Sweden,,SE,Sweden,stated,Government,,inferred from description,34400000,,,Encrypted; Proof; AD Dump; Stocks,Databases / backups,,"Despite all our warnings, the Dorotea administration has decided to turn a blind eye to the fate of everyone whose data will be published; now this data will be used in all sorts of ways, and hundreds of people will face problems, as will Dorotea’s management. Dorotea has 24 hours left to make the right decision. -------------------- Dorotea Kommun is a local government entity located in the southern part of Lapland, Sweden, offering a wide range of services including education, childcare, elder care, and community support. The municipality aims to provide a welcoming environment for residents and visitors, promoting various activities in its beautiful natural surroundings. It also focuses on infrastructure development, economic support for businesses, and community engagement through events and programs. The intended clients include local residents, families, and individuals seeking support and services in the region. ----- https://www.zoominfo.com/c/vilhelmina-kommun/430618876 Headquarters Torget 6, Vilhelmina, Vaesterbotten, 912 32, Sweden Phone Number +46 94014000 Website www.vilhelmina.se Revenue $31.7 Million Industry 501-1,000 Employees",2026-04-23,2026-04,stated by site,yes,no,69ea299e8f1d14b743ebd6f1
INC Ransom,trugreen.com,trugreen.com,US,United States,stated,Consumer Services,,stated in description,290000000,,,Encrypted; Proof,,10,"TruGreen is the nation's leading lawn care provider offering neighborhoods across the country tailored lawn, tree and shrub care along with protection against mosquitoes and other pests. As a company rooted in scientific expertise with a customer-centered approach, TruGreen helps homeowners achieve an outdoor living space that brings them pride. Employees: 10k+ Revenue: $2.9 Billion Industry: Consumer Services Phone Number: (833) 830-2305",2026-04-22,2026-04,stated by site,yes,no,69e94bc78f1d14b743d7124a
INC Ransom,krwlawyers.com,krwlawyers.com,US,United States,stated,Legal,,inferred from description,1000000,,,Proof,,,"At KRW Lawyers, we understand the profound impacts that an unexpected accident can have on your physical, emotional, and financial well-being. Our personal injury and mass tort lawyers are dedicated to holding negligent parties accountable and recovering a comprehensive settlement for all your current and future care needs. With decades of experience and over $1 Billion recovered, you can trust our attorneys to represent your best interests in and out of the courtroom. Our firm is proud to have its members recognized by Super Lawyers and Martindale-Hubbell, underscoring our impressive record of results and commitment to excellence, integrity, and service.",2026-04-22,2026-04,stated by site,yes,no,69e919e58f1d14b743d20955
INC Ransom,rheem,,US,United States,stated,Manufacturing,,inferred from description,600000000,,,Proof,Personal data (PII); Employee / HR; Financial / accounting; Legal / contracts; Corporate / confidential; Engineering / R&D / IP,,"Rheem Manufacturing Company 1100 Abernathy Road, Suite 1700 Atlanta, GA 30328, United States www.rheem.com is a well-established manufacturer specializing in heating, cooling, and water heating products. Founded in 1925, the company has its headquarters in Atlanta, Georgia, and has grown to become a global leader in its industry. Company Overview. Rheem produces a wide range of products, including residential and commercial water heaters, boilers, air conditioning units, and heating, ventilation, and air conditioning (HVAC) equipment. The company is particularly noted for its commitment to energy efficiency, offering numerous ENERGY STAR® certified products. Leaked data: 320 GB (479,856 Files, 76,897 Folders) includes developments: technical documentation, drawings, test reports and other technical information, employee data containing personal information, corporate information, contracts and agreements (including non-disclosure agreements), financial information and metrics, and much more.",2026-04-20,2026-04,stated by site,yes,no,69e6890e8f1d14b74393c8d9
INC Ransom,alupco.com,alupco.com,SA,Saudi Arabia,stated,Engineering & Architecture,,inferred from description,56400000,,,Encrypted,,,"ALUPCO is the Middle East's largest aluminium extruder, established in 1975, offering a diverse range of high-quality extruded profiles and comprehensive building solutions. The company specializes in project management, architectural solutions, and modular buildings, catering to clients across various sectors. With a commitment to sustainability and performance, ALUPCO aims to enhance efficiency in the building journey from start to finish. Their extensive operations span multiple countries, serving a wide array of customers globally.",2026-04-17,2026-04,stated by site,yes,no,69e25d808f1d14b743381eca
INC Ransom,Mag. Fünder Hausverwaltungs GmbH,,AT,Austria,stated,Real Estate,,inferred from description,5000000,,,Proof,,,"Mag. Fünder Hausverwaltungs GmbH is a property management company operating throughout Austria, offering services such as professional real estate management, tailored property care, precise property accounting, and expert apartment renovations. The company focuses on transparency, fairness, sustainability, and innovation to build long-term relationships with clients. They cater to both small and large property management needs, ensuring high engagement regardless of the property size. Their team is well-trained and motivated, providing customized service packages to meet individual client requirements.",2026-04-17,2026-04,stated by site,yes,no,69e236208f1d14b743348a3d
INC Ransom,bgcsnv.org,bgcsnv.org,US,United States,stated,Non-profit,,stated in description,15300000,,,Encrypted; Proof,,200,"Boys & Girls Club of Southern Nevada provides a safe and engaging environment for youth through various programs, including early childhood learning, summer camps, and mental health services. With 13 clubhouses across the region, they aim to support children in achieving their potential regardless of their background. The organization encourages community involvement and offers opportunities for volunteering and sponsorship. Their mission is to create a positive impact on the lives of young people in Southern Nevada. Employees: 200 Revenue: 15.3 Million Industry: Membership Organizations Phone Number: (702) 367-2582",2026-04-16,2026-04,stated by site,yes,no,69e16db28f1d14b743252555
INC Ransom,treelawoffice.com,treelawoffice.com,US,United States,stated,Legal,,stated in description,5000000,,,Encrypted,,50,"Tree Law is a Social Security Disability law firm with 25 years of experience, dedicated to representing claimants in their pursuit of Social Security disability benefits. The firm specializes in assisting disabled individuals who are unable to work, guiding them through the entire Social Security process from initial applications to federal court. With a proven track record of helping thousands of clients, Tree Law aims to provide financial and medical benefits to those in need. Their services are available in Yakima and Tri-Cities, WA. Employees: 50 Revenue: $5 Million Industry: Law Firms & Legal Services Phone Number: (509) 452-1700",2026-04-16,2026-04,stated by site,yes,no,69e1639f8f1d14b743245150
INC Ransom,Arban & Carosi,,US,United States,stated,,,,30000000,,,Encrypted; Proof,,,"Arban Carosi: 1TB customer and company data leaked due to negligence. * * Full employee base: Including names, positions, personal and work email addresses, phone numbers. * * Financial Documentation: Contracts, Invoices, Revenue Data * * Customer base: Customer contact details, project details * * Internal correspondence: Service emails and documents disclosing internal processes and company plans. !! In the screenshots, you can see that we have accessed detailed plans of various buildings, including U.S. Army buildings!! We will publish all the data in a week and everyone can use it for their own purposes.",2026-04-14,2026-04,stated by site,yes,no,69ddba468f1d14b743d54bff
INC Ransom,bdac.com.au,bdac.com.au,AU,Australia,stated,Non-profit,,stated in description,19600000,,,Encrypted,,200,"Bendigo and District Aboriginal Co-operative (BDAC) has been providing services and support to the Aboriginal and Torres Strait Islander community of Dja Dja Wurrung for more than 15 years. BDAC is a proud Aboriginal community-controlled organisation, governed by a seven-member board elected by members. It has more than 50 staff - 80 per cent of whom identify as Aboriginal - working across three locations in Bendigo, including the Forest Street medical clinic. The company delivers programs across the core areas of health, education, employment, culture, family and community. BDAC is focused on achieving positive outcomes for and with the company's community, and leads the way in delivering a range of community development and capacity building projects. Employees: 200 Revenue: $19.6 Million Industry: Charitable Organizations Phone Number: +61 354424947",2026-04-12,2026-04,stated by site,yes,no,69dc23a08f1d14b743b06acc
INC Ransom,Straten & Kollegen,,DE,Germany,stated,Professional Services,,inferred from description,5000000,,,Encrypted; AD Dump; Proof,Databases / backups,,"Straten & Kollegen GmbH is a tax consulting firm based in Nordhorn, serving clients in the Grafschaft Bentheim, Emsland, and surrounding areas. They provide personalized and competent tax advisory services to both businesses and private individuals, including specialized support for Dutch companies entering the German market. The firm also offers expertise in agricultural bookkeeping and assists registered associations with their tax-related challenges. Their goal is to alleviate the burden of tax processes, allowing clients to focus on their core competencies.",2026-04-12,2026-04,stated by site,yes,no,69db99ad8f1d14b743a4694c
INC Ransom,www.campbell.edu,campbell.edu,US,United States,stated,Education,,inferred from description,100000000,,,Proof,,,"In the university data leak, there will be incidents related to teachers' pedophilia, sexual abuse of students by other students, drug use, personal data, military recruitment of students, and other things 500gb",2026-04-11,2026-04,stated by site,yes,yes,69d9adee8f1d14b7437c374e
INC Ransom,morgancountyga.gov,morgancountyga.gov,US,United States,stated,Government,,stated in description,23000000,,,Encrypted,,50,"Morgan County offers a range of government services and community resources, including public safety through the Fire Rescue and Sheriff's Office, as well as a Public Transit System. The county actively engages with residents by providing updates on meetings, events, and community initiatives. It features recreational facilities, such as a Recreation Complex, aimed at enhancing community well-being. The intended clients include local residents, visitors, and anyone needing access to county services. Employees: 50 Revenue: $23 Million Industry: Government Phone Number: (706) 342-1507",2026-04-11,2026-04,stated by site,yes,no,69dadc2a8f1d14b74395452e
INC Ransom,mastercom.com.au,mastercom.com.au,AU,Australia,stated,Telecommunications,,stated in description,12000000,,,Encrypted,,50,"Mastercom is raising the benchmark in Local Government communications in Sydney - building fast, secure and interoperable two way radio communication networks and infrastructure capable of bridging any terrain to enable field workers to be heard loud and clear anywhere, anytime. As a founding partner of The Orion Network we support a number of local government entities including: Newcastle City Council Maitland City Council Penrith City Council. Contact our Sydney two-way radio solutions team to find out more about our local government and emergency response solutions. Employees: 50 Revenue: $12.7 Million Industry: Telecommunications Phone Number: +61 288219588",2026-04-11,2026-04,stated by site,yes,no,69dadb098f1d14b743952754
INC Ransom,wright-ryan.com,wright-ryan.com,US,United States,stated,,,,23000000,,,Proof,,,600gb project nda personal client contract all corp data,2026-04-10,2026-04,stated by site,yes,yes,69d92e6c8f1d14b74370ad02
INC Ransom,martek co ltd.,,TW,Taiwan,stated,,,,10000000,,,Proof,,,https://www.martek.com.tw/en 700gb NDA,2026-04-10,2026-04,stated by site,yes,no,69d861b58f1d14b743603f0e
INC Ransom,rxm.com.au,rxm.com.au,AU,Australia,stated,Pharmaceuticals & Biotech,,stated in description,1300000,,,Encrypted,,200,"Rx Management is a franchise network that manages a number of Pharmacy stores across New South Wales, Victoria and South Australia. We care about the wellbeing of our customers and our vision is to be the best in the Community Pharmacy, Health and Beauty space in Australia in dispensing prescriptions, providing health, beauty and lifestyle solutions and selling health and beauty product. Employees: 200 Revenue: $13 Million Industry: Pharmaceutical Manufacturing",2026-04-08,2026-04,stated by site,yes,no,69d676a58f1d14b74332aa2f
INC Ransom,Kannarr Eye Care,,US,United States,stated,Healthcare,,inferred from description,5000000,,,Proof,,,"Kannarr Eye Care is a full-service optometry provider located in Pittsburg, Kansas, dedicated to improving lives through advanced eye care. They offer a wide range of services including eye exams, contact lens fittings, cataract surgery, and treatment for ocular diseases. The clinic serves patients in the four-state area, ensuring personalized attention and professional care. Kannarr Eye Care also provides vision financing options and works with various insurance providers to promote good eye health.",2026-04-07,2026-04,stated by site,yes,no,69d4bb2e8f1d14b7430855d1
INC Ransom,BERGE-BAU GmbH & Co. KG,,DE,Germany,stated,Construction,,inferred from description,5000000,,,Encrypted; Proof,,,"Berge-Bau is a German family-run construction firm operating since 1875, specializing in structural engineering, civil engineering, pipeline construction, and turnkey projects. Celebrating its 150th anniversary, the company serves industrial and residential clients from its Erndtebrück headquarters and a branch in Zeitz. ----------------- Unfortunately, this company’s management values its own bottom line more than the safety of its employees and partners. In three days, hundreds of pieces of personal data, as well as contracts containing non-disclosure clauses, will be made public. We are giving Berge-Bau one last chance to resolve this situation amicably.",2026-04-03,2026-04,stated by site,yes,no,69d00e508f1d14b7439e964b
INC Ransom,roodtrucking.com,roodtrucking.com,US,United States,stated,Transportation & Logistics,,stated in description,5000000,,,Encrypted,,20,Employees: 20 Revenue: $5 Million Industry: Transportation and Warehousing,2026-04-03,2026-04,stated by site,yes,no,69cf9f358f1d14b743937025
INC Ransom,Infonet Media d.o.o.,,SI,Slovenia,stated,Media & Entertainment,,inferred from description,50000000,,,Proof,,,"Infonet Media d.o.o. (infonet.fm) is a media company based in Slovenia that operates one of the largest radio networks in the country. It brings together several popular radio stations (such as Radio 1, Radio Antena, and others), providing wide national and regional audience coverage. The company specializes in radio broadcasting, content production, and media projects, while also actively working in advertising and partnership campaigns.",2026-04-03,2026-04,stated by site,yes,no,69d01af68f1d14b7439fc1b3
INC Ransom,coronapa.com,coronapa.com,US,United States,stated,Legal,,inferred from description,5000000,,,Proof,,,"Corona Law Firm is a proud excellent client service and skillful representation. Established in 1997, well-known in the Florida legal community.",2026-04-03,2026-04,stated by site,yes,no,69d04c918f1d14b743a602d2
INC Ransom,irpea.it,irpea.it,IT,Italy,stated,Non-profit,,stated in description,24000000,,,Encrypted,,200,"Fondazione IRPEA is a passionate nonprofit organization based in Padua that champions community service and volunteer work. Since being named the European Capital of Volunteering in 2020, they have been dedicated to growing local social projects and supporting community initiatives. Their work focuses on creating meaningful change through volunteer engagement and public support. Employees: 200 Revenue: $24.2 Million Industry: Charitable Organizations Phone Number: +39 498727201",2026-04-02,2026-04,stated by site,yes,no,69ce0dba8f1d14b7436c8084
INC Ransom,VLawyers,,GR,Greece,stated,Legal,,inferred from description,500000,,,Proof,,,"VGLawyers is a modern law firm providing professional legal services in Greece and internationally. Its team of experienced lawyers specializes in corporate law, investments, real estate, and business support, offering clients reliable and effective solutions. 260 gb data downloaded vglawyers.gr",2026-04-02,2026-04,stated by site,yes,yes,69ceb7aa8f1d14b7437d1f41
INC Ransom,submissionfinance.com,submissionfinance.com,AU,Australia,stated,,,,1000000,,,AD Dump; Encrypted; Proof; Stocks,Databases / backups,,"Collaborate With Our Expert Consultants Now. Since 1972, Submission Finance has been your steadfast partner in navigating the ever-changing world of money. Born from a boomer’s belief in hard work, integrity, and face-to-face relationships, our family-run firm has grown alongside generations of clients, earning trust through transparency and results.At Submission Finance, we don’t just manage numbers; we champion your ambitions. Our name says it all: when you submit your financial goals to us, we commit our decades of expertise to crafting personalized strategies, whether you’re saving for retirement, expanding a family business, or building your first investment portfolio. Contact: info@submissionfinance.com",2026-03-31,2026-03,stated by site,yes,no,69cbc35d8f1d14b743348acf
INC Ransom,delapazlaw.com,delapazlaw.com,US,United States,stated,Insurance,,inferred from description,1000000,,,Proof,,,"When you work with the Law Office of Michael R. De La Paz, the only thing you have to worry about is recovering from your injuries. Mr. De La Paz will go to bat for you with the insurance companies and fight them in court to get you the compensation you deserve.",2026-03-31,2026-03,stated by site,yes,no,69cbb56d8f1d14b74332df1f
INC Ransom,barrypgoldberg.com,barrypgoldberg.com,US,United States,stated,,,,2000000,,,Proof,,,"Barry P. Goldberg is truly committed to client satisfaction. We strive to obtain the largest possible result the law will allow and at the same time maximizing our clients’ net amount. We will take your phone calls whenever possible, return all communication promptly and answer each and every question. At Barry P, Goldberg, A Professional Law Corporation, we strive to handle our cases aggressively, ethically and “transparently” for our clients.",2026-03-30,2026-03,stated by site,yes,no,69cac3b58f1d14b7431d311c
INC Ransom,millersteelelaw.com,millersteelelaw.com,US,United States,stated,Legal,,inferred from description,5000000,,,Proof,,,"At Miller & Steele Law Firm, we believe in protecting and fighting for those who have been affected by the negligence of others. David Miller started this firm in 1978 to fight for those who could not fight their own battle. When he was a young man, he saw a family member involved in a lawsuit who was poorly represented by a bad lawyer which resulted in a poor outcome.",2026-03-30,2026-03,stated by site,yes,no,69caddcb8f1d14b7431fedaf
INC Ransom,domingogarcia.com,domingogarcia.com,US,United States,stated,,,,9000000,,,Proof,,,"Domingo Garcia’s has been representing accident victims for over 35 years! One of Domingo’s first legal victory happened in 1995 when a jury awarded his client, a car-accident victim, $1,100,000. As the years passed Domingo has surrounded himself with highest skilled and qualified legal team who have recovered millions for victims of injury and wrongful death.",2026-03-30,2026-03,stated by site,yes,no,69caf3e48f1d14b74321bc7d
INC Ransom,Community Connections,,US,United States,stated,Healthcare,,inferred from description,30000000,,,Proof,,,"Community Connections operates as a non-profit behavioral health organization dedicated to serving vulnerable populations including women, men, youth, and children who face systemic barriers to healthcare access. The organization addresses critical gaps in mental health and substance use treatment by providing comprehensive services tailored to the specific needs of marginalized communities. The organization delivers an integrated continuum of care that combines behavioral health treatment, residential support services, and primary health care coordination.",2026-03-29,2026-03,stated by site,yes,no,69c90c9e8f1d14b743f59f93
INC Ransom,Greenology Products,,US,United States,stated,,,,8200000,,,Proof,,,"Since 2008, Greenology Products has been on a mission to create household and personal care products that do not harm our environment or human health. Our motto is Good, Clean, Honest. We create a superlative customer-centric experience by producing household and personal care products that deliver performance, delight the senses, and solve everyday needs while using plant-based and responsible ingredients and materials that do not hard people, pets, or our precious planet.",2026-03-29,2026-03,stated by site,yes,no,69c9505a8f1d14b743fad95d
INC Ransom,"Conveyors, Inc.",,US,United States,stated,Government,,inferred from description,13500000,,,Proof,,,"Conveyors, Inc. is a family-owned manufacturer of bulk material handling equipment, established in 1974, with over 40 years of experience in the industry. The company offers a wide range of products including screw conveyors, bucket elevators, and drag conveyors, designed to efficiently handle bulk materials. Their intended clients span various industries such as commercial, industrial, oil & gas, and governmental sectors. With a commitment to quality and superior service, Conveyors, Inc. aims to exceed customer expectations in every project.",2026-03-29,2026-03,stated by site,yes,no,69c906e98f1d14b743f528dc
INC Ransom,www.davidhelfandlaw.com,davidhelfandlaw.com,US,United States,stated,Education,,inferred from description,1000000,,,Proof,,,"David A. Helfand, P.A. is admitted to practice in all the state courts of the state of Florida as well as the U.S. District Court in the Southern District of Florida. Mr. Helfand graduated from St. John’s University in 1989 and from Nova Southeastern University Law School in 1992. He formed the Law Offices of David A. Helfand, P.A. in 1998. He is a member of the Miami-Dade County Bar Association and the Association of Trial Lawyers of America.",2026-03-26,2026-03,stated by site,yes,no,69c5609c8f1d14b743a08e12
INC Ransom,ETFSA,,ZA,South Africa,stated,Education,,inferred from description,8000000,,,Proof,,,"ETFSA.co.za is a South African financial services platform specializing in exchange-traded funds (ETFs). It offers a wide range of investment options, allowing individuals to invest in various sectors, indices, and asset classes through low-cost, diversified ETFs. The platform provides educational resources, investment solutions, and tools to help investors manage their portfolios effectively. ETFSA also supports tax-free savings accounts (TFSA) and retirement accounts, making it accessible for long-term wealth building ETFSA.co.za became the target of a cyberattack, and all confidential and personal client data will be published soon. Mike Brown did not worry about the security of his clients' data; he had the opportunity to ensure the safety of such sensitive data, but he preferred to stay on the sidelines. +27 82 653 5645 (m) Mike Brown",2026-03-26,2026-03,stated by site,yes,no,69c5317f8f1d14b7439c9337
INC Ransom,pulpdent.com,pulpdent.com,US,United States,stated,Retail & Wholesale,,stated in description,20000000,,,Encrypted,,100,"PULPDENT® Corporation is a family-owned dental research, manufacturing company and leader in bioactive and biomimetic dental materials. ACTIVA BioACTIVE, developed by Pulpdent, is a bioactive restorative material that behaves much like natural teeth and helps stimulate the formation of apatite, chemically bonds to teeth and helps protect against decay. For over 70 years, Pulpdent has been committed to product innovation, clinical education and patient-centered care. Employees: 100 Revenue: $20.1 Million Industry: Retail Phone Number: +(617) 926-6666",2026-03-25,2026-03,stated by site,yes,no,69c42f858f1d14b7438430bc
INC Ransom,glenmarkpharma.com,glenmarkpharma.com,IN,India,stated,Pharmaceuticals & Biotech,,inferred from description,1400000000,,,Proof,,,"Glenmark Pharmaceuticals, founded in 1977 and headquartered in Mumbai, India, is a global pharmaceutical company that develops, manufactures, and markets pharmaceutical products. The company operates in over 25 countries across North America, South America, Europe, Asia, Africa, and the Middle East, with a strong focus on research and development of innovative medications. Glenmark specializes in various therapeutic areas and maintains a diverse portfolio of pharmaceutical products serving both business and consumer markets worldwide. Rajeev Sharma Senior Vice President and Chief Financial Officer - North America Laura Lester Senior Vice President & General Counsel - North America Jim Brown Senior Vice President Firas B Abulaban Senior Vice President and Corporate Quality Head of North America Bradley Nowels Vice President Institutional Sales – North America Vishal Arora Vice President of Business Development and Licensing Michael Pope Executive Director and Site Head – Monroe, NC Adam Subervi Chief Compliance Officer Fabio Moreno Executive Director and Head of the OTC Business Kathleen (Kathy) McKenna Senior Director – Human Resources INVESTORS Company Secretary & Compliance Officer ComplianceOfficer@glenmarkpharma.com Tel No.: +91 22 4018 9999 Fax No.: +91 22 4018 9986 REGISTRAR AND SHARE TRANSFER AGENTS KFIN Technologies Limited Selenium Building, Tower-B, Plot No 31 & 32,Financial District, Nanakramguda, Serilingampally, Hyderabad, Rangareddy, Telangana, India – 500 032. Email ID: einward.ris@kfintech.com Toll Free/ Phone Number : 1800 309 4001 WhatsApp Number : (91) 910 009 4099 KFINTECH Corporate Website: www.kfintech.com RTA Website: https://ris.kfintech.com Investor Support Centre (DIY Link) https://ris.kfintech.com/clientservices/isc BUSINESS DEVELOPMENT For queries related to collaboration and partnership, please email to : businessdevelopment.web@glenmarkpharma.com INVESTORS Company Secretary & Compliance Officer ComplianceOfficer@glenmarkpharma.com Tel No.: +91 22 4018 9999 ------------------------------------------- GRIEVANCE OFFICER grievance.officer@glenmarkpharma.com Tel No.: +91 22 4018 9999 Fax No.: +91 22 4018 9986 ------------------------------------------- REGISTRAR AND SHARE TRANSFER AGENTS KFIN Technologies Limited Selenium Building, Tower-B, Plot No 31 & 32,Financial District, Nanakramguda, Serilingampally, Hyderabad, Rangareddy, Telangana, India – 500 032. Email ID: einward.ris@kfintech.com Toll Free/ Phone Number : 1800 309 4001 WhatsApp Number : (91) 910 009 4099",2026-03-25,2026-03,stated by site,yes,no,69c3d3d18f1d14b7437c320c
INC Ransom,PWNA Plains,,US,United States,stated,Non-profit,,inferred from description,5000000,,,Encrypted; Proof,,,"Partnership With Native Americans is a 501 (c)(3) nonprofit organization committed to championing hope for a brighter future for Native Americans living on remote, isolated and impoverished reservations",2026-03-24,2026-03,stated by site,yes,no,69c30c758f1d14b7436d1047
INC Ransom,jenningsk12.org,jenningsk12.org,US,United States,stated,Education,,stated in description,28500000,,,Encrypted,,500,"The Jennings School District strives to provide students with learning experiences and opportunities that prepare the company's students for college and careers and for the 21st century. The company is a community of learners committed to excellence in education. The company want students to plan and prepare for life after Jennings High School. The company want Jennings students to leave the Jennings School District with the opportunity to take college classes, earned college credit, or have taken career and technical education classes that allow them to start working in their desired career field after graduation. The company is developing community partnerships that will benefit Jennings students and the Jennings community. Please take the time to explore the College and Career link and resources available. It is an honor to serve the families and students of the Jennings School District. CLICK HERE to visit the College and Career Advising page. Employees: 500 Revenue: $28.5 Million Industry: Education Phone Number: +(314) 653-8000",2026-03-24,2026-03,stated by site,yes,no,69c2e4b58f1d14b743698da2
INC Ransom,cerboniservices.com,cerboniservices.com,US,United States,stated,Hospitality & Travel,,inferred from description,5000000,,,Encrypted; AD Dump; Proof; Stocks,Databases / backups,,"Cerboni specializes in providing expert bookkeeping, tax, and CFO services tailored for the restaurant and hospitality industries, while also serving a diverse range of sectors including retail, healthcare, and construction. The company focuses on optimizing profitability, strengthening financial controls, and driving sustainable growth for its clients. With a commitment to delivering clear financial insights and strategic support, Cerboni partners with businesses to enhance their operational efficiency and long-term success. Their comprehensive services include payroll management, inventory control, tax compliance, and IRS audit support.",2026-03-24,2026-03,stated by site,yes,no,69c2be7f8f1d14b74366cb23
INC Ransom,Kiswire,,KR,South Korea,stated,Manufacturing,,inferred from description,1300000000,,,Proof,Personal data (PII); Employee / HR; Financial / accounting; Corporate / confidential; Engineering / R&D / IP,,"Kiswire Ltd. 37 Gurak-ro 141beon-gil Suyeong-gu Busan, 48212 South Korea www.kiswire.com is a prominent player in the specialty steel wire industry, headquartered in Busan, South Korea. Founded in 1945, the company has established itself as a global leader, manufacturing a wide range of steel wire products for various sectors, including automotive, construction, energy, and electronics. Kiswire exports its products to over 80 countries and maintains a significant production capacity of approximately 1.2 million tons annually. Leaked data: 128 GB (137,688,514,560 bytes) 118,019 Files, 22,024 Folders Special data: technologies, information about manufactured products, control of technological processes and tests, product assembly schemes, material specifications, drawings, product tests, logistics, financial indicators, complete information about employees including complete personal data, photographs, gender and skin color, etc., corporate information and more. Status of data: confidental",2026-03-23,2026-03,stated by site,yes,no,69c1acc58f1d14b7434fc1f0
INC Ransom,airports.com.na,airports.com.na,NA,Namibia,stated,,,,22000000,,,Encrypted,,200,"Namibia Airports Company founded in 1999 and headquartered in Khomas, Namibia, is a service provider in airport operations and management. Employees: 200 Revenue: $21.5 Million Industry: Federal Phone Number: +264 612955000",2026-03-19,2026-03,stated by site,yes,no,69bbef478f1d14b743d8daad
INC Ransom,sensationalteeth.com,sensationalteeth.com,US,United States,stated,Healthcare,,stated in description,5000000,,,Encrypted,,10,"Oelbaum & Kagan Dentistry is a dental practice located in the Bronx, New York City, offering a wide range of services including cosmetic dentistry, restorative care, and orthodontics. Led by experienced dentists Victor Oelbaum and Victor Kagan, the practice is dedicated to providing high-quality dental care in a comfortable environment. They cater to both adults and children, ensuring comprehensive dental health solutions for all patients. The office is equipped with advanced technology to enhance the patient experience and improve treatment outcomes. Employees: 10 Revenue: $5 Million Industry: Dental Practice Management Phone Number: (718) 882-7202",2026-03-18,2026-03,stated by site,yes,no,69bb32478f1d14b743ca453a
INC Ransom,frazercenter.org,frazercenter.org,US,United States,stated,Education,,stated in description,9200000,,,Encrypted,,200,"Frazer Center is a non-profit organization dedicated to supporting children and adults with developmental disabilities. Their services include a Child Development Program for children aged six weeks to five years and an Adult Program that offers individualized programming for those with intellectual disabilities. The center aims to foster learning, social opportunities, and lasting friendships for all participants. Located in Atlanta, Georgia, they welcome donations and volunteers to support their mission. Employees: 200 Revenue: $9.7 Million Industry: Education Phone Number: (404) 377-3836",2026-03-16,2026-03,stated by site,yes,no,69b83be78f1d14b743891a72
INC Ransom,www.integer.net,integer.net,US,United States,stated,Healthcare,,inferred from description,2000000000,,,Proof,,,"Integer® Holdings Corporation (NYSE:ITGR) is one of the largest medical device outsource (MDO) manufacturers in the world serving the cardiac, neuromodulation, vascular and portable medical markets. The company provides innovative, high-quality technologies and manufacturing to Medical Device OEMs to enhance the lives of patients worldwide. In addition, it develops batteries for high-end niche applications in energy, military, and environmental markets. Greatbatch Medical®, Lake Region Medical® and Electrochem® comprise the companys brands. Our story is one filled with 80 years of industry-changing innovations and exemplary manufacturing. Its a legacy we are proud of as we continue to provide customers with unparalleled expertise, innovation and manufacturing excellence. We are guided by our values of Innovation, Collaboration, Inclusion, Candor, Integrity and Customer.",2026-03-13,2026-03,stated by site,yes,yes,69b4473c8f1d14b743373908
INC Ransom,JDV Products,,US,United States,stated,,,,13000000,,,Encrypted; Proof,,,"JDV Products, Inc. specializes in providing a wide range of tools and equipment for wire wrapping, including wire wrap guns, wrap tools, and wire handling solutions. The company also features a selection of gas-powered tools and fiber optic tools, ensuring comprehensive support for electrical projects. We have 700GB of data at our disposal, in a week we will publish everything.",2026-03-12,2026-03,stated by site,yes,no,69b214a48f1d14b7430934e7
INC Ransom,Kentucky Injury,,US,United States,stated,Healthcare,,inferred from description,1000000,,,Proof,,,"When you're dealing with an injury, you need more than just legal representation — you need someone who truly understands what you're going through and will stand by your side. That’s where I come in. I'm John Byrnes, a Louisville-based personal injury lawyer dedicated to helping people across Kentucky when they’ve been hurt due to someone else’s negligence. With over 25 years of legal experience and a passion for serving my community, I focus exclusively on personal injury law so I can give every client the time, attention, and strong advocacy they deserve. Whether you were injured in a car accident, harmed by a defective product, or suffered due to medical malpractice, my goal is to help you recover the maximum compensation and care you need to move forward.",2026-03-11,2026-03,stated by site,yes,no,69b1755f8f1d14b743fab8f6
INC Ransom,thethibeauxfirm.com,thethibeauxfirm.com,US,United States,stated,Legal,,inferred from description,10000000,,,Proof,,,"At The Thibeaux Firm, our top priority is you. We are a Lafayette, Louisiana-based personal injury law firm committed to high-quality representation, outstanding client support, and the pursuit of maximum compensation for accident victims. Omar Thibeaux started our law firm on the belief that advocacy means more than just negotiating a settlement from those responsible for your accident. It also involves listening to you, understanding your problems, keeping in frequent contact with you, and never losing sight of what your case is worth. Our goal is to get the most return on your accident claim — and to never charge excessive fees in doing so. Whether you’ve been in an accident in Lafayette, New Orleans, Baton Rouge, or anywhere else in the Pelican State, you’re never another claim number to us. You’re part of our community and our family.",2026-03-11,2026-03,stated by site,yes,no,69b171288f1d14b743fa547b
INC Ransom,meridenct.gov,meridenct.gov,US,United States,stated,Government,,stated in description,23000000,,,Encrypted,,200,"Meriden 2020 provides a variety of government, business, recreational, educational, and transportation resources for residents and visitors of Meriden, Connecticut (CT). Employees: 200 Revenue: $23 Million Industry: Government Phone Number: (203) 630-4000",2026-03-11,2026-03,stated by site,yes,no,69b1930c8f1d14b743fd3bb1
INC Ransom,Teknopres_TR,,TR,Turkey,stated,Construction,,inferred from description,5000000,,,AD Dump; Encrypted; Proof; Stocks,Databases / backups,,"Our company Teknopres, which was founded in 1978, serves injection casting, mould design and mould construction for the internal and the external markets. Teknopres has the principles of Qualificated Customer Focusing Production. Teknopres has the developing and constantly renewed technology in all departments. The company mainly works for the automotive, construction and electronics sectors.",2026-03-09,2026-03,stated by site,yes,no,69aea23f8f1d14b7431576fd
INC Ransom,arbd.com,arbd.com,US,United States,stated,Legal,,stated in description,5000000,,,Encrypted,,20,"Abramson Brown & Dugan is a leading law firm in New Hampshire specializing in medical malpractice and personal injury cases. With a reputation for securing the highest number of settlements in the state, they cater to clients who have suffered injuries due to medical negligence or accidents. Their team of experienced attorneys is committed to providing compassionate support during what can be a traumatic time for their clients. The firm also emphasizes their mission to restore trust and advocate fiercely for those affected by serious legal matters. Employees: 20 Revenue: $5 Million Industry: Law Firms & Legal Services Phone Number: (603) 627-1819",2026-03-09,2026-03,stated by site,yes,no,69af27c88f1d14b743442f8c
INC Ransom,tupeloeye.com,tupeloeye.com,US,United States,stated,Healthcare,,stated in description,5000000,,,Encrypted,,50,"It is home to Tupelo Eye Clinic (Joseph J. Chappell, M.D., William C. Brawner, M.D., and Lee H. Walker, M.D.) and Tupelo Eye Center Optical Shop. Located at 610 Brunson Drive, is the home of the Tupelo Eye Clinic & the Tupelo Eye Center Optical Shop. Our Services Employees: 50 Revenue: $5 Million Industry: Hospitals & Physicians Clinics Phone Number: (662) 844-7211",2026-03-09,2026-03,stated by site,yes,no,69af1cac8f1d14b7433f4e7b
INC Ransom,altaortho.com,altaortho.com,US,United States,stated,Healthcare,,stated in description,8000000,,,Encrypted,,50,"Alta Orthopaedics specializes in orthopaedic surgery, pain management, and sports medicine, serving clients in Santa Barbara, Solvang, Oxnard, and Santa Maria, CA. They offer a range of services including treatment for ACL injuries, meniscus tears, elbow tendon pathology, rotator cuff disease, fractures, and various types of surgical procedures. The practice boasts a convenient online booking system and a focus on patient education and care, as reflected in positive customer testimonials. Their team of specialists includes physicians and physician assistants experienced in various orthopaedic disciplines. Employees: 50 Revenue: $8.9 Million Industry: Hospitals & Physicians Clinics Phone Number: (805) 688-8821",2026-03-09,2026-03,stated by site,yes,no,69af1b058f1d14b7433e952e
INC Ransom,LHT Holdings Limited,,SG,Singapore,stated,Manufacturing,,inferred from description,25400000,,,Encrypted; AD Dump; Proof; Stocks,Databases / backups,,"LHT Holdings is a leading manufacturer of wooden pallets and crates based in Singapore, established in 1977. The company specializes in environmentally friendly packaging solutions, offering a comprehensive range of products including pest-free IPPC pallets, plastic pallets, and technical wood. LHT also provides services such as industrial packaging, pallet rental, and waste disposal, catering to clients looking for sustainable and innovative packaging options. With a focus on emerging technology and sustainability, LHT aims to reduce carbon footprints while delivering high-quality products and services.",2026-03-09,2026-03,stated by site,yes,no,69ae98878f1d14b74314ae6a
INC Ransom,Estra Automotive,,PL,Poland,stated,Manufacturing,,inferred from description,250000000,,,Encrypted; Proof; Stocks,,,"Estra Automotive is an international automotive supplier that develops and manufactures thermal management components and systems for vehicles. The company focuses on products such as HVAC systems, heat exchangers, and engine cooling solutions used by global automotive manufacturers to maintain optimal vehicle temperature, improve efficiency, and support modern vehicle technologies",2026-03-07,2026-03,stated by site,yes,no,69abe7068f1d14b743e12b6b
INC Ransom,northstaria.com,northstaria.com,US,United States,stated,Insurance,,stated in description,44000000,,,Encrypted,,200,"North Star Insurance Advisors is the leading final expense telesales company in America, dedicated to serving the senior market, agents, and partners. The company offers innovative training, a competitive compensation structure, and limitless growth opportunities for agents and partners. With over 40 years of combined experience, North Star utilizes proprietary technology to assist families with their final expense needs. As a purpose-driven organization, they prioritize people and aim to provide valuable resources to navigate life's challenges. Employees: 200 Revenue: $44.9 Million Industry: Insurance Phone Number: (636) 205-5005",2026-03-05,2026-03,stated by site,yes,no,69a9f6838f1d14b7434f3234
INC Ransom,parkerlipman.com,parkerlipman.com,US,United States,stated,Legal,,inferred from description,5000000,,,Proof,,,"Parker Lipman LLP is a premiere Denver personal injury law firm working for years, protecting the rights of the injured. Call our experienced attorneys for representation in personal injury and accidents.",2026-03-05,2026-03,stated by site,yes,no,69a9caa98f1d14b7434b8533
INC Ransom,saturnmachine.net,saturnmachine.net,US,United States,stated,Manufacturing,,stated in description,6000000,,,Encrypted,,50,"Saturn Machine is a leading designer and manufacturer of equipment for major steel companies in North America, specializing in steel fabrication, machining, laser processing, and sandblasting. The company prides itself on delivering high-quality products and problem-solving solutions, supported by a team of skilled professionals and advanced machinery. With capabilities in mechanical and electrical engineering, hydraulic system design, and welding fabrication, Saturn Machine aims to expand its services to a broader client base. Their commitment to customer satisfaction and excellence in design sets them apart in the steel products manufacturing industry. Employees: 50 Revenue: $6 Million Industry: Industrial Machinery & Equipment Phone Number: (270) 333-2104",2026-03-04,2026-03,stated by site,yes,no,69a86c0b8f1d14b743f6d074
INC Ransom,napolinlaw.com,napolinlaw.com,US,United States,stated,Insurance,,inferred from description,5000000,,,Proof,,,"Alexander D. Napolin is a top-rated, 100% plaintiff-side California personal injury attorney, exclusively advocating for injured individuals – never defending insurance companies or corporations.",2026-03-03,2026-03,stated by site,yes,no,69a7670b8f1d14b743bd2d3d
INC Ransom,hopkins-law.com,hopkins-law.com,US,United States,stated,Legal,,inferred from description,1000000,,,Proof,,,"Hopkins Barvié & Hopkins, P.L.L.C. is your trusted Gulf Coast firm for personal injury, business litigation, and family law—fiercely protecting your rights while guiding you with honesty, respect, and genuine care.",2026-03-03,2026-03,stated by site,yes,no,69a761858f1d14b743bcc860
INC Ransom,lawofficesoferichershler.com,lawofficesoferichershler.com,US,United States,stated,,,,1000000,,,Proof,,,"The Law Offices of Eric Hershler, APC, in Los Angeles, focuses exclusively on personal injury cases.",2026-03-03,2026-03,stated by site,yes,no,69a75fc98f1d14b743bc999c
INC Ransom,brockmaninjurylawyer.com,brockmaninjurylawyer.com,US,United States,stated,Legal,,inferred from description,1000000,,,Proof,,,"The attorneys at Jonathan R. Brockman, P.C. are dedicated to helping victims who have been injured or killed due to the negligence of others. Between them, our attorneys have more than 70 years of experience pursuing personal injury claims on behalf of clients and representing clients in a court of law. They have successfully tried cases in federal court and argued cases in the Georgia Court of Appeals and the Georgia Supreme Court.",2026-03-03,2026-03,stated by site,yes,no,69a75d7a8f1d14b743bc56dc
INC Ransom,"The City of Hesperia, CA",,US,United States,stated,Government,,inferred from description,31000000,,,Encrypted,,,"Access was gained to files containing state secrets, non-disclosure agreements, contracts with private and public companies, as well as personal data of employees and government officials. Transactions, payment, and tax documents were also obtained.",2026-03-03,2026-03,stated by site,yes,no,69a745538f1d14b743ba90ba
INC Ransom,maisonlaw.com,maisonlaw.com,US,United States,stated,,,,3000000,,,Proof,,,"Maison Law provides skilled, experienced, and personalized legal guidance to the voiceless and the injured in the Central Valley.",2026-03-03,2026-03,stated by site,yes,no,69a6f88b8f1d14b743b51a17
INC Ransom,cwpa.com,cwpa.com,US,United States,stated,Retail & Wholesale,,inferred from description,5000000,,,Proof; AD Dump; Encrypted,Databases / backups,,"Office Products Retail & Distribution PO Box 11309, Spring, Texas, 77391, United States Phone Number (281) 251-9814 Website www.cwpa.com Revenue <$5 Million CWPA is a provider of office equipment and furniture, specializing in customized solutions to improve office efficiency for businesses in Spring, TX. They offer a single-source approach for office supplies, managed print services, promotional products, and office ergonomics. Their intended clients include office managers and businesses seeking reliable, efficient ordering processes. CWPA emphasizes personalized customer service and prompt delivery, making them a preferred partner for various office supply needs.",2026-03-03,2026-03,stated by site,yes,no,69a6d03a8f1d14b743b10cfc
INC Ransom,bclawoffices.com,bclawoffices.com,US,United States,stated,,,,1000000,,,Proof,,,"At the Law Offices of Brent W. Caldwell, we help people who have been injured in accidents get the legal support they need during a difficult time. While there are many personal injury firms in California and Nevada, we take pride in being more than just a law office with strong results. We are focused on building real relationships with our clients and treating every case with the attention it deserves.",2026-03-03,2026-03,stated by site,yes,no,69a76eeb8f1d14b743bdca2d
INC Ransom,mcfirm.com,mcfirm.com,US,United States,stated,Legal,,inferred from description,1000000,,,Proof,,,"Martin Cukjati & Tom, LLP is a full service law firm with over 75 years of combined legal experience representing people and businesses in high-stakes litigation. The cornerstone of our success is limiting our case load and dedicating ourselves to serving a select few clients, making sure your case receives the attention it deserves. This allows us to focus on our clients, and work towards achieving the best possible outcome.",2026-03-02,2026-03,stated by site,yes,no,69a5a97b8f1d14b74397b6b7
INC Ransom,piglerautomation.com,piglerautomation.com,US,United States,stated,Manufacturing,,stated in description,5000000,,,Encrypted,,50,"Pigler Automation specializes in Industrial Automation System Integration, helping clients streamline and modernize their operations to enhance efficiency and productivity. Their services include control system consultation, project planning, and support for various industries such as biopharma, oil and gas, and energy. With over 20 years of experience, their team of certified engineers offers expertise in SCADA design, PLC programming, and system integration. Pigler Automation aims to bridge the gap between legacy systems and cutting-edge automation, ensuring clients can optimize performance and stay ahead of industry challenges. Employees: 50 Revenue: $5 Million Industry: Industrial Machinery & Equipment Phone Number: (866) 871-1456",2026-03-01,2026-03,stated by site,yes,no,69a38f9b8f1d14b7436e50f9
INC Ransom,http://ramet-trom.co.il/,ramet-trom.co.il,IL,Israel,stated,Government,,inferred from description,50000000,,,Proof,,,"1 terabyte of data, blueprints, contracts and much more, not recognized by the israeli ministry of defense as a terrorist organization.",2026-03-01,2026-03,stated by site,yes,no,69a4a7828f1d14b7438463a2
INC Ransom,lke-group.com,lke-group.com,DE,Germany,stated,Engineering & Architecture,,stated in description,30000000,,,Encrypted,,500,"LKE Group creates custom transport equipment for businesses across different industries. They design and build specialized gear that helps companies move materials, products, and goods more efficiently. From warehouse systems to industrial transport devices, LKE makes machines that solve real moving and handling challenges for factories, logistics centers, and manufacturing plants. Employees: 500 Revenue: $30.4 Million Industry: Architecture, Engineering & Design Phone Number: +49 23650000000",2026-03-01,2026-03,stated by site,yes,no,69a499e68f1d14b743834763
INC Ransom,abramssales.com,abramssales.com,US,United States,stated,Engineering & Architecture,,stated in description,5000000,,,Encrypted,,50,"Founded in 2001, Abrams Architectural Products, Inc. is a leading distributor, fabricator, and installer of architectural metals, particularly aluminum composite material cladding systems. They collaborate with architects and general contractors to ensure their visions are realized through quality products, expert solutions, and tailored services. Their product offerings include a variety of architectural metal systems for both exterior and interior cladding, catering to projects of various sizes and complexities. With a strong reputation for excellence, they serve a diverse range of clients across the United States, providing top-tier general contracting services in fields such as airports, museums, and medical centers. Employees: 50 Revenue: $5.3 Million Industry: Architecture, Engineering & Design Phone Number: (770)745-8728",2026-03-01,2026-03,stated by site,yes,no,69a4977f8f1d14b743831307
INC Ransom,denmark.k12.wi.us,denmark.k12.wi.us,US,United States,stated,Education,,stated in description,18200000,,,Encrypted,,100-249,"Denmark High School is a company that employs 100to249 people and has 10Mto25M of revenue. The company is headquartered in Denmark, Wisconsin. Employees: 200 Revenue: $18.2 Million Industry: Education Phone Number: (920) 863-4200",2026-03-01,2026-03,stated by site,yes,no,69a4948d8f1d14b74382e4e8
INC Ransom,Lymphedema Therapy Specialists,,US,United States,stated,Healthcare,,inferred from description,5000000,,,Encrypted; Proof,,,"Lymphedema Therapy Specialists is a private outpatient clinic in Houston, Texas, specializing in the treatment of lymphedema through various therapies including manual lymph drainage, pneumatic compression therapy, and wound care. The clinic aims to assist patients in managing their symptoms by providing educational resources and tailored treatment plans. With experienced professionals on staff, they serve individuals suffering from lymphedema and associated conditions in the Houston area. Their mission is to alleviate suffering and support patients in their healing journey.",2026-02-27,2026-02,stated by site,yes,no,69a170778f1d14b743449ab3
INC Ransom,Empresa de Transportes Via Pajuçara Ltda.,,BR,Brazil,stated,,,,33900000,,,Encrypted,,,http://viapajucara.com.br/ sac@pajunet.com.br janaina.felix@pajunet.com.br bianca.barbosa@pajunet.com.br adriano.lima@pajunet.com.br erica.amanda@pajunet.com.br ADMINISTRATIVE (11) 94744-7972 Janaína Félix (Supervisor) ext. 6934 Bianca Barbosa ext. 6783 Adriano Lima ext. 6761 Érica Amanda ext. 6773 COORDINATOR AND OPERATIONAL LEADERS (11) 98717-4485 (11) 97679-6019 (11) 95967-3480,2026-02-27,2026-02,stated by site,yes,no,69a154718f1d14b74341c877
INC Ransom,Tract Consulting,,CA,Canada,stated,Engineering & Architecture,,inferred from description,5000000,,,Proof,,,"Tract Consulting Inc. is an award-winning firm specializing in landscape architecture, urban planning, and civil engineering services, based in St. John's, Newfoundland & Labrador. With over 25 years of experience, they focus on creating beautiful, engaging communities where people feel a sense of belonging. Their team is dedicated to implementing community place-based design and effective asset management strategies. Intended clients include municipalities and organizations looking for professional design and planning services for urban improvement projects. In a week we will publish all data.",2026-02-27,2026-02,stated by site,yes,no,69a0f4578f1d14b7433943cd
INC Ransom,csi-ri.com,csi-ri.com,US,United States,stated,Manufacturing,,stated in description,5000000,,,Encrypted; AD Dump,Databases / backups,50,"Contractors Supply stocks and distributes only top quality products and materials that conform to the latest DOT, ASTM, and Federal Specifications. In addition, the company only partner with manufacturers and representatives who stand behind their products and prove to be invaluable resources in product selection, technical service, price and availability. Contractors Supply prides itself on partnering with contractors, architects, engineers as well as with the company's manufacturers to continually solve problems and provide solutions to the company's customers' needs. The company strives to share the company's expertise with the company's customers to generate successful results and solutions in all phases of construction. Contractors Supply's goal is to continue to be the company's customers' First Choice supplier by: - Stocking a wide variety of quality material, supplies, and equipment - Delivering the items you need, when and where you need them - Providing accurate and factual Employees: 50 Revenue: $5 Million Industry: Industrial Machinery & Equipment Phone Number: (203) 553-4300",2026-02-27,2026-02,stated by site,yes,no,69a1b9be8f1d14b7434b447b
INC Ransom,pacepacific.com,pacepacific.com,US,United States,stated,Construction,,stated in description,13000000,,,Encrypted; AD Dump; Proof,Databases / backups,200,"PACE Pacific Corporation is a Native American woman-owned small business that specializes in general contracting services in Arizona and New Mexico. Established in 1991, the company provides ground-up construction services for a diverse range of clients, including state, local, federal, tribal entities, and private developers. PACE offers comprehensive capabilities such as Construction Management, Self-Performing Concrete Division, and Design-Build Services, while maintaining a commitment to quality and a trained professional team. With extensive experience in sectors like education, healthcare, and military facilities, PACE aims to exceed client expectations as both a prime and subcontractor Employees: 200 Revenue: $13.2 Million Industry: Construction Management Phone Number: (602) 437-8729",2026-02-27,2026-02,stated by site,yes,no,69a1b8458f1d14b7434b2a2b
INC Ransom,APRO Asian Protection Pte Ltd,,SG,Singapore,stated,,,,5300000,,,Encrypted; AD Dump,Databases / backups,,+65 65676388 +60 46560933 enquiry@apro.com.sg register@apro.com.sg,2026-02-26,2026-02,stated by site,yes,no,69a04cff8f1d14b743268d25
INC Ransom,"JA AKITA KITA LIFE SERVICE, K.K",,JP,Japan,stated,,,,5000000,,,Encrypted,,,https://ja-akitakita-ls.jp/ 0186-55-1412,2026-02-26,2026-02,stated by site,yes,yes,69a04fd18f1d14b7432740b8
INC Ransom,WE Fitness,,TH,Thailand,stated,,,,5000000,,,Encrypted,,,Email info@wefitnesssociety.com 02-059-3939,2026-02-26,2026-02,stated by site,yes,no,69a048c68f1d14b74325849a
INC Ransom,https://daricon.com/ (military US/CA/NATO),daricon.com,US,United States,stated,,,,20000000,,,Proof,,,"400 GB of data, correspondence with NATO and US Army employees, confidential documents, signatures of NATO generals, their passport addresses, shipments to various countries, photos and videos, drawings, personal data, emails of employees of various US and NATO armies, numerous files, phone numbers, personal data, contracts with the Canadian and US Army, documentation on other companies involved in oil in Iraq, Uganda, and elsewhere.",2026-02-26,2026-02,stated by site,yes,no,69a0a50c8f1d14b743303cea
INC Ransom,"Law Offices Taenzer & Ettenson, P.C. (tesalaw.com)",,US,United States,stated,Legal,,inferred from description,30000000,,,Proof,,,"TAENZER & ETTENSON, P.C. is well-prepared to effectively serve your personal and business legal needs with years of experience in the practice of law. Our accomplished, professional staff will: Provide you with expert legal advice Identify key issues in your case Maintain your confidentiality at all times Extend to you the personal service and attention you deserve We are dedicated to providing you with exceptional legal services. Laek: 30GB WE HAS COLLECTED SUCH DATA AS: - Confidential documents - Clients Data - NDA - Financial data - Operations - Corporate data - Business Agreements - Development - Financial databases, all transactions, all clients And a lot of other VERY IMPORTANT information!",2026-02-25,2026-02,stated by site,yes,no,699ecb888f1d14b743ced0c0
INC Ransom,acwapower.com \ https://www.larsentoubro.com/,,AE,United Arab Emirates,stated,,,,100000000,,,Proof,,,400gb,2026-02-24,2026-02,stated by site,yes,no,699d17108f1d14b743a8a09e
INC Ransom,primepak.com,primepak.com,US,United States,stated,Manufacturing,,stated in description,54300000,,,Encrypted,,200,"Primepak is your worldwide specialist in packaging. As a leading manufacturer, importer and distributor since 1972, we provide a wide range of solutions for every application in packaging, plastic bags, poly sheets, tubing and films. Employees: 200 Revenue: $54.3 Million Industry: Manufacturing Phone Number: (201) 836-5060",2026-02-23,2026-02,stated by site,yes,no,699c5f118f1d14b7439678c4
INC Ransom,The City of Cocoa,,US,United States,stated,Government,,inferred from description,20200000,,,Proof,,,"The City of Cocoa offers diverse public services aimed at enhancing the quality of life for its community. Their services include water management, economic development programs, and various community engagement initiatives. Intended clients encompass local residents, businesses, and visitors who seek information and support from city departments. The city is also focused on maintaining public safety, health, and environmental stewardship.",2026-02-23,2026-02,stated by site,yes,no,699c5c908f1d14b743962624
INC Ransom,polymedicure.com,polymedicure.com,IN,India,stated,Healthcare,,inferred from description,165000000,,,Encrypted; Proof,,,"Polymed is a global leader in the medical device industry, offering a wide range of medical devices since 1997. The company specializes in various fields including infusion therapy, critical care, dialysis, cardiology, and oncology",2026-02-20,2026-02,stated by site,yes,no,699860528f1d14b7434f80f7
INC Ransom,aircotedivoire.com,aircotedivoire.com,ZA,South Africa,stated,Transportation & Logistics,,stated in description,40500000,,,Encrypted; AD Dump,Databases / backups,1000,"Established in 2012, Air Côte d'Ivoire offers direct and frequent flights. They are based in Abidjan, Ivory Coast. Employees: 1000 Revenue: 40.5 Million Industry: Airlines, Airports & Air Services Phone Number: +225 20251030",2026-02-19,2026-02,stated by site,yes,no,69969fda8f1d14b7432c9104
INC Ransom,distinctive-systems.com,distinctive-systems.com,AU,Australia,stated,Technology,,inferred from description,7000000,,,Encrypted; Proof; Stocks,,,"Distinctive Systems has been established for over 40 years and is the world’s leading supplier of management software for coach, bus and tour operators. From our head office in the UK and national offices in the USA and Australia, we support our clients in the daily use of over 2,600 of our latest Microsoft SQL Server based systems.",2026-02-17,2026-02,stated by site,yes,no,6994122c8f1d14b743f68d9a
INC Ransom,Rainier Clinical Research Center,,US,United States,stated,Healthcare,,inferred from description,5000000,,,Encrypted; Proof,,,"Rainier Clinical Research Center is a leading research facility specializing in clinical trials for diabetes, medical devices, and high-volume studies, with over 700 studies completed in 30 years. The center provides a purpose-built 15,000 square-foot research space We will publish all the information next week.",2026-02-15,2026-02,stated by site,yes,no,6991a93c8f1d14b743c5d6b4
INC Ransom,Ondine Biomedical,,CA,Canada,stated,Healthcare,,inferred from description,5000000,,,Encrypted; Proof,,,"Ondine Biomedical Inc. is a Canadian headquartered company led by founder and CEO, Carolyn Cross. Ondine has developed a patented, photodisinfection technology platform used in treatment and prevention therapies for a broad-spectrum of pathogens - including multidrug-resistant strains. Photodisinfection, which is not currently approved in the United States We will publish all the information next week.",2026-02-15,2026-02,stated by site,yes,no,6991a8838f1d14b743c5c963
INC Ransom,ACS Accountancy,,US,United States,stated,Financial Services,,inferred from description,1000000,,,Encrypted; Proof,,,"ACS Accounting (Berkshire) Ltd is a chartered management accounting firm that provides a comprehensive range of accounting and taxation services tailored for small and medium-sized businesses. Their services include bookkeeping, annual accounts, payroll, business planning, and tax compliance. We will publish all the information next week.",2026-02-15,2026-02,stated by site,yes,no,6991a8318f1d14b743c5c2e3
INC Ransom,Bitgo,,IT,Italy,stated,,,,5000000,,,Proof,,,"L'esperienza maturata dai suoi professionisti permette alla società BitGo di operare nel campo dell’Information & Communication Technology (ICT), fornendo servizi di assistenza e consulenza sistemistica.",2026-02-14,2026-02,stated by site,yes,no,6990ec428f1d14b743b91260
INC Ransom,farbank.com (flywatertravel),,US,United States,stated,Financial Services,,inferred from description,3000000,,,Proof,,,"Far Bank Enterprises is an integrated manufacturer and distributor of fly fishing products and services, including fly fishing rods, reels, waders, lines, leaders, tippet, performance outdoor apparel, and travel to the world's finest fly fishing experiences. Far Bank subsidiaries operate under the brand names Sage, Redington, RIO Products, and Fly Water Travel. Fly Water Travel is a leading provider of guided fly fishing trips and vacations, dedicated to delivering exceptional experiences for passionate anglers. Laek: 100GB WE HAS COLLECTED SUCH DATA AS: - Confidential documents - Clients Data - NDA - Financial data - Operations - Corporate data - Business Agreements - Development - Financial databases, all transactions, all clients And a lot of other VERY IMPORTANT information!",2026-02-13,2026-02,stated by site,yes,no,698eaaca8f1d14b74389543d
INC Ransom,Hiwassee Builder Supply,,US,United States,stated,Construction,,inferred from description,6000000,,,Proof,,,"HIWASSEE BUILDERS SUPPLY is dedicated to delivering a wide range of building products and services with exceptional value and service across East Tennessee and beyond. They offer in-house expertise for project design, estimation, and timely product delivery, catering to both home remodeling and commercial construction needs. With four locations in East Tennessee, they ensure efficient service and support throughout various projects. Laek: 100GB WE HAS COLLECTED SUCH DATA AS: - Confidential documents - Clients Data - NDA - Financial data - Operations - Corporate data - Business Agreements - Development - Financial databases, all transactions, all clients And a lot of other VERY IMPORTANT information!",2026-02-13,2026-02,stated by site,yes,no,698ea4528f1d14b743888e1b
INC Ransom,atchadwick.net,atchadwick.net,US,United States,stated,Construction,,stated in description,159000000,,,Encrypted,,500,"A.T. Chadwick is a mechanical contracting firm that offers services in plumbing, heating, air-conditioning, refrigeration, process piping, and field management. The company was founded in 1966 and is headquartered in Bensalem, Pennsylvania. Employees: 500 Revenue: $159.1 Million Industry: Construction Management Phone Number: (215) 245-5800",2026-02-12,2026-02,stated by site,yes,no,698d5c538f1d14b7436dd63b
INC Ransom,lohmann-tapes.com,lohmann-tapes.com,DE,Germany,stated,Manufacturing,,stated in description,817000000,,,Encrypted; AD Dump; Proof; Stocks,Databases / backups,5000,"For diverse industry needs, Lohmann is your reliable partner in smart bonding solutions. From industrial adhesive tapes to integrated smart products, from individual manufacturing components to comprehensive process integration - everything is provided from a single source. Employees: 5000 Revenue: $817.4 Million Industry: Chemicals & Related Products Phone Number: +33 232092323 - CFO Julie Pappas >telephoneNumber: +18593345280;ext=1014 >mail: Julie.Pappas@lohmann-tapes.com - Data volume: 700GB Finance, accounting & controlling: 24,098 files Sales & customer account files: 115,302 files Supply chain, procurement & logistics: 46,500 files Manufacturing operations & equipment: 453,935 files R&D, engineering & laboratory testing: 40,651 files Quality management & regulatory compliance: 88,287 files Health, safety, environment & SHEQ: 62,982 files IT systems, data exports & communications: 134,558 files Corporate administration, legal & general archives: 179,045 files",2026-02-12,2026-02,stated by site,yes,no,698d9efc8f1d14b743740f09
INC Ransom,rswater.ae,rswater.ae,SA,Saudi Arabia,stated,,,,5000000,,,Encrypted; Proof,,,Al Rawdah Springs is a brand affiliated to Al Rawdah Green Sweet Water L.L.C an Emirati firm with local management specializing in the production and bottling of water in various sizes.,2026-02-12,2026-02,stated by site,yes,no,698e14758f1d14b7437d38ac
INC Ransom,Midwestern Oil & Gas,,NG,Nigeria,stated,Government,,inferred from description,27600000,,,Encrypted; Proof,,,Midwestern Oil & Gas Company Limited was incorporated in 1999 and commenced operations in 2001. The Company is owned by a group of Nigerian Investors and Delta State Government.,2026-02-12,2026-02,stated by site,yes,no,698e083f8f1d14b7437c5a09
INC Ransom,excavationtourigny.ca,excavationtourigny.ca,CA,Canada,stated,Construction,,stated in description,6000000,,,Encrypted,,60,"Excavations Tourigny specializes in excavation, civil engineering, snow removal, and transportation services. The company caters to clients in the construction and infrastructure sectors. They are based in Victoriaville, QC and operate during regular business hours. Excavations Tourigny is dedicated to delivering quality work through their team of skilled professionals. Employees: 60 Revenue: $6.7 Million Industry: Construction Management Phone Number: (819) 330-3000",2026-02-12,2026-02,stated by site,yes,no,698d5cf38f1d14b7436de912
INC Ransom,auxhomeservices.com,auxhomeservices.com,US,United States,stated,Construction,,stated in description,6000000,,,Encrypted,,50,"Aux Home Services is a trusted provider of plumbing, electrical, heating, and air conditioning services in Birmingham, Alabama, along with Jefferson and Shelby counties. They pride themselves on delivering prompt and reliable service, available 24/7, with skilled technicians who respect and clean up after their work. The company emphasizes upfront pricing and quality craftsmanship, ensuring customer satisfaction. Their diverse range of services includes AC and heating installations, plumbing repairs, and electrical systems management. Employees: 50 Revenue: $6.9 Million Industry: Construction Management Phone Number: (205) 979-0946",2026-02-12,2026-02,stated by site,yes,no,698d59458f1d14b7436d7c6d
INC Ransom,Valgo SA,,FR,France,stated,,,,125000000,,,Proof,Customer data; Financial / accounting; Legal / contracts; Corporate / confidential; Email / correspondence; Engineering / R&D / IP,,"VALGO SAS 72 Rue Aristide Briand, 76650 Petit-Couronne, France valgo.com VALGO is a French company that specializes in environmental services, particularly in the areas of asbestos removal, soil decontamination, and the revitalization of polluted industrial sites. Established in 2004, VALGO has developed a strong reputation for its expertise in managing contaminated sites and providing innovative solutions for environmental remediation. VALGO operates a national network of 17 branches and has an international presence, allowing it to address diverse environmental challenges across different regions. Total data in the leak: 279 GB (225,372 Files, 50,902 Folders) Leaked data: - Clients: Renault Group, Sectra,Evarisk, EPF Reunion,Rousselet and many others famous companies - Data Classification: confidential, Private/Proprietary - Special data: Complete information on projects in countries of operation: contracts, NDAs, correspondence with clients, information about manufacturers of the equipment used and the chemical elements employed, labaratory reserch, hazard information, corporate information, and much more. - Financial data: invoicing and payment records, financial planning documents, accounting, and customer information and VERY IMPORTANT information!",2026-02-11,2026-02,stated by site,yes,no,698cbf008f1d14b74360a03a
INC Ransom,www.hfplanners.com,hfplanners.com,US,United States,stated,,,,5000000,,,Proof,,,full data corp,2026-02-11,2026-02,stated by site,yes,yes,698cdcf48f1d14b743632546
INC Ransom,Core Supply,,US,United States,stated,,,,6200000,,,Proof,,,Core Supply has been taking business from the competition since 2010. We believe in our aggressive approach and our active partnerships with our customers and suppliers.,2026-02-06,2026-02,stated by site,yes,no,698600708f1d14b743d63501
INC Ransom,moultriesheriff.com,moultriesheriff.com,US,United States,stated,,,,5000000,,,Encrypted,,,Sheriff's Office. 187-GB sensitive data,2026-02-04,2026-02,stated by site,yes,no,6982ec7f8f1d14b743943962
INC Ransom,ChokChey Finance,,KH,Cambodia,stated,Financial Services,,inferred from description,18400000,,,Encrypted; Proof,,,"ChokChey Finance PLC is a microfinance institution based in Cambodia, established in 2015 and licensed by the National Bank of Cambodia in 2016. The company offers a variety of financial products including speed loans, agriculture loans, SME loans, and mobile device loans, targeting low to moderate income families",2026-02-02,2026-02,stated by site,yes,no,6980d22f8f1d14b7436bdbca
INC Ransom,www.pucobre.cl,pucobre.cl,CL,Chile,stated,Mining & Materials,,inferred from description,174000000,,,Encrypted; Proof; Stocks,,,"Sociedad Punta del Cobre S.A. is a company based in Chile that operates in the mining sector, specifically focusing on copper production",2026-02-02,2026-02,stated by site,yes,no,6980c9b98f1d14b7436aff76
INC Ransom,H-Behbehani Brothers WLL,,BH,Bahrain,stated,Automotive,,inferred from description,143000000,,,Encrypted; Proof,,,"Behbehani Motors Company, established in 1957, represents iconic automotive brands such as Volkswagen and Porsche in Kuwait. The company offers a range of services including car sales, a bodyshop, and a car rental division. This was the first Porsche dealership in the Middle East and only the 9th worldwide. We have 1.3TB of data. Internal mail, accounting, company customer information and we will publish all the information next week.",2026-02-02,2026-02,stated by site,yes,no,69800db88f1d14b7435a6af4
INC Ransom,Foamtec International,,US,United States,stated,Manufacturing,,inferred from description,7300000,,,Encrypted; Proof,,,"Foamtec International is a global PU foam Manufacturing partner. We deliver quality, specialty foam products for contamination control, medical and specialty markets",2026-02-01,2026-02,stated by site,yes,no,697f74318f1d14b7434f0b08
INC Ransom,Blystone & Bailey,,US,United States,stated,Financial Services,,inferred from description,5500000,,,Proof,,,"Blystone & Bailey, CPAs, PC is a Michigan-based CPA firm offering a range of services including audit, tax preparation and planning, payroll, financial planning, bookkeeping, and IT services management. The firm caters to various industries such as real estate, hospitality, oil, gas and energy, professional services, construction, manufacturing, retail, agriculture, franchising, and government and non-profit sectors. We have the entire Blystone & Bailey customer base at our disposal. Mail, financial documents, audits and more.",2026-02-01,2026-02,stated by site,yes,no,697f3f9e8f1d14b7434aab44
INC Ransom,Best Attorneys,,US,United States,stated,Legal,,inferred from description,1000000,,,Proof,,,"Eisenberg Lowrance Lundell Lofgren is dedicated to your success. We are contingency fee lawyers specializing in personal injury, immigration, and criminal defense located in South Jordan Utah.",2026-01-31,2026-01,stated by site,yes,no,697e0f238f1d14b743361209
INC Ransom,Hawk Law Group,,GE,Georgia,stated,Legal,,inferred from description,1000000,,,Proof,,,"At Hawk Law Group, our trial attorneys were born and/or raised in the Augusta area. Collectively, our lawyers have more than 71 years of experience and are widely recognized throughout the Central Savannah River Area (CSRA) due to their tremendous successes in and out of the courtroom. Our lawyers understand the complexities of civil and criminal litigation and realize the importance of our justice system for their clients and families.",2026-01-31,2026-01,stated by site,yes,no,697e08308f1d14b743358d63
INC Ransom,Western New York Energy,,US,United States,stated,Energy & Utilities,,inferred from description,15000000,,,Proof,Financial / accounting; Legal / contracts; Corporate / confidential; Engineering / R&D / IP,,"Western New York Energy LLC – Major Data Breach Announcement Western New York Energy LLC (wnyenergy.com), a leading regional ethanol producer and renewable energy company based in Medina, New York, has suffered a significant data compromise. Total volume of obtained data: ≈100 GB The leaked archive contains highly sensitive and business-critical materials, including: Confidential internal documents Client and counterparty data Non-Disclosure Agreements (NDAs) Financial records and reports Operational documentation and procedures Investor-related materials and presentations Corporate governance documents Commercial contracts and business agreements Technical drawings, schematics, and engineering files …and a substantial amount of other proprietary and strategically important information that is vital to the company’s operations, partnerships, and competitive position. This dataset provides deep insight into the internal workings, financial structure, client relationships, and strategic planning of one of the Northeast’s key ethanol producers. The information is authentic, recent, and untouched.",2026-01-30,2026-01,stated by site,yes,no,697d08af8f1d14b7432181d9
INC Ransom,DIEHL & CELLA ADVOGADOS ASSOCIADOS,,BR,Brazil,stated,Professional Services,,inferred from description,5000000,,,Proof,,,"Diehl & Cella specializes in providing personalized consulting services focusing on business law and tax issues. They assist companies in managing risks and identifying tailored solutions to enhance business outcomes. PK Advogados specializes in providing legal services that facilitate technology and innovation, targeting large and medium-sized companies. Their areas of expertise include family business planning, digital law, and various corporate legal services. The firm emphasizes creative solutions and multidisciplinary approaches, particularly in contracts, regulatory matters, and compliance. They also focus on sectors such as telecommunications, finance, and startups within the realms of blockchain and fintech Laek: 100GB WE HAS COLLECTED SUCH DATA AS: - Confidential documents - Clients Data - NDA - Financial data - Operations - Corporate data - Business Agreements - Development - Financial databases, all transactions, all clients And a lot of other VERY IMPORTANT information!",2026-01-30,2026-01,stated by site,yes,no,697c55308f1d14b74313e587
INC Ransom,PK PINHÃO & KOIFFMAN ATTORNEYS AT LAW,,BR,Brazil,stated,Legal,,inferred from description,13000000,,,Proof,,,"PK Advogados specializes in providing legal services that facilitate technology and innovation, targeting large and medium-sized companies. Their areas of expertise include family business planning, digital law, and various corporate legal services. The firm emphasizes creative solutions and multidisciplinary approaches, particularly in contracts, regulatory matters, and compliance. They also focus on sectors such as telecommunications, finance, and startups within the realms of blockchain and fintech Laek: 100GB WE HAS COLLECTED SUCH DATA AS: - Confidential documents - Clients Data - NDA - Financial data - Operations - Corporate data - Business Agreements - Development - Financial databases, all transactions, all clients And a lot of other VERY IMPORTANT information!",2026-01-30,2026-01,stated by site,yes,no,697c506e8f1d14b7431387bc
INC Ransom,Beacon Mutual Insurance,,US,United States,stated,Insurance,,inferred from description,70000000,,,Proof,Personal data (PII); Employee / HR; Financial / accounting; Medical / health (PHI); Databases / backups,,"MAJOR DATA LEAK – Beacon Mutual Insurance Company EXPOSED: 275 GB (296,228,795,086 bytes) of highly sensitive internal data Beacon Mutual Insurance Company (Warwick, RI) – the primary workers' compensation insurer for Rhode Island businesses (also operating in MA & CT) – has suffered a massive data compromise. The leaked archive contains approximately 275 GB of uncompressed/internal files and includes the following categories of highly confidential information: Internal corporate documents and correspondence Complete financial statements and reports (2018–2025) Full employee list with personal details Confidential agreements, NDAs, vendor contracts, and partnership documents Detailed claims data: workers' compensation payouts, injury reports, medical records tied to claims Client / policyholder database: business information, insurance policies, payment history Personally identifiable information (PII) of individuals (employees, claimants, insured workers) – names, SSNs, addresses, dates of birth, contact details, etc. Training materials, internal manuals, compliance & safety documentation Multiple system backups and database dumps …and much more internal operational content",2026-01-29,2026-01,stated by site,yes,no,697bc5858f1d14b743094982
INC Ransom,AOT Japan,,JP,Japan,stated,Transportation & Logistics,,inferred from description,5000000,,,Encrypted,,,"AOT Japan Ltd. is a Japanese logistics and freight forwarding company and a member of the international AOT Group. It was officially incorporated in 1986, following its establishment as a liaison and sales office of American Overseas Transport Ltd. Initially focused on ocean shipments from the United States to Japan, the company has since expanded its services worldwide. With over 30 years of experience in the Japanese market, AOT Japan Ltd. is a member of JIFFA and the Tokyo Chamber of Commerce and holds an NVOCC license, enabling it to issue its own House Bills of Lading. The company offers a full range of logistics services, emphasizing high service quality, operational expertise, and a personalized, customer-focused approach.",2026-01-29,2026-01,stated by site,yes,no,697b7ec68f1d14b74303bbd8
INC Ransom,newkirklaw.com,newkirklaw.com,US,United States,stated,Legal,,inferred from description,5000000,,,Proof,,,"Newkirk Zwagerman, P.L.C. is a law firm based in Des Moines, specializing in employment law and advocating for employees' rights. They provide legal services to individuals facing discrimination, harassment, and retaliation in the workplace, as well as those involved in executive employment disputes and Title IX actions. The firm serves clients in Iowa and Minnesota, offering personalized legal representation to help employees navigate complex employment issues. With a commitment to fairness and accountability, Newkirk Zwagerman, P.L.C. empowers clients to stand up against larger corporate entities and seek justice",2026-01-27,2026-01,stated by site,yes,no,697913908f1d14b743d3559a
INC Ransom,"The Trevino Group, Inc",,US,United States,stated,,,,24100000,,,Proof,,,WE HAS COLLECTED SUCH DATA AS: - Confidential documents - Clients Data - NDA - Financial data - Operations - Corporate data - Business Agreements - Drawings And a lot of other VERY IMPORTANT information!,2026-01-27,2026-01,stated by site,yes,no,697874008f1d14b743c7545f
INC Ransom,ttmet.co.th,ttmet.co.th,TH,Thailand,stated,Automotive,,stated in description,30000000,,,Encrypted,,150,"The company specializes in the import and export of machinery and spare parts used in the production and quality control for automotive manufacturing. They offer both wholesale and retail sales domestically and internationally, along with installation services, equipment inspections, and maintenance. Their intended clients include automotive manufacturers and businesses in need of machinery and parts. The company is committed to providing comprehensive services to ensure operational efficiency in the automotive sector. Employees: 150 Revenue: $30.4 Million Industry: Automobile Dealers - Retail Phone Number: +66 26255880",2026-01-27,2026-01,stated by site,yes,no,697943738f1d14b743d6869e
INC Ransom,Callagy Law Firm,,US,United States,stated,Legal,,inferred from description,20000000,,,Proof,Personal data (PII); Customer data; Financial / accounting; Medical / health (PHI); Legal / contracts; Corporate / confidential; Email / correspondence,,"CALLAGY LAW, P.C. 650 From Road, Suite 240 Paramus, NJ 07652 callagylaw.com This law firm specializes in various legal areas, including business litigation, personal injury, family law, and healthcare law. The firm is known for its commitment to providing comprehensive legal representation and has been operational since 1997. Total data in the leak: 355 GB (480,169 Files, 38,388 Folders) Leaked data: - Clients: companies and individuals - Data Classification: confidential, Private/Proprietary - Special data: Corporate email correspondence, external business correspondence, corporate documents,company policies and regulations,customer contracts and NDAs (Non-Disclosure Agreements), court hearing materials and litigation case files (litigation documents),customers' personal data and their medical confidentiality (PII,PHI) and other related information. - Financial data: financial metrics / financial performance data, invoices, payments, and other financial transactions.",2026-01-27,2026-01,stated by site,yes,no,697942638f1d14b743d66e3f
INC Ransom,nbccministries.org,nbccministries.org,US,United States,stated,,,,5000000,,,Encrypted,,5-9,"New Beginnings Church is a company that operates in the Religious Organizations industry. It employs 5to9 people and has under500K of revenue. The company is headquartered in Matthews, North Carolina. Employees: 25 Revenue: $5 Million Industry: Organizations Phone Number: (704) 567-2900",2026-01-27,2026-01,stated by site,yes,no,697941368f1d14b743d65ad6
INC Ransom,anagnosdoor.com,anagnosdoor.com,US,United States,stated,Retail & Wholesale,,stated in description,8000000,,,Encrypted,,50,"Anagnos Door Co. specializes in the sale, installation, maintenance, and servicing of commercial overhead doors and related products. Established in 1989, the company is well qualified to serve clients in the competitive construction market of the Chicago area. With a team of IDEA-certified fire door technicians, Anagnos Door Co. ensures high-quality service and expertise. Their primary clients include businesses in need of commercial and industrial door solutions. Employees: 50 Revenue: $8.6 Million Industry: Home Improvement & Hardware Retail Phone Number: (708) 728-9000",2026-01-27,2026-01,stated by site,yes,no,69793ed68f1d14b743d62ea1
INC Ransom,shawhillprimaryschool.org.uk,shawhillprimaryschool.org.uk,GB,United Kingdom,stated,Education,,stated in description,5000000,,,Encrypted,,24,"Shaw Hill Primary School is dedicated to providing a high-quality education in a supportive and nurturing environment. They focus on developing students' knowledge, skills, and personal growth, preparing them to be successful citizens in modern Britain. The school promotes strong relationships with families and the community while prioritizing student safety and well-being. Their comprehensive curriculum incorporates various subjects and extracurricular activities to stimulate and challenge the children Employees: 24 Revenue: $5 Million Industry: Education Phone Number: +44 8000283550",2026-01-27,2026-01,stated by site,yes,no,697928858f1d14b743d49db8
INC Ransom,Uniflex Technology Inc,,TW,Taiwan,stated,,,,50000000,,,Proof,Legal / contracts; Corporate / confidential; Engineering / R&D / IP,,"UNIFLEX TECHNOLOGY INC https://www.uniflex.com.tw/ Total data in the leak: 430GB Leaked data: - Clients: Asus, BMW, Mercedes-Benz, ELAN MICROELECTRONICS CORP., Dell, Volkswagen, Wacom, Netronix Inc, Solomon Systech, Innolux and other large clients all over the world! - Data Classification: confidential - Projects: Flexible printed circuit (FPC) boards, surface mount technology (SMT) services, design, manufacturing, assembly of FPC boards. - Data: Agreements, projects, drawings, contracts, technical documentation, reports, research, quality control, technological processes and equipment. And a lot of other VERY IMPORTANT information! Full publication within two weeks!",2026-01-26,2026-01,stated by site,yes,no,6977d2048f1d14b743bb9795
INC Ransom,www.shrimphouse.com,shrimphouse.com,US,United States,stated,,,,30000000,,,Proof,,,1tb data,2026-01-26,2026-01,stated by site,yes,no,6977ad638f1d14b743b8d731
INC Ransom,DeRenzis & Associates,,US,United States,stated,Agriculture & Food,,inferred from description,5000000,,,Encrypted; Proof,,,"DeRenzis & Associates, LLP is a specialized accounting firm focusing on agriculture accounting for both dairy and farming sectors. They offer services including financial statement compilation, income tax preparation, estate planning, and breakeven analysis. We will publish all the information next week.",2026-01-25,2026-01,stated by site,yes,no,6975dd598f1d14b7439aa7a4
INC Ransom,LGBTQ Center Orange county,,US,United States,stated,Non-profit,,inferred from description,1000000,,,Encrypted; Proof,,,"The LGBTQ Center OC was established as a volunteer organization in 1971 and incorporated in 1975 as a 501(c)(3) non-profit community-based organization. The Center provides services to more than 20,000 individuals annually across a broad spectrum of culture, ethnicity, age, and economic background. We will publish all the information next week.",2026-01-25,2026-01,stated by site,yes,no,6975dc838f1d14b7439a97ce
INC Ransom,JLK Rosenberger,,US,United States,stated,Financial Services,,inferred from description,10000000,,,Encrypted; Proof,,,"JLK Rosenberger LLP, Certified Public Accountants: A full service accounting and business advisory firm with offices in Irvine and Glendale, California and Dallas, Texas. The firm is recognized as a Top 400 Firm by Inside Public Accounting and one of the largest auditors of insurance entities in the United States as ranked by Aon and AM Best We have 300GB of data. Internal mail, accounting, company customer information and we will publish all the information next week.",2026-01-25,2026-01,stated by site,yes,no,6975dbc68f1d14b7439a8b81
INC Ransom,goldair.gr,goldair.gr,GR,Greece,stated,Transportation & Logistics,,inferred from description,190000000,,,Encrypted; Proof,,201-500,"Goldair Handling Overview Metrics www.goldair-handling.gr This company has 72 hours before we publish 1TB of personal data. Goldair Handling Goldair Handling is a leading provider of ground handling services operating in Greece, Cyprus, Bulgaria, India, and Serbia. The company employs more than 5,000 qualified specialists who have successfully serviced more than 160,000 flights at 36 airports. The company focuses on providing customized services tailored to the needs of its business partners, with a special emphasis on corporate social responsibility and sustainable development. Goldair Handling is committed to innovation and progressive thinking in the aviation industry. Goldair Cargo Greece Headquarters: Tessi Rikya, Aspropyrgos, Greece Phone number: +30 2111804200 Website: www.goldair-cargo.com Revenue: $190.2 million Employees: 201-500 Goldair Cargo, part of the Goldair Group founded in 1987, is a leading international freight forwarding and logistics company based in Greece. The company offers a wide range of high-quality services, including third-party logistics (3PL), road, air, and sea transport, relying on an extensive network of partners. With over 35 years of experience, Goldair Cargo strives to provide reliable and efficient logistics solutions tailored to the needs of its customers. Its focus on sustainable development and corporate social responsibility further strengthens its reputation in the logistics industry. _______________________",2026-01-23,2026-01,stated by site,yes,no,6973856f8f1d14b743731770
INC Ransom,tob-bmw.sk,tob-bmw.sk,SK,Slovakia,stated,,,,8800000,,,Encrypted; Proof,,,"Some data from 590 gigabytes T.O.B. is an authorized BMW dealer located in Trenčín, Slovakia, offering a wide range of new and certified pre-owned BMW vehicles.",2026-01-23,2026-01,stated by site,yes,no,69737d968f1d14b74372763f
INC Ransom,minorsgardencenter.com,minorsgardencenter.com,US,United States,stated,Retail & Wholesale,,stated in description,17000000,,,Encrypted,,120,Employees: 120 Revenue: $17.3 Million Industry: Retail Phone Number: (414) 354-4830,2026-01-22,2026-01,stated by site,yes,no,6972ae798f1d14b7436591a8
INC Ransom,tuftco,,US,United States,stated,Manufacturing,,inferred from description,18000000,,,Proof,,,"Tuftco is a world-leading manufacturer of tufting machines and equipment, providing comprehensive solutions for carpet mills from tufting to finished carpet Laek: 100GB WE HAS COLLECTED SUCH DATA AS: - Confidential documents - Clients Data - NDA - Financial data - Operations - Corporate data - Business Agreements - Development - Financial databases, all transactions, all clients And a lot of other VERY IMPORTANT information!",2026-01-21,2026-01,stated by site,yes,no,697079b78f1d14b7433f3e8c
INC Ransom,OAB,,BR,Brazil,stated,Legal,,inferred from description,173100000,,,Proof,,,"The Ordem dos Advogados do Brasil - São Paulo serves as the largest section of the Brazilian Bar Association, tirelessly supporting and defending the legal profession. It provides various services including a legal library, digital certification, and public information on legal fees and judicial assistance. OAB SP hosts numerous events and conferences to foster legal dialogue, innovation, and the protection of the rights of lawyers. Its intended clients include legal professionals across São Paulo, as well as the broader community seeking legal assistance and information.",2026-01-21,2026-01,stated by site,yes,no,697066778f1d14b7433e2170
INC Ransom,Elmore Goldsmith Kelley & deHoll,,US,United States,stated,Legal,,inferred from description,5000000,,,Proof,,,"Elmore Goldsmith Kelley & deHoll is a legal firm specializing in construction law, offering services such as project counsel, construction claims, contract negotiations, risk management, complex litigation, fidelity and surety, and public procurement. They serve clients in the construction industry, providing expert legal support to help them navigate complex issues and protect their interests. The firm prides itself on its industry knowledge and commitment to delivering efficient and effective results. With an award-winning team, they aim to be a trusted legal partner for construction professionals.",2026-01-20,2026-01,stated by site,yes,no,696f63048f1d14b7432dbc14
INC Ransom,Sandberg,,GB,United Kingdom,stated,Construction,,inferred from description,17000000,,,Proof,,,"Sandberg is an independent consultancy firm established in 1860, renowned for its expertise in materials testing, inspection, and consultancy services within the construction industry. The company offers a wide range of services including laboratory testing, site inspections, and quality assurance for various materials such as concrete, stone, and metals Laek: 100GB WE HAS COLLECTED SUCH DATA AS: - Confidential documents - Clients Data - NDA - Financial data - Operations - Corporate data - Business Agreements - Development - Financial databases, all transactions, all clients And a lot of other VERY IMPORTANT information!",2026-01-20,2026-01,stated by site,yes,no,696f04578f1d14b743278cb2
INC Ransom,Southern Alberta Community Living Association,,CA,Canada,stated,,,,12800000,,,Proof,,,"SACLA provides individualized services and supports aimed at assisting individuals with disabilities to achieve their personal goals. Established in 1980, the association focuses on building vibrant communities where every person is connected, contributing, and valued. Their services are tailored to the unique needs of each individual, beginning with a comprehensive consultation to determine the best approach for fostering quality of life and aspirations. SACLA also engages in projects like MyCompass and CATALYST to promote empowerment and address issues such as unemployment for marginalized groups.",2026-01-18,2026-01,stated by site,yes,no,696ce55d8f1d14b74306768b
INC Ransom,MKC Customs Brokers International Inc.,,US,United States,stated,,,,4000000,,,Proof,,,"International trading has never been as complicated and demanding as it is today. Every shipment, large or small, requires a customs broker who is an absolutely dependable working partner. That's MKC Customs Brokers!",2026-01-18,2026-01,stated by site,yes,no,696cdebb8f1d14b743060f95
INC Ransom,ecsc.org,ecsc.org,US,United States,stated,Energy & Utilities,,inferred from description,11000000,,,Encrypted; AD Dump; Proof,Databases / backups,,"Website www.ecsc.org Revenue $11.2 million Industry Electricity, oil and gas Energy, utilities and waste Organizational structure Similar companies Company analytics About South Carolina Electric Cooperatives Electric Cooperatives of South Carolina, Inc. is a statewide service and trade association representing electric cooperatives throughout the state. It serves 18 consumer-owned electric cooperatives, one wholesale electric cooperative, one transmission cooperative, and one materials cooperative. The association's mission is focused on providing electricity to nearly 2 million South Carolinians through an extensive network of power lines, as well as providing energy efficiency programs and clean energy initiatives. The association advocates for the electrification of rural areas and provides various resources, including educational programs and assistance in purchasing electric vehicles.",2026-01-16,2026-01,stated by site,yes,no,696a62638f1d14b743dd523b
INC Ransom,https://trustarholdingsllc.com/ https://vistlabs.com/,trustarholdingsllc.com,US,United States,stated,,,,20000000,,,Proof,,,"All company data, development drawings, confidential files, investor company files, all financial transactions, equipment, violations, 1.4 TB",2026-01-15,2026-01,stated by site,yes,yes,696842f08f1d14b743b7c396
INC Ransom,https://acswinc.com/,acswinc.com,US,United States,stated,,,,40000000,,,Proof,,,1.5tb,2026-01-14,2026-01,stated by site,yes,no,696792498f1d14b743a9d829
INC Ransom,Ju Teng International Holdings Ltd,,TW,Taiwan,stated,,,,4000000000,,,Proof,Customer data; Financial / accounting; Legal / contracts; Corporate / confidential; Engineering / R&D / IP,,"Ju Teng International Holdings Ltd Total data in the leak: 200GB Leaked data: - Clients: Dell, Acer, HTC, HP, Panasonic, Siemens, Nintendo, Mercedes-Benz, BMW, Scania, Ford, Geely, Continental, other large clients all over the world! - Data Classification: confidential - Projects: DELL JPPA, HP MI & TGA, AMG CDD & ICD and many other projects. All project information: development, laboratory testing, drawings, subcontractors, suppliers. - Financial data: Company income and expenses, IPD information, financial reports. Contracts with customers and suppliers, NDA contracts. And a lot of other VERY IMPORTANT information!",2026-01-13,2026-01,stated by site,yes,no,6966bbef8f1d14b74398968d
INC Ransom,https://bellowsmfg.com/company/,bellowsmfg.com,US,United States,stated,,,,5000000,,,Proof,,,1.3tb,2026-01-13,2026-01,stated by site,yes,no,6966c1018f1d14b7439913ea
INC Ransom,cirrusaviation,,US,United States,stated,Aerospace & Defense,,inferred from description,5000000,,,Proof,,,"Cirrus Aviation Services is the largest luxury private jet charter service in Las Vegas. Laek: 100GB WE HAS COLLECTED SUCH DATA AS: - Confidential documents - Clients Data - NDA - Financial data - Operations - Corporate data - Business Agreements - Development - Financial databases, all transactions, all clients And a lot of other VERY IMPORTANT information!",2026-01-12,2026-01,stated by site,yes,no,6965055b8f1d14b7437aec6e
INC Ransom,gbmme.com,gbmme.com,AE,United Arab Emirates,stated,,,,365600,,,Encrypted; Proof,,,"Founded in 1990, based out of Abu Dhabi, United Arab Emirates, Gulf Business Machines (GBM) is a IT solutions provider, fulfilling the IT requirements of local, regional and international organisations in the GCC. We have 200GB of data at our disposal (fiscal data, internal mail,budgets and many other things)",2026-01-12,2026-01,stated by site,yes,no,69657e3e8f1d14b7437febc5
INC Ransom,Foshee Architecture,,US,United States,stated,Healthcare,,inferred from description,5000000,,,Proof,,,"Foshee Architecture is a Montgomery, Alabama-based architecture firm specializing in comprehensive design services for a variety of sectors including multi-family housing, healthcare facilities, office spaces, retail, and restaurants. Founded by John H. Foshee, the firm utilizes a personalized design process informed by a rich family history in the construction industry. By collaborating with experts in engineering and other disciplines, they provide tailored architectural solutions that prioritize client objectives and budgets. Their extensive experience positions them to effectively manage complex projects while ensuring high standards of functionality and aesthetic appeal.",2026-01-10,2026-01,stated by site,yes,no,696212578f1d14b7436986b3
INC Ransom,stimgroup,,IT,Italy,stated,,,,3000000,,,Proof,,,STIM goes beyond by offering a comprehensive technological service ranging from Project Management activities to a Global Service Laek: 100GB WE HAS COLLECTED SUCH DATA AS: - Confidential documents - Clients Data - NDA - Financial data - Operations - Corporate data - Business Agreements - Development And a lot of other VERY IMPORTANT information!,2026-01-10,2026-01,stated by site,yes,no,69620d758f1d14b7436965ea
INC Ransom,Fit-Line Global,,US,United States,stated,Manufacturing,,inferred from description,6400000,,,Proof,,,"Fit-Line Global® is a trusted supplier, designer, research and development resource for SEMI-F57-0301 compliant PFA and PVDF components. They employ efficient manufacturing processes to create products that meet the most demanding applications. Fit-Line Global has been a trusted supplier to the semiconductor industry for more than 25 years. Headquartered in California, Fit-Line Global dedicates itself to providing quality products, with the fastest lead time in the industry, at a fair price. The company exclusively produces ultra-high purity PFA and PVDF components to eliminate the possibility of cross-contamination.",2026-01-09,2026-01,stated by site,yes,no,6960ed1d8f1d14b743621cad
INC Ransom,Cape Fear Country Club,,US,United States,stated,,,,7600000,,,Encrypted; Proof,,,"Cape Fear Country Club is a private members-only country club in North Carolina, founded in 1896. It offers an 18-hole golf course designed by Donald Ross, along with tennis, swimming, fitness amenities, dining services, and a wide range of social and family-oriented activities. The club is known for its long-standing traditions, high service standards, and close-knit community environment.",2026-01-09,2026-01,stated by site,yes,no,696162068f1d14b743656303
INC Ransom,Rod Danielson,,US,United States,stated,Legal,,inferred from description,5000000,,,Proof,,,"Rod Danielson serves as a Chapter 13 Trustee in the Central District of California, Riverside Division. The organization provides public services related to Chapter 13 bankruptcy for debtors, creditors, attorneys, and other interested parties. It offers information on various procedures including appearances at hearings and guidance on case management. The intended clients encompass individuals and entities involved in Chapter 13 bankruptcy proceedings in Riverside.",2026-01-09,2026-01,stated by site,yes,no,6960f3998f1d14b743626a54
INC Ransom,The Carlson Law Firm,,US,United States,stated,Legal,,inferred from description,20000000,,,Proof,,,"Established in 1976, The Carlson Law Firm has built a reputation not only for our formidable presence in courtrooms but for our deep-rooted desire to serve the community. Our foundation rests on the shoulders of our Managing Partner, Craig Carlson. A proud veteran, Craig's values are the compass that has guided our firm's journey, helping us grow from a modest establishment in Killeen, Texas, to a renowned legal powerhouse with 17 locations in Texas, an office in California, and another in Florida.",2026-01-09,2026-01,stated by site,yes,no,696111d28f1d14b743633c6e
INC Ransom,https://lpollockpr.com/,lpollockpr.com,US,United States,stated,,,,5000000,,,Proof,,,all data corp / all client data,2026-01-08,2026-01,stated by site,yes,no,695fd6398f1d14b7434fa840
INC Ransom,CompactInd,,US,United States,stated,Financial Services,,inferred from description,170000000,,,Proof,,,"Compact Industries, Inc. is a leading contract manufacturer specializing in dry food products, particularly powdered food items and sugar-based drink mixes. Established in 1963, the company offers custom blending and contract packaging services, catering to a diverse range of clients. Laek: 100GB WE HAS COLLECTED SUCH DATA AS: - Confidential documents - Clients Data - NDA - Financial data - Operations - Corporate data - Business Agreements - Development And a lot of other VERY IMPORTANT information",2026-01-04,2026-01,stated by site,yes,no,695a7a3e8f1d14b743fb8c9b
INC Ransom,Automation One Business Systems Inc,,CA,Canada,stated,Professional Services,,inferred from description,5100000,,,Proof,,,"Automation One Business Systems Inc is a leading provider of office equipment solutions in Vancouver, specializing in a wide range of printing products including multifunction printers, document scanners, and mailing machines. The company is dedicated to delivering exceptional customer service and has a highly qualified team of technicians to ensure fast and reliable support. With over 40 years of experience, Automation One offers unbiased consulting services to help clients choose the best solutions for their needs. Their extensive inventory and local presence in Vancouver and Burnaby enable them to minimize downtime and maintain efficient operations for businesses.",2026-01-03,2026-01,stated by site,yes,no,69590e3b8f1d14b743e48df7
INC Ransom,proton-system_Serbia,,RS,Serbia,stated,Healthcare,,inferred from description,9400000,,,Encrypted; Proof,,,"Website - www.proton.rs https://www.zoominfo.com/c/proton-system/450181945 Despite repeated attempts to convince the organization's management to prevent the leak, we were completely ignored. People who have been affected by the publication of their personal data should understand that www.proton.rs is only interested in making money off you; they do not ensure the safety of their customers and employees. Proton System has two days to continue negotiations, otherwise more than 130 GB of personal data will be made public. ----- About Proton System Proton System is a leading company in the region that specializes in the representation, evaluation, export, and distribution of unique pharmaceutical products across Europe, the Middle East, and North Africa. Founded in 1999, it focuses on providing top-notch services in the distribution, logistics, and marketing of dietary products, medical devices, and medications for family health. The company guarantees efficiency and effectiveness through innovative marketing and a commitment to high-quality standards. Proton System's products feature a unique combination of natural, safe, and effective ingredients, ensuring their effectiveness and safety in the market.",2026-01-03,2026-01,stated by site,yes,no,69590e3b8f1d14b743e48ddb
INC Ransom,stignatiusijamsville.org,stignatiusijamsville.org,US,United States,stated,,,,5000000,,,Encrypted,,10-19,"St Ignatius of Loyola Catholic Community is a company that operates in the Religious Organizations industry. It employs 10to19 people and has under500K of revenue. The company is headquartered in Ijamsville, Maryland Employees: 20 Revenue: $5 Million Industry: Church Management Phone Number: (301) 695-8845",2026-01-02,2026-01,stated by site,yes,no,6957d6ad8f1d14b743cfc643
INC Ransom,Harrison Design,,US,United States,stated,Construction,,inferred from description,19000000,,,Proof,,,"Harrison Design is an award-winning design firm specializing in architecture, interior design, and landscape architecture. Their services cater to various sectors including residential, multifamily, sacred, and hospitality projects. Laek: 100GB WE HAS COLLECTED SUCH DATA AS: - Confidential documents - Clients Data - NDA - Financial data - Operations - Corporate data - Business Agreements - Development - Drawings And a lot of other VERY IMPORTANT information!",2026-01-02,2026-01,stated by site,yes,no,69579ba68f1d14b743cbe9ec
