group,victim,website,country,country_name,country_source,industry,industry_raw,industry_source,revenue_usd,data_volume,data_size_gb,data_categories,data_types,employee_count,description,post_date,post_month,date_source,still_listed,recycled_flag,source_id
Qilin,SKLG,sklg.co.jp,JP,Japan,inferred from domain,Transportation & Logistics,Freight & Logistics Services,stated by site,,,,,,,,2026-09-28,2026-09,stated by site,yes,,e4ca4a99-9da8-4c14-83be-73af4d9399c1
Qilin,"Nissho Electric Manufacturing Co., Ltd.",nisshodenki.com,,,,Manufacturing,Electronics,stated by site,,,,,,,,2026-09-28,2026-09,stated by site,yes,,b3c39ce9-f3f9-4f54-bb68-2978f06c4034
Qilin,Island,island.ca,CA,Canada,inferred from domain,Professional Services,Business Services,stated by site,,,,,,,,2026-09-27,2026-09,stated by site,yes,,507b6770-93b2-456b-bc96-6e4b2bb9ce72
Qilin,XICO,xicoled.com,,,,Construction,Building Materials,stated by site,,,,,,,,2026-09-27,2026-09,stated by site,yes,,dc126a0f-d8c2-4bee-84ac-31e60c0d895f
Qilin,Willatt & Flickinger,wfaustin.com,,,,Legal,Law Firms & Legal Services,stated by site,,,,,,,,2026-09-27,2026-09,stated by site,yes,,e61f21e4-4a24-4e6a-8cea-19b6a71f4156
Qilin,Revenga Smart Solutions,gruporevenga.com,,,,Professional Services,Business Services,stated by site,,,,,,,,2026-09-27,2026-09,stated by site,yes,,afd7850c-c193-4be3-86d1-cac552d102cd
Qilin,Iberia Compositech Manufacturing,iberiacompositech.com,,,,Manufacturing,Manufacturing,stated by site,,,,,,,,2026-09-25,2026-09,stated by site,yes,,7216d103-276c-431e-845d-7823ad98e49c
Qilin,Zig Inge Group,prospecthillcamberwell.com.au,AU,Australia,inferred from domain,Real Estate,Real Estate,stated by site,,,,,,,,2026-09-24,2026-09,stated by site,yes,,92ed0a7b-8086-48bb-8c9c-20e3ed63b824
Qilin,Inversiones Bolívar,proyectosdevida.com,,,,Insurance,Insurance,stated by site,,,,,,,,2026-09-24,2026-09,stated by site,yes,,61f1a3c2-35f4-4e9c-bf6a-0810d76a9301
Qilin,All Tech Machine & Engineering,alltechinc.com,,,,Manufacturing,Industrial Machinery & Equipment,stated by site,,,,,,,,2026-09-24,2026-09,stated by site,yes,,7e47d831-2b0b-4644-991d-116cb3389810
Qilin,GDM Pipelines,gdmpipelines.com,,,,Technology,Software,stated by site,,,,,,,,2026-09-24,2026-09,stated by site,yes,,6ef74131-42a5-4aef-965b-c9da75651160
Qilin,Agora coopérative agricole,coopagora.fr,FR,France,inferred from domain,Agriculture & Food,Agriculture,stated by site,,,,,,,,2026-09-24,2026-09,stated by site,yes,,02785247-5bb1-42b8-aa7f-3dd0d96e2dc3
Qilin,Inkript,inkript.com,,,,Technology,Software,stated by site,,,,,,,,2026-09-23,2026-09,stated by site,yes,,c00850af-26d2-4aa1-b166-27dba50087a6
Qilin,The Fifty/50,thefifty50.com,,,,Hospitality & Travel,Hospitality,stated by site,,,,,,,,2026-09-22,2026-09,stated by site,yes,,83a4106b-ded9-491f-82ff-e55b5142dc8a
Qilin,Textile City,textilecity.ca,CA,Canada,inferred from domain,Retail & Wholesale,Home Improvement & Hardware Retail,stated by site,,,,,,,,2026-09-22,2026-09,stated by site,yes,,3754a51f-623d-45ca-b05a-5fa9c39d6b14
Qilin,Columbus Informatica,columbusinformatica.it,IT,Italy,inferred from domain,Technology,Software,stated by site,,,,,,,,2026-09-22,2026-09,stated by site,yes,,e2830711-e339-4a2b-8f79-8dfdeef6dce9
Qilin,Telrad Networks,telrad.com,,,,Manufacturing,Manufacturing,stated by site,,,,,,,,2026-09-21,2026-09,stated by site,yes,,6a6c3ac8-92be-470d-b07f-0e338cd2c2af
Qilin,IKEGAMI TSUSHINKI COMPANY LIMITED,ikegami.co.jp,JP,Japan,inferred from domain,Manufacturing,Electronics,stated by site,,,,,,,,2026-09-21,2026-09,stated by site,yes,,337a2e3e-edbf-4a8e-9b75-157296837da2
Qilin,ShopDunk,shopdunk.com,,,,Professional Services,Business Services,stated by site,,,,,,,,2026-09-20,2026-09,stated by site,yes,,283a4d27-c413-4819-9937-3ea8ec6725c7
Qilin,Zorlu Holding,zorlu.com,,,,Holding Companies,Holding Companies & Conglomerates,stated by site,,,,,,,,2026-09-20,2026-09,stated by site,yes,,51f10216-38bf-4521-a65e-4d8e1cad8cd6
Qilin,Touring Club Suisse,tcs.ch,CH,Switzerland,inferred from domain,Hospitality & Travel,Hospitality,stated by site,,,,,,,,2026-09-20,2026-09,stated by site,yes,,e220ce0a-da54-4c3e-84ef-163069506fd3
Qilin,KMLS,kmls.de,DE,Germany,inferred from domain,Construction,Construction,stated by site,,,,,,,,2026-09-20,2026-09,stated by site,yes,,7daa7895-84f8-4fbd-8985-f6edc7e64dc5
Qilin,Inland and Offshore Contractors,iocltt.com,,,,Construction,Civil Engineering Construction,stated by site,,,,,,,,2026-09-18,2026-09,stated by site,yes,,16806e54-1da3-4aa8-863c-e92e922afbcb
Qilin,Grupo Juste,grupojuste.com,,,,Manufacturing,Manufacturing,stated by site,,,,,,,,2026-09-18,2026-09,stated by site,yes,,d44f5165-81b9-4f2b-a94c-8fcbf7602ca9
Qilin,Futuro Forestal,futuroforestal.com,,,,Agriculture & Food,Agriculture,stated by site,,,,,,,,2026-09-18,2026-09,stated by site,yes,,34e3efee-621c-4d46-9791-50f56711a881
Qilin,Ceres Tolvas,cerestolvas.com.ar,AR,Argentina,inferred from domain,Professional Services,Business Services,stated by site,,,,,,,,2026-09-18,2026-09,stated by site,yes,,6693ceb2-7649-44c6-917b-c4d3e3d4d027
Qilin,Ascend Com,ascendcom.com.sg,SG,Singapore,inferred from domain,Professional Services,Business Services,stated by site,,,,,,,,2026-09-18,2026-09,stated by site,yes,,27ad9490-4a4f-461f-bd1f-3e86dd364b6e
Qilin,Vigatec,vigatec.com,,,,Professional Services,Business Services,stated by site,,,,,,,,2026-09-17,2026-09,stated by site,yes,,17c492a1-01f4-417a-a5b2-054009087ccb
Qilin,Invincible GG,invinciblegg.com,,,,Professional Services,Business Services,stated by site,,,,,,,,2026-09-17,2026-09,stated by site,yes,,b134bc7a-1f8f-4ef3-8397-df4f5fc37d50
Qilin,The Gran Hotel Ingles,granhotelingles.com,,,,Hospitality & Travel,Hospitality,stated by site,,,,,,,,2026-09-17,2026-09,stated by site,yes,,3343be57-81f3-4d30-9288-164ff3e08a4c
Qilin,Techwise,techwise.com.ar,AR,Argentina,inferred from domain,Professional Services,Business Services,stated by site,,,,,,,,2026-09-17,2026-09,stated by site,yes,,cb9f4dc6-aaa4-4f2e-bd06-1ed0bcadf0c5
Qilin,In The Company of Huskies,inthecompanyofhuskies.com,,,,Professional Services,Advertising & Marketing,stated by site,,,,,,,,2026-09-16,2026-09,stated by site,yes,,ec979c95-ef83-4795-bd28-0f493f2488ca
Qilin,Reddrop Group,reddrop.com.au,AU,Australia,inferred from domain,Retail & Wholesale,Grocery Retail,stated by site,,,,,,,,2026-09-16,2026-09,stated by site,yes,,c394bf70-d7e3-4abc-a1ee-75daf9e0992c
Qilin,Thema Foundries,thema-foundries.com,,,,Professional Services,Business Services,stated by site,,,,,,,,2026-09-16,2026-09,stated by site,yes,,37cc9331-88ba-48f1-ab5c-a4636f8fbd84
Qilin,Aarsleff,aarsleff.se,SE,Sweden,inferred from domain,Construction,Construction,stated by site,,,,,,,,2026-09-16,2026-09,stated by site,yes,,6670e26d-3391-43e8-bcb6-f00c2ba10bc7
Qilin,Bravo Group,bravotankers.com,,,,Transportation & Logistics,Freight & Logistics Services,stated by site,,,,,,,,2026-09-15,2026-09,stated by site,yes,,915681b7-127a-4db5-a18a-952d77b7e01f
Qilin,Incrys,incrys.com,,,,Professional Services,Business Services,stated by site,,,,,,,,2026-09-15,2026-09,stated by site,yes,,d4f33d3a-df92-4eed-9c31-9d38f2c19774
Qilin,Geieg,geieg.cat,,,,Hospitality & Travel,Fitness & Dance Facilities,stated by site,,,,,,,,2026-09-15,2026-09,stated by site,yes,,2ef6fb03-1fbe-4abd-a5fe-a426aa536a01
Qilin,Thorndale Foundation,thorndale.com.au,AU,Australia,inferred from domain,Non-profit,Non-Profit & Charitable Organizations,stated by site,,,,,,,,2026-09-15,2026-09,stated by site,yes,,37d18455-0338-497c-a8dd-0897783de757
Qilin,Taurus Ibérica,taurusiberica.com,,,,Real Estate,Real Estate,stated by site,,,,,,,,2026-09-15,2026-09,stated by site,yes,,e736dba2-53b9-47d9-ab90-d0323a16d52c
Qilin,Montana Civil Contractors,montanacivil.com,,,,Construction,Civil Engineering Construction,stated by site,,,,,,,,2026-09-15,2026-09,stated by site,yes,,d65e87f6-87ac-4c71-9a14-28a43dac92a0
Qilin,Resolve Law Group,resolvelawgroup.com,,,,Legal,Law Firms & Legal Services,stated by site,,,,,,,,2026-09-15,2026-09,stated by site,yes,,6ad7379f-bc30-496b-97dd-cf671089f9ad
Qilin,ADM,adm.com,,,,Agriculture & Food,Food & Beverage,stated by site,,,,,,,,2026-09-15,2026-09,stated by site,yes,,139dec8c-f16d-4463-8545-768524251858
Qilin,Foremost Mfg,foremost-mfg.com,,,,Construction,Building Materials,stated by site,,,,,,,,2026-09-14,2026-09,stated by site,yes,,8c383a4f-657f-492e-b53f-2c8e1f7e969f
Qilin,Minmer Global,minmerglobal.com,,,,Transportation & Logistics,Freight & Logistics Services,stated by site,,,,,,,,2026-09-14,2026-09,stated by site,yes,,b0a73afa-8691-486a-993f-e8ee4f7b9708
Qilin,RoadEx America,roadexamerica.com,,,,Transportation & Logistics,Freight & Logistics Services,stated by site,,,,,,,,2026-09-14,2026-09,stated by site,yes,,c2ad6e8b-c40f-4eae-adc9-a5af23fe3a1c
Qilin,"Winston Contracting, LLC",winstoncontracting.com,,,,Professional Services,Business Services,stated by site,,,,,,,,2026-09-14,2026-09,stated by site,yes,,9c77bb42-e3c4-49d5-8fdb-a097b73fb156
Qilin,Vitar Group,vitargroup.com,,,,Manufacturing,Electronics,stated by site,,,,,,,,2026-09-14,2026-09,stated by site,yes,,1d29235a-7712-4e5a-a994-c4f62ec7831d
Qilin,Alicotrans,alicotrans.com,,,,Transportation & Logistics,Freight & Logistics Services,stated by site,,,,,,,,2026-09-14,2026-09,stated by site,yes,,3c7074c9-ccce-42c3-99a3-8bd348be3be2
Qilin,Gilco Scaffolding,gilcoscaffolding.com,,,,Construction,Construction,stated by site,,,,,,,,2026-09-13,2026-09,stated by site,yes,,1533a709-2f85-43a0-a314-83dcdd269b2f
Qilin,CARIDRO VAL DE LOIRE,caridrovaldeloire.fr,FR,France,inferred from domain,Professional Services,Business Services,stated by site,,,,,,,,2026-09-13,2026-09,stated by site,yes,,224e65b0-92cc-464a-871e-518f88a99685
Qilin,Imperial Healthcare Solutions,,,,,Healthcare,Healthcare Services,stated by site,,,,,,,,2026-09-11,2026-09,stated by site,yes,,c696224e-7b55-42fd-975d-523482859420
Qilin,Bcfpers,bcfpers.org,,,,Insurance,Insurance,stated by site,,,,,,,,2026-09-10,2026-09,stated by site,yes,,1671bafb-3a12-471f-ab16-870a1f47257e
Qilin,"Mitsuwa Trading Co., Ltd",e-mitsuwa.com,,,,Professional Services,Business Services,stated by site,,,,,,,,2026-09-09,2026-09,stated by site,yes,,84596ac3-df07-4e54-9c58-c25effad7e42
Qilin,Jet Specialty,jetspecialty.com,,,,Manufacturing,Industrial Machinery & Equipment,stated by site,,,,,,,,2026-09-09,2026-09,stated by site,yes,,503493c0-dba3-40f5-89ff-e0c9c0619fbf
Qilin,Alaska Electrical Apprenticeship,alaskaelectricalapprenticeship.org,,,,Education,Education,stated by site,,,,,,,,2026-09-08,2026-09,stated by site,yes,,70fa650d-b9a1-4f47-89cb-9551f5266355
Qilin,Partners Group SK,partnersgroup.sk,SK,Slovakia,inferred from domain,Financial Services,Finance,stated by site,,,,,,,,2026-09-07,2026-09,stated by site,yes,,ec038569-39b2-414e-bd92-45f99e174f42
Qilin,Jbc,jbctools.com,,,,Manufacturing,"Hand, Power & Lawn-care Tools",stated by site,,,,,,,,2026-09-07,2026-09,stated by site,yes,,c2e31628-1690-4103-bed1-43a28ade6e0d
Qilin,The Big Table,bigtablegroup.com,,,,Hospitality & Travel,Hospitality,stated by site,,,,,,,,2026-09-05,2026-09,stated by site,yes,,58349bee-bd7c-491c-ae26-f8d92e517b40
Qilin,Colonial Hyundai,colonialhyundai.com,,,,Automotive,Automotive Parts,stated by site,,,,,,,,2026-09-05,2026-09,stated by site,yes,,05e13c6e-47a3-4022-abf1-06eae70f1662
Qilin,Nolan Consulting Group,nolancg.com,,,,Professional Services,Business Services,stated by site,,,,,,,,2026-09-05,2026-09,stated by site,yes,,407b8f19-2224-49bc-8b77-b75fc879d2eb
Qilin,G&S Technologies,gstechnologies.com,,,,Energy & Utilities,"Energy, Utilities & Waste",stated by site,,,,,,,,2026-09-05,2026-09,stated by site,yes,,443343d0-78e2-4240-833c-478a6c9bc3c2
Qilin,Jouvet SAS,jouvet-sas.fr,FR,France,inferred from domain,Construction,Construction,stated by site,,,,,,,,2026-09-05,2026-09,stated by site,yes,,ee0464c8-913c-4fec-bf54-04737c76b065
Qilin,Bauman Law Group,baumanlawgroup.com,,,,Legal,Law Firms & Legal Services,stated by site,,,,,,,,2026-09-05,2026-09,stated by site,yes,,e46fa1b8-8412-4232-9d35-bec750d2f148
Qilin,Philippine Ports Authority,ppa.com.ph,PH,Philippines,inferred from domain,Professional Services,Business Services,stated by site,,,,,,,,2026-09-05,2026-09,stated by site,yes,,65f2d9fb-d508-4c18-84e1-14defac537bb
Qilin,AP CAPITAL PARTNERS LIMITED,apcapitalpartners.com,,,,Professional Services,Business Services,stated by site,,,,,,,,2026-09-04,2026-09,stated by site,yes,,1494ea59-5072-4eaa-a7ec-92aa902485ad
Qilin,Commission de la construction du Quebec (CCQ),ccq.org,,,,Government,Government,stated by site,,,,,,,,2026-09-03,2026-09,stated by site,yes,,a2710463-aa0e-4555-be9c-57188ff6434c
Qilin,Tanner,tanner.cl,CL,Chile,inferred from domain,Financial Services,Finance,stated by site,,,,,,,,2026-09-02,2026-09,stated by site,yes,,285a4356-5f48-45b3-b1ce-a250aab638a8
Qilin,Stryker,stryker.com,,,,Manufacturing,Manufacturing,stated by site,,,,,,,,2026-09-02,2026-09,stated by site,yes,,848bef28-f46d-4b0d-a680-695fe326d2dd
Qilin,Uak University,usak.edu.tr,TR,Turkey,inferred from domain,Education,Education,stated by site,,,,,,,,2026-09-02,2026-09,stated by site,yes,,759965bf-44b5-4772-93e8-cbd8e8be702b
Qilin,Grayson Rural Electric Cooperative,graysonrecc.com,,,,Energy & Utilities,"Electricity, Oil & Gas",stated by site,,,,,,,,2026-09-02,2026-09,stated by site,yes,,678d1dd9-022a-4521-8317-67e56329d10e
Qilin,Inmac,inmac.com.ar,AR,Argentina,inferred from domain,Engineering & Architecture,"Architecture, Engineering & Design",stated by site,,,,,,,,2026-08-31,2026-08,stated by site,yes,,e4d6313d-31ac-4c53-a057-78763996a847
Qilin,Allied Recycling,alliedrecycling.ie,IE,Ireland,inferred from domain,Energy & Utilities,"Energy, Utilities & Waste",stated by site,,,,,,,,2026-08-31,2026-08,stated by site,yes,,e7223d63-284f-41ed-92ad-ff78a88d557a
Qilin,Complete Packaging Solutions,completepackaginggroup.com,,,,Professional Services,Business Services,stated by site,,,,,,,,2026-08-31,2026-08,stated by site,yes,,adec1c55-2d8f-4001-b107-5bc6e3433690
Qilin,AFSARD,ipardpa.gov.mk,MK,North Macedonia,inferred from domain,Financial Services,Finance,stated by site,,,,,,,,2026-08-30,2026-08,stated by site,yes,,9136a394-e1a1-47ce-8fe6-16ed813a5d23
Qilin,Black Cat Engineering Construction Wll,blackcat.com.qa,QA,Qatar,inferred from domain,Construction,Civil Engineering Construction,stated by site,,,,,,,,2026-08-30,2026-08,stated by site,yes,,9b7d483d-aaa7-4da7-8724-a96e7005d141
Qilin,Absolute Consultancy Services,absolutecs.co.uk,GB,United Kingdom,inferred from domain,Professional Services,Business Services,stated by site,,,,,,,,2026-08-30,2026-08,stated by site,yes,,633d975c-e73f-462e-95fb-a372b53b600a
Qilin,Crystal Pharmatech,crystalbiosolutions.com,,,,Professional Services,Business Services,stated by site,,,,,,,,2026-08-30,2026-08,stated by site,yes,,9cc2365a-5fb6-4668-a614-7e65684bb18b
Qilin,CareClinics,careclinics.com.my,MY,Malaysia,inferred from domain,,,,,,,,,,,2026-08-29,2026-08,stated by site,yes,,d1947ee4-7210-4bf1-8c59-28faa9ac8495
Qilin,BLISS 1041,bliss1041.com,,,,Financial Services,Accounting Services,stated by site,,,,,,,,2026-08-29,2026-08,stated by site,yes,,b03ebcee-148c-41f8-ba2e-30817cb3b4bb
Qilin,La Maison Des Travaux,lamaisondestravaux.com,,,,Professional Services,Business Services,stated by site,,,,,,,,2026-08-29,2026-08,stated by site,yes,,fcb05123-2685-418f-8dd5-4c29a26ce6cb
Qilin,The Frame Group,framegroup.com.au,AU,Australia,inferred from domain,Professional Services,Business Services,stated by site,,,,,,,,2026-08-29,2026-08,stated by site,yes,,0b334ebb-408d-4b05-ba69-806e10a05580
Qilin,AUM Construction,auminc.us,,,,Energy & Utilities,"Electricity, Oil & Gas",stated by site,,,,,,,,2026-08-29,2026-08,stated by site,yes,,8124695c-39b4-49fa-9835-d01eb7aa9cbb
Qilin,LAPoco Architects,laparchitects.com,,,,Engineering & Architecture,"Architecture, Engineering & Design",stated by site,,,,,,,,2026-08-29,2026-08,stated by site,yes,,2affb033-7e6a-48cc-be6d-8b0bcb395750
Qilin,Neumaticos Corral S.A.,neumaticoscorral.com.ar,AR,Argentina,inferred from domain,Automotive,Automotive Parts,stated by site,,,,,,,,2026-08-29,2026-08,stated by site,yes,,5396431c-0700-4548-bcec-1ec417e29773
Qilin,Alter Consultores Legales,alterconsultores.es,ES,Spain,inferred from domain,Legal,Law Firms & Legal Services,stated by site,,,,,,,,2026-08-28,2026-08,stated by site,yes,,f1ab8b65-49c7-48f8-896a-75042a82c095
Qilin,Newton County School System,newtoncountyschools.org,,,,Education,Education,stated by site,,,,,,,,2026-08-28,2026-08,stated by site,yes,,d30bf640-c3c0-4fd8-a03f-1f4a9daf7726
Qilin,Cosmocolor SA de CV,cosmocolor.com.mx,MX,Mexico,inferred from domain,Professional Services,Business Services,stated by site,,,,,,,,2026-08-28,2026-08,stated by site,yes,,920d72a2-e450-4ab2-9540-9fef193bf438
Qilin,Tramigo,tramigo.com,,,,Technology,Software,stated by site,,,,,,,,2026-08-28,2026-08,stated by site,yes,,8d83fa74-d33c-47dc-a5a6-c95d5fbabcd5
Qilin,DigiGround,digiground.com.au,AU,Australia,inferred from domain,Professional Services,Business Services,stated by site,,,,,,,,2026-08-28,2026-08,stated by site,yes,,0cbc2586-f3cd-44fb-9de7-8867f181aac0
Qilin,Whitehouse,whitehouseandco.com,,,,Financial Services,Accounting Services,stated by site,,,,,,,,2026-08-28,2026-08,stated by site,yes,,f570d277-341f-44c6-b130-aa34613d0869
Qilin,Infinnium,infinnium.com,,,,Legal,Law Firms & Legal Services,stated by site,,,,,,,,2026-08-28,2026-08,stated by site,yes,,3cdde6d5-319e-44d3-b122-150e36bab273
Qilin,DAB Investments,dabinvestments.com,,,,Construction,Construction,stated by site,,,,,,,,2026-08-27,2026-08,stated by site,yes,,bbfd0a40-ca67-4852-9ba4-4857e21402ff
Qilin,Globalport Terminals,globalports.com.ph,PH,Philippines,inferred from domain,Professional Services,Business Services,stated by site,,,,,,,,2026-08-27,2026-08,stated by site,yes,,c7669cd1-2ccb-423c-b143-1cde8f5b9ebf
Qilin,Dotlines,dotlines.com.sg,SG,Singapore,inferred from domain,Technology,Software,stated by site,,,,,,,,2026-08-27,2026-08,stated by site,yes,,87f7f4ad-285e-46b8-9a42-afc956fccac7
Qilin,Kling Automaten,kling-gmbh.de,DE,Germany,inferred from domain,Hospitality & Travel,Gambling & Gaming,stated by site,,,,,,,,2026-08-27,2026-08,stated by site,yes,,53842717-9218-4879-bfe2-2a902c5969d6
Qilin,GPS Grothkopp und Partner,gps-stb.de,DE,Germany,inferred from domain,Professional Services,Business Services,stated by site,,,,,,,,2026-08-27,2026-08,stated by site,yes,,c7521025-9199-4fb7-90ee-525c06e05792
Qilin,Open Sports,opensports.com.ar,AR,Argentina,inferred from domain,Retail & Wholesale,Retail · Pennsylvania,stated by site,,,,,,,,2026-08-27,2026-08,stated by site,yes,,f47c0dbd-4012-4282-905e-bd9ed4427463
Qilin,LGG Advisors,lggadvisors.com,,,,Professional Services,Business Services,stated by site,,,,,,,,2026-08-27,2026-08,stated by site,yes,,d741e592-139a-4048-95c3-ad4498fc54a2
Qilin,Providence Investments,providenceinvestments.com,,,,Financial Services,Finance,stated by site,,,,,,,,2026-08-27,2026-08,stated by site,yes,,dd0f8be9-ac24-420c-80ec-d928241b7a66
Qilin,Displaydata,displaydata.com,,,,Manufacturing,Electronics,stated by site,,,,,,,,2026-08-27,2026-08,stated by site,yes,,b023a9b8-01ac-4305-8c15-a37fe44350ab
Qilin,Crystalpharmatech,crystalpharmatech.com,,,,Professional Services,Business Services,stated by site,,,,,,,,2026-08-27,2026-08,stated by site,no,,8417a826-180d-4dfc-8763-09ba335b1c77
Qilin,KenEp Resources,kenep.com.my,MY,Malaysia,inferred from domain,Engineering & Architecture,"Architecture, Engineering & Design",stated by site,,,,,,,,2026-08-26,2026-08,stated by site,yes,,6c38b5e8-23c9-4fe7-973c-fb814e146598
Qilin,Sanatorio Modelo de Caseros,sanatoriomodelo.com.ar,AR,Argentina,inferred from domain,,,,,,,,,,,2026-08-26,2026-08,stated by site,yes,,a367490f-d9fa-4df8-b65e-4eac8955ed12
Qilin,California Truck Equipment,ctec-truckbody.com,,,,Professional Services,Business Services,stated by site,,,,,,,,2026-08-26,2026-08,stated by site,yes,,788a7784-f1c2-48d4-beae-bcdbf5973de0
Qilin,Metal Conversions,metalconversions.com,,,,Construction,Building Materials,stated by site,,,,,,,,2026-08-26,2026-08,stated by site,yes,,857e639e-329d-4ba8-919e-44a56704733a
Qilin,WireCo,wireco.com,,,,Manufacturing,Manufacturing,stated by site,,,,,,,,2026-08-26,2026-08,stated by site,yes,,9462bcb7-b908-424f-b0c4-8e7c4a075eb4
Qilin,ATF,atf.gov,,,,Government,Government,stated by site,,,,,,,,2026-08-26,2026-08,stated by site,yes,,a661af42-3110-4893-bd9f-2e8a29190dc9
Qilin,Air International Thermal Systems,ai-thermal.com,,,,Automotive,Automotive Parts,stated by site,,,,,,,,2026-08-26,2026-08,stated by site,yes,,8f547a67-d984-4212-bfb2-ac38b169df36
Qilin,Brazosport College,brazosport.edu,,,,Education,Education,stated by site,,,,,,,,2026-08-25,2026-08,stated by site,yes,,f9fc3799-af50-49d0-86b2-1fae5094aa91
Qilin,SC PaderTeG Cabluri Electrice,paderteg.ro,RO,Romania,inferred from domain,Manufacturing,Manufacturing,stated by site,,,,,,,,2026-08-25,2026-08,stated by site,yes,,67b118f1-0db6-4685-95b4-8dcd8bff0d5d
Qilin,STRUCTURED SETTLEMENT CAPITAL LLC,123lumpsum.com,,,,Financial Services,Finance,stated by site,,,,,,,,2026-08-25,2026-08,stated by site,yes,,355e0d6d-19fd-4e02-9f70-da6666795de4
Qilin,AGROLAND S.A.,agroland.com,,,,Agriculture & Food,Agriculture,stated by site,,,,,,,,2026-08-25,2026-08,stated by site,yes,,5e373bb8-3007-4974-b346-3c9f49b365ea
Qilin,Consultores de Seguros,consegsa.com,,,,Insurance,Insurance,stated by site,,,,,,,,2026-08-24,2026-08,stated by site,yes,,3d339ba7-a05c-4817-aea1-650ff6ea3a3f
Qilin,A&E + SMA Design,ae.design,,,,Engineering & Architecture,"Architecture, Engineering & Design",stated by site,,,,,,,,2026-08-24,2026-08,stated by site,yes,,a856aee8-ed3d-46cd-9bb3-4927bb0fc8d2
Qilin,Clear Align,clearalign.com,,,,Manufacturing,Manufacturing,stated by site,,,,,,,,2026-08-23,2026-08,stated by site,yes,,98f70590-55ac-4fc0-ad26-54d18c01461d
Qilin,S.E.M.P. s.r.l.,semp.it,IT,Italy,inferred from domain,Professional Services,Business Services,stated by site,,,,,,,,2026-08-23,2026-08,stated by site,yes,,8324d05a-396f-4f6f-8364-6458f90564f5
Qilin,Tecnici Associati STP,,,,,Engineering & Architecture,"Architecture, Engineering & Design",stated by site,,,,,,,,2026-08-23,2026-08,stated by site,yes,,605bcb17-be93-4198-b9bd-989d66c1d7e9
Qilin,Euroflora srl,euroflorasrl.it,IT,Italy,inferred from domain,Professional Services,Business Services,stated by site,,,,,,,,2026-08-23,2026-08,stated by site,yes,,d84a7b03-b1cb-4442-998a-29759d96f560
Qilin,Studio BOLDRIN PAOLO,paoloboldrin.it,IT,Italy,inferred from domain,Real Estate,Real Estate,stated by site,,,,,,,,2026-08-23,2026-08,stated by site,yes,,81079a29-ab55-4c4e-a6ce-317fca6ccb5c
Qilin,Aurore Development S.p.A.,auroredevelopment.it,IT,Italy,inferred from domain,Professional Services,Business Services,stated by site,,,,,,,,2026-08-23,2026-08,stated by site,yes,,3f4a1190-8da1-4306-9b22-1bf89595987e
Qilin,Difor,difor.cl,CL,Chile,inferred from domain,Automotive,Automotive Parts,stated by site,,,,,,,,2026-08-23,2026-08,stated by site,yes,,3906c9b9-afdc-4de4-ac47-043e4f4ee09b
Qilin,Coldfish Seafood,coldfish.ca,CA,Canada,inferred from domain,Agriculture & Food,Food & Beverage,stated by site,,,,,,,,2026-08-21,2026-08,stated by site,yes,,cbcc63b7-5003-454b-a04f-47906c90802a
Qilin,iPic,ipic.com,,,,Hospitality & Travel,Hospitality,stated by site,,,,,,,,2026-08-21,2026-08,stated by site,yes,,769179b7-db54-45e8-b3ba-9d7c94951e5d
Qilin,Quaker State Mexico,quakerstate.com.mx,MX,Mexico,inferred from domain,Manufacturing,Chemicals & Related Products,stated by site,,,,,,,,2026-08-21,2026-08,stated by site,yes,,59a43842-d0d8-41db-ab38-2cd125d91db2
Qilin,Cinépolis,cinepolis.com,,,,Hospitality & Travel,Hospitality,stated by site,,,,,,,,2026-08-21,2026-08,stated by site,yes,,01be5eca-c028-47e8-add2-46a852dccda7
Qilin,Professional,wwccpa.com,,,,Financial Services,Accounting Services,stated by site,,,,,,,,2026-08-21,2026-08,stated by site,yes,,86a79d53-e85b-47ba-8ae4-bb869cad0dac
Qilin,Gindre India,gindre.com,,,,Manufacturing,Manufacturing,stated by site,,,,,,,,2026-08-21,2026-08,stated by site,yes,,a4a0d54e-27c5-45ec-a3aa-39184e012167
Qilin,Blake Services,blakeservices.us,,,,Financial Services,Accounting Services,stated by site,,,,,,,,2026-08-20,2026-08,stated by site,yes,,dab4ef20-3fbb-4db3-a653-66247f20272f
Qilin,The Pendas Law Firm,pendaslaw.com,,,,Legal,Law Firms & Legal Services,stated by site,,,,,,,,2026-08-20,2026-08,stated by site,yes,,9859bcba-a0f1-4b0a-9653-a68d5327e833
Qilin,Trends And Concepts,trendsandconceptsinteriors.com,,,,Construction,Construction,stated by site,,,,,,,,2026-08-20,2026-08,stated by site,yes,,2bfe5896-59d5-44f2-8311-d2be2f67209f
Qilin,Provite,provite.nl,NL,Netherlands,inferred from domain,Professional Services,Business Services,stated by site,,,,,,,,2026-08-20,2026-08,stated by site,yes,,941da7fa-6ff3-452c-9127-15fa05660c79
Qilin,Questronix,questronix.com.ph,PH,Philippines,inferred from domain,Professional Services,Business Services,stated by site,,,,,,,,2026-08-20,2026-08,stated by site,yes,,33182c8f-74a1-4af9-ba49-b7efdffd6217
Qilin,Smart Energies,smart-energies.eu,,,,Energy & Utilities,"Electricity, Oil & Gas",stated by site,,,,,,,,2026-08-19,2026-08,stated by site,yes,,cf78de2d-e2cc-4ec1-9100-42954ad8060f
Qilin,Medochemie,medochemie.com,,,,Manufacturing,Manufacturing,stated by site,,,,,,,,2026-08-19,2026-08,stated by site,yes,,36ee3678-0869-4855-84d6-6c24da6b0595
Qilin,Semana,semana.es,ES,Spain,inferred from domain,Professional Services,Advertising & Marketing,stated by site,,,,,,,,2026-08-19,2026-08,stated by site,yes,,398be48d-63a4-4708-9788-1ff935ef6de5
Qilin,Movitecnica,movitecnica.com.pe,PE,Peru,inferred from domain,Manufacturing,Industrial Machinery & Equipment,stated by site,,,,,,,,2026-08-19,2026-08,stated by site,yes,,9432f6c7-5205-4a05-a773-8ee39868e21b
Qilin,Constructora Jimenez,constructorajimenez.com,,,,Construction,Construction,stated by site,,,,,,,,2026-08-19,2026-08,stated by site,yes,,b0791915-9158-4565-adc6-3ffa3b4588d3
Qilin,Estech,estech-design.com,,,,Professional Services,Business Services,stated by site,,,,,,,,2026-08-19,2026-08,stated by site,yes,,7d12c129-ab3f-4b31-8d27-168dc88a06f7
Qilin,Thrifty Building Supply,thriftybuilding.com,,,,Retail & Wholesale,Home Improvement & Hardware Retail,stated by site,,,,,,,,2026-08-19,2026-08,stated by site,yes,,f9c78af5-da6e-409e-8916-f40601f00a99
Qilin,Philippe Hottinguer Finance,philippehottinguer.com,,,,Financial Services,Finance,stated by site,,,,,,,,2026-08-19,2026-08,stated by site,yes,,576ca72f-43d1-4fa7-83e2-78db0524ab3f
Qilin,InVentry,inventry.co.uk,GB,United Kingdom,inferred from domain,Technology,Software,stated by site,,,,,,,,2026-08-19,2026-08,stated by site,yes,,ac23046b-ae6c-4f3e-a882-a07d0bf2ae6e
Qilin,WIS LOGISTICS,wislogistics.com,,,,Transportation & Logistics,Freight & Logistics Services,stated by site,,,,,,,,2026-08-19,2026-08,stated by site,yes,,c5c36680-2816-4e3c-af6d-270e02802938
Qilin,Berlin Brandenburgische Wohnungsbaugenossenschaft,bbwbg.de,DE,Germany,inferred from domain,Real Estate,Real Estate,stated by site,,,,,,,,2026-08-18,2026-08,stated by site,yes,,e32521d0-321e-4489-9db8-5a937a8d9fce
Qilin,EmpireWorks,empireworks.com,,,,Construction,Construction,stated by site,,,,,,,,2026-08-17,2026-08,stated by site,yes,,f2aec5e0-95f3-4ad9-8856-594786b67984
Qilin,"White-Daters & Associates, Inc",whitedaters.com,,,,Construction,Construction,stated by site,,,,,,,,2026-08-17,2026-08,stated by site,yes,,2fb4586b-aa0e-43f6-9032-4674e0ec567e
Qilin,GSW Gemeinschaftsstadtwerke GmbH,gsw-kamen.de,DE,Germany,inferred from domain,Energy & Utilities,"Electricity, Oil & Gas",stated by site,,,,,,,,2026-08-17,2026-08,stated by site,yes,,deca91c9-6f89-4a66-8100-9c70cd25f8f1
Qilin,Spoonful of Comfort,spoonfulofcomfort.com,,,,Retail & Wholesale,Grocery Retail,stated by site,,,,,,,,2026-08-16,2026-08,stated by site,yes,,217d66b0-ffa4-4bf9-b90a-92571dd1ff70
Qilin,Coface,coface.it,IT,Italy,inferred from domain,Insurance,Insurance,stated by site,,,,,,,,2026-08-16,2026-08,stated by site,yes,,6a247e78-b643-4a64-b2fb-c884d66e3249
Qilin,AGUNSA,agunsa.com,,,,Transportation & Logistics,Freight & Logistics Services,stated by site,,,,,,,,2026-08-16,2026-08,stated by site,yes,,deff5c6c-c54e-48fe-aedf-d9f90a9e9c12
Qilin,WEBA Meubelen,weba.be,BE,Belgium,inferred from domain,Professional Services,Business Services,stated by site,,,,,,,,2026-08-16,2026-08,stated by site,yes,,66e54324-f0ab-4773-9d5e-ebbeb662fa59
Qilin,Mulino Padano,mulinopadano.it,IT,Italy,inferred from domain,Agriculture & Food,Food & Beverage,stated by site,,,,,,,,2026-08-16,2026-08,stated by site,yes,,2360c1a5-999d-480c-92a7-9867370a8051
Qilin,Megawide,megawide.com.ph,PH,Philippines,inferred from domain,Construction,Construction,stated by site,,,,,,,,2026-08-16,2026-08,stated by site,yes,,452339ce-71d9-40e3-9af4-95eb820a0be8
Qilin,INVENSITY,invensity.com,,,,Professional Services,Business Services,stated by site,,,,,,,,2026-08-16,2026-08,stated by site,yes,,e449b4d8-017b-4884-9798-2fe7da3cf0a1
Qilin,Desatera Sdn Bhd,desatera.com.my,MY,Malaysia,inferred from domain,Professional Services,Business Services,stated by site,,,,,,,,2026-08-16,2026-08,stated by site,yes,,573d5082-4973-4a85-ba93-a924bcb1f03c
Qilin,Stade Francais,stadefrancais.com,,,,Professional Services,Business Services,stated by site,,,,,,,,2026-08-15,2026-08,stated by site,yes,,cf92d143-33d6-4dde-99d8-9550eee4ef74
Qilin,DELTA WAYS,deltaways.de,DE,Germany,inferred from domain,Healthcare,Healthcare Services,stated by site,,,,,,,,2026-08-15,2026-08,stated by site,yes,,36fd56c5-beb5-4603-a83d-e57f7033a1c5
Qilin,ASCII Group,asciigroup.com,,,,Professional Services,Business Services,stated by site,,,,,,,,2026-08-15,2026-08,stated by site,yes,,ed7ed937-727c-4371-9d4d-4502c16433b2
Qilin,Arnall Golden Gregory,agg.com,,,,Legal,Law Firms & Legal Services,stated by site,,,,,,,,2026-08-15,2026-08,stated by site,yes,,d9559304-65e3-4e4a-bd09-1458a353040a
Qilin,Jone Précision,joneprecision.com,,,,Manufacturing,Manufacturing,stated by site,,,,,,,,2026-08-15,2026-08,stated by site,yes,,40c19069-fd91-4f43-846b-71806c93607a
Qilin,MOSAID Technologies,mosaid.com,,,,Financial Services,Finance,stated by site,,,,,,,,2026-08-14,2026-08,stated by site,yes,,d8c30b26-e682-4a35-9f0b-ba5d89532a10
Qilin,Connections,connections.be,BE,Belgium,inferred from domain,Hospitality & Travel,Hospitality,stated by site,,,,,,,,2026-08-14,2026-08,stated by site,yes,,bd697a46-b40e-465b-bb87-3be33c8047e0
Qilin,Aletex Group,aletex.net,,,,Manufacturing,Manufacturing,stated by site,,,,,,,,2026-08-14,2026-08,stated by site,yes,,26737f12-4b99-468b-8106-1127bd7f98a5
Qilin,Radiant,radiants.com,,,,Technology,Software,stated by site,,,,,,,,2026-08-14,2026-08,stated by site,yes,,cc2f4575-21b9-4a39-911f-ff46b675f64c
Qilin,Urban Worldwide,urbanworldwide.com,,,,Professional Services,Business Services,stated by site,,,,,,,,2026-08-14,2026-08,stated by site,yes,,72327559-ff5b-4769-99b2-5c59365f99f3
Qilin,Lercher Werkzeugbau,lercher.at,AT,Austria,inferred from domain,Manufacturing,Industrial Machinery & Equipment,stated by site,,,,,,,,2026-08-14,2026-08,stated by site,yes,,0a89537d-3153-43ab-818b-ea2994bb5459
Qilin,FERRARI MANGIMI SRL,lavoroperte.regione.emilia-romagna.it,IT,Italy,inferred from domain,Professional Services,Business Services,stated by site,,,,,,,,2026-08-14,2026-08,stated by site,yes,,20b0f435-7e06-4b3f-a805-8a8739b3eaab
Qilin,Grupo ABC,grupoabc.mx,MX,Mexico,inferred from domain,Construction,Building Materials,stated by site,,,,,,,,2026-08-13,2026-08,stated by site,yes,,7b7cc53e-70de-441b-b8b6-cc942dfdc76a
Qilin,D & J Beverage Service,dandjbeverage.com,,,,Retail & Wholesale,Grocery Retail,stated by site,,,,,,,,2026-08-13,2026-08,stated by site,yes,,775c1b28-1eb6-4ee7-b14f-277932b229d4
Qilin,United Association Local Union 345,ua345.org,,,,Non-profit,Membership Organizations,stated by site,,,,,,,,2026-08-12,2026-08,stated by site,yes,,6ab8ea48-5461-4614-a76a-a70fd3a42589
Qilin,Miller Stratvert,mstlaw.com,,,,Legal,Law Firms & Legal Services,stated by site,,,,,,,,2026-08-12,2026-08,stated by site,yes,,0f40bc6a-9087-4410-b655-bdece4af8959
Qilin,Wanted,teamwanted.nl,NL,Netherlands,inferred from domain,Professional Services,Business Services,stated by site,,,,,,,,2026-08-12,2026-08,stated by site,yes,,fb9a3982-5863-4b3f-8621-5ffe07df3847
Qilin,Crown Group,crowngroup.com.pk,PK,Pakistan,inferred from domain,Professional Services,Business Services,stated by site,,,,,,,,2026-08-11,2026-08,stated by site,yes,,6072235c-e4c9-4151-b086-8e83ed5b9fd7
Qilin,G.M.A. GRANDI MARCHE AUTOMOBILI - S.R.L,autogma.it,IT,Italy,inferred from domain,Professional Services,Business Services,stated by site,,,,,,,,2026-08-11,2026-08,stated by site,yes,,4e83e92f-9bdd-4f12-907b-e98a783774fe
Qilin,Service Evaluation Concepts,serviceevaluation.com,,,,Professional Services,Advertising & Marketing,stated by site,,,,,,,,2026-08-11,2026-08,stated by site,yes,,801161a8-5902-4a46-bebb-0162cc2d2990
Qilin,tommer construction,tommerconstruction.com,,,,Construction,Civil Engineering Construction,stated by site,,,,,,,,2026-08-11,2026-08,stated by site,yes,,9e4c0161-1011-4c9a-88f7-412512a69477
Qilin,HIGEN MOTOR(critical data),higen.co.kr,KR,South Korea,inferred from domain,Manufacturing,Industrial Machinery & Equipment,stated by site,,,,,,,,2026-08-10,2026-08,stated by site,yes,,42480710-90bb-40d8-a036-99178d61af50
Qilin,Seufert Construction,seufertconstruction.com,,,,Construction,Construction,stated by site,,,,,,,,2026-08-10,2026-08,stated by site,yes,,12f33cc7-8c08-4056-86a7-61bf4ced8aab
Qilin,B Wright Drywall,bwrightdrywall.com,,,,Construction,Construction,stated by site,,,,,,,,2026-08-10,2026-08,stated by site,yes,,c579404e-4bb7-4cee-b62a-e7119942263a
Qilin,Naval Interior Team,nit.fi,FI,Finland,inferred from domain,Professional Services,Business Services,stated by site,,,,,,,,2026-08-09,2026-08,stated by site,yes,,ab374723-8098-489f-b410-22f166d857f1
Qilin,Price Shoes,priceshoes.com,,,,Retail & Wholesale,Retail · Pennsylvania,stated by site,,,,,,,,2026-08-09,2026-08,stated by site,yes,,7628b972-0301-4538-b81f-b05da191a574
Qilin,Service d'usinage 9002,usinage9002.com,,,,Manufacturing,Industrial Machinery & Equipment,stated by site,,,,,,,,2026-08-09,2026-08,stated by site,yes,,7c0be3ef-a162-4795-8fb1-9d4375a743bd
Qilin,pm-energy Die Solarexperten,pm-energy.de,DE,Germany,inferred from domain,Professional Services,Business Services,stated by site,,,,,,,,2026-08-09,2026-08,stated by site,yes,,bc867830-0246-450d-bbae-f93b24ef345d
Qilin,Harplast SRL,harplast.ro,RO,Romania,inferred from domain,Professional Services,Business Services,stated by site,,,,,,,,2026-08-09,2026-08,stated by site,yes,,9b358bc3-8762-4521-8745-6f84463cf078
Qilin,Impact Centre Chrétien,impactcentrechretien.com,,,,Professional Services,Business Services,stated by site,,,,,,,,2026-08-08,2026-08,stated by site,yes,,beeeda5d-f120-4c05-8e03-78c2d8785c59
Qilin,CLLS Co Ltd,clls.com.sg,SG,Singapore,inferred from domain,Manufacturing,Industrial Machinery & Equipment,stated by site,,,,,,,,2026-08-08,2026-08,stated by site,yes,,519326ff-4372-4dd4-82d5-a11cc4270a2f
Qilin,Clausing,clausing-tiefbau.com,,,,Agriculture & Food,Food & Beverage,stated by site,,,,,,,,2026-08-08,2026-08,stated by site,yes,,6a51158d-1290-4eb0-884a-597a8ffd28a0
Qilin,City of Winchester,winchesterky.com,,,,Government,Government,stated by site,,,,,,,,2026-08-07,2026-08,stated by site,yes,,3df43ee6-1240-49b4-beaa-0711e332d8e1
Qilin,Depona,depona.se,SE,Sweden,inferred from domain,Hospitality & Travel,Hospitality,stated by site,,,,,,,,2026-08-07,2026-08,stated by site,yes,,2a00e647-2aa5-4227-97f8-73df2d6bf8e4
Qilin,Nikan Awasisak Agency,nikanaa.ca,CA,Canada,inferred from domain,Government,Government,stated by site,,,,,,,,2026-08-07,2026-08,stated by site,yes,,63e7d7e4-5f75-4113-9b47-10bf1b87fd57
Qilin,EISNER ZT GMBH,zteisner.at,AT,Austria,inferred from domain,Construction,Construction,stated by site,,,,,,,,2026-08-07,2026-08,stated by site,yes,,974b106a-a203-4569-b4e4-a567d7e21946
Qilin,Filtronic,filtronic.com,,,,Manufacturing,Manufacturing,stated by site,,,,,,,,2026-08-07,2026-08,stated by site,yes,,c75881ec-b0e7-4099-aee0-caef7b261b65
Qilin,Astro Electroplating,astroelectroplating.com,,,,Manufacturing,Industrial Machinery & Equipment,stated by site,,,,,,,,2026-08-07,2026-08,stated by site,yes,,4906fb28-6622-49df-9338-73f4b4e91a86
Qilin,Jakle & Alexander,jaklelaw.com,,,,Legal,Law Firms & Legal Services,stated by site,,,,,,,,2026-08-06,2026-08,stated by site,yes,,72242ba7-5d40-4846-aaa2-074acda345bc
Qilin,ALIZE (alize-sud.fr),alize-sud.fr,FR,France,inferred from domain,Professional Services,Business Services,stated by site,,,,,,,,2026-08-06,2026-08,stated by site,yes,,26abaf2b-fb11-4a68-a1cb-1cd418b7e57b
Qilin,AmSpec,amspecgroup.com,,,,Professional Services,Business Services,stated by site,,,,,,,,2026-08-06,2026-08,stated by site,yes,,4dc4bd1c-9916-4149-a82b-642a9e23b294
Qilin,J&T Bank and Trust,jtbanktrust.com,,,,Financial Services,Banking,stated by site,,,,,,,,2026-08-06,2026-08,stated by site,yes,,6ff6f42f-5a9e-47f9-8466-1920875d8b0e
Qilin,Akuur Law Firm,akugurlaw.com,,,,Legal,Law Firms & Legal Services,stated by site,,,,,,,,2026-08-06,2026-08,stated by site,yes,,37b6cd2d-889f-4ab4-8b97-0d8528ae86ab
Qilin,Mera Metal,merametal.pl,PL,Poland,inferred from domain,Manufacturing,Furniture,stated by site,,,,,,,,2026-08-05,2026-08,stated by site,yes,,02b04460-11bf-4f5e-b8a8-025127a60601
Qilin,STADLER Sensorik CNC-Technik,stadlercnc.at,AT,Austria,inferred from domain,Manufacturing,Industrial Machinery & Equipment,stated by site,,,,,,,,2026-08-05,2026-08,stated by site,yes,,5b9da671-b54b-4836-970a-d34ef5c6e054
Qilin,WD Masonry & Concrete,wdmandc.com,,,,Construction,Construction,stated by site,,,,,,,,2026-08-04,2026-08,stated by site,yes,,27ce89ea-880f-403b-b134-77994baad834
Qilin,Bloom Financials,bloomfinancials.com,,,,Financial Services,Accounting Services,stated by site,,,,,,,,2026-08-04,2026-08,stated by site,yes,,8c155e5e-9652-4932-bacf-267584f65001
Qilin,RUPP Spritzguss,rupp-spritzguss.de,DE,Germany,inferred from domain,Manufacturing,Manufacturing,stated by site,,,,,,,,2026-08-04,2026-08,stated by site,yes,,7d3f7328-c23f-4a74-a9ec-35bfe6c4cfc7
Qilin,Freedom Claims Management,freedomclaimsinc.com,,,,Insurance,Insurance,stated by site,,,,,,,,2026-08-03,2026-08,stated by site,yes,,1715db25-1d32-4f22-913e-fbe4456fd271
Qilin,Asset Flooring Group Australia,assetflooring.com.au,AU,Australia,inferred from domain,Construction,Construction,stated by site,,,,,,,,2026-08-02,2026-08,stated by site,yes,,8c1cae19-8a40-4d7b-a6d2-20f5561aa01e
Qilin,Mairie de Drancy,drancy.fr,FR,France,inferred from domain,Government,Government,stated by site,,,,,,,,2026-08-02,2026-08,stated by site,yes,,1277b405-d795-4d1d-bae9-7bd745f18c79
Qilin,Wire Products,wireproducts.us,,,,Manufacturing,Manufacturing,stated by site,,,,,,,,2026-08-02,2026-08,stated by site,yes,,e529c84d-7dce-4795-b526-693855deb497
Qilin,Schreiner Trockenbau GmbH,schreiner-trockenbau.at,AT,Austria,inferred from domain,Retail & Wholesale,Home Improvement & Hardware Retail,stated by site,,,,,,,,2026-08-01,2026-08,stated by site,yes,,30dd3e3c-d83d-4280-8a86-bccef8e6853a
Qilin,Pointe Property Group,pointecre.com,,,,Real Estate,Real Estate,stated by site,,,,,,,,2026-08-01,2026-08,stated by site,yes,,24a692b3-a6f9-4abe-9e03-c357aabb3bfe
Qilin,Ceragres,ceragres.ca,CA,Canada,inferred from domain,Retail & Wholesale,Home Improvement & Hardware Retail,stated by site,,,,,,,,2026-08-01,2026-08,stated by site,yes,,c9850007-22b0-48d2-8a78-21b36119ee59
Qilin,Dienst Pack Systems,dienst-packsystems.de,DE,Germany,inferred from domain,Manufacturing,Industrial Machinery & Equipment,stated by site,,,,,,,,2026-08-01,2026-08,stated by site,yes,,9d3a16a9-ade9-48b6-a574-a211eb8cb600
Qilin,Commercial Furniture Interiors,cfioffice.com,,,,Engineering & Architecture,"Architecture, Engineering & Design",stated by site,,,,,,,,2026-08-01,2026-08,stated by site,yes,,b5dfe996-d5bf-462e-933e-ed2a10d33da9
Qilin,The Saturday Evening Post,saturdayeveningpost.com,,,,Professional Services,Advertising & Marketing,stated by site,,,,,,,,2026-08-01,2026-08,stated by site,yes,,23bddd4e-4fd9-41f4-8326-e9feb3b80bc5
Qilin,The Dcoop,dcoop.es,ES,Spain,inferred from domain,Agriculture & Food,Agriculture,stated by site,,,,,,,,2026-07-31,2026-07,stated by site,yes,,2288dc0c-2790-4376-a244-14ca03334646
Qilin,Hawaii Family Dental,hawaiifamilydental.com,,,,Healthcare,Healthcare Services,stated by site,,,,,,,,2026-07-31,2026-07,stated by site,yes,,cba56701-ff57-4242-b845-62b40bcf937d
Qilin,Byonyks,byonyks.com,,,,Manufacturing,Manufacturing,stated by site,,,,,,,,2026-07-30,2026-07,stated by site,yes,,a87b7c7e-0b27-4645-ab95-af9452a79966
Qilin,Indian Motos Inmot,inmot.com.ec,EC,Ecuador,inferred from domain,Automotive,Automotive Parts,stated by site,,,,,,,,2026-07-30,2026-07,stated by site,yes,,1c576d86-ae95-48bb-8449-5bb196395dfd
Qilin,Orimar,orimar.be,BE,Belgium,inferred from domain,Professional Services,Business Services,stated by site,,,,,,,,2026-07-30,2026-07,stated by site,yes,,7447e2a7-f4db-466f-9f95-5b57cd5ae6d0
Qilin,servitelco,servitelco.com,,,,Professional Services,Business Services,stated by site,,,,,,,,2026-07-30,2026-07,stated by site,yes,,2e7b30b3-0b77-4c92-81f7-9cc3aedee74e
Qilin,"Audio Precision, Inc",ap.com,,,,Manufacturing,Manufacturing,stated by site,,,,,,,,2026-07-30,2026-07,stated by site,yes,,f37de6ed-24ab-4da1-b31f-9d1ea5fd2727
Qilin,TenSparrows,tensparrows.com,,,,Technology,Software,stated by site,,,,,,,,2026-07-30,2026-07,stated by site,yes,,208dc842-462f-4698-8012-4c775d4230af
Qilin,Db Tarimsal Enerji,dbtarimsalenerji.com.tr,TR,Turkey,inferred from domain,Manufacturing,Chemicals & Related Products,stated by site,,,,,,,,2026-07-30,2026-07,stated by site,yes,,307ffce1-021d-4e41-88d8-2e860203c0d0
Qilin,Affinity Capital,affinitycorp.net,,,,Financial Services,Finance,stated by site,,,,,,,,2026-07-30,2026-07,stated by site,yes,,64f4ee06-03dc-4857-a00d-db3d4fc4c9ab
Qilin,Excel Consultores,excel.com.mx,MX,Mexico,inferred from domain,Professional Services,Business Services,stated by site,,,,,,,,2026-07-30,2026-07,stated by site,yes,,2d747df3-258f-4cf7-bb51-bac84535c9d5
Qilin,Prenisac,prenisac.com,,,,Construction,Construction,stated by site,,,,,,,,2026-07-30,2026-07,stated by site,yes,,66939367-d4ce-4eb0-aee7-8b5f105e1a1e
Qilin,Hoc,hocltd.com,,,,Transportation & Logistics,Freight & Logistics Services,stated by site,,,,,,,,2026-07-28,2026-07,stated by site,yes,,7c2d8a4e-d317-43bb-9d60-257266a55f49
Qilin,Gran valle negocios,granvallenegocios.com.ar,AR,Argentina,inferred from domain,Real Estate,Real Estate,stated by site,,,,,,,,2026-07-28,2026-07,stated by site,yes,,a830d214-9f13-4708-8f06-bf1c3021c973
Qilin,Groupe Fenwick,fenwick.fr,FR,France,inferred from domain,Professional Services,Business Services,stated by site,,,,,,,,2026-07-27,2026-07,stated by site,yes,,6dc203a9-ec65-4df7-9c50-b58f1a1d1d10
Qilin,Wilbert's,wilberts.com,,,,Automotive,Automotive Parts,stated by site,,,,,,,,2026-07-27,2026-07,stated by site,yes,,af6a747d-1fc7-42e2-a953-0c198cf49576
Qilin,Contacto Garantido,contactogarantido.com,,,,Financial Services,Finance,stated by site,,,,,,,,2026-07-26,2026-07,stated by site,yes,,c80be6d9-9f48-4983-8d7d-a66e4387bdac
Qilin,Universitatea de Vest „Vasile Goldiș” din Arad,uvvg.ro,RO,Romania,inferred from domain,Education,Education,stated by site,,,,,,,,2026-07-26,2026-07,stated by site,yes,,1f231bbf-689b-4a64-be81-ee0b50e736ba
Qilin,The Myers Y Cooper,cooper-co.com,,,,Real Estate,Real Estate,stated by site,,,,,,,,2026-07-25,2026-07,stated by site,yes,,b98eaa24-6c8f-42d6-995b-a76643ad14f8
Qilin,Jubilee Jobs,jubileejobs.org,,,,Non-profit,Non-Profit & Charitable Organizations,stated by site,,,,,,,,2026-07-25,2026-07,stated by site,yes,,c9ce6a7a-10db-4411-b267-a236127da0e2
Qilin,Guntert & Zimmerman,guntert.com,,,,Manufacturing,Industrial Machinery & Equipment,stated by site,,,,,,,,2026-07-25,2026-07,stated by site,yes,,fe0866f0-5661-4013-be19-98c2a0c1dfc6
Qilin,Principle Diagnostics Laboratory,principlediagnostics.com,,,,Healthcare,Healthcare Services,stated by site,,,,,,,,2026-07-25,2026-07,stated by site,yes,,5179ba1b-2046-4654-854b-eafbce6e6029
Qilin,GURR Abdichtungstechnik GmbH,gurr-abdichtungstechnik.de,DE,Germany,inferred from domain,Construction,Construction,stated by site,,,,,,,,2026-07-25,2026-07,stated by site,yes,,51da3302-0532-4b68-b3ba-e2e281c1f263
Qilin,Highline Community College,highline.edu,,,,Education,Education,stated by site,,,,,,,,2026-07-24,2026-07,stated by site,yes,,67e53658-cf53-4b9d-a2df-a6b7a9361416
Qilin,Kean University,kean.edu,,,,Education,Education,stated by site,,,,,,,,2026-07-24,2026-07,stated by site,yes,,9f76650e-5eea-4165-9e20-b375488e9ec6
Qilin,Ejército Argentino,argentina.gob.ar,AR,Argentina,inferred from domain,Government,Government,stated by site,,,,,,,,2026-07-24,2026-07,stated by site,yes,,757f6332-ec5a-48e7-8be4-25d31d651506
Qilin,Maui Divers Jewelry,mauidivers.com,,,,Manufacturing,Manufacturing,stated by site,,,,,,,,2026-07-23,2026-07,stated by site,yes,,1d525214-bd75-4cd9-bc4d-0718003410ab
Qilin,WellPerf,wellperf.com,,,,Energy & Utilities,"Energy, Utilities & Waste",stated by site,,,,,,,,2026-07-23,2026-07,stated by site,yes,,e03a3141-5643-405c-98b0-29735f95c049
Qilin,AppleOne Properties,api.com.ph,PH,Philippines,inferred from domain,Construction,Construction,stated by site,,,,,,,,2026-07-23,2026-07,stated by site,yes,,b270fcbc-a829-4d7e-8261-079a785eb8c6
Qilin,Triton Trading,triton.com.pe,PE,Peru,inferred from domain,Manufacturing,Industrial Machinery & Equipment,stated by site,,,,,,,,2026-07-23,2026-07,stated by site,yes,,4e3a4d8c-18f4-4c90-9ae8-f0ce5e5b4240
Qilin,Cano Industrial,canoindustrial.com,,,,Manufacturing,Chemicals & Related Products,stated by site,,,,,,,,2026-07-23,2026-07,stated by site,yes,,ac01a7e7-945f-4740-b07a-3218ec95cf4a
Qilin,Assos Pharmaceuticals,assospharma.com,,,,Manufacturing,Manufacturing,stated by site,,,,,,,,2026-07-23,2026-07,stated by site,yes,,8c8cccb7-9d6a-4de1-9d66-15e6d05003a1
Qilin,Corporate 360 Business Solutions,corporate360.ca,CA,Canada,inferred from domain,Professional Services,Business Services,stated by site,,,,,,,,2026-07-23,2026-07,stated by site,yes,,4f767c19-c479-4511-899e-576a437a7409
Qilin,Sunway Berhad,sunway.com.my,MY,Malaysia,inferred from domain,Real Estate,Real Estate,stated by site,,,,,,,,2026-07-23,2026-07,stated by site,yes,,29c74989-187f-43cd-a8bf-c3d3adfd8b78
Qilin,ABM Enviro,abmenviro.ca,CA,Canada,inferred from domain,Manufacturing,Industrial Machinery & Equipment,stated by site,,,,,,,,2026-07-23,2026-07,stated by site,yes,,9f71de4a-ee6f-4382-8148-85ab3c440fc4
Qilin,Machinerie P&W,machineriepw.com,,,,Manufacturing,Industrial Machinery & Equipment,stated by site,,,,,,,,2026-07-23,2026-07,stated by site,yes,,68dd90a8-fe7d-405a-87c8-b8d660c18154
Qilin,P & A Construction,paconst.com,,,,Construction,Civil Engineering Construction,stated by site,,,,,,,,2026-07-22,2026-07,stated by site,yes,,e3c69462-969a-4bfd-8992-06497d92921c
Qilin,Power Funding,powerfundingltd.com,,,,Financial Services,Finance,stated by site,,,,,,,,2026-07-22,2026-07,stated by site,yes,,2bc4c5e5-464a-43e9-91d6-0b83d1a14000
Qilin,Salida Union School District,salida.k12.ca.us,,,,Education,Education,stated by site,,,,,,,,2026-07-22,2026-07,stated by site,yes,,faf2030b-b0df-4f52-98f9-3931b91b2ad1
Qilin,Recsa,recsa.com,,,,Professional Services,Business Services,stated by site,,,,,,,,2026-07-22,2026-07,stated by site,yes,,78113ab7-502b-474e-b2fc-50a62d9ecf5b
Qilin,Primeline Logistics,primeline.ie,IE,Ireland,inferred from domain,Transportation & Logistics,Freight & Logistics Services,stated by site,,,,,,,,2026-07-22,2026-07,stated by site,yes,,165c4546-86f3-4ac8-a44f-3e5c9c4b8862
Qilin,Infina Health,infinahealth.com,,,,Healthcare,Ambulance Services,stated by site,,,,,,,,2026-07-22,2026-07,stated by site,yes,,ae1065e8-9247-4660-8f32-4e7d25fc4f10
Qilin,EFU Life Assurance,efulife.com,,,,Insurance,Insurance,stated by site,,,,,,,,2026-07-22,2026-07,stated by site,yes,,70799fe1-ba67-406c-bebb-226b73e2c1fc
Qilin,Cpcg,cpcgr.com,,,,Professional Services,Business Services,stated by site,,,,,,,,2026-07-22,2026-07,stated by site,yes,,d5db2e06-b2a3-405f-8354-3783d5e308a1
Qilin,Evergreen Title,evergreentitlecompany.com,,,,Insurance,Insurance,stated by site,,,,,,,,2026-07-21,2026-07,stated by site,yes,,3a2be923-3c7d-48b9-aa44-380fc15b5215
Qilin,RehaVital Gesundheitsservice GmbH,rehavital.de,DE,Germany,inferred from domain,,,,,,,,,,,2026-07-21,2026-07,stated by site,yes,,0a73be27-9f34-45d8-b63d-c4a0a0157f9d
Qilin,Postres Reina,postresreina.com,,,,Agriculture & Food,Food & Beverage,stated by site,,,,,,,,2026-07-21,2026-07,stated by site,yes,,48655caf-4585-42fd-9ab0-386475bc0c00
Qilin,Bolt & Nut Manufacturing,bnml.co.uk,GB,United Kingdom,inferred from domain,Manufacturing,Industrial Machinery & Equipment,stated by site,,,,,,,,2026-07-20,2026-07,stated by site,yes,,055bff03-344a-4bdb-901b-6b98520d47cd
Qilin,Five Star Sheets,fivestarsheets.com,,,,Manufacturing,Manufacturing,stated by site,,,,,,,,2026-07-20,2026-07,stated by site,yes,,46c034cd-c4a3-4124-b93a-35c73f21abdf
Qilin,Synergy Products,synergy-trt.com,,,,Retail & Wholesale,Home Improvement & Hardware Retail,stated by site,,,,,,,,2026-07-19,2026-07,stated by site,yes,,1b6eeb3c-9231-44bf-ab8b-16c3eb7e2284
Qilin,Eana,eana.com.ar,AR,Argentina,inferred from domain,Professional Services,Business Services,stated by site,,,,,,,,2026-07-19,2026-07,stated by site,yes,,ea827c06-3e50-4215-b031-385307e23c22
Qilin,Associated Theatrical Contractors,associatedtheatrical.com,,,,Hospitality & Travel,Hospitality,stated by site,,,,,,,,2026-07-19,2026-07,stated by site,yes,,d5df444b-e533-4535-9797-08f40baf4f0b
Qilin,Don Tortaco Mexican Grill,dontortaco.com,,,,Hospitality & Travel,Hospitality,stated by site,,,,,,,,2026-07-19,2026-07,stated by site,yes,,41fcdb99-7cf5-4296-9690-fc9938f213c0
Qilin,Famesa,famesa.com.pe,PE,Peru,inferred from domain,Professional Services,Business Services,stated by site,,,,,,,,2026-07-19,2026-07,stated by site,yes,,319f4978-5d69-49df-a821-e9debceb58af
Qilin,City Ambulance Service,cityambu.com,,,,Healthcare,Healthcare Services,stated by site,,,,,,,,2026-07-19,2026-07,stated by site,yes,,9a5b2562-d3a3-4b7a-b2fa-2624534ed258
Qilin,The Nueva School,nuevaschool.org,,,,Education,Education,stated by site,,,,,,,,2026-07-18,2026-07,stated by site,yes,,f5d63ec4-a191-4de4-a6d1-f0fa52fba59e
Qilin,St Martha Catholic Church,stmartha.com,,,,Non-profit,Non-Profit & Charitable Organizations,stated by site,,,,,,,,2026-07-18,2026-07,stated by site,yes,,be920d01-1289-47d4-a4da-8ebf156a33ad
Qilin,Salina Supply,salinasupply.com,,,,Retail & Wholesale,Home Improvement & Hardware Retail,stated by site,,,,,,,,2026-07-18,2026-07,stated by site,yes,,336e1eea-cc38-4572-938d-8f80895e769e
Qilin,AK Preparedness,akpreparedness.com,,,,Construction,Building Materials,stated by site,,,,,,,,2026-07-18,2026-07,stated by site,yes,,ce1a0a64-9560-4bbf-8489-b0af28ec8fad
Qilin,Droguería Martorani,martorani.com,,,,Pharmaceuticals & Biotech,Drug Stores & Pharmacies,stated by site,,,,,,,,2026-07-17,2026-07,stated by site,yes,,cddad5ee-72f3-48fd-9310-4858484d5f59
Qilin,Mountain Rheumatology,mountainrheumatology.com,,,,,,,,,,,,,,2026-07-17,2026-07,stated by site,yes,,7bd70b1f-0098-4b3e-9863-acf22e1cf1f2
Qilin,Powder River Heating & Air Conditioning,powderriverheating.com,,,,Construction,Construction,stated by site,,,,,,,,2026-07-17,2026-07,stated by site,yes,,7e150d05-bd34-404d-8824-a10358840d67
Qilin,Acosol,acosol.es,ES,Spain,inferred from domain,Energy & Utilities,"Energy, Utilities & Waste",stated by site,,,,,,,,2026-07-17,2026-07,stated by site,yes,,06db273a-dad1-49d1-98ea-f59c947de0b6
Qilin,Feliubadaló,feliubadalo.com,,,,Retail & Wholesale,Grocery Retail,stated by site,,,,,,,,2026-07-15,2026-07,stated by site,yes,,cd9a8829-4c6d-4835-82c5-58dedb507d9a
Qilin,Levin Furniture,levinfurniture.com,,,,Manufacturing,Furniture,stated by site,,,,,,,,2026-07-15,2026-07,stated by site,yes,,21fe1d79-9687-4b3e-8646-659c19380a51
Qilin,THL,thl.com,,,,Financial Services,Finance,stated by site,,,,,,,,2026-07-14,2026-07,stated by site,yes,,725b3a94-7ea7-46f1-bba6-64aebadbe876
Qilin,Retelit SpA PIVA,retelit.it,IT,Italy,inferred from domain,Financial Services,Accounting Services,stated by site,,,,,,,,2026-07-14,2026-07,stated by site,yes,,6c4fcaba-e200-43ea-b48b-6e4c03337b27
Qilin,Sedemi,sedemi.com,,,,Construction,Civil Engineering Construction,stated by site,,,,,,,,2026-07-14,2026-07,stated by site,yes,,44c613b3-9f46-4e31-a76b-0af290178914
Qilin,Busscar de Colombia,busscar.com.co,,,,Manufacturing,Manufacturing,stated by site,,,,,,,,2026-07-13,2026-07,stated by site,yes,,739597b2-88ff-44af-aa22-97024c934e43
Qilin,Cemoi,cemoi.fr,FR,France,inferred from domain,Agriculture & Food,Food & Beverage,stated by site,,,,,,,,2026-07-13,2026-07,stated by site,yes,,e8b95ada-bcb2-4c2b-b537-2f74f12972bd
Qilin,Jakub A.S.,jakub.cz,CZ,Czechia,inferred from domain,Professional Services,Business Services,stated by site,,,,,,,,2026-07-13,2026-07,stated by site,yes,,95e521da-d152-4254-b3a5-d5446ff557c0
Qilin,Centro Científico e Cultural de Macau,cccm.gov.pt,PT,Portugal,inferred from domain,Hospitality & Travel,Hospitality,stated by site,,,,,,,,2026-07-13,2026-07,stated by site,yes,,0ed24c43-1ad9-440f-acb4-4e2703aa4523
Qilin,Counts & Dobyns,countsanddobyns.com,,,,Construction,Civil Engineering Construction,stated by site,,,,,,,,2026-07-13,2026-07,stated by site,yes,,b473596d-9864-4a3e-b518-848362cbcb4f
Qilin,Hillebrand Home Health,hillebrandhomehealth.com,,,,,,,,,,,,,,2026-07-13,2026-07,stated by site,yes,,8e67cc56-c717-453f-b94c-f1a6b99766a7
Qilin,URH Hoteliers,urh-hoteliers.com,,,,Hospitality & Travel,Hospitality,stated by site,,,,,,,,2026-07-13,2026-07,stated by site,yes,,184d06d6-c5b8-4ac9-82f0-b7febaf5eb0f
Qilin,"TitanTV, Inc.",titantvinc.com,,,,Professional Services,Business Services,stated by site,,,,,,,,2026-07-13,2026-07,stated by site,yes,,bc461bc1-70b4-4976-b6e6-6c0c4bf8cc8e
Qilin,Danone (International Delights),idelights.com,,,,Agriculture & Food,Food & Beverage,stated by site,,,,,,,,2026-07-13,2026-07,stated by site,yes,,2a85afa5-7c66-4fe2-a552-df3f6954cb9c
Qilin,TeleTronic,teletronic.es,ES,Spain,inferred from domain,Consumer Services,Consumer Services,stated by site,,,,,,,,2026-07-11,2026-07,stated by site,yes,,d5152f36-9281-4b50-9136-837e59866db4
Qilin,Navana Real Estate,navana-realestate.com,,,,Construction,Construction,stated by site,,,,,,,,2026-07-10,2026-07,stated by site,yes,,9acf3fe5-90ad-4918-93fc-4988ca91df8a
Qilin,Promotora Zacapu,promotorazacapu.com,,,,Manufacturing,Manufacturing,stated by site,,,,,,,,2026-07-10,2026-07,stated by site,yes,,e5e2fa00-1d2c-4921-bc64-005bac006c8f
Qilin,Red Planet Hotels,redplanethotels.com,,,,Hospitality & Travel,Hospitality,stated by site,,,,,,,,2026-07-10,2026-07,stated by site,yes,,242a6cc9-5e6c-4cda-8a28-6bb684772df9
Qilin,CRZ Construcciones,crzconstrucciones.com,,,,Construction,Civil Engineering Construction,stated by site,,,,,,,,2026-07-10,2026-07,stated by site,yes,,53072cde-abae-4f7b-b8de-de51d5d95d98
Qilin,Global Strategic Business Process Solutions,globalstrategic.com,,,,Professional Services,Business Services,stated by site,,,,,,,,2026-07-10,2026-07,stated by site,yes,,b0f5ac07-c0fe-4311-a395-078bc298ca8f
Qilin,SPACElogic,spacelogic.com.sg,SG,Singapore,inferred from domain,Hospitality & Travel,Hospitality,stated by site,,,,,,,,2026-07-10,2026-07,stated by site,yes,,1b5dabef-3604-486e-a4bb-a6b218d64794
Qilin,Hum & Jacoby,hhjcpas.com,,,,Financial Services,Accounting Services,stated by site,,,,,,,,2026-07-09,2026-07,stated by site,yes,,050cc3bc-db0d-470c-a7ff-f9dd5fa3e39e
Qilin,Sintax,sintax.be,BE,Belgium,inferred from domain,Legal,Law Firms & Legal Services,stated by site,,,,,,,,2026-07-09,2026-07,stated by site,yes,,09042649-52aa-4c66-9826-ca49ed5c7da0
Qilin,Peligro Sports,peligrosportsnyc.com,,,,Retail & Wholesale,Retail · Pennsylvania,stated by site,,,,,,,,2026-07-09,2026-07,stated by site,yes,,55e65e6a-8abe-400a-af69-a5afda4c8eca
Qilin,Inter Power Engineering,interpower-engrg.com,,,,Manufacturing,Electronics,stated by site,,,,,,,,2026-07-09,2026-07,stated by site,yes,,0b1629e6-c218-435b-83ba-ce19b7048191
Qilin,Alan F Burke,alanburkecpa.com,,,,Financial Services,Accounting Services,stated by site,,,,,,,,2026-07-09,2026-07,stated by site,yes,,07a5e6aa-5323-4336-8d8d-7d0f5d12a676
Qilin,Bronken's Dist,bronkens.com,,,,Professional Services,Business Services,stated by site,,,,,,,,2026-07-09,2026-07,stated by site,yes,,f6f03176-3b5f-47fc-b3d6-7128fc0b6931
Qilin,Sun Dolphin Boats,sundolphin.com,,,,Professional Services,Business Services,stated by site,,,,,,,,2026-07-09,2026-07,stated by site,yes,,d645d1da-4301-4b9b-a13f-23ca4e1a712c
Qilin,Lechner Massivhaus GmbH,lechner-massivhaus.de,DE,Germany,inferred from domain,Construction,Building Materials,stated by site,,,,,,,,2026-07-07,2026-07,stated by site,yes,,baa73f69-c924-4036-8d91-9c3e3682228d
Qilin,Next Clinics,next-clinics.cz,CZ,Czechia,inferred from domain,,,,,,,,,,,2026-07-07,2026-07,stated by site,yes,,6496d6c3-7afe-4b66-a9d3-b9a903624ce3
Qilin,Accelirate,accelirate.com,,,,Professional Services,Business Services,stated by site,,,,,,,,2026-07-07,2026-07,stated by site,yes,,8490a0ae-f21b-4277-ad81-80308770ada6
Qilin,S.J. Louis,sjlouis.com,,,,Construction,Civil Engineering Construction,stated by site,,,,,,,,2026-07-06,2026-07,stated by site,yes,,0894a7b6-f612-4096-bc99-8ecafeaa427e
Qilin,Precision Steel Services,precisionsteel.org,,,,Construction,Building Materials,stated by site,,,,,,,,2026-07-06,2026-07,stated by site,yes,,4a6e9256-83bb-4db4-ab7a-b866120a0bdd
Qilin,Keystone Homes,gokeystone.com,,,,Construction,Construction,stated by site,,,,,,,,2026-07-06,2026-07,stated by site,yes,,a2c11fdc-d4e1-48ba-b8f0-439de73aae5a
Qilin,Grupo Inteca,grupointeca.com,,,,Professional Services,Business Services,stated by site,,,,,,,,2026-07-06,2026-07,stated by site,yes,,59e55ef5-d4ce-4f6a-9aaf-65a9b661b286
Qilin,Wood Ellis & Wood CPA,woodelliswoodcpa.com,,,,Financial Services,Accounting Services,stated by site,,,,,,,,2026-07-06,2026-07,stated by site,yes,,fa10d64c-e114-45c1-9bf5-d7b00fec0578
Qilin,Sisint,sisint.pt,PT,Portugal,inferred from domain,Engineering & Architecture,"Architecture, Engineering & Design",stated by site,,,,,,,,2026-07-03,2026-07,stated by site,yes,,dc445be0-dece-4603-88e8-b7578daaabf5
Qilin,Sitmatic,sitmatic.com,,,,Manufacturing,Furniture,stated by site,,,,,,,,2026-07-03,2026-07,stated by site,yes,,59fa35e9-0cf8-4178-b372-617f08a8b622
Qilin,Goodwill Manasota,experiencegoodwill.org,,,,Professional Services,Business Services,stated by site,,,,,,,,2026-07-03,2026-07,stated by site,yes,,20de175e-9b1b-48a2-b953-827c18de8aef
Qilin,Natural Energy Laboratory of Hawaii Authority,nelha.hawaii.gov,,,,Professional Services,Business Services,stated by site,,,,,,,,2026-07-03,2026-07,stated by site,yes,,0593aadb-41b1-4205-89d2-b4c476545be4
Qilin,Pennant Hills Golf Club,pennanthillsgolfclub.com.au,AU,Australia,inferred from domain,Professional Services,Advertising & Marketing,stated by site,,,,,,,,2026-07-02,2026-07,stated by site,yes,,58f96ce6-c718-4160-9b1e-9a4653f88936
Qilin,Dennis Waters Rental Properties,,,,,Professional Services,Business Services,stated by site,,,,,,,,2026-07-01,2026-07,stated by site,yes,,ba701696-1c93-417d-a1cb-c69e714cc3f2
Qilin,Dixie Beverage,dixiebeverage.com,,,,Energy & Utilities,"Electricity, Oil & Gas",stated by site,,,,,,,,2026-07-01,2026-07,stated by site,yes,,a9bf0d58-3647-4639-9619-21dbf58dd83c
Qilin,Dynamic Laser Solutions Ltd.,dynamiclasersolutions.com,,,,Manufacturing,Industrial Machinery & Equipment,stated by site,,,,,,,,2026-07-01,2026-07,stated by site,yes,,34b7e3d1-82ce-4455-9944-ea6c2ede92fc
Qilin,Laughlin Nunnally Hood & Crum,greenevillelaw.com,,,,Legal,Law Firms & Legal Services,stated by site,,,,,,,,2026-07-01,2026-07,stated by site,yes,,2895dd71-2d77-4c70-badf-cd39e1ae9992
Qilin,Mattatuck Industrial Scrap Metal,mattatuckscrap.com,,,,Energy & Utilities,"Energy, Utilities & Waste",stated by site,,,,,,,,2026-07-01,2026-07,stated by site,yes,,2f884907-4973-409e-92dd-5ef8c7f3431a
Qilin,Hemmersbach GmbH & Co. KG,hemmersbach.com,,,,Technology,Software,stated by site,,,,,,,,2026-06-30,2026-06,stated by site,yes,,9a9add5c-96a6-46b9-8d94-1b9f29f0dc35
Qilin,Chamco,chamco.com,,,,Manufacturing,Manufacturing,stated by site,,,,,,,,2026-06-30,2026-06,stated by site,yes,,e10a7d15-361e-45ad-ba34-0167aa8f7ecf
Qilin,Taubensee Steel & Wire,taubensee.com,,,,Construction,Building Materials,stated by site,,,,,,,,2026-06-29,2026-06,stated by site,yes,,2f4db6f0-8327-4987-98ff-2891e4e17bea
Qilin,Kunert Fashion,kunert.de,DE,Germany,inferred from domain,Manufacturing,Manufacturing,stated by site,,,,,,,,2026-06-29,2026-06,stated by site,yes,,4e1db28d-1fa6-4d7c-b4cf-4477b4db7a5e
Qilin,Musashino University,musashino-u.ac.jp,JP,Japan,inferred from domain,Education,Education,stated by site,,,,,,,,2026-06-29,2026-06,stated by site,yes,,8eb0e50b-2e9b-4229-8d9b-8a2fa8262c00
Qilin,Metal Sur Famin,metalsurfamin.com,,,,Manufacturing,Industrial Machinery & Equipment,stated by site,,,,,,,,2026-06-29,2026-06,stated by site,yes,,cac189ac-d526-4846-bb5b-30664bf942be
Qilin,KALIACT ANCHETA et Associs,ancheta-associes.fr,FR,France,inferred from domain,Legal,Law Firms & Legal Services,stated by site,,,,,,,,2026-06-29,2026-06,stated by site,yes,,ccddb420-de65-4577-8d05-f1c349e15103
Qilin,Gsma,gsmarchitects.net,,,,Engineering & Architecture,"Architecture, Engineering & Design",stated by site,,,,,,,,2026-06-29,2026-06,stated by site,yes,,04d80cd8-9c4d-472a-87b4-3c29c3d85bb5
Qilin,Bristol Place,bristolplace.net,,,,,,,,,,,,,,2026-06-29,2026-06,stated by site,yes,,23638b37-efe6-4aac-9206-160607d09b29
Qilin,Lam Soon,lamsoon.co.th,TH,Thailand,inferred from domain,Agriculture & Food,Food & Beverage,stated by site,,,,,,,,2026-06-29,2026-06,stated by site,yes,,b8094546-2286-4db0-aa25-4c12fc65e1be
Qilin,Transcore,transcore.com,,,,Engineering & Architecture,"Architecture, Engineering & Design",stated by site,,,,,,,,2026-06-28,2026-06,stated by site,yes,,7a16da08-fd95-4288-931c-49f334ca12ca
Qilin,1-800-dentist,1800dentist.com,,,,Professional Services,Business Services,stated by site,,,,,,,,2026-06-28,2026-06,stated by site,yes,,764d68f8-7f13-45c1-99f9-c8d5ac187a12
Qilin,Premier Medical Group,premiermedicalhv.com,,,,,,,,,,,,,,2026-06-26,2026-06,stated by site,yes,,2080c2f3-9cfb-4476-a9f2-71a8ad09c124
Qilin,Cash Canada,cashcanada.com,,,,Professional Services,Business Services,stated by site,,,,,,,,2026-06-23,2026-06,stated by site,yes,,3d397a59-749d-4cc5-a06b-83c21549eae2
Qilin,Schumacher Homes,schumacherhomes.com,,,,Construction,Construction,stated by site,,,,,,,,2026-06-22,2026-06,stated by site,yes,,2f47ce8d-8f40-49d9-8e70-d7d4e7b877c8
Qilin,Central Bank of Libya,cbl.gov.ly,LY,Libya,inferred from domain,Financial Services,Banking,stated by site,,,,,,,,2026-06-22,2026-06,stated by site,yes,,7c1bd27c-bdf7-46e1-9aa7-3652fa370f25
Qilin,Tri-tec,tri-tec.com,,,,Professional Services,Business Services,stated by site,,,,,,,,2026-06-21,2026-06,stated by site,yes,,82904dd5-6ccd-4761-8ce6-0ced7832d2e9
Qilin,Belz Institutions,worldofbelz.org,,,,Education,Education,stated by site,,,,,,,,2026-06-21,2026-06,stated by site,yes,,7dad382b-86a3-485d-8467-04ded073949e
Qilin,Florida Engineering Services,florida-engineering-services.com,,,,Engineering & Architecture,"Architecture, Engineering & Design",stated by site,,,,,,,,2026-06-21,2026-06,stated by site,yes,,2ec671d4-73db-487a-b84b-cdd8c34d9c61
Qilin,Pacific Lamp & Supply,pacificlamp.com,,,,Manufacturing,Furniture,stated by site,,,,,,,,2026-06-20,2026-06,stated by site,yes,,ddab2106-0a8f-42c7-b603-0902afe07626
Qilin,FIRMENGRUPPE APPL Holding GmbH,appl.de,DE,Germany,inferred from domain,Financial Services,Accounting Services,stated by site,,,,,,,,2026-06-18,2026-06,stated by site,yes,,49e05aaa-52a8-47cb-9d45-7d3bd4d4c1ce
Qilin,Homes By J Anthony,homesbyjanthony.com,,,,Construction,Construction,stated by site,,,,,,,,2026-06-18,2026-06,stated by site,yes,,77f7cac4-5373-48fc-94f2-681e1b7f711d
Qilin,ATCOM Outsourcing,atcom.cl,CL,Chile,inferred from domain,Professional Services,Business Services,stated by site,,,,,,,,2026-06-18,2026-06,stated by site,yes,,9675a9d6-195d-452e-8110-5952b5cdf7bb
Qilin,Makel Companies Group,makel.com.tr,TR,Turkey,inferred from domain,Manufacturing,Electronics,stated by site,,,,,,,,2026-06-18,2026-06,stated by site,yes,,14ac9d80-81f2-4563-a59c-2d835c918589
Qilin,Skupina Don Don - GRUPO BIMBO,dondon.si,SI,Slovenia,inferred from domain,Agriculture & Food,Food & Beverage,stated by site,,,,,,,,2026-06-17,2026-06,stated by site,yes,,0e8fef36-3e08-4921-abbd-08a017cb7aca
Qilin,MAVA Healthcare,mavamedical.com,,,,,,,,,,,,,,2026-06-15,2026-06,stated by site,yes,,8b3c2a08-c4bd-4e1c-9540-43255f5f76a7
Qilin,Cng Ty Cp T Vn Xd Tng Hp,nagecco.com,,,,Engineering & Architecture,"Architecture, Engineering & Design",stated by site,,,,,,,,2026-06-15,2026-06,stated by site,yes,,58e310a4-96df-4b40-8f68-c672d84340d8
Qilin,Can Healthcare Group,izmircanhastanesi.com,,,,,,,,,,,,,,2026-06-15,2026-06,stated by site,yes,,943cd6e8-cb55-4fc7-924e-4e9653fd438e
Qilin,Grupo Indi,grupoindi.mx,MX,Mexico,inferred from domain,Construction,Civil Engineering Construction,stated by site,,,,,,,,2026-06-15,2026-06,stated by site,yes,,bc056cc8-657b-4671-8239-82ed5d55952e
Qilin,DISTINET MURCIA SL,distinetmurcia.es,ES,Spain,inferred from domain,Professional Services,Business Services,stated by site,,,,,,,,2026-06-12,2026-06,stated by site,yes,,1207ed2f-999e-484e-9818-36c88c5b4ec4
Qilin,The Banyans Health and Wellness,thebanyans.com.au,AU,Australia,inferred from domain,Healthcare,Healthcare Services,stated by site,,,,,,,,2026-06-08,2026-06,stated by site,yes,,ef60ef22-903f-4645-95eb-68ec523e25c9
Qilin,Kinetic Education,kineticeducation.com.au,AU,Australia,inferred from domain,Education,Education,stated by site,,,,,,,,2026-06-08,2026-06,stated by site,yes,,048ffcd7-1174-4fb2-986b-fefa9ed83935
Qilin,SatCom CX,satcommarketing.com,,,,Professional Services,Business Services,stated by site,,,,,,,,2026-06-08,2026-06,stated by site,yes,,3028fcdd-559c-483a-a7e6-3a34914e7096
Qilin,Opera Comique,opera-comique.com,,,,Hospitality & Travel,Hospitality,stated by site,,,,,,,,2026-06-08,2026-06,stated by site,yes,,3dd2edca-3ce3-4245-97d4-79dd78b7347b
Qilin,Isuzu Motors,isuzu-motors.co.th,TH,Thailand,inferred from domain,Manufacturing,Manufacturing,stated by site,,,,,,,,2026-06-08,2026-06,stated by site,yes,,d8f1fcdc-8f3f-4a6c-b81c-429c0fca2757
Qilin,Jay's Catering,myjayscatering.com,,,,Professional Services,Business Services,stated by site,,,,,,,,2026-06-05,2026-06,stated by site,yes,,3b1d5a52-c0e5-4b60-8a62-914ac986e3db
Qilin,Swim-Mor Pools,swimmor.com,,,,Construction,Civil Engineering Construction,stated by site,,,,,,,,2026-06-05,2026-06,stated by site,yes,,33ba9ef2-4761-4501-a216-a4bca21f4382
Qilin,Ontario Home Builders' Association,ohba.ca,CA,Canada,inferred from domain,Non-profit,Membership Organizations,stated by site,,,,,,,,2026-06-05,2026-06,stated by site,yes,,889c0174-5e2d-4529-b3d8-573c3e53bc5a
Qilin,Trican,tricanwellservice.com,,,,Energy & Utilities,"Energy, Utilities & Waste",stated by site,,,,,,,,2026-06-04,2026-06,stated by site,yes,,db9b88e4-dbf1-48ff-99c8-06be32a96a0f
Qilin,Eat Salad,eatsalad.com,,,,Hospitality & Travel,Hospitality,stated by site,,,,,,,,2026-06-03,2026-06,stated by site,yes,,9477bb5a-f81e-49b2-8db0-d7b8c1013df5
Qilin,MarketJoy,marketjoy.com,,,,Professional Services,Advertising & Marketing,stated by site,,,,,,,,2026-06-03,2026-06,stated by site,yes,,a8f53c6e-52a8-4a96-a634-2ead5addcca4
Qilin,JNP ENG,jnpeng.co.kr,KR,South Korea,inferred from domain,Manufacturing,Industrial Machinery & Equipment,stated by site,,,,,,,,2026-06-03,2026-06,stated by site,yes,,aee7cde8-9c42-42ee-b869-d48cd1a6f7bb
Qilin,MEISA - Sines,meisa-e.com,,,,Professional Services,Business Services,stated by site,,,,,,,,2026-06-03,2026-06,stated by site,yes,,90c319ad-cdab-4d2c-8a5e-e84e0d8242d0
Qilin,Commune d'Eyguires,eyguieres.org,,,,Government,Government,stated by site,,,,,,,,2026-06-02,2026-06,stated by site,yes,,28145869-f2d7-4dc2-9171-a26b63fbd83b
Qilin,Nova Medical Products,novajoy.com,,,,Retail & Wholesale,Retail · Pennsylvania,stated by site,,,,,,,,2026-06-02,2026-06,stated by site,yes,,cfb76db3-4ec5-4022-9ab7-60baf6523f09
Qilin,Clinica Maitenes,clinicamaitenes.cl,CL,Chile,inferred from domain,,,,,,,,,,,2026-06-02,2026-06,stated by site,yes,,d3ce86e4-82ae-4556-804a-a3da7631e290
Qilin,Otthon Centrum,oc.hu,HU,Hungary,inferred from domain,Real Estate,Real Estate,stated by site,,,,,,,,2026-05-27,2026-05,stated by site,yes,,f9273b15-aa73-467c-9abd-a2fc87d51f05
Qilin,William Davis Homes,williamdavis.co.uk,GB,United Kingdom,inferred from domain,Construction,Construction,stated by site,,,,,,,,2026-05-27,2026-05,stated by site,yes,,4732c352-14af-432f-8a3b-328e5e0d69bc
Qilin,Shocco Springs,shocco.org,,,,Hospitality & Travel,Hospitality,stated by site,,,,,,,,2026-05-27,2026-05,stated by site,yes,,1c8ccc14-5830-4052-83e2-ec12c0e5e95c
Qilin,Mainstreet Organization of REALTORS,mainstreethomesearch.com,,,,Non-profit,Membership Organizations,stated by site,,,,,,,,2026-05-27,2026-05,stated by site,yes,,02d6b208-5db6-43ce-bbe7-a72aabbc82b1
Qilin,Hamister Group,hamistergroup.com,,,,Holding Companies,Holding Companies & Conglomerates,stated by site,,,,,,,,2026-05-26,2026-05,stated by site,yes,,3a5f1ef5-7aec-4f4e-8f12-f36f57f7008c
Qilin,"THOMAS JORDAN, P.A",zoominfo.com,,,,Manufacturing,Manufacturing,stated by site,,,,,,,,2026-05-24,2026-05,stated by site,yes,,ad79efcf-ab01-4af3-b20e-b291f196740f
Qilin,Branded Products,brandedproducts.com.au,AU,Australia,inferred from domain,Retail & Wholesale,Retail · Pennsylvania,stated by site,,,,,,,,2026-05-24,2026-05,stated by site,yes,,3ef128e0-b18d-46df-88c1-ff2a51ff206f
Qilin,Sponseller Group,sponsellergroup.com,,,,Engineering & Architecture,"Architecture, Engineering & Design",stated by site,,,,,,,,2026-05-24,2026-05,stated by site,yes,,6b72489c-ce4c-47c6-a7dd-174e050d9f6e
Qilin,ExpoCredit,expocredit.com,,,,Financial Services,Finance,stated by site,,,,,,,,2026-05-24,2026-05,stated by site,yes,,aeca2b02-d09c-4e56-b06c-8f0b6c06f6c4
Qilin,P & G Trading,pgtradingco.com,,,,Retail & Wholesale,Grocery Retail,stated by site,,,,,,,,2026-05-24,2026-05,stated by site,yes,,c796bb04-e35a-429e-aef0-16f8f3d58ed1
Qilin,Alpert Slobin & Rubenstein,asrllp.com,,,,Legal,Law Firms & Legal Services,stated by site,,,,,,,,2026-05-24,2026-05,stated by site,yes,,81ae1ad0-8735-4f3a-b3a0-6e8ad72994f1
Qilin,Semgrep,semgrep.dev,,,,Technology,Software,stated by site,,,,,,,,2026-05-22,2026-05,stated by site,yes,,67045d50-5347-4ae2-a610-38593d71994d
Qilin,Vernon & Ginsburg,vernonginsburg.com,,,,Legal,Law Firms & Legal Services,stated by site,,,,,,,,2026-05-21,2026-05,stated by site,yes,,b5d7cd8d-5f29-4f49-b180-326eee4e6ddc
Qilin,Snyder Packaging,snyderpkg.com,,,,Manufacturing,Manufacturing,stated by site,,,,,,,,2026-05-21,2026-05,stated by site,yes,,b473a74f-5a6a-404b-956c-aac8458821ca
Qilin,ROTO Immobilien,roto-immobilien.at,AT,Austria,inferred from domain,Real Estate,Real Estate,stated by site,,,,,,,,2026-05-21,2026-05,stated by site,yes,,723469f2-6713-46a5-a07c-99f446fd6148
Qilin,Hamer Childs,hamerchilds.co.uk,GB,United Kingdom,inferred from domain,Legal,Law Firms & Legal Services,stated by site,,,,,,,,2026-05-20,2026-05,stated by site,yes,,c5d607cc-33aa-4006-a808-599dc0997a32
Qilin,CJ Architects,cjarchitects.net,,,,Engineering & Architecture,"Architecture, Engineering & Design",stated by site,,,,,,,,2026-05-20,2026-05,stated by site,yes,,b643f9eb-7e30-4836-8955-415480cfe9a6
Qilin,Cz Collections,czcollections.com,,,,Technology,Software,stated by site,,,,,,,,2026-05-20,2026-05,stated by site,yes,,7703e181-abfd-4df1-8dfa-42b24cfcae3d
Qilin,Zachary Confections,zacharyconfections.com,,,,Agriculture & Food,Food & Beverage,stated by site,,,,,,,,2026-05-19,2026-05,stated by site,yes,,d6e801e2-91f2-40df-a088-e2cbead6e1aa
Qilin,RCR Industrial Flooring,rcrindustrialflooring.com,,,,Construction,Construction,stated by site,,,,,,,,2026-05-18,2026-05,stated by site,yes,,a536837c-3ebd-46d6-bdc4-a3685fe8d6df
Qilin,Musée du Bas-Saint-Laurent,mbsl.qc.ca,CA,Canada,inferred from domain,Hospitality & Travel,Hospitality,stated by site,,,,,,,,2026-05-17,2026-05,stated by site,yes,,7d9b817e-24da-4d8f-a7e2-0b573e3403d4
Qilin,The Taylor Provisions,originaltaylorporkroll.com,,,,Agriculture & Food,Food & Beverage,stated by site,,,,,,,,2026-05-17,2026-05,stated by site,yes,,753fc2a7-1e1a-48ba-aac9-3c5261b3b689
Qilin,PNSB Insurance Brokers Sdn Bhd,pnsbinsbroker.com.my,MY,Malaysia,inferred from domain,Insurance,Insurance,stated by site,,,,,,,,2026-05-17,2026-05,stated by site,yes,,c6ab8717-2893-43ec-bedd-2e47408a917c
Qilin,Comercial Echave Turri Limitada,ajj.cl,CL,Chile,inferred from domain,Professional Services,Business Services,stated by site,,,,,,,,2026-05-17,2026-05,stated by site,yes,,4bfde194-c842-4903-93cb-68a9de8ba03a
Qilin,CLINICA AVELLANEDA MEDICAL CENTER,,,,,,,,,,,,,,,2026-05-16,2026-05,stated by site,yes,,f5dd1c52-cb51-4535-a8ee-bfd7ed801e49
Qilin,Bangor Wholesale Laminates,bangorwholesalelaminates.com,,,,Retail & Wholesale,Home Improvement & Hardware Retail,stated by site,,,,,,,,2026-05-16,2026-05,stated by site,yes,,ccf753d0-cb74-4b6c-ba5d-fffb06b082bc
Qilin,Foot Solutions,footsolutions.com,,,,Retail & Wholesale,Retail · Pennsylvania,stated by site,,,,,,,,2026-05-15,2026-05,stated by site,yes,,e9f74cf9-f2ec-4dfe-882d-6139896b242c
Qilin,Cooperativa de Hospitales de Antioquia - COHAN,cohan.org.co,,,,Government,Government,stated by site,,,,,,,,2026-05-15,2026-05,stated by site,yes,,bd0eebf4-e436-4f46-b7d8-0c21f8fff528
Qilin,Delta Electric Power Association,deltaepa.com,,,,Energy & Utilities,"Electricity, Oil & Gas",stated by site,,,,,,,,2026-05-14,2026-05,stated by site,yes,,c054af1f-76e8-4498-a937-7b0b8b7a1869
Qilin,Schulte-Lindhorst GmbH & Co.,schulte-lindhorst.de,DE,Germany,inferred from domain,Professional Services,Business Services,stated by site,,,,,,,,2026-05-14,2026-05,stated by site,yes,,fc4e2698-9dcc-4f1f-bc54-cd2ecacf3f68
Qilin,Fab-Masters,fabmastersinc.com,,,,Manufacturing,Industrial Machinery & Equipment,stated by site,,,,,,,,2026-05-14,2026-05,stated by site,yes,,04e96a4b-31cf-4ec4-bcc9-4316c3fb3383
Qilin,Bluize,bluize.com.au,AU,Australia,inferred from domain,Technology,Software,stated by site,,,,,,,,2026-05-13,2026-05,stated by site,yes,,8289980d-3796-40b2-b594-9f76da9e6380
Qilin,Mediapost Spain,mediapost.es,ES,Spain,inferred from domain,Professional Services,Advertising & Marketing,stated by site,,,,,,,,2026-05-12,2026-05,stated by site,yes,,c4b65820-1312-4205-a363-068fba9d5828
Qilin,AppDirect,appdirect.com,,,,Technology,Software,stated by site,,,,,,,,2026-05-11,2026-05,stated by site,yes,,886cb38b-3505-490e-bc92-10e27a5f138c
Qilin,Pangolin Editions,pangolin-editions.com,,,,Construction,Building Materials,stated by site,,,,,,,,2026-05-11,2026-05,stated by site,yes,,079c1f00-a839-4e03-8f1c-942a5ea058a9
Qilin,International Customer Care Services,iccs.global,,,,Professional Services,Business Services,stated by site,,,,,,,,2026-05-11,2026-05,stated by site,yes,,826e3766-2e34-421e-bd2e-39bbf24e9f5d
Qilin,SHERIFF,sheriff.com.ua,UA,Ukraine,inferred from domain,Professional Services,Business Services,stated by site,,,,,,,,2026-05-09,2026-05,stated by site,yes,,ce2b2565-40a3-44c9-8197-26e7524a309e
Qilin,Lindabury,lindabury.com,,,,Legal,Law Firms & Legal Services,stated by site,,,,,,,,2026-05-08,2026-05,stated by site,yes,,a3a02ff4-6ea5-4ca2-b31f-bac4da2a40b0
Qilin,Shipping Services,ssa-shipping.com.ar,AR,Argentina,inferred from domain,Professional Services,Business Services,stated by site,,,,,,,,2026-05-08,2026-05,stated by site,yes,,5e73092f-63f0-4de6-8e0d-e4685d4ba88c
Qilin,Imex International,imexinter.com,,,,Professional Services,Business Services,stated by site,,,,,,,,2026-05-08,2026-05,stated by site,yes,,8b23f095-b6b6-4ab4-9be8-07fa4cc59125
Qilin,Exco Technologies,excocorp.com,,,,Manufacturing,Industrial Machinery & Equipment,stated by site,,,,,,,,2026-05-08,2026-05,stated by site,yes,,12342335-f1a3-4d9c-9fc1-5737b77cd64d
Qilin,BMTP,bmtp.co.th,TH,Thailand,inferred from domain,Professional Services,Business Services,stated by site,,,,,,,,2026-05-06,2026-05,stated by site,yes,,d4384fb9-f35a-4aff-87a8-97cff99398f7
Qilin,Time-Cap Labs,timecaplabs.com,,,,Manufacturing,Manufacturing,stated by site,,,,,,,,2026-05-06,2026-05,stated by site,yes,,ae7d25a0-f7c7-4501-9333-106187fd4c6e
Qilin,Asphalt Specialists,asipaving.com,,,,Construction,Civil Engineering Construction,stated by site,,,,,,,,2026-05-06,2026-05,stated by site,yes,,27c7dd70-6534-4e2c-b794-168ccf525eb7
Qilin,Sysco,sysco.com,,,,Retail & Wholesale,Grocery Retail,stated by site,,,,,,,,2026-05-05,2026-05,stated by site,yes,,fab840ed-52a9-4bd6-acf1-c38b4554a845
Qilin,Ahorramas,ahorramas.com,,,,Retail & Wholesale,Grocery Retail,stated by site,,,,,,,,2026-05-05,2026-05,stated by site,yes,,d9c05d3b-e059-44fd-b5ff-e542020cd69b
Qilin,Seagate Capital Construction,seagatecapitalconstruction.com,,,,Construction,Construction,stated by site,,,,,,,,2026-05-04,2026-05,stated by site,yes,,fad3eb9c-b440-44c4-a87a-cb6a6376843b
Qilin,Lexus,lexus.ua,UA,Ukraine,inferred from domain,Automotive,Automotive Parts,stated by site,,,,,,,,2026-05-04,2026-05,stated by site,yes,,cd437699-bc88-4ee5-b912-ccf5cd27dd96
Qilin,North Star Signs,northstarsign.com,,,,Manufacturing,Industrial Machinery & Equipment,stated by site,,,,,,,,2026-05-02,2026-05,stated by site,yes,,647579d2-391a-4782-b29c-eef23aaa4bd4
Qilin,Martinez & Shanken,aztaxcpa.com,,,,Financial Services,Finance,stated by site,,,,,,,,2026-05-02,2026-05,stated by site,yes,,6da18069-9099-4633-872f-0fd641e1cd93
Qilin,Abazia SpA,abazia.com,,,,Manufacturing,Industrial Machinery & Equipment,stated by site,,,,,,,,2026-04-30,2026-04,stated by site,yes,,b2aee6c8-1fce-497b-953f-d84e078c5195
Qilin,Philex Mining,philexmining.com.ph,PH,Philippines,inferred from domain,Manufacturing,Manufacturing,stated by site,,,,,,,,2026-04-30,2026-04,stated by site,yes,,51dc3041-8999-40a5-8651-789673f3481e
Qilin,Osool Poultry,osoolpoultry.com,,,,Agriculture & Food,Food & Beverage,stated by site,,,,,,,,2026-04-30,2026-04,stated by site,yes,,b5974ad0-ec65-440d-ace4-77ddeb5cf891
Qilin,Jgb,jgb.com.co,,,,Healthcare,Healthcare Services,stated by site,,,,,,,,2026-04-30,2026-04,stated by site,yes,,7a7eff3e-4452-42e4-a651-c390bce9e89f
Qilin,Zinkan & Barker Development,zinkanandbarker.com,,,,Real Estate,Real Estate,stated by site,,,,,,,,2026-04-30,2026-04,stated by site,yes,,aa3c8f2e-6d5b-477f-b636-f9440c94ab04
Qilin,Jayeff Construction,jayeff.com,,,,Construction,Construction,stated by site,,,,,,,,2026-04-30,2026-04,stated by site,yes,,70cc7835-9389-4749-9fc3-e9c3d76fc876
Qilin,See's Candies,sees.com,,,,Agriculture & Food,Food & Beverage,stated by site,,,,,,,,2026-04-30,2026-04,stated by site,yes,,c328ef12-08a6-4fb3-bf54-e441d87d1ced
Qilin,Eduporium,eduporium.com,,,,Professional Services,Business Services,stated by site,,,,,,,,2026-04-29,2026-04,stated by site,yes,,8f6b7088-4865-4606-b73d-1a61073fa27a
Qilin,Construction Sciences,constructionsciences.net,,,,Engineering & Architecture,"Architecture, Engineering & Design",stated by site,,,,,,,,2026-04-28,2026-04,stated by site,yes,,369a1f91-b7bb-4c43-9760-ce8e73a49d91
Qilin,HBX Group,hbxgroup.com,,,,Hospitality & Travel,Hospitality,stated by site,,,,,,,,2026-04-28,2026-04,stated by site,yes,,eb002efc-c6f0-4c5f-9dfe-03ac9bc52bc9
Qilin,Lifeline PCS,lifelinepcs.com,,,,,,,,,,,,,,2026-04-27,2026-04,stated by site,yes,,9e2a4ac9-7864-4fdb-b2e8-649d1eecc9d0
Qilin,Leone Film Group SpA,leonefilmgroup.com,,,,Media & Entertainment,Broadcasting,stated by site,,,,,,,,2026-04-27,2026-04,stated by site,yes,,3b718f63-7722-4cb9-a8d1-bb32347609c8
Qilin,Jens Jensen,jensjensen.dk,DK,Denmark,inferred from domain,Consumer Services,Consumer Services,stated by site,,,,,,,,2026-04-27,2026-04,stated by site,yes,,64ff6ba5-8399-4e42-a0eb-ba3b77340b6d
Qilin,Blantyre Capital,blantyrecapital.com,,,,Financial Services,Credit Cards & Transaction Processing,stated by site,,,,,,,,2026-04-27,2026-04,stated by site,yes,,96112ccf-0ed6-4048-b6a5-f909872628e2
Qilin,Inspira,inspirapr.com,,,,,,,,,,,,,,2026-04-27,2026-04,stated by site,yes,,5d32509c-b974-483a-ac47-fc04e74e3583
Qilin,﻿﻿Muller Technology,muller-technology.com,,,,Manufacturing,Industrial Machinery & Equipment,stated by site,,,,,,,,2026-04-26,2026-04,stated by site,yes,,f92a2b79-707b-42e4-9335-cfa02313d037
Qilin,Longwood Engineering Company,longwoodengineering.co.uk,GB,United Kingdom,inferred from domain,Manufacturing,Manufacturing,stated by site,,,,,,,,2026-04-26,2026-04,stated by site,yes,,de45ff0e-e9b3-4b0f-b711-664acc7bb31f
Qilin,Istarpal,istarpal.com,,,,Education,Education,stated by site,,,,,,,,2026-04-26,2026-04,stated by site,yes,,53b52d91-047d-4b1d-9561-d2c44f340510
Qilin,Buckley Powder,buckleypowder.com,,,,Manufacturing,Manufacturing,stated by site,,,,,,,,2026-04-25,2026-04,stated by site,yes,,ad6e7758-9aed-447e-84c4-3f6a8e3e0b6e
Qilin,Chase Cooper Limited (RiskLogix Solutions),,,,,Technology,Software,stated by site,,,,,,,,2026-04-25,2026-04,stated by site,yes,,9653e175-0e80-495b-91f8-78eb6e684399
Qilin,Mid Florida Dermatology & Plastic Surgery,midflmed.com,,,,,,,,,,,,,,2026-04-25,2026-04,stated by site,yes,,a1361397-7377-41c6-a91c-0144f3c9374e
Qilin,SanCor,sancor.com,,,,Agriculture & Food,Food & Beverage,stated by site,,,,,,,,2026-04-25,2026-04,stated by site,yes,,120bce78-580e-4d21-a9b8-b47d01cb5937
Qilin,Leistritz Turbine Technology,turbines.leistritz.com,,,,Professional Services,Business Services,stated by site,,,,,,,,2026-04-25,2026-04,stated by site,yes,,de499d1b-c806-4643-befa-6780cfcb1244
Qilin,Cahbo Produkter,cahbo.se,SE,Sweden,inferred from domain,Construction,Building Materials,stated by site,,,,,,,,2026-04-25,2026-04,stated by site,yes,,234117e4-a04b-481d-94d4-a22c68d1c635
Qilin,Marc Cain,marc-cain.com,,,,Retail & Wholesale,Retail · Pennsylvania,stated by site,,,,,,,,2026-04-24,2026-04,stated by site,yes,,14354888-e288-4bfa-98c1-9a0a1827a06a
Qilin,Denso,denso-ts.com,,,,Automotive,Automotive Parts,stated by site,,,,,,,,2026-04-24,2026-04,stated by site,yes,,5cbe8c15-ab75-4cd4-b593-f8e4b70cbcb4
Qilin,Priests for Life,priestsforlife.org,,,,Non-profit,Non-Profit & Charitable Organizations,stated by site,,,,,,,,2026-04-24,2026-04,stated by site,yes,,95a2e088-2df7-4459-9bf4-9c1635272582
Qilin,"City of Napoleon, Ohio",napoleonohio.com,,,,Government,Government,stated by site,,,,,,,,2026-04-23,2026-04,stated by site,yes,,60cf33bb-d84a-4ebb-91fa-91199cd5df61
Qilin,The FAFS,fafscorp.com,,,,Professional Services,Business Services,stated by site,,,,,,,,2026-04-23,2026-04,stated by site,yes,,bad35319-6d38-4e59-958f-8cc3c6546df3
Qilin,LA Woodworks,lawoodworksinc.com,,,,Manufacturing,Furniture,stated by site,,,,,,,,2026-04-22,2026-04,stated by site,yes,,96e2f88b-cd48-4cb7-b6a3-1457ab554fb9
Qilin,Dillon Family Medicine,dillonfamilymedicine.com,,,,,,,,,,,,,,2026-04-21,2026-04,stated by site,yes,,23559922-26fd-496f-94cf-6261dc9d58e6
Qilin,Ferguson Timar,fergusontimar.com,,,,Financial Services,Finance,stated by site,,,,,,,,2026-04-21,2026-04,stated by site,yes,,1bbcec82-5c8c-46ec-9639-20f7c1a47db0
Qilin,Safety Engineering Laboratories,safetyengineeringlabs.com,,,,Professional Services,Business Services,stated by site,,,,,,,,2026-04-21,2026-04,stated by site,yes,,5151f924-dd51-4654-96ee-4f251051c958
Qilin,STERIMED,sterimed.fr,FR,France,inferred from domain,Manufacturing,Manufacturing,stated by site,,,,,,,,2026-04-21,2026-04,stated by site,yes,,afa2db4c-b35b-40aa-9812-82a35ab9c6bf
Qilin,Avitrans,avitrans.com,,,,Transportation & Logistics,Freight & Logistics Services,stated by site,,,,,,,,2026-04-21,2026-04,stated by site,yes,,630d6424-b8e2-4d05-b67f-1d0e9054c16b
Qilin,ruskcountywi.us,ruskcountywi.us,,,,Government,Government,stated by site,,,,,,,,2026-04-21,2026-04,stated by site,yes,,52fc0d7f-7cf9-4c90-9519-d886e27197a8
Qilin,SafeRain,saferain.com,,,,Manufacturing,Industrial Machinery & Equipment,stated by site,,,,,,,,2026-04-20,2026-04,stated by site,yes,,6be18f50-6056-4ec9-809e-9ee8e59680dc
Qilin,The Go Solution,thegosolution.com,,,,Professional Services,Business Services,stated by site,,,,,,,,2026-04-20,2026-04,stated by site,yes,,90ebc9a6-cf80-4514-a4a7-4282a2a56223
Qilin,GUEGUEN Avocats,gueguenavocats.com,,,,Legal,Law Firms & Legal Services,stated by site,,,,,,,,2026-04-20,2026-04,stated by site,yes,,bfe4f5a0-89c7-4751-bce6-b2fb8a332f39
Qilin,City'Pro,city-pro.info,,,,Education,Education,stated by site,,,,,,,,2026-04-20,2026-04,stated by site,yes,,eedd0eaa-5cd6-4450-b165-24877fb4124d
Qilin,Henley,henleyandcompany.com,,,,Financial Services,Finance,stated by site,,,,,,,,2026-04-19,2026-04,stated by site,yes,,58b388ea-37db-4113-870f-16d1eb041d0b
Qilin,Nanometrics,nanometrics.ca,CA,Canada,inferred from domain,Manufacturing,Manufacturing,stated by site,,,,,,,,2026-04-19,2026-04,stated by site,yes,,762b5171-94c3-4331-89b6-75515cad5217
Qilin,Tripod Farmers,tripodfarmers.com.au,AU,Australia,inferred from domain,Agriculture & Food,Agriculture,stated by site,,,,,,,,2026-04-17,2026-04,stated by site,yes,,790886be-4286-41dd-827a-4a3cb76bda56
Qilin,Roman Catholic Archdiocese of St John,rcsj.org,,,,Professional Services,Business Services,stated by site,,,,,,,,2026-04-16,2026-04,stated by site,yes,,88cda16d-bafe-4998-9ff5-ec969afed76a
Qilin,Netalia,netalia.it,IT,Italy,inferred from domain,Professional Services,Business Services,stated by site,,,,,,,,2026-04-16,2026-04,stated by site,yes,,72a08d8f-b2e4-455a-869a-30388525d733
Qilin,Clearwater Marine Aquarium,cmaquarium.org,,,,Hospitality & Travel,Hospitality,stated by site,,,,,,,,2026-04-15,2026-04,stated by site,yes,,90434527-36d5-4890-bc47-ade1576181f9
Qilin,Providence Medical Group,provmedgroup.com,,,,,,,,,,,,,,2026-04-15,2026-04,stated by site,yes,,6105bf1b-6bbb-4894-b9fa-fb754442dbbb
Qilin,Limkon,limkon.com,,,,Agriculture & Food,Food & Beverage,stated by site,,,,,,,,2026-04-15,2026-04,stated by site,yes,,4e1f976e-b3b1-4430-adad-16760a3258c9
Qilin,Gruppo ICM SPA,gruppoicm.com,,,,Construction,Construction,stated by site,,,,,,,,2026-04-15,2026-04,stated by site,yes,,ab4ee3d3-82fe-4625-be83-2568706af625
Qilin,Després Mécanique Mobile,despresmecanique.ca,CA,Canada,inferred from domain,Professional Services,Business Services,stated by site,,,,,,,,2026-04-13,2026-04,stated by site,yes,,59913704-81a1-4569-84d6-a2d0664db454
Qilin,Herth+Buss,herthundbuss.com,,,,Automotive,Automotive Parts,stated by site,,,,,,,,2026-04-13,2026-04,stated by site,yes,,a81a01e9-efa8-46e7-996d-5d89d4395d27
Qilin,Sadtek,sadtek.com,,,,Engineering & Architecture,"Architecture, Engineering & Design",stated by site,,,,,,,,2026-04-10,2026-04,stated by site,yes,,c7d2effa-013e-4fd7-9e49-454cafd5adbe
Qilin,Peuker & Alexander,peuker.com.au,AU,Australia,inferred from domain,Construction,Building Materials,stated by site,,,,,,,,2026-04-10,2026-04,stated by site,yes,,1d286816-83f6-4c7f-8b72-829a5da94749
Qilin,"HIGASHIYAMA INDUSTRIES Co.,Ltd.",higashiyama.com,,,,Financial Services,Accounting Services,stated by site,,,,,,,,2026-04-09,2026-04,stated by site,yes,,0e64e426-a68f-4810-9d19-b4f312f0645f
Qilin,Guerin Glass,gueringlass.com,,,,Engineering & Architecture,"Architecture, Engineering & Design",stated by site,,,,,,,,2026-04-09,2026-04,stated by site,yes,,7dfc8f7d-e2c9-4367-ac9a-0f168458508a
Qilin,TIS,tis.co.uk,GB,United Kingdom,inferred from domain,Construction,Construction,stated by site,,,,,,,,2026-04-09,2026-04,stated by site,yes,,d4410619-b365-4ac1-b2c5-a68bfb90a9d1
Qilin,Sonn Law Group,sonnlaw.com,,,,Legal,Law Firms & Legal Services,stated by site,,,,,,,,2026-04-09,2026-04,stated by site,yes,,ee4211c0-a5fb-4a04-91ab-f3d8bd96f50a
Qilin,Autogalerie Heister,heistergruppe.de,DE,Germany,inferred from domain,Professional Services,Business Services,stated by site,,,,,,,,2026-04-09,2026-04,stated by site,yes,,32ace852-0f05-4ef9-904d-74c45b5f4584
Qilin,SAAM Towage,saamtowage.com,,,,Professional Services,Business Services,stated by site,,,,,,,,2026-04-09,2026-04,stated by site,yes,,9330bbb4-f93a-4624-8ea7-7e846a2721bb
Qilin,Nan Liu Enterprises,nanliugroup.com,,,,Manufacturing,Manufacturing,stated by site,,,,,,,,2026-04-09,2026-04,stated by site,yes,,a634ccc7-f3e7-4772-ba1d-ef6c3ad4f8d8
Qilin,HumanEdge,humanedge.com,,,,Professional Services,Business Services,stated by site,,,,,,,,2026-04-08,2026-04,stated by site,yes,,5d8ff0bc-58d2-43e8-be7e-20e97609ca42
Qilin,Pacific Building Solutions (PBS),pacificbuildingsolutions.com,,,,Construction,Construction,stated by site,,,,,,,,2026-04-06,2026-04,stated by site,yes,,b32ef175-d8cf-422c-a8ee-4a9fdf4a9aab
Qilin,Operinter,operinter.com,,,,Transportation & Logistics,Freight & Logistics Services,stated by site,,,,,,,,2026-04-06,2026-04,stated by site,yes,,2ed824fa-0fbf-4270-ae75-4bebe51ccc45
Qilin,Aroostook Mental Health Services,amhc.org,,,,,,,,,,,,,,2026-04-02,2026-04,stated by site,yes,,ad203a2a-ef60-48ba-880e-f783c593cb7b
Qilin,Alamo Heights School District,ahisd.net,,,,Education,Education,stated by site,,,,,,,,2026-04-01,2026-04,stated by site,yes,,2c58d92c-4bb2-4101-9644-30386683c86f
Qilin,SERAM SpA,seram-fco.it,IT,Italy,inferred from domain,Professional Services,Business Services,stated by site,,,,,,,,2026-03-31,2026-03,stated by site,yes,,0b21b21c-76bd-4913-9c9e-832b3a25c790
Qilin,Service Star Freightways,servicestar.ca,CA,Canada,inferred from domain,Transportation & Logistics,Freight & Logistics Services,stated by site,,,,,,,,2026-03-31,2026-03,stated by site,yes,,026b52d6-0b11-4451-8800-71456d677c13
Qilin,Chickasaw Holding,ctsiok.com,,,,Financial Services,Accounting Services,stated by site,,,,,,,,2026-03-31,2026-03,stated by site,yes,,acdb26b5-0902-4fca-9e9e-f68560880bf6
Qilin,Q-Lab,q-lab.com,,,,Manufacturing,Manufacturing,stated by site,,,,,,,,2026-03-31,2026-03,stated by site,yes,,8bcf2825-cb6c-47e8-8c77-b9513a4a0371
Qilin,Miles Electric,mileselectric.com,,,,Construction,Construction,stated by site,,,,,,,,2026-03-30,2026-03,stated by site,yes,,730d14af-e2df-46f0-a6c7-c4e3a0596439
Qilin,TR Construya,trconstruya.es,ES,Spain,inferred from domain,Construction,Construction,stated by site,,,,,,,,2026-03-28,2026-03,stated by site,yes,,a177b82f-3a8f-4ba3-8a6a-69c5c8ee24a2
Qilin,Fondation Boghossian,villaempain.com,,,,Engineering & Architecture,"Architecture, Engineering & Design",stated by site,,,,,,,,2026-03-27,2026-03,stated by site,yes,,22fdeee2-3d1a-4070-ac47-101cb9f2ad98
Qilin,ACR1.COM Commercial Roofing,acr1.com,,,,Construction,Construction,stated by site,,,,,,,,2026-03-27,2026-03,stated by site,yes,,84e289c7-b2b6-4cc3-8ad2-a62224940373
Qilin,Kerjaya Prospek Group,kerjayagroup.com,,,,Construction,Construction,stated by site,,,,,,,,2026-03-26,2026-03,stated by site,yes,,089f684d-dbae-4a5d-a167-5d40a161c821
Qilin,"Living in green, s. r. o.",livingingreen.cz,CZ,Czechia,inferred from domain,Retail & Wholesale,Home Improvement & Hardware Retail,stated by site,,,,,,,,2026-03-26,2026-03,stated by site,yes,,2eb1ec0e-30e9-4341-b284-872b0db8e4bc
Qilin,LP Kolding,lp-kolding.dk,DK,Denmark,inferred from domain,Construction,Building Materials,stated by site,,,,,,,,2026-03-26,2026-03,stated by site,yes,,6d198bb8-5404-4a22-9451-6995e6392860
Qilin,Noi Hotels,noihotels.com,,,,Hospitality & Travel,Hospitality,stated by site,,,,,,,,2026-03-26,2026-03,stated by site,yes,,e68d5aa2-9e23-4aa1-aab8-bd5d0d0d668f
Qilin,Retail Centenario,,,,,Professional Services,Business Services,stated by site,,,,,,,,2026-03-24,2026-03,stated by site,yes,,f3f88409-168a-483f-adf3-630f4d2e128c
Qilin,ITWAL,itwal.com,,,,Retail & Wholesale,Grocery Retail,stated by site,,,,,,,,2026-03-23,2026-03,stated by site,yes,,ffa81e50-6d21-4219-aca0-ddb47f742fea
Qilin,"Kennedy, McLaughlin & Associates",kennedymclaughlin.com.au,AU,Australia,inferred from domain,Construction,Building Materials,stated by site,,,,,,,,2026-03-22,2026-03,stated by site,yes,,e1bee1d5-f038-45f1-8c46-1da39c682223
Qilin,Southern Commercial Real Estate,svn-scre.com,,,,Real Estate,Real Estate,stated by site,,,,,,,,2026-03-22,2026-03,stated by site,yes,,18965790-4733-48f9-bc70-2d67589760dc
Qilin,nPower Technologies,npowertech.com,,,,Technology,Software,stated by site,,,,,,,,2026-03-22,2026-03,stated by site,yes,,e86e7f5a-1980-466a-864d-748d5e256710
Qilin,Grupo Coril,grupocoril.com,,,,Financial Services,Banking,stated by site,,,,,,,,2026-03-21,2026-03,stated by site,yes,,c7993505-6987-4c43-ab9d-788d9f8961f4
Qilin,Gallun Snow Associates,gallunsnow.com,,,,Professional Services,Business Services,stated by site,,,,,,,,2026-03-20,2026-03,stated by site,yes,,14d457b1-0e52-40bf-b987-ac289e2b2180
Qilin,WAL Consultant,walconsultant.com,,,,Engineering & Architecture,"Architecture, Engineering & Design",stated by site,,,,,,,,2026-03-20,2026-03,stated by site,yes,,09d68a23-3a88-49c7-98a8-3a3d436f6bdc
Qilin,AGENCAVI SRL,agencavi.com,,,,Manufacturing,Industrial Machinery & Equipment,stated by site,,,,,,,,2026-03-20,2026-03,stated by site,yes,,33d671d3-1c7b-450e-a75c-868a43a3e592
Qilin,VirtualExpo Group,virtual-expo.com,,,,Financial Services,Accounting Services,stated by site,,,,,,,,2026-03-20,2026-03,stated by site,yes,,5df76bda-86b7-4707-a68c-a7e8195d01f7
Qilin,CST Coal,cstcoal.ca,CA,Canada,inferred from domain,Manufacturing,Manufacturing,stated by site,,,,,,,,2026-03-20,2026-03,stated by site,yes,,1cc28981-abdd-48ff-bca5-80562ae64756
Qilin,PoindexterHill,poindexterhill.com,,,,Legal,Law Firms & Legal Services,stated by site,,,,,,,,2026-03-20,2026-03,stated by site,yes,,162ae6f5-61cf-41dd-a4b7-e02a5e4e730d
Qilin,Carton Craft Supply,cartoncraftsupply.com,,,,Retail & Wholesale,Office Products Retail & Distribution,stated by site,,,,,,,,2026-03-19,2026-03,stated by site,yes,,7e580087-eeff-40e6-a572-42b9c34c9dff
Qilin,Enviaseo ESP,enviaseo-envigado-antioquia.gov.co,,,,Manufacturing,Industrial Machinery & Equipment,stated by site,,,,,,,,2026-03-19,2026-03,stated by site,yes,,4a296c00-8dcf-41ea-b61e-8207bd23fd29
Qilin,Jacobs & Sons,rjuniform.com,,,,Retail & Wholesale,Retail · Pennsylvania,stated by site,,,,,,,,2026-03-18,2026-03,stated by site,yes,,3e2272ce-b898-4e6e-a097-ca91b7c66c3f
Qilin,Shwapno,shwapno.com,,,,Retail & Wholesale,Retail · Pennsylvania,stated by site,,,,,,,,2026-03-17,2026-03,stated by site,yes,,dc05169c-2c2d-4e41-b8cd-e06337698835
Qilin,Sinomax USA,sinomax-usa.com,,,,Retail & Wholesale,Home Improvement & Hardware Retail,stated by site,,,,,,,,2026-03-17,2026-03,stated by site,yes,,3a5f68da-4f3d-4567-8fbf-97b9dfe89caa
Qilin,Saiful Bouquet,saifulbouquet.com,,,,Engineering & Architecture,"Architecture, Engineering & Design",stated by site,,,,,,,,2026-03-17,2026-03,stated by site,yes,,0e26e5eb-57e3-4d4e-9c87-cfd5e865ab89
Qilin,Von Weise Associates,vonweiseassociates.com,,,,Engineering & Architecture,"Architecture, Engineering & Design",stated by site,,,,,,,,2026-03-16,2026-03,stated by site,yes,,19cabe35-d400-4823-aba1-e143d0dac617
Qilin,MCC Economics,mcceconomics.co.uk,GB,United Kingdom,inferred from domain,Professional Services,Business Services,stated by site,,,,,,,,2026-03-16,2026-03,stated by site,yes,,4e6873ac-4d13-492c-a306-080e66474107
Qilin,Ruhnau Clarke,ruhnauclarke.com,,,,Engineering & Architecture,"Architecture, Engineering & Design",stated by site,,,,,,,,2026-03-16,2026-03,stated by site,yes,,87ad2f2f-c042-4bc2-9c2e-fe7dd7cbe66c
Qilin,Duffy's Sports Grill,duffysmvp.com,,,,Hospitality & Travel,Hospitality,stated by site,,,,,,,,2026-03-14,2026-03,stated by site,yes,,e7051963-f068-4602-999a-2d8b0002d8d1
Qilin,RMZ Oilfield Engineering,rmzoilfield.com,,,,Manufacturing,Industrial Machinery & Equipment,stated by site,,,,,,,,2026-03-13,2026-03,stated by site,yes,,ae31bd7f-9817-449b-be3c-fb33d67eacb5
Qilin,Millard Manufacturing,millardmfg.com,,,,Manufacturing,Industrial Machinery & Equipment,stated by site,,,,,,,,2026-03-13,2026-03,stated by site,yes,,cd9d8543-5757-4312-8098-1034378bd22b
Qilin,Alarmco,alarmco.com,,,,Professional Services,Business Services,stated by site,,,,,,,,2026-03-12,2026-03,stated by site,yes,,d1dbb44d-19e5-47fe-9cfe-891807f0d3bc
Qilin,Salag,salag.com,,,,Retail & Wholesale,Home Improvement & Hardware Retail,stated by site,,,,,,,,2026-03-12,2026-03,stated by site,yes,,728ad631-7d93-4dc6-b5ce-b5837a2d1915
Qilin,Hochschule Worms,hs-worms.de,DE,Germany,inferred from domain,Education,Education,stated by site,,,,,,,,2026-03-12,2026-03,stated by site,yes,,ba6313fd-5c9d-4a02-a8e4-d8b4c7c6aa2e
Qilin,"Alef Realty, LLC",dnb.com,,,,Real Estate,Real Estate,stated by site,,,,,,,,2026-03-11,2026-03,stated by site,yes,,031b149b-f52a-47a3-994f-e812d77cb7c8
Qilin,Omega Optical,omegafilters.com,,,,Manufacturing,Manufacturing,stated by site,,,,,,,,2026-03-11,2026-03,stated by site,yes,,0d66fc5b-603c-436c-b9a1-1051ee0571b9
Qilin,Jadtec Security Services,jadtec.com,,,,Professional Services,Business Services,stated by site,,,,,,,,2026-03-11,2026-03,stated by site,yes,,5cfdbe14-a573-4b28-8eb2-951c72f32af3
Qilin,Powers HVAC,powers-hvac.com,,,,Construction,Construction,stated by site,,,,,,,,2026-03-11,2026-03,stated by site,yes,,9a61c6e7-61be-475d-bf78-458fbb2d459e
Qilin,Yuma Sun,yumasun.com,,,,Professional Services,Advertising & Marketing,stated by site,,,,,,,,2026-03-11,2026-03,stated by site,yes,,97e150d7-114b-4d8a-ac1e-4406fe85d4cb
Qilin,A-Fast Tile & Coping,afaststone.com,,,,Construction,Construction,stated by site,,,,,,,,2026-03-10,2026-03,stated by site,yes,,7e1568f8-f3fc-4eba-b4f5-fe4f036a545b
Qilin,Advanced Animations,advancedanimations.com,,,,Media & Entertainment,Broadcasting,stated by site,,,,,,,,2026-03-10,2026-03,stated by site,yes,,8e7aa4c3-abdb-4ed1-8bb1-d8840acc5017
Qilin,RWB Consulting Engineers,rwb.net,,,,Engineering & Architecture,"Architecture, Engineering & Design",stated by site,,,,,,,,2026-03-09,2026-03,stated by site,yes,,cd738627-1f25-4c7c-a69e-a06ef7be1b3a
Qilin,Serviceplan Group (Korea branch),house-of-communication.com,,,,Professional Services,Advertising & Marketing,stated by site,,,,,,,,2026-03-09,2026-03,stated by site,yes,,63aa9310-d11f-4d4a-9e71-bb4b07ab7b78
Qilin,McKenna Pro,mckennapro.com,,,,Consumer Services,Consumer Services,stated by site,,,,,,,,2026-03-09,2026-03,stated by site,yes,,587d120b-aa05-4db7-93de-36ca27a6dd00
Qilin,Kuzco Lighting,kuzcolighting.com,,,,Retail & Wholesale,Home Improvement & Hardware Retail,stated by site,,,,,,,,2026-03-07,2026-03,stated by site,yes,,6c653101-b63b-4b01-ba48-7bb2c997f463
Qilin,Geotec Surveys,geotecsurveys.com,,,,Technology,Software,stated by site,,,,,,,,2026-03-07,2026-03,stated by site,yes,,41927d65-0e34-4961-bbc5-accd03bf5c79
Qilin,Brothers Produce,brothersproduce.com,,,,Retail & Wholesale,Grocery Retail,stated by site,,,,,,,,2026-03-07,2026-03,stated by site,yes,,7f6d0991-7143-4fb4-bc1c-1705eb31bd8a
Qilin,AFDL,afdl.law,,,,Legal,Law Firms & Legal Services,stated by site,,,,,,,,2026-03-07,2026-03,stated by site,yes,,91640e54-09cc-45e4-a0a4-3736525de287
Qilin,Orange Madagascar,orange.mg,MG,Madagascar,inferred from domain,Technology,Software,stated by site,,,,,,,,2026-03-06,2026-03,stated by site,yes,,1f115398-a0bb-4878-9132-2966655619d9
Qilin,Michelle Accesorios,michelle.com.mx,MX,Mexico,inferred from domain,Professional Services,Business Services,stated by site,,,,,,,,2026-03-05,2026-03,stated by site,yes,,add9ba4e-4000-4fe1-be50-d2d2eb09d465
Qilin,"K & S Company, Inc",kands.com,,,,Real Estate,Real Estate,stated by site,,,,,,,,2026-03-05,2026-03,stated by site,yes,,fb524428-2168-4fee-882b-14f05b0770d4
Qilin,Lucky Union Foods,luf-euro.pl,PL,Poland,inferred from domain,Agriculture & Food,Food & Beverage,stated by site,,,,,,,,2026-03-05,2026-03,stated by site,yes,,f9989b5e-4ccd-4389-a573-97548ca962cf
Qilin,Abutriek,abutriek.be,BE,Belgium,inferred from domain,Construction,Construction,stated by site,,,,,,,,2026-03-05,2026-03,stated by site,yes,,48ed6e1e-5282-41f2-9a48-e1b4386feb5c
Qilin,A Lococo Wholesale,lococos.ca,CA,Canada,inferred from domain,Retail & Wholesale,Grocery Retail,stated by site,,,,,,,,2026-03-05,2026-03,stated by site,yes,,233d0c8c-5d66-4eb8-adc4-8094869c6b8c
Qilin,Tennessee Valley Electric Cooperative,tvec.com,,,,Energy & Utilities,"Electricity, Oil & Gas",stated by site,,,,,,,,2026-03-05,2026-03,stated by site,yes,,227c1c5e-17c6-4e6e-b1fd-d7ecb9fb5054
Qilin,Nopa Industriearmaturen,nopa-valves.de,DE,Germany,inferred from domain,Engineering & Architecture,"Architecture, Engineering & Design",stated by site,,,,,,,,2026-03-05,2026-03,stated by site,yes,,29e2b087-24e9-4447-8f7a-9a04e87e1ed2
Qilin,CJL Engineering,cjlengineering.com,,,,Engineering & Architecture,"Architecture, Engineering & Design",stated by site,,,,,,,,2026-03-04,2026-03,stated by site,yes,,4cd86008-9572-4f76-8f14-4d62757ce1f2
Qilin,Diversified Supply Inc.,diversifiedsupply.com,,,,Energy & Utilities,"Electricity, Oil & Gas",stated by site,,,,,,,,2026-03-04,2026-03,stated by site,yes,,74977d64-1c4a-40d0-b7ae-b2b21460bc31
Qilin,ATS Group,theatsgroup.com,,,,Professional Services,Business Services,stated by site,,,,,,,,2026-03-04,2026-03,stated by site,yes,,0e6807ec-9ced-47eb-9885-59aee478c5d5
Qilin,Golden Clay Industries Sdn Bhd,gci.com.my,MY,Malaysia,inferred from domain,Manufacturing,Manufacturing,stated by site,,,,,,,,2026-03-04,2026-03,stated by site,yes,,9f404c85-4af9-4042-81e4-e1349355b74a
Qilin,Luro,luro.fr,FR,France,inferred from domain,Manufacturing,Manufacturing,stated by site,,,,,,,,2026-03-03,2026-03,stated by site,yes,,e34c30c6-f5b3-4ff8-8c7d-669904622841
Qilin,Omesti Berhad,omesti.com,,,,Professional Services,Business Services,stated by site,,,,,,,,2026-03-03,2026-03,stated by site,yes,,1f3ae315-0694-47a2-8534-3c368149a282
Qilin,Aluthea Group,aluthea.com,,,,Manufacturing,Industrial Machinery & Equipment,stated by site,,,,,,,,2026-03-03,2026-03,stated by site,yes,,43fd60da-a650-4fd6-b709-4f47d941a9c8
Qilin,Conklin Office Furniture,conklinoffice.com,,,,Manufacturing,Furniture,stated by site,,,,,,,,2026-03-03,2026-03,stated by site,yes,,ba6fd2b4-d8cb-41db-87e4-faebf9620120
Qilin,Gericke,gericke-spedition.de,DE,Germany,inferred from domain,Manufacturing,Industrial Machinery & Equipment,stated by site,,,,,,,,2026-03-03,2026-03,stated by site,yes,,e1a027b6-5256-4bdc-9fed-77b6d4cacc85
Qilin,Les Oliviers,hotel-les-oliviers.eu,,,,Hospitality & Travel,Hospitality,stated by site,,,,,,,,2026-03-03,2026-03,stated by site,yes,,1817c599-f041-4259-8652-2ece4a5cfcf3
Qilin,Lam Soon Group,lamsoon.com.my,MY,Malaysia,inferred from domain,Consumer Services,Consumer Services,stated by site,,,,,,,,2026-03-03,2026-03,stated by site,yes,,3b73c3c1-2d6c-448d-81bc-5e0cc245b423
Qilin,SMF & E.D.Etnyre & BearCat Mfg (3 companies),smf-inc.com,,,,Manufacturing,Industrial Machinery & Equipment,stated by site,,,,,,,,2026-03-03,2026-03,stated by site,yes,,07bf064c-687e-47aa-8e4d-48e941b772c2
Qilin,Grupo D'arc,grupodarc.com.ar,AR,Argentina,inferred from domain,Automotive,Automotive Parts,stated by site,,,,,,,,2026-03-02,2026-03,stated by site,yes,,79206d69-9e9d-4218-bf40-60387f059a6b
Qilin,Bayshore Ford Truck Sales,bayshoreford.com,,,,Automotive,Automotive Parts,stated by site,,,,,,,,2026-03-02,2026-03,stated by site,yes,,e50280ec-ec12-42ec-aa22-907abc7a7b87
Qilin,Fusion Superplex,fusionsuperplex.com,,,,Technology,Software,stated by site,,,,,,,,2026-03-02,2026-03,stated by site,yes,,4fe7135b-791d-4f7e-a21f-9bac55a0dacb
Qilin,Lundeen Consulting,lundeen-consulting.com,,,,Construction,Construction,stated by site,,,,,,,,2026-03-02,2026-03,stated by site,yes,,64c8fb6d-6919-4a8a-a0fc-ed1094fe30d0
Qilin,Akkök Holding,akkok.com.tr,TR,Turkey,inferred from domain,Professional Services,Business Services,stated by site,,,,,,,,2026-03-02,2026-03,stated by site,yes,,95ff022e-f8d1-4534-81fb-424e5b421834
Qilin,Payne & Brockway,payne-brockway.com,,,,Engineering & Architecture,"Architecture, Engineering & Design",stated by site,,,,,,,,2026-03-02,2026-03,stated by site,yes,,9c2b11ae-139b-4b59-ac70-1b097fcb7957
Qilin,Klevorn,klevornco.com,,,,Financial Services,Accounting Services,stated by site,,,,,,,,2026-03-01,2026-03,stated by site,yes,,700674ab-4967-42d0-a1ac-21bb47868722
Qilin,Enterprise Network Group of Indiana,engofinllc.com,,,,Manufacturing,Electronics,stated by site,,,,,,,,2026-03-01,2026-03,stated by site,yes,,4cfd9fb0-ff07-4ca2-956e-ae222c5136b7
Qilin,Riach Gese Jacobs,riachgese.com,,,,Legal,Law Firms & Legal Services,stated by site,,,,,,,,2026-03-01,2026-03,stated by site,yes,,311988a0-0cd4-48ef-b090-fff3782d5af3
Qilin,Pro-Plastics,proplastics.com,,,,Manufacturing,Manufacturing,stated by site,,,,,,,,2026-02-28,2026-02,stated by site,yes,,78334b8f-1bd0-4028-9bbb-2c30e7917cc2
Qilin,Unibros Shipping,unibros.gr,GR,Greece,inferred from domain,Professional Services,Business Services,stated by site,,,,,,,,2026-02-28,2026-02,stated by site,yes,,c0d4dd4b-b909-4e95-bd10-7fe227e6e550
Qilin,Golden GBC,goldengbc.com,,,,Retail & Wholesale,Office Products Retail & Distribution,stated by site,,,,,,,,2026-02-27,2026-02,stated by site,yes,,397483d6-7e02-4049-bb42-45f96fab21b0
Qilin,Rocky Mountain Care,rockymountaincare.com,,,,Healthcare,Healthcare Services,stated by site,,,,,,,,2026-02-23,2026-02,stated by site,yes,,5339390f-bfc1-4a61-a9c3-43dbe59270e5
Qilin,GENERON,generon.com,,,,Manufacturing,Industrial Machinery & Equipment,stated by site,,,,,,,,2026-02-23,2026-02,stated by site,yes,,fcbb99c7-24b8-4468-8d02-d79ecbf94166
Qilin,Spire Payments,spirepayments.com,,,,Financial Services,Credit Cards & Transaction Processing,stated by site,,,,,,,,2026-02-23,2026-02,stated by site,yes,,4fe48834-4d91-4c55-a871-97982d38d6cf
Qilin,Plan-IT Office Solutions,plan-itos.com,,,,Professional Services,Business Services,stated by site,,,,,,,,2026-02-23,2026-02,stated by site,yes,,e028f8a4-b9fb-4194-964b-48120a6956e4
Qilin,TWU Local 100,twulocal100.org,,,,Non-profit,Membership Organizations,stated by site,,,,,,,,2026-02-23,2026-02,stated by site,yes,,01d5ee8d-3e5c-4ea1-983a-f1b69396a949
Qilin,FAMILY EYECARE LLC,lindeneyecare.com,,,,,,,,,,,,,,2026-02-23,2026-02,stated by site,yes,,774fbfdf-5633-4ad2-834c-72744b187237
Qilin,CYMOT,cymot.com,,,,Automotive,Automotive Parts,stated by site,,,,,,,,2026-02-22,2026-02,stated by site,yes,,8e403122-190c-4462-b8c4-48cf79fad7c8
Qilin,Cumberland International Trucks,cumberland-companies.com,,,,Professional Services,Business Services,stated by site,,,,,,,,2026-02-21,2026-02,stated by site,yes,,d670f6a4-c762-45f6-8c1c-57f260ff2f2d
Qilin,Esperance Metaland,espmetaland.com.au,AU,Australia,inferred from domain,Manufacturing,Manufacturing,stated by site,,,,,,,,2026-02-21,2026-02,stated by site,yes,,3fab33fd-196d-46a5-b10e-8069b9006eb8
Qilin,Park Printing,parkprint.com,,,,Professional Services,Business Services,stated by site,,,,,,,,2026-02-19,2026-02,stated by site,yes,,c478ae89-4f7d-4560-b413-dd18ebff5caa
Qilin,Kensington HPP,kensingtonhpp.com,,,,Construction,Building Materials,stated by site,,,,,,,,2026-02-19,2026-02,stated by site,yes,,80fb26e5-1242-4bce-9c1b-6a38f9ef7888
Qilin,Graneles de Chile,granelesdechile.com,,,,Professional Services,Business Services,stated by site,,,,,,,,2026-02-19,2026-02,stated by site,yes,,d3f559aa-233f-4e15-a09c-9d9ab8b190f4
Qilin,Brm,brmcompany.com,,,,Financial Services,Finance,stated by site,,,,,,,,2026-02-19,2026-02,stated by site,yes,,5e2a3d5e-4532-4ce0-a72c-bae2016eaae5
Qilin,Kroll International,krollcorp.com,,,,Engineering & Architecture,"Architecture, Engineering & Design",stated by site,,,,,,,,2026-02-19,2026-02,stated by site,yes,,730231da-3d66-4084-8e9c-09cfcdfcd67c
Qilin,Telecare,telecarecorp.com,,,,Healthcare,Healthcare Services,stated by site,,,,,,,,2026-02-19,2026-02,stated by site,yes,,050d3724-d9ec-4ab5-8f6f-ba88931656e7
Qilin,The Corradino Group,corradino.com,,,,Engineering & Architecture,"Architecture, Engineering & Design",stated by site,,,,,,,,2026-02-19,2026-02,stated by site,yes,,998437a3-c015-4a92-bba3-c959f81a79eb
Qilin,O.Berk,oberk.com,,,,Manufacturing,Manufacturing,stated by site,,,,,,,,2026-02-18,2026-02,stated by site,yes,,3f18f197-b19c-4657-91a9-dcec46473528
Qilin,LaBaguette,labaguette.com.kw,KW,Kuwait,inferred from domain,Technology,Software,stated by site,,,,,,,,2026-02-17,2026-02,stated by site,yes,,89045eb2-f422-4117-bd4e-b9d3369d2450
Qilin,Castle Group,castlegroup.com,,,,Real Estate,Real Estate,stated by site,,,,,,,,2026-02-16,2026-02,stated by site,yes,,6ed9cd95-cb66-461f-9150-b7da1f905c3a
Qilin,SCC MediaServer,sccmediaserver.com,,,,Professional Services,Business Services,stated by site,,,,,,,,2026-02-16,2026-02,stated by site,yes,,54118b6e-c284-45c6-912f-c2ef4cdca09f
Qilin,Cheltenham Orthodontics,cheltenhamorthodontics.co.uk,GB,United Kingdom,inferred from domain,Healthcare,Healthcare Services,stated by site,,,,,,,,2026-02-16,2026-02,stated by site,yes,,febf932e-0f20-455e-a6e5-5ce5596617df
Qilin,BECKER CADCAMCAST,beckerccc.com,,,,Engineering & Architecture,"Architecture, Engineering & Design",stated by site,,,,,,,,2026-02-16,2026-02,stated by site,yes,,23a455ad-26f3-49fc-b18a-b5d6da4a5ff9
Qilin,Housing Authority of The City of Elizabeth,hacenj.com,,,,Government,Government,stated by site,,,,,,,,2026-02-16,2026-02,stated by site,yes,,9a707e4b-9a45-495b-ad9f-22deba8414f9
Qilin,Borough of State College,statecollegepa.us,,,,Education,Education,stated by site,,,,,,,,2026-02-16,2026-02,stated by site,yes,,4bc23466-20b5-442b-938e-12efed228746
Qilin,Johnson Tractor,johnsontractor.com,,,,Agriculture & Food,Agriculture,stated by site,,,,,,,,2026-02-16,2026-02,stated by site,yes,,c58ef3cf-ada5-4eae-89f9-45892f38bf17
Qilin,REIC,reicorporation.com,,,,Professional Services,Business Services,stated by site,,,,,,,,2026-02-16,2026-02,stated by site,yes,,badf7ee6-3bc5-4912-9870-38b103d05a6f
Qilin,Cooperativa de Hostelería de Navarra,coope.com,,,,Agriculture & Food,Food & Beverage,stated by site,,,,,,,,2026-02-14,2026-02,stated by site,yes,,06413a3a-ba71-4dbb-9817-e025b8624b12
Qilin,Carrera Casting,carreracasting.com,,,,Financial Services,Accounting Services,stated by site,,,,,,,,2026-02-13,2026-02,stated by site,yes,,b4fc7c45-5af6-4c42-8039-8bc67c7efbe8
Qilin,Midwest Wheel,midwestwheel.com,,,,Automotive,Automotive Parts,stated by site,,,,,,,,2026-02-12,2026-02,stated by site,yes,,a83f0030-cf49-42b4-84af-4112ee30763f
Qilin,Regie Libanaise,regie.com.lb,LB,Lebanon,inferred from domain,Agriculture & Food,Agriculture,stated by site,,,,,,,,2026-02-12,2026-02,stated by site,yes,,659030c9-4606-4fc6-832b-a217af352e6a
Qilin,JC Resorts,jcresorts.com,,,,Hospitality & Travel,Hospitality,stated by site,,,,,,,,2026-02-11,2026-02,stated by site,yes,,6965f4fb-b70c-4fc0-8022-e1575f544bfc
Qilin,Mt Barker Co-Operative,mtbarkercoop.com.au,AU,Australia,inferred from domain,Retail & Wholesale,Home Improvement & Hardware Retail,stated by site,,,,,,,,2026-02-11,2026-02,stated by site,yes,,9fbe80cb-a15d-4a72-8727-cbe8a36ff764
Qilin,Joyce Manufacturing,joycemfg.com,,,,Construction,Building Materials,stated by site,,,,,,,,2026-02-11,2026-02,stated by site,yes,,3e44fb0e-fd5a-40dc-8d47-46283bd808bc
Qilin,On-Point Defense Technologies,onpoint-dt.com,,,,Manufacturing,Manufacturing,stated by site,,,,,,,,2026-02-11,2026-02,stated by site,yes,,2a8b1b30-0faa-48f2-a73e-728e486e0754
Qilin,Topkin & Partlow,topkinlaw.com,,,,Legal,Law Firms & Legal Services,stated by site,,,,,,,,2026-02-11,2026-02,stated by site,yes,,0a745c2d-587e-4ba9-a724-63945e771ec7
Qilin,Korsmo Construction,korsmo.com,,,,Construction,Construction,stated by site,,,,,,,,2026-02-10,2026-02,stated by site,yes,,1b608189-59a9-428a-89dc-00e195ae4662
Qilin,Hunter-Kelsey of Texas,propertytaxloansfortexas.com,,,,Government,Government,stated by site,,,,,,,,2026-02-10,2026-02,stated by site,yes,,06d1a7f0-117b-478d-b5ac-f40a13f34618
Qilin,Anabuki Kosan,anabuki.ne.jp,JP,Japan,inferred from domain,Real Estate,Real Estate,stated by site,,,,,,,,2026-02-10,2026-02,stated by site,yes,,1ae4474d-55d4-4c79-8652-abb423364da2
Qilin,uniquegas,ugs.com.sg,SG,Singapore,inferred from domain,Professional Services,Business Services,stated by site,,,,,,,,2026-02-09,2026-02,stated by site,yes,,7e7029e9-4639-45ef-9174-d0332a49b420
Qilin,Tech Environmental,techenv.com,,,,Professional Services,Business Services,stated by site,,,,,,,,2026-02-09,2026-02,stated by site,yes,,24ad0447-e4bd-4472-bccb-25c73cf8740b
Qilin,iQ NetSolutions,iqnetsolutions.com,,,,Professional Services,Business Services,stated by site,,,,,,,,2026-02-09,2026-02,stated by site,yes,,21cd3e4d-7c6d-4472-bd54-7fcaf3ab37d0
Qilin,Gradient Wind Engineering,gradientwind.com,,,,Engineering & Architecture,"Architecture, Engineering & Design",stated by site,,,,,,,,2026-02-09,2026-02,stated by site,yes,,b4439246-89c6-4bb9-83b8-0c90df580609
Qilin,Body By Fisher,bodybyfishernow.com,,,,Consumer Services,Consumer Services,stated by site,,,,,,,,2026-02-09,2026-02,stated by site,yes,,8d9e47bb-2511-4368-948d-6dc568d1e36f
Qilin,AMR PEMCO,amrpemco.com,,,,Manufacturing,Industrial Machinery & Equipment,stated by site,,,,,,,,2026-02-07,2026-02,stated by site,yes,,344a7996-0224-475d-96b5-818e0be37cd6
Qilin,KV Final,kvfinal.cz,CZ,Czechia,inferred from domain,Automotive,Automotive Parts,stated by site,,,,,,,,2026-02-07,2026-02,stated by site,yes,,d21f74ca-393f-4fdf-abe6-b1147a8b5692
Qilin,Parente Fireworks,parente.it,IT,Italy,inferred from domain,Consumer Services,Consumer Services,stated by site,,,,,,,,2026-02-06,2026-02,stated by site,yes,,ccaff669-cdcf-455f-9092-fcd8e7206b3b
Qilin,Florida Retina Center,floridaretinacenter.com,,,,,,,,,,,,,,2026-02-05,2026-02,stated by site,yes,,abce4fd3-0fd5-43df-a826-a45c47114e07
Qilin,PowerON Services,poweron.com,,,,Financial Services,Finance,stated by site,,,,,,,,2026-02-05,2026-02,stated by site,yes,,85022176-c247-432b-a526-cc8d87409cb6
Qilin,ZeroEnergy Design,zeroenergy.com,,,,Engineering & Architecture,"Architecture, Engineering & Design",stated by site,,,,,,,,2026-02-05,2026-02,stated by site,yes,,6a7bf644-0636-4505-a2ad-cf7e4c74f10a
Qilin,Mississippi Market,msmarket.coop,,,,Consumer Services,Consumer Services,stated by site,,,,,,,,2026-02-05,2026-02,stated by site,yes,,12cc1143-5c59-43e4-a252-69cf13d6b993
Qilin,Lindenhurst Fire Department,lindenhurstfd.org,,,,Government,Government,stated by site,,,,,,,,2026-02-05,2026-02,stated by site,yes,,febec772-9005-4095-b30e-69395847ce0a
Qilin,Grand Manor Nursing & Rehabilitation Center,grandmanor.org,,,,,,,,,,,,,,2026-02-05,2026-02,stated by site,yes,,6c8ad647-a426-4020-aced-e9ed5e4426d1
Qilin,Conpet S.A. (COTE.RO),conpet.ro,RO,Romania,inferred from domain,Energy & Utilities,"Electricity, Oil & Gas",stated by site,,,,,,,,2026-02-05,2026-02,stated by site,yes,,6bcad991-448f-4326-9ce1-433614b7f9ad
Qilin,Kopas Cosmetics,kopas.com,,,,Professional Services,Business Services,stated by site,,,,,,,,2026-02-04,2026-02,stated by site,yes,,2cd44911-148e-4c9c-866a-017d2c123398
Qilin,Chèvre & Rutsch & Herren Notariatsbüro,schwarztorstrasse31.ch,CH,Switzerland,inferred from domain,Construction,Construction,stated by site,,,,,,,,2026-02-04,2026-02,stated by site,yes,,235f94f5-88a8-44bc-b1e4-5d7967445034
Qilin,RENAFAN,renafan.de,DE,Germany,inferred from domain,,,,,,,,,,,2026-02-04,2026-02,stated by site,yes,,b017eb2c-1fc9-4293-bfa1-14e0c1bf12a3
Qilin,RC Collecting,rccollecting.com,,,,Automotive,Automotive Parts,stated by site,,,,,,,,2026-02-04,2026-02,stated by site,yes,,5623ed73-31c7-4453-949a-1efcdc2ba929
Qilin,"Jingchang Enterprise Co., Ltd",jcep.com.tw,TW,Taiwan,inferred from domain,Professional Services,Business Services,stated by site,,,,,,,,2026-02-03,2026-02,stated by site,yes,,3b858083-55d5-4ae7-bc03-6dbf358d513a
Qilin,Hovde Group,hovdegroup.com,,,,Financial Services,Finance,stated by site,,,,,,,,2026-02-03,2026-02,stated by site,yes,,953d2942-bce3-461c-ad6d-a5e6948d9d97
Qilin,Mmca,mmca.com,,,,Professional Services,Business Services,stated by site,,,,,,,,2026-02-03,2026-02,stated by site,yes,,c6380636-454d-4672-8085-b27129d2fc39
Qilin,Kinsman,kinsmanwholesale.com,,,,Retail & Wholesale,Home Improvement & Hardware Retail,stated by site,,,,,,,,2026-02-03,2026-02,stated by site,yes,,d36d57c9-3e8f-4e29-8136-f902721b4ad5
Qilin,Scranton Label,scrantonlabel.com,,,,Professional Services,Business Services,stated by site,,,,,,,,2026-02-03,2026-02,stated by site,yes,,13f54146-3fcc-44e1-b4c8-57f3cecdb21e
Qilin,The Rosenthal Agency,therosenthalagency.com,,,,Insurance,Insurance,stated by site,,,,,,,,2026-02-03,2026-02,stated by site,yes,,6ea84507-e9a0-4444-a265-6e865b3b7dee
Qilin,Dunn & Associates,dunneng.com,,,,Engineering & Architecture,"Architecture, Engineering & Design",stated by site,,,,,,,,2026-02-03,2026-02,stated by site,yes,,f368d6fd-af57-4091-bc58-4786991658c0
Qilin,Utah Olympic Legacy Foundation,utaholympiclegacy.org,,,,Non-profit,Non-Profit & Charitable Organizations,stated by site,,,,,,,,2026-02-03,2026-02,stated by site,yes,,86391cb9-3f63-41c1-8d97-90daf2466845
Qilin,Medasa,medasa.mx,MX,Mexico,inferred from domain,Manufacturing,Furniture,stated by site,,,,,,,,2026-02-03,2026-02,stated by site,yes,,b3e83b5b-32e9-4579-9f18-1bcb84b4de74
Qilin,P&B Textiles,pbtex.com,,,,Manufacturing,Manufacturing,stated by site,,,,,,,,2026-02-03,2026-02,stated by site,yes,,93720132-7f2b-4a9f-925c-b67c8179d77b
Qilin,Muebles Dico,dico.com.mx,MX,Mexico,inferred from domain,Manufacturing,Furniture,stated by site,,,,,,,,2026-02-02,2026-02,stated by site,yes,,81b7d072-ef7f-4b60-bda1-db9c79defefb
Qilin,Medinah School District 11,medinah11.org,,,,Education,Education,stated by site,,,,,,,,2026-02-02,2026-02,stated by site,yes,,407f9568-7269-4505-ab9a-a1e9d5958f9a
Qilin,KOUEI,kabkouei.co.jp,JP,Japan,inferred from domain,Professional Services,Business Services,stated by site,,,,,,,,2026-02-02,2026-02,stated by site,yes,,e12bcf3a-f92d-49d1-9eed-52970f57e3d7
Qilin,Chu & Yang Dental,chuyangdental.com,,,,Healthcare,Healthcare Services,stated by site,,,,,,,,2026-01-28,2026-01,stated by site,yes,,f0cbf185-5d88-494e-bd9d-dcb1e3fbb3ef
Qilin,Jay's Sporting Goods,jayssportinggoods.com,,,,Consumer Services,Consumer Services,stated by site,,,,,,,,2026-01-27,2026-01,stated by site,yes,,6323f0b8-fc07-4441-84f4-b96ef0bd26cb
Qilin,Westin Automotive,westinautomotive.com,,,,Professional Services,Business Services,stated by site,,,,,,,,2026-01-27,2026-01,stated by site,yes,,9c5f5f23-1ec9-4da8-bf53-113c6cb7c072
Qilin,Centrotherm International,centrotherm.de,DE,Germany,inferred from domain,Manufacturing,Industrial Machinery & Equipment,stated by site,,,,,,,,2026-01-25,2026-01,stated by site,yes,,44f6f906-3bd5-4ff5-8ac2-394fdb105c8e
Qilin,OKIN GROUP,okin.eu,,,,Professional Services,Business Services,stated by site,,,,,,,,2026-01-25,2026-01,stated by site,yes,,62272c78-2767-4fd2-abb5-7297d7a77aa6
Qilin,Borg Argentina,borgargentina.com.ar,AR,Argentina,inferred from domain,Agriculture & Food,Agriculture,stated by site,,,,,,,,2026-01-24,2026-01,stated by site,yes,,e9b72a27-d013-4703-895b-93a03c32cfe0
Qilin,Proleasing,provincialeasing.com.ar,AR,Argentina,inferred from domain,Professional Services,Business Services,stated by site,,,,,,,,2026-01-22,2026-01,stated by site,yes,,68e0693a-eefb-4189-a5b4-4eb3a22a86d5
Qilin,Farmacias Vilela,farmaciasvilela.com.ar,AR,Argentina,inferred from domain,Pharmaceuticals & Biotech,Drug Stores & Pharmacies,stated by site,,,,,,,,2026-01-22,2026-01,stated by site,yes,,326f9d90-a49f-41e2-af86-95a5addf85c9
Qilin,EDF Group,theedfgroup.com,,,,Manufacturing,Electronics,stated by site,,,,,,,,2026-01-22,2026-01,stated by site,yes,,953d0360-2948-4d5a-8cf0-38a9a52b52ee
Qilin,Copetrol,copetrol.com.py,PY,Paraguay,inferred from domain,Manufacturing,Industrial Machinery & Equipment,stated by site,,,,,,,,2026-01-22,2026-01,stated by site,yes,,086e9769-989b-4533-baf6-cfb8bce5f92c
Qilin,County Contractors,countycontractors.co.uk,GB,United Kingdom,inferred from domain,Hospitality & Travel,Hospitality,stated by site,,,,,,,,2026-01-22,2026-01,stated by site,yes,,06b44192-b370-4c62-9703-e0b964a99f63
Qilin,Milott Laboratories,milott.co.th,TH,Thailand,inferred from domain,Consumer Services,Consumer Services,stated by site,,,,,,,,2026-01-22,2026-01,stated by site,yes,,b2f76b3a-93bb-4ce8-8c38-4ecabb6e0065
Qilin,Mills Products,millsproducts.com,,,,Professional Services,Business Services,stated by site,,,,,,,,2026-01-21,2026-01,stated by site,yes,,52d5c639-935d-4b4d-85ca-20c651d9c8be
Qilin,Kontena Nasional Berhad,kn.com.my,MY,Malaysia,inferred from domain,Professional Services,Business Services,stated by site,,,,,,,,2026-01-20,2026-01,stated by site,yes,,3e247db1-d1e1-4e8a-a4db-8039e2c2a723
Qilin,Altius Geotecnia y Obras Especiales,altiusvertical.com,,,,Construction,Civil Engineering Construction,stated by site,,,,,,,,2026-01-19,2026-01,stated by site,yes,,843312ee-6c69-4404-8583-447cc1cf8b84
Qilin,Dreher Law Firm,dreherlawfirm.com,,,,Legal,Law Firms & Legal Services,stated by site,,,,,,,,2026-01-18,2026-01,stated by site,yes,,f1cb79d0-5395-4aa5-adfb-be61f1e24f15
Qilin,Orthopaedic Specialists of Massachusetts,orthomass.com,,,,,,,,,,,,,,2026-01-17,2026-01,stated by site,yes,,998de0c5-8e28-4ebf-8e60-1399fee36dfc
Qilin,Ilumno,ilumno.com,,,,Technology,Software,stated by site,,,,,,,,2026-01-17,2026-01,stated by site,yes,,d10956ea-320d-4393-ab91-37a017903ffd
Qilin,Central Roofing South Wales,crsw.co.uk,GB,United Kingdom,inferred from domain,Construction,Construction,stated by site,,,,,,,,2026-01-17,2026-01,stated by site,yes,,054e7959-d8a2-41a3-bf9b-9be7815ce4bc
Qilin,Fluorsid Spa,fluorsid.com,,,,Professional Services,Business Services,stated by site,,,,,,,,2026-01-17,2026-01,stated by site,yes,,ba2eef4a-5501-4c36-b9c5-3bcfa2d2bc9a
Qilin,CFM Mozambique,cfm.co.mz,MZ,Mozambique,inferred from domain,Professional Services,Business Services,stated by site,,,,,,,,2026-01-16,2026-01,stated by site,yes,,2f5cf600-e0a2-42ef-a08a-55b587c40ed0
Qilin,Cary Pediatric Center,carypediatriccenter.com,,,,,,,,,,,,,,2026-01-15,2026-01,stated by site,yes,,622e5c05-a3a7-46da-9cbe-32e15c2c15d5
Qilin,Gtech,gtech.co.uk,GB,United Kingdom,inferred from domain,Consumer Services,Consumer Services,stated by site,,,,,,,,2026-01-14,2026-01,stated by site,yes,,02d1f5a6-6416-40b2-8f76-b5d43c5a52b3
Qilin,Pre-Con Builders,preconbuilders.com,,,,Construction,Construction,stated by site,,,,,,,,2026-01-14,2026-01,stated by site,yes,,61999057-9c1f-4a00-b853-794980f2899a
Qilin,Lunsford Capital,lunsfordcapital.com,,,,Financial Services,Finance,stated by site,,,,,,,,2026-01-14,2026-01,stated by site,yes,,56335247-29ba-4d9c-963b-081336aa46cb
Qilin,Hayden Safe & Lock,haydenlock.com,,,,Professional Services,Business Services,stated by site,,,,,,,,2026-01-12,2026-01,stated by site,yes,,a216c6b3-0b88-4fee-b819-9f9e503ced58
Qilin,GDZ Computer Services,gdz.com,,,,Technology,Software,stated by site,,,,,,,,2026-01-08,2026-01,stated by site,yes,,7266e346-8da6-4dfc-b289-06bce11a7988
Qilin,Retrofit Service,retrofitsc.com,,,,Professional Services,Business Services,stated by site,,,,,,,,2026-01-08,2026-01,stated by site,yes,,18c658f7-8178-431d-b200-4509f62c8873
Qilin,Softlab SpA,soft.it,IT,Italy,inferred from domain,Professional Services,Business Services,stated by site,,,,,,,,2026-01-08,2026-01,stated by site,yes,,4f4a8605-760b-43aa-bc56-617a59f81b96
Qilin,TriVector Services,trivector.us,,,,Manufacturing,Manufacturing,stated by site,,,,,,,,2026-01-08,2026-01,stated by site,yes,,8e395ce6-8d2d-4fcb-a8e0-60ea5f96d140
Qilin,Anteriad,anteriad.com,,,,Professional Services,Business Services,stated by site,,,,,,,,2026-01-08,2026-01,stated by site,yes,,736ce7a2-68ff-489c-8a47-0950e36d94c3
Qilin,PTS Goldkist Industries Sdn Bhd,hyfresh.com.my,MY,Malaysia,inferred from domain,Financial Services,Banking,stated by site,,,,,,,,2026-01-08,2026-01,stated by site,yes,,31ed9b26-4dd9-4fef-9b7f-293ae43d5f21
Qilin,USArt,usart.com,,,,Hospitality & Travel,Hospitality,stated by site,,,,,,,,2026-01-06,2026-01,stated by site,yes,,abc73b74-3eca-4921-8b03-84f41722d84a
Qilin,Medical Asset Management,medicalassetmanagement.com,,,,,,,,,,,,,,2026-01-06,2026-01,stated by site,yes,,3252422c-f3d2-4c9c-94ee-35a9d1ce655f
Qilin,Ellison Educational Equipment,ellisoneducation.com,,,,Manufacturing,Industrial Machinery & Equipment,stated by site,,,,,,,,2026-01-02,2026-01,stated by site,yes,,1bd033dd-6287-4644-8ad1-0f330b8cab6c
Qilin,Sai Oral SurgeryOral,saioralsurgery.com,,,,Healthcare,Healthcare Services,stated by site,,,,,,,,2026-01-02,2026-01,stated by site,yes,,cdfc2b51-8dfd-4932-9a8e-34676ac557c6
Qilin,Supreme Group,supreme.com.tw,TW,Taiwan,inferred from domain,Manufacturing,Electronics,stated by site,,,,,,,,2026-01-02,2026-01,stated by site,yes,,49ebaf51-9bd0-44eb-959f-ec7254401be0
