group,victim,country,revenue_usd,categories,n_categories,description,visits,leak_date,created_date,updated_date,leak_minus_created_days,id,source_file
inc_ransom,Silicon Integrated Systems,TW,6200000,Encrypted; Proof,2,Silicon Integrated Systems Corporation (SiS) is a Taiwan-based professional IC design company specializing in analog and mixed-signal technologies.,165,2025-12-09,2026-09-17,2026-09-17,-282.4,6aabee5c9cd108bf2644325e,2026-09-17_page001.json
inc_ransom,www.diarco.com.ar,AR,1700000000,Encrypted; AD Dump; Proof; Stocks,4,"Diarco is a company that operates in the HR & Staffing industry. It employs 1000to4999 people and has 1Gto5G of revenue. The company is headquartered in San Telmo, Capital Federal, Argentina.",438,2026-09-17,2026-09-17,2026-09-17,0.0,6aab92029cd108bf2638c39c,2026-09-17_page001.json
inc_ransom,www.appliancefactory.com,US,107000000,Encrypted; Proof; Stocks; AD Dump,4,"Appliance Factory & Mattress Kingdom offers a wide range of discount appliances and mattresses, providing unbeatable savings to customers across multiple locations including Colorado, Kentucky, Wyoming, and Indiana. Their extensive product lineup includes kitchen appliances, laundry machines, refrigeration units, and various mattress types from well-known brands. The company emphasizes next-day delivery, professional installation, and financing options to enhance customer convenience. Targeting homeowners and trade partners, they pride themselves on excellent service and a hassle-free shopping experience.",432,2026-09-17,2026-09-17,2026-09-17,0.0,6aab8c5b9cd108bf2637fece,2026-09-17_page001.json
inc_ransom,cullottalaw.com,US,5000000,Proof,1,"Cullotta Bravo Law Group is a personal injury law firm based in Aurora, IL, with over 35 years of experience in various legal areas including personal injury, nursing home abuse, and workers compensation.",6605,2026-09-09,2026-09-09,2026-09-09,-0.8,6aa1b4799cd108bf26fb4634,2026-09-17_page001.json
inc_ransom,jms building corporation,US,300000,Proof,1,"JMS Building Construction is a full service Insurance Restoration construction company that handles every step of the Insurance Restoration process, from dealing with your insurance company to restoring your home's integrity  WE HAS COLLECTED SUCH DATA AS: - Confidential documents - Clients Data - NDA - Financial data - Operations - Corporate data - Business Agreements - Development - Financial databases, all transactions, all clients And a lot of other VERY IMPORTANT information!",5270,2026-09-10,2026-09-07,2026-09-07,3.3,6a9e419a9cd108bf268b82e3,2026-09-17_page001.json
inc_ransom,myglobal.com,MY,3000000,Encrypted,1,"My Global Services Sdn Bhd is the first authorized distributor of OLED LiFi in Malaysia, specializing in OLED LiFi technology, mechanical and electrical engineering, as well as civil and construction services. The company provides solutions for scientists and research workers, offering sales and support for scientific equipment. Their services include civil and structural engineering, ensuring a comprehensive approach to their clients' needs. With a focus on innovative lighting solutions, they aim to enhance the capabilities of their clients across various sectors. Employees: 10 Revenue: $5 Million Industry: Architecture, Engineering & Design Phone Number: +60 358922797",8107,2026-09-03,2026-09-03,2026-09-05,-0.3,6a99ad6a9cd108bf26e7ee52,2026-09-17_page001.json
inc_ransom,Asfaltos y Pavimentos S.A. (Asfalpasa),ES,30300000,Proof; Encrypted,2,"Empresa dedicada a la fabricación, transporte y extendido de mezclas asfálticas así como todo tipo de servicios relacionados con la construcción y mantenimiento de carreteras, vias públicas y privadas. Desde sus comienzos en 1982 Asfaltos y Pavimentos (ASFALPASA) se basa en un equipo humano especializado y experimentado en la actividad que posteriormente llevaría a cabo la empresa. Dicha experiencia aporta a la empresa un rápido crecimiento y un alto grado de especialización y competitividad que hace de Asfalpasa una de las empresas más conocidas de su sector.",8822,2026-09-10,2026-09-02,2026-09-10,7.6,6a98332a9cd108bf26b37c4c,2026-09-17_page001.json
inc_ransom,Westfield Public School District,US,122000000,Encrypted; Proof,2,"Westfield Public Schools is dedicated to educating all students to reach their highest potential as engaged citizens who value diversity. The district focuses on inclusivity, community engagement, wellness, and comprehensive financial planning to enhance the educational experience. Their strategic plan outlines long-term goals and strategies to align resources with the needs of students and staff. The intended clients include students, families, and the broader community in Westfield, NJ.",9072,2026-09-01,2026-09-02,2026-09-07,-1.4,6a98339f9cd108bf26b38e4f,2026-09-17_page001.json
inc_ransom,Trucka,MX,28700000,Encrypted; Proof,2,"Trucka is a transportation and logistics company that helps businesses move goods across different regions. They handle everything from local deliveries to long-distance shipping, working with companies of all sizes. Their trucks cover major routes, making sure packages and freight get where they need to go safely and on time. With a team of experienced drivers and a solid network of shipping routes, Trucka makes moving cargo simple and reliable.",8767,2026-09-01,2026-09-02,2026-09-07,-1.4,6a9834289cd108bf26b3a6ba,2026-09-17_page001.json
inc_ransom,Policlinico Triestino,IT,81700000,Encrypted; Proof,2,"Policlinico Triestino S.p.A. is a private healthcare network based in Trieste, Italy, that operates hospitals, nursing homes, and outpatient clinics.",8989,2026-09-01,2026-09-02,2026-09-07,-1.4,6a9835249cd108bf26b3d268,2026-09-17_page001.json
inc_ransom,Multiver Ltée,CA,20900000,Encrypted; Proof,2,"Multiver Ltée specializes in the manufacturing of glass products, offering a range of solutions from sealed to tempered and shaped glass. With over 50 years of experience, the company is renowned for its craftsmanship and commitment to timely delivery. They have successfully completed various architectural projects, showcasing both subtle and bold designs. Their intended clients include those looking to enhance their construction with high-quality glass features.",8930,2026-09-01,2026-09-02,2026-09-07,-1.4,6a98358f9cd108bf26b3e38b,2026-09-17_page001.json
inc_ransom,Metales Panamericanos,PA,49900000,Encrypted; Proof,2,"English Metales Panamericanos, previously known as ACERO PANAMA, is the main construction & steel supplier to the Construction industry in Panama, initially focus in steel materials, now our new mission is extended to different constructions systems, Electrical Solutions, Equipment & Devices, zing ceilings, strollers, metal wires, windows structures, gypsum, among others. Spanish Metales Panamericanos S.A. (METALPAN), previamente conocida como ACERO PANAMA, es una dinmica y exitosa sociedad 100% panamea que se constituyo como METALPAN en el ao 1991, y que ha sabido transformarse y crecer con firmeza para responder de manera rpida y eficaz a las exigencias del clientes con altos niveles de competitividad presentes en el mercado nacional.",9079,2026-09-01,2026-09-02,2026-09-07,-1.4,6a9836399cd108bf26b3fe27,2026-09-17_page001.json
inc_ransom,specialtytextile.com,US,6000000,Proof,1,"Specialty Textile Services is a U.S. textile services company founded in 1996, specializing in linen rental and processing for the hospitality industry. Headquartered in Phoenix, Arizona, with a branch in San Diego, California, the company employs between 201 and 500 people.  Serving mid-to-high-end restaurants, hotels, and other hospitality providers, Specialty Textile Services offers flexible rental programs covering a full line of linens, kitchen textiles, uniforms, and dust control products — all delivered clean and ready for use. Key features include:  flexible pickup and delivery schedules, including multiple weekly service visits; all-inclusive service pricing with no upfront investment required from customers; an in-house commercial laundry facility operating 7 days a week, 365 days a year, with rapid emergency response available for special requests.",8752,2026-09-01,2026-09-02,2026-09-06,-0.9,6a97ed959cd108bf26aadc1c,2026-09-17_page001.json
inc_ransom,www.renorefractories.com,US,17700000,Encrypted; Proof,2,"RENO Refractories, Inc. specializes in the manufacturing of refractory products and services for various industrial applications, including aluminum, iron and steel, cement and lime, foundries, mini mills, and hydrocarbon processing. With over 35 years of experience, the company is committed to innovation and quality, providing advanced research and development, technical support, and installation services. Their product offerings include a full range of monolithic products and the revolutionary ElectroCast product line. RENO aims to optimize the profits and safety of their clients by delivering superior refractory technology across North America.",8956,2026-08-31,2026-08-31,2026-08-31,0.0,6a955cf79cd108bf265a7443,2026-09-17_page001.json
inc_ransom,www.lichtvision.com,GB,5700000,Encrypted; Proof,2,"Lichtvision specializes in innovative lighting design, focusing on architectural spaces through the use of daylight, artificial light, and immersive media technologies. With a team of 40 designers, architects, and engineers, they provide sustainable and aesthetically pleasing lighting solutions for a variety of projects, including museums, offices, and retail spaces. Established in 1997, Lichtvision has a global presence with studios in major cities and emphasizes a holistic approach to lighting that enhances the quality of life. Their work is characterized by a blend of creativity, technical expertise, and a commitment to ecological sustainability.",8786,2026-08-31,2026-08-31,2026-08-31,0.0,6a955c739cd108bf265a6372,2026-09-17_page001.json
inc_ransom,zummocorp.com,US,1000000,Encrypted; Stocks; Proof; AD Dump,4,"Zummo is a global incumbent in the design, manufacture and commercialization of automatic fresh fruit juice extraction machines, mainly aimed at the food service and food retail segments.",8389,2026-08-31,2026-08-31,2026-08-31,0.0,6a955bb29cd108bf265a5154,2026-09-17_page001.json
inc_ransom,BENCIVIL,US,5000000,Proof,1,"Benchmark Civil Engineering Services, Inc. is a civil engineering firm based in Allentown, PA, specializing in civil engineering, traffic studies, forensic engineering, and land surveying. The company serves municipalities and clients in the Lehigh Valley and surrounding areas, providing expert services in traffic and transportation engineering, land development, and construction engineering. With a focus on professionalism and integrity, Benchmark is committed to guiding clients through the design, approval, and construction processes. Their highly trained staff utilizes state-of-the-art technology to ensure project success and compliance with regulations.",7711,2026-08-27,2026-08-27,2026-08-28,-0.3,6a906fe29cd108bf26c5d1d1,2026-09-17_page001.json
inc_ransom,Rohloff Group,ZA,80000000,Proof,1,"KFC Rohloff Group franchise partner  Total leak: 536 GB, 103,196 Files, 30,805 Folders  Data: Employees personal , Loan applications, Employees banking details, ID's, Bank account statements, Employees ACKNOWLEDGEMENT OF DEBT, RESULT OF THE DISCIPLINARY HEARING, Financial documentation for royalties, Food Cost Reconciliation and a lot of other documentation.  Data type: Confidential  Full publication coming soon.",7890,2026-08-27,2026-08-27,2026-08-27,-0.5,6a9045299cd108bf26c2734d,2026-09-17_page001.json
inc_ransom,Ruby Seven Studios,US,22000000,Proof,1,"Ruby Seven Studios Inc. https://www.rubyseven.com/  Total leak: 114 GB (123,463,823,360 bytes), 133,851 Files, 49,357 Folders.  Data: Source code, Games Rules, Game assets, Game math, GDD, IGT, Analytics report Finance doc's, Royalty Reports, Tax invoice, Inventions Agreement - Employee intellectual property assignment, non competition and confidentiality agreement Personal ID/Passport, Share holders list.  Data type: Confifential  Partners: IGT (International Game Technology), Konami Gaming, Wazdan, Bluberi Gaming, CHAYOWO TECHNOLOGY, Everi & Aristocrat Bally's Corporation, Delaware North Gaming, Pechanga Resort & Casino, Mystic Lake Casino Hotel, Affinity Interactive, Choctaw Casinos & Resorts.  Full publication coming soon.",7810,2026-08-27,2026-08-27,2026-08-27,-0.5,6a9032e29cd108bf26c1044a,2026-09-17_page001.json
inc_ransom,Oilquip Inc,US,5800000,Encrypted; Proof,2,"Oilquip Inc, established in 1960, is a comprehensive fluid power distributor that specializes in hydraulics, pneumatics, oil conditioning, and system integration. The company is dedicated to providing innovative electro-hydraulic and electro-mechanical solutions while exceeding customer expectations. Their services include design and engineering, fluid conditioning, power generation, and repairs and upgrades, catering to a diverse range of clients. Oilquip prides itself on its customer-focused approach, flexibility, and commitment to excellence in all aspects of its operations.",7094,2026-08-28,2026-08-26,2026-08-27,2.3,6a8f0c6c9cd108bf26a1bbe6,2026-09-17_page001.json
inc_ransom,Macro Engineering & Technology,CA,27000000,Proof,1,We have the following types of information: active NDAs financial information and account transactions internal documents a large number of internal developments and prototypes employee personal data information about clients and business partners,4188,2026-09-02,2026-08-25,2026-08-25,8.6,6a8d72839cd108bf26741507,2026-09-17_page001.json
inc_ransom,FFKR Architects,US,27000000,Proof,1,"FFKR Architects is a leading architecture and interior design firm based in Utah, with additional offices in Arizona and Idaho. They offer a wide range of services including architecture, landscape architecture, interior design, and environmental graphic design. The firm is known for its design excellence and commitment to environmental leadership, serving various sectors such as healthcare, education, hospitality, and commercial projects. With a team of over 170 professionals, FFKR empowers clients through innovative visualization techniques, ensuring informed decision-making.",6179,2026-08-31,2026-08-24,2026-08-30,7.0,6a8c64f19cd108bf26556ed5,2026-09-17_page001.json
inc_ransom,wittmann,MX,35000000,Encrypted,1,"Unauthorized access has been gained to the company's confidential files, including client data, proprietary R&D, and financial documentation.NDA files",6353,2026-08-29,2026-08-24,2026-08-24,4.9,6a8c56149cd108bf2653d42b,2026-09-17_page001.json
inc_ransom,el-group,CH,5000000,Encrypted,1,"Unauthorized access has been gained to the company's confidential files, including client data, proprietary R&D, and financial documentation.",9355,2026-08-22,2026-08-22,2026-08-22,0.5,6a8979d59cd108bf26069fa7,2026-09-17_page001.json
inc_ransom,UNIPLASTICS.COM,US,5000000,Encrypted; AD Dump; Proof; Stocks,4,"Universal Plastics Inc. is a family-owned commercial specialty subcontractor with over 50 years of experience, specializing in custom wall panel systems, wall protection, and high-impact wall coverings. They serve a diverse clientele, including commercial projects such as airports and medical facilities, providing innovative solutions with materials like FRP, stainless steel, and plastic laminates. As a master distributor for Marlite in Northern California, they also offer a wide range of products including solid surfaces and decorative wall panels. Their commitment to quality and customer service makes them a leader in the industry.",10829,2026-08-19,2026-08-19,2026-08-27,0.1,6a857d4d9cd108bf2685c646,2026-09-17_page001.json
inc_ransom,EXEL,CA,6200000,Encrypted; Proof,2,"Exel Systems Inc. specializes in providing high-quality custom heating, ventilation, and air conditioning (HVAC) and energy recovery products. Established in 1993, the company serves the institutional, commercial, and industrial markets, collaborating with building owners, consulting engineers, and contractors to deliver innovative and energy-efficient solutions. Their extensive product range and expertise enable them to handle complex projects tailored to specific client needs. Exel Systems encourages clients to explore their website for new products and application information to enhance building sustainability.",10426,2026-08-19,2026-08-19,2026-08-19,0.0,6a85895b9cd108bf268747e9,2026-09-17_page001.json
inc_ransom,CDGARVINLAW,US,1000000,Encrypted; Proof,2,"CHRISTOPHER D. GARVIN (Docket #2352300) is a Wood-Ridge attorney admitted to New York State in 1990 and registered with the Office of Court Administration (OCA) of the New York State Unified Court System. Employer - CHRISTOPHER D. GARVIN, ESQ. COUNSEL AT LAW. The attorney graduated from SETON HALL UNIVERSITY. The registered office is located at 268 Valley Blvd, Wood Ridge, NJ 07075-1202, contact telephone: (201) 804-7681. Current lawyer status: registered.",9969,2026-08-19,2026-08-19,2026-08-19,0.0,6a8586419cd108bf2686ecf0,2026-09-17_page001.json
inc_ransom,BANGKOKCABLE,TH,6900000,Encrypted; Proof; AD Dump; Stocks,4,"About Bangkok Cable Bangkok Cable is Thailand's leading manufacturer of electric wires and cables, boasting over five decades of sustainable growth. The company is committed to connecting people with power and driving economic development through innovative manufacturing technologies. With a production capacity of 30,000 metric tons per year for copper and 15,000 metric tons for aluminum cables, Bangkok Cable adheres to high-quality standards and sustainable practices. Their products serve a wide range of clients, contributing to the country's development and enhancing the quality of life through reliable electrical power.",9513,2026-08-19,2026-08-19,2026-08-19,0.1,6a857ba49cd108bf268592d4,2026-09-17_page001.json
inc_ransom,Foresee Pharmaceuticals,TW,25000000,Proof,1,"Foresee Pharmaceuticals Co., Ltd. https://www.foreseepharma.com  Total leak: 1,2TB  Leak includes: Drug Master File, ASMF, FDA/EMA, R&D, Financial statements, Clinical study reports and other confidential information.  Projects: CAMCEVI, SIF, Casppian, NCE, Aderamastat, Linvemastat, FP-045, FP-016, FP-018, FP-014...  Partners: Accord BioPharma, Intas Pharmaceuticals, Primevera Therapeutics, Accord Healthcare...  Type of information: Confidential  Full publication of the data within a few weeks!",13236,2026-09-08,2026-08-18,2026-09-08,20.7,6a8414a79cd108bf2657cdc6,2026-09-17_page001.json
inc_ransom,ssf-int.com ssf-ing.de,DE,60000000,Proof,1,"SSF International GmbH is an engineering firm headquartered in Munich, Germany. A subsidiary of SSF Ingenieure AG, the company provides comprehensive engineering services in project management, supervision, consultancy, design, quality management, and special construction design worldwide. It specializes in railways, high-speed railway lines, metro and light rail, Maglev lines, and large infrastructure projects, including bridges and railway stations. The company serves international clients across various stages of project development, from early studies and design to construction, commissioning, operation, and maintenance. Its service portfolio includes BIM and GIS solutions, environmental protection, and specialized solutions for acoustic and vibration control.",11294,1111-02-22,2026-08-18,2026-08-24,-334374.5,6a842a739cd108bf265a9a4a,2026-09-17_page001.json
inc_ransom,nyklawfirm.com nyk.ae,AE,20000000,Proof,1,/,10640,1111-11-11,2026-08-18,2026-08-18,-334113.0,6a842ea69cd108bf265b14cb,2026-09-17_page001.json
inc_ransom,Lansing Urgent Care,US,21800000,Proof,1,"Lansing Urgent Care provides a range of urgent care services for both adults and children, including on-site medications, lab tests, and X-rays. Their facilities are designed for quick visits, with an average wait time of under one hour, and they offer telemedicine options for added convenience. The company caters to patients seeking immediate medical attention, sports physicals, and occupational health services. With multiple locations in Lansing, Okemos, and surrounding areas, they aim to deliver friendly and efficient healthcare.",10658,2026-09-02,2026-08-17,2026-09-07,15.6,6a834cdb9cd108bf263e89dd,2026-09-17_page001.json
inc_ransom,"Otter Tail County, Minnesota",US,7000000,Encrypted; Proof,2,https://ottertailcounty.gov/,9716,2026-08-20,2026-08-17,2026-08-31,3.2,6a82d06d9cd108bf262ee4f8,2026-09-17_page001.json
inc_ransom,SD Associates Sdn Bhd,MY,3000000,Proof,1,"SD Associates (SDA) is a globally expanding company that prides itself in providing quality service to every client. We provide comprehensive professional project management and engineering consultancy services in diverse market segments. Our multi-disciplinary teams consisting of experienced Project Managers, Professional Engineers, Architects, Quantity surveyors, and Technical Support Managers. We are an ISO 9001, ISO 45001, and ISO 14001 certified  WE HAS COLLECTED SUCH DATA AS: - Confidential documents - Clients Data - NDA - Financial data - Operations - Corporate data - Business Agreements - Development - Financial databases, all transactions, all clients And a lot of other VERY IMPORTANT information!",10242,2026-08-18,2026-08-16,2026-08-16,1.2,6a81fb7c9cd108bf2614728e,2026-09-17_page001.json
inc_ransom,cambrialawfirm.com,CA,10000000,Proof,1,personal and medical cards of all clients.,13477,1111-11-25,2026-08-13,2026-08-23,-334094.5,6a7e49da9cd108bf269d76d0,2026-09-17_page001.json
inc_ransom,https://pacific-construction.com/,GB,30000000,Proof,1,project data client data contract,13222,1111-11-11,2026-08-13,2026-08-22,-334108.5,6a7e4ea49cd108bf269e158e,2026-09-17_page001.json
inc_ransom,gamaus.com,US,32,Proof,1,https://www.zoominfo.com/c/greater-austin-merchants-cooperative-association/98978085 greater-austin-merchants-cooperative-association 400gb,13097,1111-11-11,2026-08-12,2026-08-14,-334107.3,6a7cc2679cd108bf266aea60,2026-09-17_page001.json
inc_ransom,diabetesandmetabolism.com,US,5500000,Encrypted,1,"Diabetes and Metabolism Specialists is a specialty medical clinic located in San Antonio, TX, focused on the diagnosis and treatment of endocrine-related medical conditions. The clinic is staffed by board-certified endocrinologists, nurse practitioners, and certified diabetes educators who provide comprehensive care and education for chronic conditions such as diabetes, hyperparathyroidism, and metabolic syndrome. They emphasize professionalism and patient education, ensuring that clients understand their diagnoses and treatment options. The intended clients are individuals seeking specialized care for endocrine disorders and metabolic conditions. Employees: 50 Revenue: $5.5 Million Industry: Hospitals & Physicians Clinics Phone Number: (210) 494-3739 ",11945,2026-08-12,2026-08-12,2026-08-12,-0.3,6a7c827d9cd108bf26618d5d,2026-09-17_page001.json
inc_ransom,BEDC.COM.AU,AU,5000000,Encrypted,1,"Brighton East Dental Clinic (BEDC) is a family dental clinic dedicated to providing comprehensive dental care for families in Brighton, Caulfield, and Bentleigh. They offer a wide range of services including kids dentistry, general dentistry, cosmetic procedures, and preventative care, with a strong emphasis on patient needs and comfort. With over 30 years of experience, their team of certified dentists focuses on creating healthy, happy smiles while accepting all major health funds. The clinic is known for its convenient evening hours and commitment to emergency dental care. Employees: 50 Revenue: $5 Million Industry: Dental Practice Management Phone Number: +61 395788500 ",11712,2026-08-12,2026-08-12,2026-08-12,-0.3,6a7c86919cd108bf266231b4,2026-09-17_page001.json
inc_ransom,stuartandassociates.com,US,6400000,Encrypted,1,"Stuart & Associates Commercial Flooring, Inc. specializes in providing high-quality commercial flooring solutions designed to enhance customer experiences. They offer a three-year warranty on new installations when clients purchase maintenance programs, ensuring satisfaction and value throughout the process. The company features a design center with extensive product samples and emphasizes delivering projects on budget and on schedule. Their target clients include businesses seeking safe, comfortable, and aesthetically pleasing flooring options. Employees: 50 Revenue: $6.4 Million Industry: Construction Management Phone Number: (316) 267-0743 ",10802,2026-08-12,2026-08-12,2026-08-12,-0.3,6a7c7a059cd108bf26607e5f,2026-09-17_page001.json
inc_ransom,TRULITE GLASS & ALUMINUM SOLUTIONS,US,1000000,Proof,1,"TRULITE GLASS & ALUMINUM SOLUTIONS Date: August 2026 Overview Trulite Glass & Aluminum Solutions, a portfolio company of Truelink Capital (Los Angeles, CA), is a leading North American fabricator and distributor of architectural glass and aluminum systems. Headquartered in Alpharetta, Georgia, the company operates 40+ fabrication and distribution facilities across the United States and Canada, serving the commercial construction industry. Trulite was founded in 1978 and has undergone significant expansion through acquisitions — including Vitro America, Western States Glass, AGC Fabrication, Super Sky Products, American Insulated Glass, and others. In October 2022, Truelink Capital acquired Trulite from Sun Capital Partners. The company generates estimated annual revenue of $800M–$1.2B and employs 2,000–3,500 people. Incident We have obtained full and unrestricted access to Trulite's internal infrastructure. The total volume of exfiltrated data exceeds 8 terabytes. Data in Our Possession The dataset includes but is not limited to: - Complete corporate databases — ERP system (Microsoft Dynamics AX), CRM, operational databases - Financial records — multi-year Profit & Loss statements by branch, EBITDA schedules, debt covenant compliance calculations, 13-week cash flow forecasts, weekly and monthly financial reporting packages prepared for private equity ownership - M&A documentation — Confidential Information Memorandums (CIM), executed Stock Purchase Agreements, acquisition pipeline documents, due diligence materials, corporate structure charts with ownership percentages - Private equity communications — internal correspondence and reporting between Trulite management and fund ownership (Sun Capital Partners, Truelink Capital) - Board of Directors materials — governance records, board presentations, strategic planning documents - HR and employee data — personnel records, payroll, benefits information - Customer and vendor data — contracts, pricing agreements, project documentation, accounts receivable/payable - IT infrastructure documentation — network architecture, system configurations, credentials - Operational data — production records, logistics, fleet management, facility documentation across all 40+ locations Proof of Access Sample data will be published to confirm the scope and authenticity of the breach. Full data publication will follow if no resolution is reached. Contact The Trulite management team has been contacted directly and provided with instructions to initiate private negotiations. A deadline has been communicated. This is the only public statement at this time. Further updates — including data samples — will follow according to the established timeline.",8766,2026-08-25,2026-08-04,2026-08-24,20.5,6a72219f9cd108bf2638cb21,2026-09-17_page001.json
inc_ransom,https://geleximco.vn/,VN,9000000,Proof,1,200gb data,15022,1111-11-11,2026-08-04,2026-08-04,-334098.7,6a7153669cd108bf261e30d1,2026-09-17_page001.json
inc_ransom,lccgroup.com,PH,600000,Proof,1,"LCC - Liberty Commercial Center, Inc is one of the pioneering retail establishments in the Bicol Region. Based in the dynamic province of Albay, LCC primarily operates supermarkets, department stores, malls, and food establishments. LCC is also engaged in property development. Banking on the cherished Filipino trait of hospitality, LCC's corporate tagline - The company's Best For You empowers its stakeholders and corps of new - generation and seasoned managers to commit themselves to a market stewardship that puts a high premium on rewarding LCC customers for their loyalty and patronage. LCC's growth is rooted in the Filipino spirit of entrepreneurship as an agent of change and progress. Over 75 years of retailing knowhow and quality service continue to touch the lives of its Bicolano consumers and their communities www.lcc.com.ph",14844,1111-11-11,2026-08-04,2026-08-04,-334098.7,6a7152ea9cd108bf261e1d04,2026-09-17_page001.json
inc_ransom,pushidrosal.id,ID,40000000,Proof,1,*,14897,1111-11-11,2026-08-04,2026-08-04,-334098.6,6a7152689cd108bf261e08da,2026-09-17_page001.json
inc_ransom,clintonhealthaccess.org,US,178000000,Encrypted; Proof,2,"This Clinton foundation sponsors the sterilization of women in Africa and South America. With the help of this foundation, organs harvested criminally by transplant surgeons from people in Third World countries are legalized to improve the quality of life of the rich in capitalist countries, including the United States. We have irrefutable evidence of their secret accounts, including transactions in cryptocurrency, from which transplanted organs were purchased to replace Bill Clinton's wife, Hillary Clinton.",14536,2026-08-03,2026-08-04,2026-08-04,-1.1,6a713ccd9cd108bf261acf63,2026-09-17_page001.json
inc_ransom,Loyalist College,CA,67800000,Encrypted; AD Dump; Proof; Stocks,4,"The management of this institution was repeatedly warned about the disclosure of hundreds of personal data. Each of you who is faced with the consequences of the leak can be absolutely sure that the management of Loyalist College absolutely does not care about its students, employees and partners. ------------------------- Loyalist is Ontario's Destination College, empowering students, faculty, staff, and partners through experiential, industry cluster-based education, training and applied research programs. The College provides job-ready graduates for, and knowledge transfer to, industry and the community.",13534,2026-08-04,2026-08-03,2026-08-03,1.1,6a70f8179cd108bf2610d332,2026-09-17_page002.json
inc_ransom,ATMS,IN,18000000,Encrypted,1,"Unauthorized access has been gained to the company's confidential files, including client data, proprietary R&D, and financial documentation.",12934,2026-08-07,2026-08-03,2026-08-03,4.1,6a705e329cd108bf26faa3a1,2026-09-17_page002.json
inc_ransom,vprj.org,US,10900000,Encrypted; Proof,2,"The Virginia Peninsula Regional Jail (VPRJ) is a state-authorized, regional correctional facility located in Williamsburg, Virginia, USA. Opened in 1997, VPRJ provides short-to-medium-term detention services, ensuring public safety and order across the Virginia Peninsula region under the governance of a multi-jurisdictional jail board.",12573,2026-08-05,2026-08-02,2026-08-02,3.1,6a6fb7ac9cd108bf26e25640,2026-09-17_page002.json
inc_ransom,lantisnet.com,US,30900000,Encrypted; Proof,2,"Lantis Enterprises, Inc. is an American consulting and management organization historically rooted in rural healthcare, skilled nursing, and senior living operations. Headquartered in Spearfish, South Dakota, the firm has expanded its focus to cross-industry advisory services",12700,2026-08-04,2026-08-02,2026-08-02,2.1,6a6fb5629cd108bf26e205ca,2026-09-17_page002.json
inc_ransom,ecfa.org,US,5000000,Encrypted; Proof,2,"The Evangelical Council for Financial Accountability (ECFA) is an American accreditation agency founded in 1979 that certifies Christian churches and nonprofits based on financial integrity, board governance, and transparent fundraising. It represents over 2,700 member organizations with billions in collective revenue.",14477,2026-08-02,2026-08-02,2026-08-02,-0.9,6a6faf9c9cd108bf26e11d36,2026-09-17_page002.json
inc_ransom,PARTNERED HEALTH GROUP,AU,40000000,Proof,1,"PARTNERED HEALTH GROUP — Australia ━━━━━━━━━━━━━━━━━━━━━━━━━━━━━━━━━━━━━━━━━━━━━━━━━  Industry: Healthcare — Primary Care, Occupational Health, Psychology, Telehealth Headquarters: Australia (NSW, QLD, VIC, WA, ACT) Owner: Quadrant Private Equity Clinics: 60+ nationwide Brands: Partnered Health Medical Centres, Jobfit, Baseline Onsite, New View Psychology, NewPsych, Australian EAP, Fuel Your Life, Northcare Physio, TeleWell Website: partneredhealth.com.au  PENDING ACQUISITION: Bupa — ~$450,000,000 AUD Announced July 2, 2026 (Australian Financial Review) ACCC and FIRB regulatory approval pending.  ━━━━━━━━━━━━━━━━━━━━━━━━━━━━━━━━━━━━━━━━━━━━━━━━━ BREACH SUMMARY ━━━━━━━━━━━━━━━━━━━━━━━━━━━━━━━━━━━━━━━━━━━━━━━━━  Date of access: 23 June 2026 Data exfiltrated: 3.2 TB Total files: 2,298,203 Servers accessed: 21 (9 AD Controllers + 11 Best Practice Medical Servers + 1 Central SQL Server) SQL Databases: ZedMed.mdf, Payroll.mdf, DocPays.mdf, VectraplexECG.mdf, BPM.mdf + 1,104 SQL backups Clinics compromised: 21 locations across 5 states/territories Patient records: 17,727+ named patient files identified Staff HR files: Full employee records including passports, AHPRA registrations, tax declarations Period of data: 1999 — 2026 (27 years)  ━━━━━━━━━━━━━━━━━━━━━━━━━━━━━━━━━━━━━━━━━━━━━━━━━ WHAT WE HAVE ━━━━━━━━━━━━━━━━━━━━━━━━━━━━━━━━━━━━━━━━━━━━━━━━━  ▪ Complete patient medical records from 21 GP clinics — consultation notes, referral letters, pathology results, diagnostic imaging reports, prescriptions  ▪ Full SQL database dumps — ZedMed (patient management), Payroll (all staff salaries), DocPays (doctor payments), VectraplexECG (cardiac/ECG monitoring data)  ▪ 11 complete Best Practice patient database backups — one per clinic — including BPSPatients, BPSDocuments (up to 48 document partitions per clinic)  ▪ Staff HR files — employment contracts, passport scans, AHPRA medical registrations, tax file declarations, superannuation details, performance reviews  ▪ Bupa corporate data — direct billing agreements, fund tables for all Australian states, patient invoices, corporate program documents (Bronze/Silver/Gold), and active Bupa web portal session cookies  ▪ Financial records — QuickBooks databases (2004-2026), Medicare billing, DVA remittances, private health fund claims  ▪ Clinical governance — full RACGP accreditation files, patient consent templates, internal clinical audit data  ▪ 27 years of accumulated medical data (1999-2026) across  ━━━━━━━━━━━━━━━━━━━━━━━━━━━━━━━━━━━━━━━━━━━━━━━━━ TO PARTNERED HEALTH / QUADRANT PRIVATE EQUITY ━━━━━━━━━━━━━━━━━━━━━━━━━━━━━━━━━━━━━━━━━━━━━━━━━  Partnered Health was given the opportunity to resolve this matter privately and protect patient data. Instead of acting in the interest of their patients, they spent 22 days in silence, hired lawyers, and obtained a court injunction that has no practical effect outside Australian jurisdiction.  Their public statement of July 15 describes the breach as affecting ""some"" data from ""some"" clinics. This is misleading.  The reality: 3.2 terabytes. 2.3 million files. 21 servers. 27 years of patient medical history. Every clinic server in their network was accessed. Complete SQL database dumps were taken including the central patient management system and payroll for every employee.  And critically — the data includes Bupa's own corporate information: billing agreements, fund pricing tables for every Australian state, named patient invoices, and active browser session cookies from Bupa's login, corporate, and web portals.  We understand this acquisition matters. $450 million is a significant transaction. A full data publication would create material regulatory complications with the ACCC and FIRB review process. We trust the board and advisors at Quadrant understand what that means.  This is not a threat. This is a deadline.  ━━━━━━━━━━━━━━━━━━━━━━━━━━━━━━━━━━━━━━━━━━━━━━━━━ DEADLINE: [DATE + 10 DAYS] ━━━━━━━━━━━━━━━━━━━━━━━━━━━━━━━━━━━━━━━━━━━━━━━━━  Partnered Health has 10 days to resume negotiations and reach a settlement.  If no agreement is reached:  Stage 1 — Complete file tree listing (2.3M files) + all HR/staff records published  Stage 2 — SQL databases (ZedMed, Payroll, ECG) released for download  Stage 3 — Bupa corporate data, fund tables, billing agreements, session data published. ACCC, FIRB, and Bupa executive leadership notified directly.  Stage 4 — Full 3.2 TB data dump made available for public download.",42165,2026-07-30,2026-07-30,2026-08-29,-0.6,6a6b75a95ae71db30c8b0b19,2026-09-17_page001.json
inc_ransom,obrieneng.com,US,20000000,Proof,1,.,15741,1111-11-11,2026-07-30,2026-08-09,-334093.6,6a6ab72b5ae71db30c73cdaa,2026-09-17_page001.json
inc_ransom,sslf.local,US,5000000,Proof,1,"Samuels & Thornton is a law firm based in New Orleans, specializing in medical malpractice and personal injury cases. They provide personalized legal guidance to individuals, families, and businesses facing legal challenges, ensuring that each client receives dedicated attention from experienced attorneys. Their practice areas include medical malpractice, product liability, auto accident litigation, and more. The firm is committed to delivering proven results and effective representation throughout Louisiana.",15654,2026-07-30,2026-07-30,2026-07-30,-0.3,6a6b426a5ae71db30c84c336,2026-09-17_page002.json
inc_ransom,harwal.net,AE,17900000,Encrypted; AD Dump; Proof; Stocks,4,"Harwal.net  Harwal Group is the largest plastics recycler in the Middle East, founded in 1938, with an annual processing capacity of over 200,000 tons of plastics and metals. Manufacturing includes construction materials, pre-engineered building systems, industrial packaging, consumer goods, and refrigeration equipment, including commercial chillers and freezers under the Celsius brand. Companies within the group: four main divisions — TSSC, Interplast, Cosmoplast, and Intermetal — unite 28 business units operating in 65 countries worldwide. DATA- 12tb",15012,2026-07-29,2026-07-29,2026-07-29,-0.3,6a6a24085ae71db30c60bd45,2026-09-17_page002.json
inc_ransom,Della Casa Group AG,CH,1000000,Encrypted; Proof,2," 041 785 61 31 / 041 785 61 46 / info@dellacasa.group 041 785 61 36 / s.pajaziti@dellacasa.group 041 785 61 30 / gdc@dellacasa.group 041 785 61 33 / a.stirnimann@dellacasa.group 041 785 61 43 / a.marku@dellacasa.group 041 785 61 42 / d.meier@dellacasa.group *************************************************** (240,391,913,425 bytes) 86,332 Files, / 15,359 Folders Personal / Client Information Accounting / Finance Details of current and future projects Other",12023,2026-08-12,2026-07-27,2026-08-11,16.1,6a6774db5ae71db30c14ce5b,2026-09-17_page001.json
inc_ransom,healthlawadvocates.org,US,9000000,Proof; Encrypted,2,"Health Law Advocates (HLA), an American non-profit, public interest law firm based in Boston, Massachusetts. Founded in 1996, HLA provides free (pro bono) legal representation to low-income residents and vulnerable populations who face barriers to accessing or paying for healthcare.",15795,2026-07-25,2026-07-26,2026-07-26,-1.0,6a655dd45ae71db30cdbf8e4,2026-09-17_page002.json
inc_ransom,foundationstofreedom.org,US,7000000,AD Dump; Proof,2,"Foundations to Freedom is a US-registered 501(c)(3) non-profit organization that provides recovery housing, social adaptation programs, and comprehensive therapeutic support for individuals overcoming alcohol and substance abuse, as well as survivors of domestic violence.The organization is dedicated to offering a safe, structured environment for individuals to rebuild their lives from the ground up and maintain long-term sobriety. It is headquartered in DeLand, Florida, USA",14815,2026-08-04,2026-07-25,2026-07-30,10.0,6a65400c5ae71db30cd89b27,2026-09-17_page002.json
inc_ransom,greenecountyga.gov,US,12345,Encrypted; Proof,2,"Greene County, Georgia is a historic and scenic county located in the east-central ""Lake Country"" region of the state, roughly halfway between Atlanta and Augusta. Established in 1786 as Georgia's 11th county, it is widely known for its combination of rural heritage, historic architecture, and upscale resort living centered around Lake Oconee.",15425,2026-07-28,2026-07-25,2026-07-25,2.1,6a653b8c5ae71db30cd8266a,2026-09-17_page002.json
inc_ransom,DUCON,CO,5000000,Encrypted,1,"Unauthorized access has been gained to the company's confidential files, including client data, proprietary R&D, and financial documentation.",15179,2026-07-28,2026-07-24,2026-07-24,3.7,6a6321575ae71db30c9bd08e,2026-09-17_page002.json
inc_ransom,minigrip.com.mx,MX,5000000,Encrypted,1,"Unauthorized access has been gained to the company's confidential files, including client data, proprietary R&D, and financial documentation.",14708,2026-07-28,2026-07-24,2026-07-24,3.7,6a631e935ae71db30c9b88ce,2026-09-17_page002.json
inc_ransom,takethehop.com,US,21400000,Encrypted; Proof,2,"The HOP, an American regional public transit system operated by the Hill Country Transit District (HCTD). Founded in the 1960s in the state of Texas (USA) as a voluntary transportation service, the organization has grown over the decades into a major public public-transport network.",15388,2026-08-04,2026-07-23,2026-07-31,12.2,6a6277ab5ae71db30c86ca0a,2026-09-17_page002.json
inc_ransom,cabincreekhealth.com,US,4000000,Encrypted; Proof,2,"Cabin Creek Health Systems (CCHS), a non-profit community healthcare organization founded in 1973 by coal miners in West Virginia. It operates as a Federally Qualified Health Center (FQHC), providing comprehensive medical services to rural and urban residents across Kanawha County",16224,2026-07-23,2026-07-23,2026-07-23,-0.8,6a62763d5ae71db30c869abb,2026-09-17_page002.json
inc_ransom,autismuslink.ch,CH,5000000,Encrypted; Proof,2,"The Stiftung Autismuslink (Autism Link Foundation), a Switzerland-based competence center dedicated to supporting adolescents and young adults with Autism Spectrum Disorder (ASD). Headquartered in Bern, the organization focuses on helping individuals with autism achieve social and professional integration.",15297,2026-07-24,2026-07-23,2026-07-23,0.2,6a6274345ae71db30c86536e,2026-09-17_page002.json
inc_ransom,Ali-Monde,US,6100000,Encrypted,1,"Ali-Monde is a food production and distribution company that's been around for over 50 years. They've got 5 of their own brands and an impressive lineup of 800+ dry, organic, and gluten-free products. Based just south of Montreal, they distribute food across Quebec, Ontario, New Brunswick, and parts of Western Canada. Ali-Monde is all about giving customers exactly what they want - tasty, diverse food products that meet different dietary needs.",16668,2026-07-19,2026-07-20,2026-07-20,-1.4,6a5e5bba5ae71db30c1e8750,2026-09-17_page002.json
inc_ransom,Oleoductos del Valle,AR,7500000,Proof; Encrypted,2,"During the analysis of data obtained from Oldelval, we have compiled information covering key aspects of the company's operations. The materials include:  1.HR documentation: full payroll data, bank account details (CBU), employee health insurance records (OSDE, SWISS MEDICAL), as well as severance calculations and compensation agreements.  2.Financial and regulatory reports filed with CNV and BYMA, including documents related to rating agencies (Moody's) and internal shareholder agreements.  3.Tax declarations and reports submitted to AFIP (Sicore, Ganancias, DDJJ IVA).  4.Documents related to tariff policy and SEN interactions, including WACC and TIR calculations used in tariff reviews.  5.Incident reports and environmental documentation, including reports on spills in Catriel and Medanito, as well as Rosen OSSR technical reports on pipeline conditions.  6.Confidentiality agreements with key partners, including Halliburton, Horizon, YPF, Otasa, McKinsey, and KPMG.  7.Internal whistleblower channel materials (Ley 27.401), including internal complaints and compliance reports.  8.Documents related to dividend payments and banking transactions.  9.Personal data of directors, candidates, and key employees, including ID numbers and CVs.",10615,2026-08-03,2026-07-20,2026-07-20,14.3,6a5e4dc55ae71db30c1d10a0,2026-09-17_page002.json
inc_ransom,V&P Nurseries,US,16,Proof,1,"V&P Nurseries is an Arizona-based wholesale grower specializing in drought-tolerant, subtropical, and desert-adapted plants for landscapes across the Southwest. Established in 1978, the company operates production facilities and a tissue culture lab focused on sustainable, water-conservative horticulture. For more information,",18103,1111-11-11,2026-07-18,2026-07-18,-334081.6,6a5ad7a05ae71db30cbd0738,2026-09-17_page002.json
inc_ransom,reatile.co.za,ZA,28,AD Dump; Proof,2,"Reatile Group is an innovative, black-owned investment holding company established in 2003, focusing on the energy, petrochemical, and industrial sectors in South Africa. The company aims to leverage growth opportunities within these industrial sectors of the South African economy. Reatile Group is committed to improving the quality of life for disadvantaged communities through its foundation. Their strategic vision emphasizes growth and development in key sectors.",17596,1111-11-11,2026-07-18,2026-07-18,-334081.6,6a5ad7205ae71db30cbcf9e2,2026-09-17_page002.json
inc_ransom,pokka.co,SG,32000000,Proof,1,"Founded in 1977 and headquartered in Central Singapore, Pokka Sg manufactures and markets a wide range of beverages",17282,1111-11-11,2026-07-18,2026-07-18,-334081.6,6a5ad6bb5ae71db30cbcec59,2026-09-17_page002.json
inc_ransom,vedan corp,VN,51000000,Proof,1,"Vedan Vietnam is a leading manufacturer specializing in a wide range of products including seasoning, starch, MSG, chemicals, and consumer goods. The company is committed to quality and safety, utilizing advanced technology and local agricultural resources to produce high-quality products. Their services also extend to port operations and frozen food offerings, catering to both domestic and international markets. Vedan Vietnam aims to meet the growing demand for natural and non-GMO food products while maintaining a strong focus on corporate social responsibility and environmental protection.",17242,1111-11-11,2026-07-18,2026-07-18,-334081.6,6a5ad67e5ae71db30cbce558,2026-09-17_page002.json
inc_ransom,"D.MAG New Material Technology Co., Ltd. Taiwan Giant",TW,50000000,Proof,1,"D.MAG New Material Technology Co., Ltd. is a key manufacturing subsidiary controlled by Taiwan’s Giant Group (Giant Manufacturing Co., Ltd.). Specializing in aluminum and magnesium alloys, D.MAG operates from Kunshan, Jiangsu Province, China, to develop and supply lightweight, high-performance materials and components for the bicycle, automotive, railway, and aerospace industries",17120,1111-11-11,2026-07-18,2026-07-18,-334081.6,6a5ad5fc5ae71db30cbcd79c,2026-09-17_page002.json
inc_ransom,FAST.COM.PH,PH,50,Proof,1,"FAST Logistics Group is a leading provider of end-to-end logistics and supply chain solutions in the Philippines, offering a comprehensive network of transport, warehousing, distribution, and logistics services. With over 50 years of experience, the company serves a diverse range of industries including FMCG, pharmaceuticals, and technology, enabling businesses of all sizes to expand their reach across the archipelago. Their innovative and sustainable solutions are designed to support business growth and ensure dependable operations at every stage of the supply chain. FAST Logistics Group is committed to helping clients navigate logistics challenges and achieve operational efficiency through tailored services and a strong nationwide presence.",16773,1111-11-11,2026-07-18,2026-07-18,-334081.6,6a5ad58e5ae71db30cbcc904,2026-09-17_page002.json
inc_ransom,v-silicon.com,TW,50000000,Proof,1,"威视芯半导体（合肥）有限公司 specializes in advanced audio and video processing technologies for the global smart TV and set-top box market. The company offers a range of products including high-definition smart TV chips and network camera chips, aimed at enhancing smart home, community, and city solutions. Their target clients include manufacturers in the smart display and visual technology sectors. 威视芯 is committed to driving innovation in the audio-visual industry",16671,1111-11-11,2026-07-18,2026-07-18,-334081.6,6a5ad53a5ae71db30cbcbe61,2026-09-17_page002.json
inc_ransom,Kyokuto Kaihatsu Kogyo,JP,790300000,Encrypted,1,"Kyokuto Kaihatsu Kogyo Co., Ltd. is a leading manufacturer specializing in special purpose vehicles such as dump trucks, tankers, and garbage collection vehicles. The company serves various sectors including construction, logistics, and environmental services, providing innovative solutions to meet diverse client needs. With a strong presence in both domestic and international markets, it aims to support sustainable infrastructure development. The company is committed to enhancing operational efficiency and environmental sustainability through its advanced technologies and services.",18902,2026-07-16,2026-07-17,2026-07-17,-0.8,6a5984205ae71db30c99e780,2026-09-17_page002.json
inc_ransom,asa-international.com,GB,220000000,Proof,1,"ASA International is a major international microfinance institution operating across South Asia, Southeast Asia, and Africa. The company's shares are traded on the London Stock Exchange under the ticker symbol ASAI",17305,2026-07-16,2026-07-16,2026-07-16,0.0,6a59188d5ae71db30c8f3e00,2026-09-17_page002.json
inc_ransom,VantagePoint Management & Autoclear,US,500000000,Encrypted,1,"VantagePoint Capital Partners is a global venture investor established in 1996, focusing on energy innovation and efficiency. With over $4 billion under management, the company supports start-up to scale-up companies by providing capital, strategic resources, and partnership alliances. Headquartered in Silicon Valley, VantagePoint also has offices in Beijing, China, and maintains strategic partnerships worldwide. Their diverse portfolio includes a range of entrepreneurs and companies in the energy sector.",16318,2026-08-02,2026-07-14,2026-07-30,18.3,6a56788b5ae71db30c45116e,2026-09-17_page002.json
inc_ransom,Golden Glasko & Associates,US,5000000,Proof,1,"Golden Glasko Haddy and Associates, P.A. is a law firm based in Miami specializing in estate law, probate, guardianship, and trust issues. With over 70 years of combined experience, they provide services including estate planning, probate litigation, and trust administration. The firm aims to offer personalized legal strategies and tenacious advocacy to support clients throughout South Florida. They also offer free initial consultations to prospective clients seeking legal guidance.",17313,2026-07-13,2026-07-14,2026-07-14,-1.7,6a5681a95ae71db30c45deb5,2026-09-17_page002.json
inc_ransom,samberger24.de,DE,10000000,Encrypted; Proof,2,"Samberger is a long-established medical supply store and sports and analysis center in Munich, offering orthopedic aids, shoe insoles and health products.",19344,2026-07-06,2026-07-03,2026-07-03,4.0,6a4706c25ae71db30cb381c1,2026-09-17_page002.json
inc_ransom,oakparkmi.gov,US,50000000,Encrypted; Proof,2,"Oak Park, Michigan, is a vibrant, diverse inner-ring suburb of Metro Detroit located in Oakland County. Incorporated as a city in 1945, it spans 5.5 square miles and is home to roughly 30,000 residents. The city is currently experiencing a renaissance, transforming areas like the 11 Mile Road corridor into bustling hubs with breweries, restaurants, and new community spaces.",20969,2026-07-02,2026-07-03,2026-07-03,-0.0,6a4704745ae71db30cb3362a,2026-09-17_page002.json
inc_ransom,tricountyhs.org,US,13000000,Encrypted; Proof,2,"Flowers Early Learning (formerly known as Tri-County Head Start) is a non-profit 501(c)(3) organization providing free, high-quality early childhood education and family support services across Berrien, Cass, and Van Buren counties in Southwest Michigan. Funded by a federal grant through the Office of Head Start, the organization serves eligible families with children from birth to age five, as well as expectant mothers.",20062,2026-07-01,2026-07-02,2026-07-02,-0.7,6a4691a75ae71db30ca5296a,2026-09-17_page002.json
inc_ransom,tambasa.com,BR,5000000,Proof; Encrypted,2,"Tambasa Atacadistas is one of the largest wholesale distributors in Brazil, operating primarily in the B2B marketplace. Founded in 1949, the company supplies retail stores, supermarkets, and construction shops across the entire national territory.",20279,2026-07-01,2026-07-02,2026-07-02,-0.7,6a468eaf5ae71db30ca4ccc0,2026-09-17_page002.json
inc_ransom,hamilton-eye.com,US,123,Encrypted; Proof,2,"Hamilton Eye Institute is a comprehensive vision care practice operating out of two Pennsylvania locations: Allentown and Easton. They provide routine eye exams, medical/surgical eye treatments, and an in-house MediSpa.",19749,2026-07-01,2026-07-02,2026-07-02,-0.7,6a468c355ae71db30ca47b2d,2026-09-17_page002.json
inc_ransom,ezortea.com.br,BR,750000000,Encrypted; Proof,2,"Estrutural Zortea is a Brazilian company founded in 1995, specializing in the design, fabrication, and assembly of large-scale metal structures. ISO 9001-2015 certified, they provide industrial, logistics, and port solutions throughout the country. Specialties include: roofing for grain warehouses and industrial sheds, hoppers, silos, metal towers, and buildings.",18658,2026-07-01,2026-07-02,2026-07-02,-0.7,6a468b5b5ae71db30ca45835,2026-09-17_page002.json
inc_ransom,carvalima.com.br,BR,136300000,Encrypted; Proof,2,"Carvalima Transportes is a specialized freight transportation company with over 35 years of experience, headquartered in Cuiabá, MT. The company operates in multiple regions, including Mato Grosso, Mato Grosso do Sul, Rondônia, Acre, and parts of Pará, as well as providing reverse logistics services across several states in Brazil. Their services include fractional cargo transport, dedicated cargo, e-commerce logistics, and air freight.",19022,2026-07-01,2026-07-02,2026-07-02,-0.7,6a468abe5ae71db30ca4400d,2026-09-17_page002.json
inc_ransom,acworth-ga.gov,US,10000000,Encrypted; Proof,2,"Acworth is located in the foothills of the North Georgia mountains and is nestled along the banks of Lake Acworth and Lake Allatoona, hence its nickname “The Lake City.” The city boasts a rich history, a charming downtown, abundant outdoor recreational activities, a vibrant restaurant scene, and an active festival and events calendar. Acworth is one of the best, family-friendly destinations in the Atlanta region.",18512,2026-07-01,2026-07-02,2026-07-02,-0.7,6a46888b5ae71db30ca3fad9,2026-09-17_page002.json
inc_ransom,https://www.roundshield.com/,GB,300000000000,Proof,1,400gb,20511,1111-11-11,2026-07-01,2026-07-02,-334065.4,6a455c245ae71db30c80f236,2026-09-17_page002.json
inc_ransom,https://sza.it/,IT,24000000,Proof,1,"client, contracts, personal, NDA and other",17125,0011-11-18,2026-06-30,2026-07-02,-735823.1,6a43bac85ae71db30c4f3cb1,2026-09-17_page002.json
inc_ransom,GDN AR(Dorinka),AR,1800000000,Proof,1,"Dorinka S.R.L. is based in Argentina, with the head office in Cidade Autonoma De Buenos Aires. The enterprise operates in the Grocery Stores industry. Dorinka S.R.L. was incorporated on June 29, 2026. There are currently 8,000 (2024) people employed by Dorinka S.R.L..",18151,2026-06-29,2026-06-29,2026-07-02,0.1,6a42457f5ae71db30c23ffa4,2026-09-17_page002.json
inc_ransom,callhorton.com,US,1000000,Proof,1,Horton Personal Injury Lawyers is the premier law firm at not protecting it's clients confidential data.,19342,2026-07-16,2026-06-26,2026-07-09,19.2,6a3ed7185ae71db30cc451c5,2026-09-17_page002.json
inc_ransom,johndufourlaw.com,US,1000000,Proof,1,"If you find yourself injured, disabled or deep in debt, the Law Office of John Dufour is ready to help. John brings 25 years of focused experience and favorable outcomes. Our success is built on attentive service and attention to the legal details.",17371,2026-07-10,2026-06-26,2026-07-02,13.2,6a3ec89a5ae71db30cc28853,2026-09-17_page002.json
inc_ransom,theswansonlawgroup.com,US,5000000,Proof,1,Meet Ben Swanson. The clients confidentiality worst nightmare.,17236,2026-06-29,2026-06-26,2026-06-29,2.2,6a3ecaeb5ae71db30cc2d19e,2026-09-17_page002.json
inc_ransom,Life Bridges,US,37800000,Proof,1,"Life Bridges is a non-profit organization dedicated to supporting individuals with intellectual and developmental disabilities, providing a range of services including residential support, healthcare, and community living services. Established in 1973, the organization focuses on promoting independence and dignity for its clients through tailored support and therapeutic services. Their intended clients include individuals with various developmental disabilities, as well as their families, ensuring a holistic approach to care and community involvement. Life Bridges is committed to bridging the gap between abilities and disabilities, fostering an inclusive environment where all individuals can thrive.",20425,2026-06-25,2026-06-25,2026-07-02,-1.0,6a3db3e25ae71db30ca592ca,2026-09-17_page002.json
inc_ransom,GSP Crop Science Pvt,IN,253000000,Proof,1,"GSP Crop Science Limited is a leader in agricultural innovation, specializing in crop science and sustainable farming solutions. The company offers a wide range of products including pesticides, herbicides, fungicides, and plant growth regulators, designed to enhance crop productivity while minimizing environmental impact. Their target clients include farmers and agricultural businesses seeking effective and reliable crop protection solutions. With a strong commitment to research and development, GSP aims to revolutionize agriculture and support farmers in achieving high-quality, healthy crops.",19935,2026-06-25,2026-06-25,2026-07-02,-1.0,6a3db5855ae71db30ca5c454,2026-09-17_page002.json
inc_ransom,belpointeasset.com \ belpointe.com,US,25000000,Proof,1,400gb,19635,1111-11-11,2026-06-22,2026-06-23,-334056.5,6a39bd685ae71db30c36b16f,2026-09-17_page002.json
inc_ransom,Newspaper Media Group,US,19000000,Encrypted; Proof,2,"Newspaper Media Group is a local news organization that provides comprehensive coverage of news, sports, entertainment, and community events across various regions, including Central Jersey and South Jersey. They publish multiple newspapers and magazines, ensuring that they reach more households than their competitors in nearly every zip code they cover. Their services are aimed at local communities, delivering news that is often not found elsewhere. With a commitment to connecting readers to the communities they care about, NMG stands out for its focus on local reporting.",21887,2026-06-20,2026-06-20,2026-06-20,-0.4,6a36e3205ae71db30cedda2d,2026-09-17_page002.json
inc_ransom,jasperplastics.info,US,5000000,Encrypted; Proof,2,"Jasper Plastics Solutions specializes in providing turn-key plastic and polyurethane solutions primarily for OEM manufacturers in the RV, Marine, Automotive, and Construction industries. Their product offerings include polyurethane thermal column blocks, fiberglass components, and innovative design boards that are weather-resistant and customizable. With nearly 20 years of experience, they utilize advanced manufacturing techniques, including a new HD Digital Division for large format printing, to create high-quality parts that mimic natural materials. Jasper Plastics is committed to delivering practical and innovative solutions tailored to the specific needs of their clients. Employees: 10 Revenue: $5 Million Industry: Manufacturing Phone Number: (574) 457-2062",20614,2026-06-16,2026-06-16,2026-06-16,-0.3,6a317d755ae71db30c5cc0e2,2026-09-17_page002.json
inc_ransom,framesiprofessional.com,US,25000000,Encrypted,1,"Framesi specializes in creating and distributing professional hair products, including styling tools, color dyes, and hair treatments, exclusively for licensed stylists and salons. The company is dedicated to supporting the professional beauty industry by ensuring high-quality formulations that deliver reliable results. Framesi does not sell its products to retail chains or discount beauty outlets, maintaining a focus on professional use. Their offerings include a wide range of color products, care items, and styling solutions tailored for expert hands Employees: 200 Revenue: $25.1 Million Cosmetics, Beauty Supply & Personal Care Products Phone Number: (800) 321-9648",20196,2026-06-16,2026-06-16,2026-06-16,-0.3,6a31672f5ae71db30c5a0b52,2026-09-17_page002.json
inc_ransom,jktornel,MX,10000000,Encrypted,1,"Unauthorized access has been gained to the company's confidential files, including client data, proprietary R&D, and financial documentation.",20724,2026-06-21,2026-06-16,2026-06-16,4.7,6a319a635ae71db30c606f82,2026-09-17_page002.json
inc_ransom,neuwoges.de,DE,70000000,Encrypted; Proof,2,"The Neubrandenburger Wohnungsgesellschaft mbH (NEUWOGES), a municipal housing company and subsidiary of the Vier-Tore-Stadt Neubrandenburg in Mecklenburg-Western Pomerania, Germany. It is one of the largest regional housing providers, managing around 12,000 apartments alongside commercial units and care facilities. It’s no secret that the company was subjected to a cyberattack and that data was stolen. But let’s pull back the curtain a bit. At first, the company’s leadership cut costs on proper IT infrastructure, and after the attack they continued to do so—this time at the expense of the security of their clients, employees, vendors, etc. Relying on the supervisory board, they attempted to obtain more information about the compromised data in order to protect themselves. Now you’re learning about this for free. Stay tuned.",20866,2026-06-17,2026-06-16,2026-06-16,1.2,6a3195195ae71db30c5fac11,2026-09-17_page003.json
inc_ransom,3,US,5000000,Proof,1,"smithassociatescpa.com   Smith and Associates is a Certified Public Accounting Firm based in Maine, offering a comprehensive range of services including accounting, auditing, tax planning, and management advisory services. The firm caters to a diverse clientele, including individuals, corporations, partnerships, and non-profits in Maine and New Hampshire. They provide specialized support for business start-ups and QuickBooks, along with professional consulting in various areas of tax and accounting practices. Established in 1987, Smith and Associates is committed to being personable, knowledgeable, and responsive to their clients' needs.",22152,2026-06-15,2026-06-15,2026-06-15,-0.3,6a3058735ae71db30c1c87a3,2026-09-17_page003.json
inc_ransom,Signazon_USA,US,6600000,Encrypted,1,"Signazon.com was founded with the mission of providing the company's customers with the very best in printing. It's one thing to print fast and cheap - it's another thing to do that and do it well. The company believes in getting the little details right. From asking the company's customers the right questions to picking out different weights of paper, fine-tuning the company's printers for optimal quality to hand-checking every order several times throughout the production process, no stone is left unturned. And the company works hard every day to make sure that each and every customer gets the highest-quality, personalized products and service. With thousands of customers around the country, ranging from Fortune 500 companies to small business owners and even personal consumers, we've embraced the company's place as leaders at the innovative edge of the industry. We're constantly looking to improve and grow by streamlining the company's website, adding new products, and more.",22704,2026-06-11,2026-06-11,2026-06-11,-0.3,6a2afb385ae71db30c29d014,2026-09-17_page003.json
inc_ransom,fineconsulting,RO,5000000,Encrypted,1,"Unauthorized access has been gained to the company's confidential files, including client data, proprietary R&D, and financial documentation.",22263,2026-06-11,2026-06-11,2026-06-11,0.1,6a2a81c95ae71db30c1dd7e0,2026-09-17_page003.json
inc_ransom,DISCOLABINDU,FR,5000000,Encrypted,1,"Unauthorized access has been gained to the company's confidential files, including client data, proprietary R&D, and financial documentation.",22204,2026-06-11,2026-06-11,2026-06-11,0.3,6a2a7bbf5ae71db30c1d4136,2026-09-17_page003.json
inc_ransom,FIZA,CZ,300000,Proof,1,"FIZA, a.s. is an established, medium-sized auditing and consulting company with a good capital base enabling its further development. Its roots go back to the very beginning of the 1990s, when it provided its services in the form of its legal predecessor, the association of individuals Ing. Jiří Ficbauer, civilingenjör. – FIZA. The current joint-stock company was established in 2001. We specialize in auditing, economic-organizational and tax consulting. We approach every job and every client carefully and responsibly. We want to become your long-term and trustworthy partner. We will be happy to accommodate you even in the case of one-off cooperation.  Laek: 100GB WE HAS COLLECTED SUCH DATA AS: - Confidential documents - Clients Data - NDA - Financial data - Operations - Corporate data - Business Agreements - Development - Financial databases, all transactions, all clients And a lot of other VERY IMPORTANT information!",21742,2026-06-10,2026-06-08,2026-06-08,1.7,6a270bf95ae71db30cb8589e,2026-09-17_page003.json
inc_ransom,Stuga Machinery,GB,15000000,Proof,1,"Stuga Machinery Ltd specializes in designing and manufacturing precision sawing and machining centers for the fenestration industry, serving clients primarily in the UK and Ireland. With over 50 years of experience, the company offers a range of fully automated cutting and prepping centers, as well as refurbishment services for existing machinery. As a subsidiary of Stürtz GmbH, Stuga combines British engineering with international innovation, providing reliable local support and access to global technical resources. Their commitment to customer service includes lifecycle support, genuine parts supply, and tailored service contracts to ensure optimal machine performance",24028,2026-06-04,2026-06-04,2026-06-04,-0.3,6a21bd57d152110a6a4b4f68,2026-09-17_page003.json
inc_ransom,Colina Financial Advisors,BS,7900000,Encrypted; Proof,2,"Colina Financial Advisors Limited (CFAL) is a prominent, independent wealth management and investment advisory firm based in Nassau, The Bahamas. Established in 1997, it serves as the investment arm of Colina Holdings Ltd.. The firm provides diverse financial services to both individual and institutional clients.  While customers continue to entrust the company with their money, senior executives are actively working to cover up a major data breach involving approximately 500 GB of highly confidential data. The leak includes, but is not limited to: 1. Client Personally Identifiable Information (PII) 2. Client Financial Profiles & Asset Data 3. Proprietary Business Intel & System Data 4. Holistic Estate & Legal Planning 5. Regulatory & Compliance Records Stay tuned for further updates.",23299,2026-06-01,2026-06-03,2026-06-03,-2.5,6a20239dd152110a6a17aa7e,2026-09-17_page003.json
inc_ransom,CUSTOMSIGN,US,17600000,Encrypted; AD Dump; Proof,3,"About Custom Sign & Engineering Custom Sign & Engineering, Inc. specializes in creating high-quality, custom commercial digital signs and billboards in Evansville, Indiana. The company offers a wide range of products, including LED dimensional letters, monumental signs, and information displays, all designed to meet the specific needs of businesses. The company is committed to providing customer-focused services at competitive prices and with free estimates. It serves clients in three states—Illinois, Indiana, and Kentucky—helping businesses enhance their visibility and brand image through eye-catching signage.  Translated with DeepL.com (free version)",27338,2026-06-03,2026-06-02,2026-08-19,1.4,6a1ede26d152110a6aefc2ad,2026-09-17_page001.json
inc_ransom,trrac.net,US,5000000,Proof,1,150gb,24290,2026-06-01,2026-06-02,2026-06-12,-1.3,6a1f24b6d152110a6af8cb74,2026-09-17_page003.json
inc_ransom,kelmreuter.com,US,5000000,Proof,1,"www.personadental.com  Persona Dental offers personalized dental care for families in Sartell, MN, focusing on both general and specialized services such as cosmetic dentistry, dental implants, and solutions for snoring and sleep apnea. The clinic prides itself on creating a comfortable environment and empowering patients to make informed decisions about their dental health. With a friendly and experienced team, they provide comprehensive care under one roof, ensuring convenience for their clients. Persona Dental is dedicated to building confidence and achieving the best smiles for their patients",21967,2026-06-06,2026-06-02,2026-06-02,4.0,6a1ecd41d152110a6aed661c,2026-09-17_page003.json
inc_ransom,pdcbodynits,SG,50000000,Encrypted,1,"Bodynits Group is a leading apparel manufacturer specializing in design and innovation, offering comprehensive manufacturing solutions.Access was gained to accounting and finance, all asset management systems, client databases, employee personal data, non-disclosure agreements, as well as developments and technologies.",23616,2026-06-04,2026-06-01,2026-06-04,3.1,6a1d4367d152110a6ac2b472,2026-09-17_page003.json
inc_ransom,Oztugotomotiv,TR,14000000,Proof,1,"Öztuğ Otomotiv & Endüstri is a Turkish company established in 1990 in Bursa, specializing in the production of high-precision components for the automotive, industrial, defense, and aerospace sectors. The company offers comprehensive services including design, mold manufacturing, and serial production of plastic, metal, and rubber parts, as well as industrial seals and vibration dampers. Öztuğ Otomotiv utilizes modern equipment (high-tonnage presses, progressive dies) and adheres to international quality standards, including a zero-defect principle and compliance with OEM standards. Financial performance (not publicly disclosed, but the company positions itself as a stable business): As of 2025, the company reports over 35 years of successful operations, more than 300 employees, and three production facilities with a total enclosed area of 12,000 m². Structure and facilities: The company operates three production sites in Hasantığla, Nilüfer (Bursa), and Adapazarı. As of 2025, the workforce comprises over 300 specialists. Production capabilities include plastic injection, metal forming, and rubber molding lines. Laek: 100GB WE HAS COLLECTED SUCH DATA AS: - Confidential documents - Clients Data - NDA - Financial data - Operations - Corporate data - Business Agreements - Development - Financial databases, all transactions, all clients And a lot of other VERY IMPORTANT information!",22384,2026-06-03,2026-06-01,2026-06-01,1.7,6a1de902d152110a6ad5bf1e,2026-09-17_page003.json
inc_ransom,Bradley law firm,US,5800000,Encrypted; AD Dump; Proof,3,"Bradley Law Personal Injury Lawyers is a law firm dedicated to representing clients who have suffered injuries due to accidents, medical malpractice, and other forms of negligence. With over 30 years of experience, they have successfully recovered more than $100 million in settlements and verdicts for their clients across Missouri and Illinois. Their services include free case consultations and a commitment to fight for maximum compensation on behalf of accident victims. The firm is known for its expertise in personal injury law, including vehicle accidents, workplace injuries, and wrongful death cases.",22954,2026-06-01,2026-06-01,2026-06-01,-0.0,6a1d7512d152110a6ac7b3d5,2026-09-17_page003.json
inc_ransom,Champaign-Urbana Public Health District,US,13200000,Encrypted; Proof,2,"Champaign Urbana Public Health District provides a wide range of health services including dental care, nutrition assistance, mental health support, and food safety inspections. Their programs cater to various demographics, including adolescents, women, infants, and families, focusing on preventive health and education. The district also offers resources for substance abuse treatment, sexual health, and community food initiatives. Their intended clients include residents of Champaign County seeking health services, food assistance, and educational resources.",22302,2026-06-01,2026-06-01,2026-06-01,-0.0,6a1d6c87d152110a6ac6d153,2026-09-17_page003.json
inc_ransom,belimed.com,US,700000000,Proof,1,"We are announcing the successful breach of the secure network of Belimed AG, a leading provider of sterilization equipment. Our team has gained full access to the digital assets of their finance department and has exfiltrated the entire dataset.  Data Volume: 1.5 Terabytes.  In our possession is the complete financial picture of Belimed AG. This isn't just tables or reports; it is the entire nervous system of their business, including:  * **SAP (SUP) Databases:** Full dumps containing all operational and financial information. * **Accounting Records:** All transactions, entries, and financial operations spanning many years. * **Client Contracts and Payments:** Detailed information on deals, pricing, and accounts receivable. * **Employee Data:** Salaries, bonuses, and personal financial information. * **Internal Audits and Strategic Planning:** Documents revealing their weaknesses, future plans, and trade secrets. * **Tax Documentation and Banking Details:** All information necessary for a complete understanding of their financial flows.  The management of Belimed AG was given the opportunity to resolve this matter privately and without consequence. They chose silence, believing they could ignore us. This was a fatal mistake. By refusing to engage, they have jeopardized not only their own reputation but also the security of their clients, partners, and employees.  **This is not a threat. It is an announcement of a coming event.**  Exactly one month from the date of this post, the entire 1.5 TB data archive will be published for public access on this resource. Anyone—competitors, journalists, regulators—will be able to download and scrutinize the inner workings of Belimed AG.  To the management of Belimed AG: you have made your choice. Now you will serve as an example to all others. Enjoy the consequences. The clock is ticking.",28163,2026-05-28,2026-05-29,2026-08-08,-1.0,6a18dda1d152110a6a470e18,2026-09-17_page001.json
inc_ransom,Distrigaz Vest S.A.,RO,300000,Proof,1,"Distrigaz Vest S.A. is an independent gas distribution company established in 2001, renowned for being the exclusive natural gas distributor in Oradea, Romania. The company offers a wide range of services including public gas distribution, network operation, and maintenance of gas infrastructure. Distrigaz Vest utilizes modern, automated equipment aligned with European standards to ensure safety and operational efficiency. In terms of financial performance, for the fiscal year 2024, Distrigaz Vest S.A. reported a turnover of RON 86.53 million and a net profit of RON 9.89 million, reflecting a 60% increase compared to the previous year . The company maintains a stable operational structure with 50 employees as of 2024 . Regarding ownership, Distrigaz Vest S.A. is primarily controlled by S.C. Luxten Lighting Company S.A., which acquired its stake in 2012 by converting debts into shares . The current shareholding structure, established following the dissolution of shareholder RMG Romania S.R.L. in 2016, is as follows : S.C. Luxten Lighting Company S.A. – 75.0101% Xxxxxxxxx Xxxxxxx Xxxxxxx (individual) – 24.3631%  Laek: 100GB WE HAS COLLECTED SUCH DATA AS: - Confidential documents - Clients Data - NDA - Financial data - Operations - Corporate data - Business Agreements - Development - Financial databases, all transactions, all clients And a lot of other VERY IMPORTANT information!",22736,2026-05-27,2026-05-26,2026-05-26,0.9,6a15bd2bd152110a6af5b33b,2026-09-17_page003.json
inc_ransom,PILLER AIMMCO,US,25000000,Proof,1,"PILLER AIMMCO is a leading vertically integrated custom plastic injection molding and tool-making company based in Woodland and Washougal, Washington. The company serves as a ""one-stop shop"" by managing the entire manufacturing lifecycle under one roof—from initial part design and engineering to mold production, automated high-volume manufacturing, and secondary assembly. PILLER AIMMCO holds ISO 9001:2015 certifications across both its tooling and molding operations, enabling it to support rigorous industrial regulations: 1. Medical Devices & Biotech: Fluid management components, orthodontic instruments, and lab devices that meet FDA, biocompatibility, and sterilization metrics. 2. Aerospace & Defense: Specialized tooling, gauges, fixtures, and finished components requiring absolute traceability. 3. Consumer Electronics: Complex enclosures, wearable technology components, and carbon-fiber-filled metal replacements. 4. Industrial & Agriculture: Heavy-duty commodities, nursery containers, large housings, and automotive/heavy trucking aftermarket parts",23556,2026-05-25,2026-05-25,2026-05-25,-1.0,6a14d339d152110a6addfb1e,2026-09-17_page003.json
inc_ransom,lawants,ES,300000,Proof,1,"Lawants provides its clients with lawyers, Tax Advisors and Accountants accustomed to working in the international arena. Our goal is to become the client’s referents in the areas of expertise to address and solve all phases of a project, or issue, with an interdisciplinary and problem-solving-oriented approach. Likewise, we believe that the client must necessarily be an integral part of the Lawants team. We like to work, dialogue, confront each other and make our clients participants in every process that affects them to help them grow in their Business in Spain, the United States and South America. Laek: 100GB WE HAS COLLECTED SUCH DATA AS: - Confidential documents - Clients Data - NDA - Financial data - Operations - Corporate data - Business Agreements - Development - Financial databases, all transactions, all clients And a lot of other VERY IMPORTANT information!",22419,2026-05-28,2026-05-25,2026-05-25,2.7,6a144ad3d152110a6acdd762,2026-09-17_page003.json
inc_ransom,pacificwestinjury.com,US,20000000,Proof,1,"""We’ve built more than a law firm... We’ve built trust.""  Clearly not for their clients safety!",22087,2026-05-22,2026-05-23,2026-05-23,-0.5,6a10f48ed152110a6a7d2ace,2026-09-17_page003.json
inc_ransom,www.labexpress.com,US,5000000,AD Dump; Encrypted; Stocks,3,"LABEXPRESS & GARONIT PHARMA: 200 GB OF SHARED INFRASTRUCTURE  We have obtained 200 GB of internal data from a US-based group operating under two legal entities: Labexpress and Garonit Pharma. The materials show a single Active Directory domain (LABEXPRESS1.local), a shared file server, and extensive cross‑company records. This data will be made publicly available in the near future.  Active Directory Overview  - 65 computers, 142 user accounts, 98 groups, 11 organizational units (OUs). - Domain controllers: DC01 (Server 2019), LABXDC01 (Server 2012 R2). - A single AD domain serves both Labexpress and Garonit Pharma.  Notable account: cn: Troy Austin sAMAccountName: Taustin memberOf: QuickBooks, LABEXPRESS, LABEXPRESSUSERS The same person appears in Exchange mailboxes as taustin@garonitpharma.com.  Weak Passwords and Brute‑Force Indicators  - Administrator account: 3,193 failed logon attempts, last successful logon 2026-04-30. - Computer accounts FRONTDESK$, DEV$, LABEL$ – more than 3,000 failures each. - Cleartext password found on FILE01\passwords.txt: Admin: LabExpress2024! - The Domain Admins group includes: Administrator, labadmin, adminiss, Protect, xtratech, LAE009-CT. - Password for user Protect: Password123! - Outdated password templates in the “SBSUsers” OU are still in use.  Mail Servers and Exchange  - LABSERVER2 runs Windows Server 2003 SP2 with Exchange 2007. - Full mailbox export performed using the built‑in Export-Mailbox cmdlet – no special exploit required.  Contents of the Obtained Data (200 GB)  We have data from drive E:\, including:  1. Financial & Accounting - QuickBooks Enterprise 2021 installer and data files (QB2021.DSN, QB2021.ND). - Folder: E:\Garonit Documents\Clients 2022\ – hundreds of invoices, COAs, and COCs (e.g., Amtrade International INV# 50268.pdf for ~21M USD, Estee Lauder Inv# 24.pdf). - Folder: E:\Garonit Documents\ACCOUNTS PAYABLES 2022 09 22\ – detailed accounts payable records for 50+ vendors.  2. Quality & Production - Thousands of COA/COC files (e.g., CHG 20% Lot 429012 CoA.pdf, COC CHG 20%, Lot# 705103.docx). - Complete batch records for 2023–2026 (folders Batch Records\2023, 2024, 2025, 2026). - Stability study protocols and raw HPLC data for CHG 0.12% Oral Rinse.  3. ANDA & Regulatory Documentation - Folder “00 Oral Rinse ANDA-Old One” – complete ANDA dossier, including DMF, method validation, stability, and correspondence with the FDA. - Files: ANDA Checklist-Oral Rinse.docx, DMF Assessment in advance.pdf.  4. Vendor & Customer Records - Folder: E:\Garonit Documents\Vendor from 2022 07 19 TO 2022 09 21\Vendor\ – dossiers on each supplier (contracts, invoices, assessments). - Folder: E:\LABEXPRESSDATA\ALL LEI ORDERS\ – customer purchase orders and sales quotations.  5. Human Resources (HR) - Folder: E:\LABEXPRESSDATA\HUMAN RESOURCES\ – employment contracts, W‑9 forms, tax deductions, resignation letters. - Passport scans, Green Card copies, health insurance records for many employees. - Files: Employee Handbook.pdf, PTO Request Form.docx, Time off request form.pdf.  6. Internal Communications & Scans - Directory “C224E BIZHUB SCANNER DUMPS” containing subfolders named after employees (Burcu, Frank, Iliany, Kelvin, Dave, Randy, Sudhir, etc.). - Scans include: Green Cards, IDs, credit card authorization forms, bank letters, and correspondence with the IRS. - Examples: Burcu Green Card.pdf, Rohit Garg X-Ray.pdf, SKM_C250i... (thousands of scanned documents).  7. Tax & Banking Documentation - Correspondence with the IRS, State of New Jersey, Valley National Bank, Citibank. - Files: IRS Notice Lab Express.pdf, Valley Bank Garonit Deceember 2020.pdf, Credit Application, Bank instructions.pdf.  Shared Infrastructure – Observed Facts  - The same Active Directory domain and file server (drive E:\) store data for both Labexpress and Garonit Pharma. - Cross‑company records reside in the same folders (e.g., “Garonit Documents” and “LABEXPRESSDATA” coexist on the same drive). - User Troy Austin has an AD account (Taustin) and also uses the email address taustin@garonitpharma.com. - Purchase orders, invoices, COA/COC files refer to both companies interchangeably. - At the IT level, there is no separation between the two legal entities.  The obtained data demonstrates that Labexpress and Garonit Pharma operate on a single, shared IT infrastructure. All files, accounts, mailboxes, and production records are stored on the same systems. A 200 GB archive will be publicly released in the near future.",21420,2026-05-29,2026-05-22,2026-05-30,7.8,6a0fdc7bd152110a6a5e7814,2026-09-17_page003.json
inc_ransom,Open Door Health Center,US,5000000,Proof,1,"Open Door Health Center of Illinois offers a comprehensive medical home approach to primary health care, focusing on improving community health since 1977. Their services include medical assistance, HIV programs, behavioral health, case management, and community outreach, catering especially to LGBTQI individuals and those living with HIV/AIDS. The center aims to provide affordable and accessible healthcare without discrimination, while also engaging in education and training initiatives. Their intended clients include patients in need of medical care, community members seeking support, and volunteers looking to contribute to health equity.",21916,2026-05-25,2026-05-22,2026-05-22,3.5,6a101ddfd152110a6a6658dc,2026-09-17_page003.json
inc_ransom,Mecanizados y Montajes Aeronáuticos (mymgroup.es),ES,500000,Proof,1,"MyM specializes in the manufacturing of metallic components and subassemblies for aerospace applications, serving major Tier 1 and OEM programs globally. The company is committed to excellence, utilizing advanced technology, infrastructure, and a skilled workforce to ensure high-quality production and timely delivery. MyM is recognized as an innovative SME, actively engaging in research and development within the aerospace and industrial sectors. Their clientele includes prominent companies such as Airbus, Boeing, Embraer, and Leonardo.  Laek: 100GB WE HAS COLLECTED SUCH DATA AS: - Confidential documents - Clients Data - NDA - Financial data - Operations - Corporate data - Business Agreements - Development - Financial databases, all transactions, all clients And a lot of other VERY IMPORTANT information!",23818,2026-05-26,2026-05-21,2026-05-24,4.7,6a0f5600d152110a6a4f6aa3,2026-09-17_page003.json
inc_ransom,threadinnovations,CA,15000000,Encrypted,1,"Thread has developed a proprietary technology for the production of cost-effective, efficient, and scalable carbon fiber. This process is based on utilizing the natural molecular structure of asphaltenes found in oil sands bitumen. Unauthorized access has been gained to the company's confidential files, including client data, proprietary R&D, and financial documentation.",23663,2026-05-22,2026-05-21,2026-05-21,0.7,6a0f559dd152110a6a4f6395,2026-09-17_page003.json
inc_ransom,Nothing,TW,122000000,Proof,1,NOTHING Website: https://nothing.tech/ https://www.zoominfo.com/c/nothing/557232902  WE HAS COLLECTED SUCH DATA AS:  - Confidential documents - Clients Data - NDA - Financial data - Operations - Corporate data - Business Agreements - Technology  - Total: 52GB  And a lot of other VERY IMPORTANT information!,24305,2026-05-19,2026-05-19,2026-05-19,0.0,6a0cac1fd152110a6a17ee94,2026-09-17_page003.json
inc_ransom,Meirc training and consulting,AE,21000000,Encrypted; Proof,2,"Meirc offer a wide range of training programs across various categories, including accounting, finance, artificial intelligence, project management. They is recognized as a ""trusted"" training and consulting partner.  We accessed the entire MEIRC network and downloaded 1TB of data - accounting - internal mail -planning - budgets - all personal information of all employees of the company  In a week everything will be in the public domain.",23890,2026-05-25,2026-05-17,2026-05-31,7.0,6a0a55f6d152110a6acc24fa,2026-09-17_page003.json
inc_ransom,metaval.com.au,AU,5000000,Encrypted; Proof,2,"Metaval Consolidated is an Australian owned and operated manufacturers representative supplying all Australian states and territories. Metaval was established in 1967 to provide an engineering supply service to users in the paper industry. As our company grew and diversified, the range of industries serviced also increased. Today we provide engineered products to all major industries in Australia. We represent some of the worlds leading manufacturers in the supply of industrial equipment to a wide range of industries including water, manufacturing, mining and processing. Since commencing operations we have: Grown to be a leading Melbourne-based manufacturers representative for dozens of well known international brands. Worked and consulted on hundreds of projects from thousands of dollars to million dollar projects. Located in our own industrial premises and warehouse in Bayswater. Work with customers and consultants located in all Australian states and territories. Employees: 50 Revenue: $5 Million Industry: Home Improvement & Hardware Retail Phone Number: (646) 256-4886 ",23320,2026-05-17,2026-05-17,2026-05-17,-0.3,6a099da9d152110a6ab7ed5b,2026-09-17_page003.json
inc_ransom,defenseisready.com,US,1000000,Proof,1,"Deandra Grant Law is a Texas criminal defense and DWI firm with a practice exclusively concentrated on DWI, federal and criminal defense. The firm has defended clients across North and Central Texas for more than 30 years, with more than 500 cases tried to verdict.",24039,2026-05-15,2026-05-15,2026-05-15,-0.2,6a072947d152110a6a706176,2026-09-17_page003.json
inc_ransom,Silergy Corp,US,223000000,Encrypted; Proof; AD Dump; Stocks,4,"Silergy Corp. specializes in the manufacture and sale of power integrated circuits. Silergy Corp. is headquartered in Hangzhou, Zhejiang, China.",24059,2026-05-14,2026-05-14,2026-05-14,-0.2,6a0600fed152110a6a4ef108,2026-09-17_page003.json
inc_ransom,lalsgroup.com,AE,87000000,Stocks,1,"Lals Group is a large UAE-based family business group operating in retail, FMCG, distribution, home goods, and lifestyle brands across the GCC region. Founded in 1979, the company manages well-known brands and retail chains including Homes r Us, Daiso Japan, Carter’s, Mom Store, and others. Lals Group operates across the UAE, Qatar, Bahrain, Oman, Kuwait, and Saudi Arabia, with activities spanning retail stores, shopping malls, and logistics services. -- 400 gb",25679,2026-05-10,2026-05-11,2026-05-25,-1.4,6a02334bd152110a6ae8fc6c,2026-09-17_page003.json
inc_ransom,rbh aerospace inc,US,8200000,Proof,1,"RBH Aerospace, Inc. -is a manufacturing company located in Long Beach, California, specializing in the production of aerospace components. Established in January 2005, the company focuses on providing high-quality parts for both commercial and military aircraft. Their product offerings include aircraft frames, fuselages, wings, and various metal alloy components such as steel, aluminum, and titanium.  2708 Seaboard Lane, Long Beach, CA 90805 http://www.rbhaerospace.com/   Leaked data 240 GB: Corporate information, including electronic correspondence with counterparties, contracts including NDAs, transactions and payments related to them, STP (STEP) files, part drawings (including those for F-15, F-22), manuals and instructions. ",25612,2026-05-11,2026-05-11,2026-05-11,0.0,6a026194d152110a6aeddbc7,2026-09-17_page003.json
inc_ransom,https://sibillacapital.com/,US,1,Proof,1,data,23454,1111-11-11,2026-05-10,2026-05-10,-334012.7,69fffa6bd152110a6ab10d5a,2026-09-17_page003.json
inc_ransom,lopezlawfl.com,US,500000,Stocks,1,full data,24375,1111-11-11,2026-05-10,2026-05-10,-334012.7,69fff6d3d152110a6ab0bb0a,2026-09-17_page003.json
inc_ransom,Bideawee,US,11100000,Encrypted; Proof,2,"Bideawee is a no-kill animal rescue and shelter located in NYC, Wantagh, and Westhampton. The organization offers a variety of services including adoptions, medical care, pet therapy, and fostering opportunities. Bideawee aims to strengthen the human-animal bond through compassionate care for both pets and their owners. Its targeted clients include individuals and families seeking to adopt or foster pets, as well as volunteers looking to support animal welfare.",24085,2026-05-11,2026-05-09,2026-05-09,2.0,69ffb56dd152110a6aaad633,2026-09-17_page003.json
inc_ransom,Calsoft Inc,US,300000000,Proof,1,"CalSoft Inc.  is a company focused on providing digital transformation and AI services tailored for enterprises. Their offerings are designed to enhance operational efficiency, accelerate product delivery, and ensure robust data security, AI-Powered Solutions, Cloud and Infrastructure Services, Data Management, Product Development  1762 Technology Dr, San Jose, California, 95110  calsoftinc.com   Leaked data 24.4 Gb  Technical information of clients, logs, software and its instructions, contracts including NDAs, client lists, personal data of employees with passports and personal photos, accounting records, and other corporate information.",24902,2026-05-08,2026-05-08,2026-05-08,0.0,69fe673ad152110a6a8abbbd,2026-09-17_page003.json
inc_ransom,bergen1.net,US,146500000,Encrypted; Proof,2,"Founded in 1965, Bergen Community College is a comprehensive higher education institute that offers academic degree programs to students. Bergen Community College is located out of Paramus, New Jersey  We will publish all the data(1TB) in a week",23631,2026-05-18,2026-05-07,2026-05-23,10.1,69fd1aa08f1d14b743bed25b,2026-09-17_page003.json
inc_ransom,cmswpc.com,US,50000000,Proof,1,"All patient medical records in their entirety. All data from the medical center, including personal and confidential information, will be stolen. The data will be divided into 7 parts, with each part containing 200–300 GB",28211,1111-11-11,2026-05-07,2026-05-13,-334010.8,69fcf1d98f1d14b743b95793,2026-09-17_page003.json
inc_ransom,earthsystems.com.au earthsystemseurope.com,AU,20000000,Proof,1,full corp data nda client contract project,24968,0111-11-11,2026-05-07,2026-05-11,-699252.4,69fd03998f1d14b743bbf310,2026-09-17_page003.json
inc_ransom,autorisk.org,US,5000000,Proof,1,client data,23911,1111-11-11,2026-05-07,2026-05-10,-334010.4,69fcfec88f1d14b743bb4c38,2026-09-17_page003.json
inc_ransom,egnyte.com,US,200000000,Proof,1,development department EU pl,23378,1111-11-11,2026-05-07,2026-05-07,-334010.4,69fd06c68f1d14b743bc5851,2026-09-17_page003.json
inc_ransom,Aerodiagnostics,US,30000000,Proof,1,"Aerodiagnostics, LLC is a Massachusetts-based laboratory specializing in advanced diagnostic testing for gastrointestinal disorders, including Small Intestinal Bacterial Overgrowth (SIBO), fructose malabsorption, sucrose intolerance, and lactose intolerance. The company utilizes state-of-the-art technology and non-invasive breath tests to provide accurate results while ensuring a high level of customer service  Laek: 50GB WE HAS COLLECTED SUCH DATA AS: - Confidential documents - Clients Data - NDA - Financial data - Operations - Corporate data - Business Agreements - Development - Financial databases, all transactions, all clients And a lot of other VERY IMPORTANT information!",24000,2026-06-05,2026-05-04,2026-06-02,32.6,69f845818f1d14b743454e7c,2026-09-17_page003.json
inc_ransom,childplace.org,US,7200000,Encrypted; Proof,2,"Childplace Family Services is dedicated to nurturing children and empowering families through a range of services including fostering, adoption, counseling, and community support. The organization aims to serve children and families at risk, particularly those who have experienced abandonment, abuse, or neglect. With a history of over 50 years, Childplace has successfully helped thousands of children find loving homes and provided essential support to families in need. Their mission is rooted in promoting hope and healing within the community, guided by a spirit of Christian love. Employees: 100 Revenue: $7.2 Million Industry: Non-Profit & Charitable Organizations Phone Number: (812) 282-8248 ",23148,2026-05-04,2026-05-04,2026-05-04,-0.3,69f920828f1d14b7435a480d,2026-09-17_page003.json
inc_ransom,sanver.com.mx,MX,37000000,Encrypted; Proof,2,"Sanver Forte is a leading hardware wholesaler with over 30 years of experience in the northeastern, central, and Bajío regions of Mexico. The company offers a wide range of products and services related to hardware and construction, focusing on meeting the needs and expectations of its clients through timely deliveries and excellent customer service. Their mission is to simplify the distribution of leading brands, ensuring satisfaction and profitability for customers, collaborators, and shareholders. Sanver Forte aims to be the most comprehensive and secure provider of hardware and home preservation products, contributing to the growth of its employees and the community. Employees: 1000 Revenue: $30 Million Industry: Home Improvement & Hardware Retail Phone Number: +52 7898933030 ",22847,2026-05-04,2026-05-04,2026-05-04,-0.3,69f91d448f1d14b74359fb5d,2026-09-17_page003.json
inc_ransom,https://www.wilkemgroup.com/,BS,20000000,Proof,1,wilkemsolutions.com wilkemgroup.com 400gb gov contract etc,22408,2026-05-02,2026-05-04,2026-05-04,-1.7,69f817388f1d14b743413276,2026-09-17_page004.json
inc_ransom,northshoreenv.com,US,23500000,Encrypted; AD Dump,2,"North Shore Environmental Consultants is a progressive environmental company that provides a wide range of environmental management and consulting services to help clients navigate complex environmental and regulatory challenges. With over 20 years of experience, they offer solutions in areas such as remediation, emergency spill response, air quality, and corporate consulting. Their client base spans various industries across western Canada, and they are recognized for their innovative operational programs and commitment to client satisfaction. North Shore is dedicated to fostering a sustainable future while continuously expanding their expertise and services. Employees: 200 Revenue: $23.5 Million Industry: Business Services Phone Number: (780) 467-3354",22851,2026-05-01,2026-05-02,2026-05-02,-0.3,69f53ed68f1d14b743ffbc53,2026-09-17_page004.json
inc_ransom,EXPEDITOR,US,18000000,Proof,1,"Expeditor Systems specializes in improving patient flow through innovative light signaling systems designed for medical practices and institutions. Their solutions, including the LEAN Patient Flow System and Life Safety Nurse Call Systems, aim to enhance patient experience, increase operational efficiency, and boost revenues. With over 40 years of experience and a client base exceeding 8,000  Laek: 50GB WE HAS COLLECTED SUCH DATA AS: - Confidential documents - Clients Data - NDA - Financial data - Operations - Corporate data - Business Agreements - Development - Financial databases, all transactions, all clients And a lot of other VERY IMPORTANT information!",24064,2026-05-05,2026-05-01,2026-05-04,4.3,69f424de8f1d14b743e44b1e,2026-09-17_page004.json
inc_ransom,Iowa Spring Manufacturing & Sales,US,20300000,Proof,1,"Iowa Spring  is a well-established manufacturer specializing in a variety of springs, including those for overhead garage doors, mechanical applications, and agricultural equipment. Founded in 1977 and based in Adel, Iowa, the company has built a strong reputation for quality and reliability in the spring manufacturing industry.  2112 Greene Street P.O. Box 130 Adel, IA 50003, US  www.iowaspring.com  Leaked data: 49,4Gb Accounting, product development and testing, laboratory defect analysis, supply logistics, contracts, NDA, financial indicators, corporate information, and much more",25089,2026-04-29,2026-04-29,2026-04-29,0.0,69f2821e8f1d14b743bc4e9a,2026-09-17_page004.json
inc_ransom,www.durable-tech.com,US,1000000,Proof,1,"Durable Mecco is a small company (1-10 employees) operating in the HR & Staffing industry, located at 176 Thorn Hill Rd, Warrendale, Pennsylvania, 15086. This entity is distinct from ""Durable Technologies,"" which focuses on industrial marking equipment.",26185,2026-04-28,2026-04-28,2026-05-25,-0.4,69f07fd58f1d14b7438902a4,2026-09-17_page003.json
inc_ransom,https://www.fulcrumre.com/,US,50000000,Proof,1,2tb data all company data,22936,2025-11-01,2026-04-28,2026-05-04,-177.9,69f0d6b38f1d14b74390f7b1,2026-09-17_page003.json
inc_ransom,sumacinc.com,US,50000000,Proof,1,all client data 2tb,24578,1111-11-11,2026-04-28,2026-05-04,-334000.6,69f012738f1d14b7437c5997,2026-09-17_page004.json
inc_ransom,BELFOR,SG,2000000000,Proof,1,"BELFOR (Asia) Pte Ltd, Singapore. RecoveryPro Ltd, Japan. Country list: Singapore, Japan, Korea, Taiwan, Thailand, Malaysia.  Total Data: 430GB  Data: Confidential (Classified) - non-disclosure agreements (NDA's), Personal scan passports, Employee Privacy, Employment contracts, Employment Records, Health Information. Finance Department - Salary & Bonus structures, Internal audit reports, Insurance contracts & payments, Payroll Reports, Benefits & pension details, Internal investigations, Partners agreements, Balance sheets, Budget reports, Credit agreements, Tax filings, Marketing plans. IT Department - IT network infrastructure, Research and development data, SDLC documentation. Other - All projects report & files, Buildings drawings, Object Photo, Photo of damages, Object plans, a lot of internal documentation.  Clients: Mitsubishi, Samsung, Toyota, Kawasaki Motors, Sony Technology, Fujifilm Business Innovation, Siemens, Seiko, Nissan and many other.  Full data release coming soon!!!",19884,2026-07-30,2026-04-27,2026-06-22,93.5,69ef61a08f1d14b743681c09,2026-09-17_page002.json
inc_ransom,Selex - Gruppo Commerciale,IT,22500000000,Encrypted; AD Dump,2,"Selex Group Announces Cyber Attack and Data Breach  Today We confirm that Selex, a leading grocery retailer and distributor in Italy, has fallen victim to a large-scale cyber attack. The breach, which occurred in recent days, has compromised approximately 1 terabyte of sensitive data, including both production and development sources, as well as the personal and financial information of employees, customers, and partners. It is estimated that the attack affected a significant amount of critical company data, including:  Production and Development Sources: Intellectual property, project plans, and confidential development documents.  Personal and Financial Data: Sensitive personal information, including names, addresses, financial records, and employee payroll details.  Customer and Partner Information: Data related to Selex’s customer base and business partners, including transaction history and contractual agreements.  Moreover, We dumped databases include: products, suppliers, specifications, login credentials, tokens, workflow engine, production data, and BPM system.  UPD:  In light of the recent cyber incident, representatives of the Selex Group, including Maniele Tasca, who was personally informed, have indicated that they do not assume any responsibility to their customers regarding this matter.  All interested parties may contact us for further details via the ‘Reports’ button.",14200,2026-04-27,2026-04-27,2026-05-27,-0.6,69ef627c8f1d14b74368332f,2026-09-17_page003.json
inc_ransom,United Quality Cooperative / www.uqcoop.com,US,33800000,Encrypted; Proof,2,"United Quality Cooperative provides a range of services including bulk fuel, propane, lubricants, and agricultural products.  We have at our disposal internal corporate correspondence, financial documents, personal data of company employees and much more.  All stolen information will be published in the public domain in a week, if the company's management does not pay.",25252,2026-05-15,2026-04-27,2026-05-26,18.0,69eeb5488f1d14b74359d4c5,2026-09-17_page003.json
inc_ransom,ldisolutions.com,US,5000000,Encrypted; Proof,2,"Pneutronics, a division of Parker Hannifin Corporation's Instrumentation group, is a New Hampshire-based designer and manufacturer of pneumatic and electronic control systems serving diverse industrial markets. Founded in 1977 with the mission of combining pneumatics and electronics into modular package control solutions, Pneutronics has evolved from its initial focus on semiconductor equipment subsystems to become a trusted component supplier across kidney dialysis, patient monitoring, gas chromatography, automotive paint spray, and semiconductor equipment applications. Located in Hollis, New Hampshire, approximately one hour north of Boston, the company operates as part of Fortune 500 Parker Hannifin Corporation, headquartered in Cleveland, Ohio, providing access to world-class resources and global distribution capabilities. Employees: 50 Revenue: $5 Million Industry: Industrial Machinery & Equipment Phone Number: (866) 332-0700",22503,2026-04-27,2026-04-27,2026-04-27,-0.3,69ef4e668f1d14b743662bdf,2026-09-17_page004.json
inc_ransom,reddycardiology.com,US,5000000,Encrypted; Proof,2,"Reddy Cardiology provides comprehensive cardiovascular care and diabetes management services in Sugar Land, TX. The clinic specializes in the prevention and treatment of heart disease, high blood pressure, and diabetes, utilizing state-of-the-art technology and personalized treatment plans. Their intended clients include adult patients referred by primary physicians for various cardiac symptoms and those seeking preventive care. Reddy Cardiology also offers a unique diet plan, the Reddy Diet, aimed at promoting heart health and managing diabetes. Employees: 50 Revenue: $5 Million Industry: Hospitals & Physicians Clinics Phone Number: (281) 491-0044",22683,2026-04-26,2026-04-26,2026-04-26,-0.3,69ee864b8f1d14b743560da8,2026-09-17_page004.json
inc_ransom,MTCI,US,25000000,Proof,1,"MTCI  Telecommunications and IT Consulting . Specializes in VoIP, structured cabling, network protection, and cloud services. They highlight being an independent consultant (vendor-agnostic) and offer 24/7/365 support . They have won the Cincinnati US Regional Chamber of Commerce Small Business of the Year award.  11260 Chester Road, Cincinnati, Ohio, USA mtci.com  Leaked data: 320 Gb  company projects (including special projects of devices with drawings, air bridges, Wi-Fi bank and many other projects), information about employees with personal data, insurance, medical secrets; corporate information with guidance documents and correspondence with counterparties; finance; employee Video surveillance Files",24655,2026-04-26,2026-04-26,2026-04-26,-0.0,69ee77e38f1d14b74354b57f,2026-09-17_page004.json
inc_ransom,tlctrialteam.com,US,1000000,Proof,1,"TLC Trial Team is a personal injury law firm based in Winter Haven, Florida. The firm handles accident and injury-related cases.",27322,2026-04-24,2026-04-24,2026-05-14,-0.5,69eb79598f1d14b74309bec2,2026-09-17_page003.json
inc_ransom,nbd3pl.com,US,500000000,Proof,1,"North Bay Distribution has been in the warehousing, order fulfillment, and shipping industry for more than 30 years. They are a full service outsourcing logistics service provider. They are based in northern California's City of Vacaville. The proximity of their facility provides streamlined deliveries from the Port of Oakland for goods manufactured and arriving from the Pacific Rim",24541,2026-04-29,2026-04-23,2026-05-07,5.4,69ea301d8f1d14b743ec6c2b,2026-09-17_page003.json
inc_ransom,krauseundco,DE,5000000,Proof,1,"Provision of civil engineering services, renovation and restoration of all types of buildings, road and path construction, sewer construction, pipeline construction for gas, water, and district heating, plant construction, engineering services, specialized civil engineering services, concrete restoration, trade in building materials, and all activities conducive to furthering the company’s purpose.",24453,2026-04-25,2026-04-23,2026-04-28,1.4,69ea22bb8f1d14b743eb4941,2026-09-17_page004.json
inc_ransom,Dorotea Sweden,SE,34400000,Encrypted; Proof; AD Dump; Stocks,4,"Despite all our warnings, the Dorotea administration has decided to turn a blind eye to the fate of everyone whose data will be published; now this data will be used in all sorts of ways, and hundreds of people will face problems, as will Dorotea’s management. Dorotea has 24 hours left to make the right decision. -------------------- Dorotea Kommun is a local government entity located in the southern part of Lapland, Sweden, offering a wide range of services including education, childcare, elder care, and community support. The municipality aims to provide a welcoming environment for residents and visitors, promoting various activities in its beautiful natural surroundings. It also focuses on infrastructure development, economic support for businesses, and community engagement through events and programs. The intended clients include local residents, families, and individuals seeking support and services in the region. ----- https://www.zoominfo.com/c/vilhelmina-kommun/430618876 Headquarters Torget 6, Vilhelmina, Vaesterbotten, 912 32, Sweden Phone Number +46 94014000 Website www.vilhelmina.se Revenue $31.7 Million Industry 501-1,000 Employees  ",25601,2026-04-24,2026-04-23,2026-04-23,0.9,69ea299e8f1d14b743ebd6f1,2026-09-17_page004.json
inc_ransom,trugreen.com,US,290000000,Encrypted; Proof,2,"TruGreen is the nation's leading lawn care provider offering neighborhoods across the country tailored lawn, tree and shrub care along with protection against mosquitoes and other pests. As a company rooted in scientific expertise with a customer-centered approach, TruGreen helps homeowners achieve an outdoor living space that brings them pride. Employees: 10k+ Revenue: $2.9 Billion Industry: Consumer Services Phone Number: (833) 830-2305",23862,2026-04-22,2026-04-22,2026-04-22,-0.3,69e94bc78f1d14b743d7124a,2026-09-17_page004.json
inc_ransom,krwlawyers.com,US,1000000,Proof,1,"At KRW Lawyers, we understand the profound impacts that an unexpected accident can have on your physical, emotional, and financial well-being. Our personal injury and mass tort lawyers are dedicated to holding negligent parties accountable and recovering a comprehensive settlement for all your current and future care needs.  With decades of experience and over $1 Billion recovered, you can trust our attorneys to represent your best interests in and out of the courtroom. Our firm is proud to have its members recognized by Super Lawyers and Martindale-Hubbell, underscoring our impressive record of results and commitment to excellence, integrity, and service.",27513,2026-04-22,2026-04-22,2026-04-22,-0.3,69e919e58f1d14b743d20955,2026-09-17_page004.json
inc_ransom,rheem,US,600000000,Proof,1,"Rheem Manufacturing Company  1100 Abernathy Road, Suite 1700 Atlanta, GA 30328, United States www.rheem.com  is a well-established manufacturer specializing in heating, cooling, and water heating products. Founded in 1925, the company has its headquarters in Atlanta, Georgia, and has grown to become a global leader in its industry. Company Overview. Rheem produces a wide range of products, including residential and commercial water heaters, boilers, air conditioning units, and heating, ventilation, and air conditioning (HVAC) equipment. The company is particularly noted for its commitment to energy efficiency, offering numerous ENERGY STAR® certified products.   Leaked data: 320 GB (479,856 Files, 76,897 Folders) includes developments: technical documentation, drawings, test reports and other technical information, employee data containing personal information, corporate information, contracts and agreements (including non-disclosure agreements), financial information and metrics, and much more.",26176,2026-04-20,2026-04-20,2026-04-20,-0.0,69e6890e8f1d14b74393c8d9,2026-09-17_page004.json
inc_ransom,alupco.com,SA,56400000,Encrypted,1,"ALUPCO is the Middle East's largest aluminium extruder, established in 1975, offering a diverse range of high-quality extruded profiles and comprehensive building solutions. The company specializes in project management, architectural solutions, and modular buildings, catering to clients across various sectors. With a commitment to sustainability and performance, ALUPCO aims to enhance efficiency in the building journey from start to finish. Their extensive operations span multiple countries, serving a wide array of customers globally.",24353,2026-04-17,2026-04-17,2026-04-17,-0.3,69e25d808f1d14b743381eca,2026-09-17_page004.json
inc_ransom,Mag. Fünder Hausverwaltungs GmbH,AT,5000000,Proof,1,"Mag. Fünder Hausverwaltungs GmbH is a property management company operating throughout Austria, offering services such as professional real estate management, tailored property care, precise property accounting, and expert apartment renovations. The company focuses on transparency, fairness, sustainability, and innovation to build long-term relationships with clients. They cater to both small and large property management needs, ensuring high engagement regardless of the property size. Their team is well-trained and motivated, providing customized service packages to meet individual client requirements.",26359,2026-04-17,2026-04-17,2026-04-17,0.2,69e236208f1d14b743348a3d,2026-09-17_page004.json
inc_ransom,bgcsnv.org,US,15300000,Encrypted; Proof,2,"Boys & Girls Club of Southern Nevada provides a safe and engaging environment for youth through various programs, including early childhood learning, summer camps, and mental health services. With 13 clubhouses across the region, they aim to support children in achieving their potential regardless of their background. The organization encourages community involvement and offers opportunities for volunteering and sponsorship. Their mission is to create a positive impact on the lives of young people in Southern Nevada. Employees: 200 Revenue: 15.3 Million Industry: Membership Organizations Phone Number: (702) 367-2582",24276,2026-04-16,2026-04-16,2026-04-17,-0.3,69e16db28f1d14b743252555,2026-09-17_page004.json
inc_ransom,treelawoffice.com,US,5000000,Encrypted,1,"Tree Law is a Social Security Disability law firm with 25 years of experience, dedicated to representing claimants in their pursuit of Social Security disability benefits. The firm specializes in assisting disabled individuals who are unable to work, guiding them through the entire Social Security process from initial applications to federal court. With a proven track record of helping thousands of clients, Tree Law aims to provide financial and medical benefits to those in need. Their services are available in Yakima and Tri-Cities, WA. Employees: 50 Revenue: $5 Million Industry: Law Firms & Legal Services Phone Number: (509) 452-1700",24034,2026-04-16,2026-04-16,2026-04-17,-0.3,69e1639f8f1d14b743245150,2026-09-17_page004.json
inc_ransom,Arban & Carosi,US,30000000,Encrypted; Proof,2,"Arban Carosi: 1TB customer and company data leaked due to negligence.   * * Full employee base: Including names, positions, personal and work email addresses, phone numbers. * * Financial Documentation: Contracts, Invoices, Revenue Data * * Customer base: Customer contact details, project details * * Internal correspondence: Service emails and documents disclosing internal processes and company plans.  !! In the screenshots, you can see that we have accessed detailed plans of various buildings, including U.S. Army buildings!!  We will publish all the data in a week and everyone can use it for their own purposes.",22389,2026-04-30,2026-04-14,2026-04-28,15.9,69ddba468f1d14b743d54bff,2026-09-17_page004.json
inc_ransom,bdac.com.au,AU,19600000,Encrypted,1,"Bendigo and District Aboriginal Co-operative (BDAC) has been providing services and support to the Aboriginal and Torres Strait Islander community of Dja Dja Wurrung for more than 15 years. BDAC is a proud Aboriginal community-controlled organisation, governed by a seven-member board elected by members. It has more than 50 staff - 80 per cent of whom identify as Aboriginal - working across three locations in Bendigo, including the Forest Street medical clinic. The company delivers programs across the core areas of health, education, employment, culture, family and community. BDAC is focused on achieving positive outcomes for and with the company's community, and leads the way in delivering a range of community development and capacity building projects. Employees: 200 Revenue: $19.6 Million Industry: Charitable Organizations Phone Number: +61 354424947",25013,2026-05-08,2026-04-12,2026-05-08,25.5,69dc23a08f1d14b743b06acc,2026-09-17_page003.json
inc_ransom,Straten & Kollegen,DE,5000000,Encrypted; AD Dump; Proof,3,"Straten & Kollegen GmbH is a tax consulting firm based in Nordhorn, serving clients in the Grafschaft Bentheim, Emsland, and surrounding areas. They provide personalized and competent tax advisory services to both businesses and private individuals, including specialized support for Dutch companies entering the German market. The firm also offers expertise in agricultural bookkeeping and assists registered associations with their tax-related challenges. Their goal is to alleviate the burden of tax processes, allowing clients to focus on their core competencies.",27736,2026-04-12,2026-04-12,2026-04-12,-0.1,69db99ad8f1d14b743a4694c,2026-09-17_page004.json
inc_ransom,www.campbell.edu,US,100000000,Proof,1,"In the university data leak, there will be incidents related to teachers' pedophilia, sexual abuse of students by other students, drug use, personal data, military recruitment of students, and other things 500gb",31102,0011-05-11,2026-04-11,2026-05-08,-735933.7,69d9adee8f1d14b7437c374e,2026-09-17_page003.json
inc_ransom,morgancountyga.gov,US,23000000,Encrypted,1,"Morgan County offers a range of government services and community resources, including public safety through the Fire Rescue and Sheriff's Office, as well as a Public Transit System. The county actively engages with residents by providing updates on meetings, events, and community initiatives. It features recreational facilities, such as a Recreation Complex, aimed at enhancing community well-being. The intended clients include local residents, visitors, and anyone needing access to county services. Employees: 50 Revenue: $23 Million Industry: Government Phone Number: (706) 342-1507",25131,2026-04-11,2026-04-11,2026-04-11,-0.3,69dadc2a8f1d14b74395452e,2026-09-17_page004.json
inc_ransom,mastercom.com.au,AU,12000000,Encrypted,1,"Mastercom is raising the benchmark in Local Government communications in Sydney - building fast, secure and interoperable two way radio communication networks and infrastructure capable of bridging any terrain to enable field workers to be heard loud and clear anywhere, anytime. As a founding partner of The Orion Network we support a number of local government entities including: Newcastle City Council Maitland City Council Penrith City Council. Contact our Sydney two-way radio solutions team to find out more about our local government and emergency response solutions. Employees: 50 Revenue: $12.7 Million Industry: Telecommunications Phone Number: +61 288219588",25043,2026-04-11,2026-04-11,2026-04-11,-0.3,69dadb098f1d14b743952754,2026-09-17_page004.json
inc_ransom,wright-ryan.com,US,23000000,Proof,1,600gb project nda personal client contract all corp data,28266,1111-11-11,2026-04-10,2026-05-02,-333983.2,69d92e6c8f1d14b74370ad02,2026-09-17_page004.json
inc_ransom,martek co ltd.,TW,10000000,Proof,1,https://www.martek.com.tw/en 700gb NDA,27745,2026-04-01,2026-04-10,2026-04-10,-8.6,69d861b58f1d14b743603f0e,2026-09-17_page004.json
inc_ransom,rxm.com.au,AU,1300000,Encrypted,1,"Rx Management is a franchise network that manages a number of Pharmacy stores across New South Wales, Victoria and South Australia. We care about the wellbeing of our customers and our vision is to be the best in the Community Pharmacy, Health and Beauty space in Australia in dispensing prescriptions, providing health, beauty and lifestyle solutions and selling health and beauty product. Employees: 200 Revenue: $13 Million Industry: Pharmaceutical Manufacturing",25353,2026-04-08,2026-04-08,2026-04-08,-0.3,69d676a58f1d14b74332aa2f,2026-09-17_page004.json
inc_ransom,Kannarr Eye Care,US,5000000,Proof,1,"Kannarr Eye Care is a full-service optometry provider located in Pittsburg, Kansas, dedicated to improving lives through advanced eye care. They offer a wide range of services including eye exams, contact lens fittings, cataract surgery, and treatment for ocular diseases. The clinic serves patients in the four-state area, ensuring personalized attention and professional care. Kannarr Eye Care also provides vision financing options and works with various insurance providers to promote good eye health.",26902,2026-04-10,2026-04-07,2026-04-07,2.7,69d4bb2e8f1d14b7430855d1,2026-09-17_page004.json
inc_ransom,coronapa.com,US,5000000,Proof,1,"Corona Law Firm is a proud excellent client service and skillful representation. Established in 1997, well-known in the Florida legal community.",30315,2026-05-05,2026-04-03,2026-05-14,31.1,69d04c918f1d14b743a602d2,2026-09-17_page003.json
inc_ransom,Infonet Media d.o.o.,SI,50000000,Proof,1,"Infonet Media d.o.o. (infonet.fm) is a media company based in Slovenia that operates one of the largest radio networks in the country. It brings together several popular radio stations (such as Radio 1, Radio Antena, and others), providing wide national and regional audience coverage. The company specializes in radio broadcasting, content production, and media projects, while also actively working in advertising and partnership campaigns.",27294,2026-04-01,2026-04-03,2026-04-16,-2.4,69d01af68f1d14b7439fc1b3,2026-09-17_page004.json
inc_ransom,BERGE-BAU GmbH & Co. KG,DE,5000000,Encrypted; Proof,2,"Berge-Bau is a German family-run construction firm operating since 1875, specializing in structural engineering, civil engineering, pipeline construction, and turnkey projects. Celebrating its 150th anniversary, the company serves industrial and residential clients from its Erndtebrück headquarters and a branch in Zeitz. ----------------- Unfortunately, this company’s management values its own bottom line more than the safety of its employees and partners. In three days, hundreds of pieces of personal data, as well as contracts containing non-disclosure clauses, will be made public. We are giving Berge-Bau one last chance to resolve this situation amicably.",27915,2026-04-03,2026-04-03,2026-04-03,-0.4,69d00e508f1d14b7439e964b,2026-09-17_page004.json
inc_ransom,roodtrucking.com,US,5000000,Encrypted,1,Employees: 20 Revenue: $5 Million Industry: Transportation and Warehousing,25377,2026-04-03,2026-04-03,2026-04-03,-0.3,69cf9f358f1d14b743937025,2026-09-17_page004.json
inc_ransom,VLawyers,GR,500000,Proof,1,"VGLawyers is a modern law firm providing professional legal services in Greece and internationally. Its team of experienced lawyers specializes in corporate law, investments, real estate, and business support, offering clients reliable and effective solutions. 260 gb data downloaded vglawyers.gr",27968,2026-03-02,2026-04-02,2026-04-17,-31.3,69ceb7aa8f1d14b7437d1f41,2026-09-17_page004.json
inc_ransom,irpea.it,IT,24000000,Encrypted,1,"Fondazione IRPEA is a passionate nonprofit organization based in Padua that champions community service and volunteer work. Since being named the European Capital of Volunteering in 2020, they have been dedicated to growing local social projects and supporting community initiatives. Their work focuses on creating meaningful change through volunteer engagement and public support. Employees: 200 Revenue: $24.2 Million Industry: Charitable Organizations Phone Number: +39 498727201",28892,2026-04-01,2026-04-02,2026-04-03,-0.3,69ce0dba8f1d14b7436c8084,2026-09-17_page004.json
inc_ransom,delapazlaw.com,US,1000000,Proof,1,"When you work with the Law Office of Michael R. De La Paz, the only thing you have to worry about is recovering from your injuries. Mr. De La Paz will go to bat for you with the insurance companies and fight them in court to get you the compensation you deserve.",29950,2026-03-31,2026-03-31,2026-04-21,0.0,69cbb56d8f1d14b74332df1f,2026-09-17_page004.json
inc_ransom,submissionfinance.com,AU,1000000,AD Dump; Encrypted; Proof; Stocks,4,"Collaborate With Our Expert Consultants Now. Since 1972, Submission Finance has been your steadfast partner in navigating the ever-changing world of money. Born from a boomer’s belief in hard work, integrity, and face-to-face relationships, our family-run firm has grown alongside generations of clients, earning trust through transparency and results.At Submission Finance, we don’t just manage numbers; we champion your ambitions. Our name says it all: when you submit your financial goals to us, we commit our decades of expertise to crafting personalized strategies, whether you’re saving for retirement, expanding a family business, or building your first investment portfolio. Contact: info@submissionfinance.com",26184,2026-03-31,2026-03-31,2026-04-03,-0.5,69cbc35d8f1d14b743348acf,2026-09-17_page004.json
inc_ransom,barrypgoldberg.com,US,2000000,Proof,1,"Barry P. Goldberg is truly committed to client satisfaction. We strive to obtain the largest possible result the law will allow and at the same time maximizing our clients’ net amount. We will take your phone calls whenever possible, return all communication promptly and answer each and every question. At Barry P, Goldberg, A Professional Law Corporation, we strive to handle our cases aggressively, ethically and “transparently” for our clients.",29663,2026-03-30,2026-03-30,2026-04-29,-0.4,69cac3b58f1d14b7431d311c,2026-09-17_page004.json
inc_ransom,millersteelelaw.com,US,5000000,Proof,1,"At Miller & Steele Law Firm, we believe in protecting and fighting for those who have been affected by the negligence of others. David Miller started this firm in 1978 to fight for those who could not fight their own battle. When he was a young man, he saw a family member involved in a lawsuit who was poorly represented by a bad lawyer which resulted in a poor outcome.",28534,2026-04-26,2026-03-30,2026-04-29,26.1,69caddcb8f1d14b7431fedaf,2026-09-17_page004.json
inc_ransom,domingogarcia.com,US,9000000,Proof,1,"Domingo Garcia’s has been representing accident victims for over 35 years! One of Domingo’s first legal victory happened in 1995 when a jury awarded his client, a car-accident victim, $1,100,000. As the years passed Domingo has surrounded himself with highest skilled and qualified legal team who have recovered millions for victims of injury and wrongful death.",28176,2026-03-30,2026-03-30,2026-04-21,-0.5,69caf3e48f1d14b74321bc7d,2026-09-17_page004.json
inc_ransom,Community Connections,US,30000000,Proof,1,"Community Connections operates as a non-profit behavioral health organization dedicated to serving vulnerable populations including women, men, youth, and children who face systemic barriers to healthcare access. The organization addresses critical gaps in mental health and substance use treatment by providing comprehensive services tailored to the specific needs of marginalized communities. The organization delivers an integrated continuum of care that combines behavioral health treatment, residential support services, and primary health care coordination.",27742,2026-04-10,2026-03-29,2026-04-07,11.5,69c90c9e8f1d14b743f59f93,2026-09-17_page004.json
inc_ransom,Greenology Products,US,8200000,Proof,1,"Since 2008, Greenology Products has been on a mission to create household and personal care products that do not harm our environment or human health. Our motto is Good, Clean, Honest.  We create a superlative customer-centric experience by producing household and personal care products that deliver performance, delight the senses, and solve everyday needs while using plant-based and responsible ingredients and materials that do not hard people, pets, or our precious planet.",27338,2026-03-29,2026-03-29,2026-03-29,-0.7,69c9505a8f1d14b743fad95d,2026-09-17_page005.json
inc_ransom,"Conveyors, Inc.",US,13500000,Proof,1,"Conveyors, Inc. is a family-owned manufacturer of bulk material handling equipment, established in 1974, with over 40 years of experience in the industry. The company offers a wide range of products including screw conveyors, bucket elevators, and drag conveyors, designed to efficiently handle bulk materials. Their intended clients span various industries such as commercial, industrial, oil & gas, and governmental sectors. With a commitment to quality and superior service, Conveyors, Inc. aims to exceed customer expectations in every project.",26919,2026-03-30,2026-03-29,2026-03-29,0.5,69c906e98f1d14b743f528dc,2026-09-17_page005.json
inc_ransom,www.davidhelfandlaw.com,US,1000000,Proof,1,"David A. Helfand, P.A. is admitted to practice in all the state courts of the state of Florida as well as the U.S. District Court in the Southern District of Florida. Mr. Helfand graduated from St. John’s University in 1989 and from Nova Southeastern University Law School in 1992. He formed the Law Offices of David A. Helfand, P.A. in 1998. He is a member of the Miami-Dade County Bar Association and the Association of Trial Lawyers of America.",28740,2026-03-26,2026-03-26,2026-04-08,-0.3,69c5609c8f1d14b743a08e12,2026-09-17_page004.json
inc_ransom,ETFSA,ZA,8000000,Proof,1,"ETFSA.co.za is a South African financial services platform specializing in exchange-traded funds (ETFs). It offers a wide range of investment options, allowing individuals to invest in various sectors, indices, and asset classes through low-cost, diversified ETFs. The platform provides educational resources, investment solutions, and tools to help investors manage their portfolios effectively. ETFSA also supports tax-free savings accounts (TFSA) and retirement accounts, making it accessible for long-term wealth building ETFSA.co.za became the target of a cyberattack, and all confidential and personal client data will be published soon. Mike Brown did not worry about the security of his clients' data; he had the opportunity to ensure the safety of such sensitive data, but he preferred to stay on the sidelines. +27 82 653 5645 (m) Mike Brown",28128,2026-03-25,2026-03-26,2026-03-26,-1.1,69c5317f8f1d14b7439c9337,2026-09-17_page005.json
inc_ransom,pulpdent.com,US,20000000,Encrypted,1,"PULPDENT® Corporation is a family-owned dental research, manufacturing company and leader in bioactive and biomimetic dental materials. ACTIVA BioACTIVE, developed by Pulpdent, is a bioactive restorative material that behaves much like natural teeth and helps stimulate the formation of apatite, chemically bonds to teeth and helps protect against decay. For over 70 years, Pulpdent has been committed to product innovation, clinical education and patient-centered care. Employees: 100 Revenue: $20.1 Million Industry: Retail Phone Number: +(617) 926-6666",27714,2026-03-25,2026-03-25,2026-04-03,-0.3,69c42f858f1d14b7438430bc,2026-09-17_page004.json
inc_ransom,glenmarkpharma.com,IN,1400000000,Proof,1,"Glenmark Pharmaceuticals, founded in 1977 and headquartered in Mumbai, India, is a global pharmaceutical company that develops, manufactures, and markets pharmaceutical products. The company operates in over 25 countries across North America, South America, Europe, Asia, Africa, and the Middle East, with a strong focus on research and development of innovative medications. Glenmark specializes in various therapeutic areas and maintains a diverse portfolio of pharmaceutical products serving both business and consumer markets worldwide. Rajeev Sharma Senior Vice President and Chief Financial Officer - North America Laura Lester Senior Vice President & General Counsel - North America Jim Brown Senior Vice President Firas B Abulaban Senior Vice President and Corporate Quality Head of North America Bradley Nowels Vice President Institutional Sales – North America Vishal Arora Vice President of Business Development and Licensing Michael Pope Executive Director and Site Head – Monroe, NC Adam Subervi Chief Compliance Officer Fabio Moreno Executive Director and Head of the OTC Business Kathleen (Kathy) McKenna Senior Director – Human Resources INVESTORS Company Secretary & Compliance Officer ComplianceOfficer@glenmarkpharma.com Tel No.: +91 22 4018 9999 Fax No.: +91 22 4018 9986  REGISTRAR AND SHARE TRANSFER AGENTS KFIN Technologies Limited Selenium Building, Tower-B, Plot No 31 & 32,Financial District, Nanakramguda, Serilingampally, Hyderabad, Rangareddy, Telangana, India – 500 032. Email ID: einward.ris@kfintech.com Toll Free/ Phone Number : 1800 309 4001 WhatsApp Number : (91) 910 009 4099 KFINTECH Corporate Website: www.kfintech.com RTA Website: https://ris.kfintech.com Investor Support Centre (DIY Link) https://ris.kfintech.com/clientservices/isc BUSINESS DEVELOPMENT For queries related to collaboration and partnership, please email to : businessdevelopment.web@glenmarkpharma.com INVESTORS Company Secretary & Compliance Officer ComplianceOfficer@glenmarkpharma.com Tel No.: +91 22 4018 9999 ------------------------------------------- GRIEVANCE OFFICER grievance.officer@glenmarkpharma.com Tel No.: +91 22 4018 9999 Fax No.: +91 22 4018 9986 ------------------------------------------- REGISTRAR AND SHARE TRANSFER AGENTS KFIN Technologies Limited Selenium Building, Tower-B, Plot No 31 & 32,Financial District, Nanakramguda, Serilingampally, Hyderabad, Rangareddy, Telangana, India – 500 032. Email ID: einward.ris@kfintech.com Toll Free/ Phone Number : 1800 309 4001 WhatsApp Number : (91) 910 009 4099",25544,2026-03-25,2026-03-25,2026-03-25,0.1,69c3d3d18f1d14b7437c320c,2026-09-17_page005.json
inc_ransom,PWNA Plains,US,5000000,Encrypted; Proof,2,"Partnership With Native Americans is a 501 (c)(3) nonprofit organization committed to championing hope for a brighter future for Native Americans living on remote, isolated and impoverished reservations",28563,2026-03-24,2026-03-24,2026-04-08,-0.9,69c30c758f1d14b7436d1047,2026-09-17_page004.json
inc_ransom,jenningsk12.org,US,28500000,Encrypted,1,"The Jennings School District strives to provide students with learning experiences and opportunities that prepare the company's students for college and careers and for the 21st century. The company is a community of learners committed to excellence in education. The company want students to plan and prepare for life after Jennings High School. The company want Jennings students to leave the Jennings School District with the opportunity to take college classes, earned college credit, or have taken career and technical education classes that allow them to start working in their desired career field after graduation. The company is developing community partnerships that will benefit Jennings students and the Jennings community. Please take the time to explore the College and Career link and resources available. It is an honor to serve the families and students of the Jennings School District. CLICK HERE to visit the College and Career Advising page. Employees: 500 Revenue: $28.5 Million Industry: Education Phone Number: +(314) 653-8000",26649,2026-03-24,2026-03-24,2026-03-28,-0.3,69c2e4b58f1d14b743698da2,2026-09-17_page005.json
inc_ransom,cerboniservices.com,US,5000000,Encrypted; AD Dump; Proof; Stocks,4,"Cerboni specializes in providing expert bookkeeping, tax, and CFO services tailored for the restaurant and hospitality industries, while also serving a diverse range of sectors including retail, healthcare, and construction. The company focuses on optimizing profitability, strengthening financial controls, and driving sustainable growth for its clients. With a commitment to delivering clear financial insights and strategic support, Cerboni partners with businesses to enhance their operational efficiency and long-term success. Their comprehensive services include payroll management, inventory control, tax compliance, and IRS audit support.",26370,2026-03-24,2026-03-24,2026-03-26,0.1,69c2be7f8f1d14b74366cb23,2026-09-17_page005.json
inc_ransom,Kiswire,KR,1300000000,Proof,1,"Kiswire Ltd. 37 Gurak-ro 141beon-gil Suyeong-gu Busan, 48212 South Korea www.kiswire.com  is a prominent player in the specialty steel wire industry, headquartered in Busan, South Korea. Founded in 1945, the company has established itself as a global leader, manufacturing a wide range of steel wire products for various sectors, including automotive, construction, energy, and electronics. Kiswire exports its products to over 80 countries and maintains a significant production capacity of approximately 1.2 million tons annually.   Leaked data: 128 GB (137,688,514,560 bytes) 118,019 Files, 22,024 Folders  Special data: technologies, information about manufactured products, control of technological processes and tests, product assembly schemes, material specifications, drawings, product tests, logistics, financial indicators, complete information about employees including complete personal data, photographs, gender and skin color, etc., corporate information and more.  Status of data: confidental",28514,2026-03-23,2026-03-23,2026-03-23,0.0,69c1acc58f1d14b7434fc1f0,2026-09-17_page005.json
inc_ransom,airports.com.na,NA,22000000,Encrypted,1,"Namibia Airports Company founded in 1999 and headquartered in Khomas, Namibia, is a service provider in airport operations and management. Employees: 200 Revenue: $21.5 Million Industry: Federal Phone Number: +264 612955000",27377,2026-03-19,2026-03-19,2026-03-19,-0.3,69bbef478f1d14b743d8daad,2026-09-17_page005.json
inc_ransom,sensationalteeth.com,US,5000000,Encrypted,1,"Oelbaum & Kagan Dentistry is a dental practice located in the Bronx, New York City, offering a wide range of services including cosmetic dentistry, restorative care, and orthodontics. Led by experienced dentists Victor Oelbaum and Victor Kagan, the practice is dedicated to providing high-quality dental care in a comfortable environment. They cater to both adults and children, ensuring comprehensive dental health solutions for all patients. The office is equipped with advanced technology to enhance the patient experience and improve treatment outcomes. Employees: 10 Revenue: $5 Million Industry: Dental Practice Management Phone Number: (718) 882-7202 ",26767,2026-03-18,2026-03-18,2026-03-18,-0.3,69bb32478f1d14b743ca453a,2026-09-17_page005.json
inc_ransom,frazercenter.org,US,9200000,Encrypted,1,"Frazer Center is a non-profit organization dedicated to supporting children and adults with developmental disabilities. Their services include a Child Development Program for children aged six weeks to five years and an Adult Program that offers individualized programming for those with intellectual disabilities. The center aims to foster learning, social opportunities, and lasting friendships for all participants. Located in Atlanta, Georgia, they welcome donations and volunteers to support their mission. Employees: 200 Revenue: $9.7 Million Industry: Education Phone Number: (404) 377-3836",27405,2026-03-16,2026-03-16,2026-03-18,-0.3,69b83be78f1d14b743891a72,2026-09-17_page005.json
inc_ransom,www.integer.net,US,2000000000,Proof,1,"Integer® Holdings Corporation (NYSE:ITGR) is one of the largest medical device outsource (MDO) manufacturers in the world serving the cardiac, neuromodulation, vascular and portable medical markets. The company provides innovative, high-quality technologies and manufacturing to Medical Device OEMs to enhance the lives of patients worldwide. In addition, it develops batteries for high-end niche applications in energy, military, and environmental markets. Greatbatch Medical®, Lake Region Medical® and Electrochem® comprise the companys brands. Our story is one filled with 80 years of industry-changing innovations and exemplary manufacturing. Its a legacy we are proud of as we continue to provide customers with unparalleled expertise, innovation and manufacturing excellence. We are guided by our values of Innovation, Collaboration, Inclusion, Candor, Integrity and Customer.",31894,2025-11-10,2026-03-13,2026-03-13,-123.3,69b4473c8f1d14b743373908,2026-09-17_page005.json
inc_ransom,JDV Products,US,13000000,Encrypted; Proof,2,"JDV Products, Inc. specializes in providing a wide range of tools and equipment for wire wrapping, including wire wrap guns, wrap tools, and wire handling solutions. The company also features a selection of gas-powered tools and fiber optic tools, ensuring comprehensive support for electrical projects.  We have 700GB of data at our disposal, in a week we will publish everything.",27349,2026-03-23,2026-03-12,2026-03-12,11.0,69b214a48f1d14b7430934e7,2026-09-17_page005.json
inc_ransom,Kentucky Injury,US,1000000,Proof,1,"When you're dealing with an injury, you need more than just legal representation — you need someone who truly understands what you're going through and will stand by your side. That’s where I come in.  I'm John Byrnes, a Louisville-based personal injury lawyer dedicated to helping people across Kentucky when they’ve been hurt due to someone else’s negligence. With over 25 years of legal experience and a passion for serving my community, I focus exclusively on personal injury law so I can give every client the time, attention, and strong advocacy they deserve.  Whether you were injured in a car accident, harmed by a defective product, or suffered due to medical malpractice, my goal is to help you recover the maximum compensation and care you need to move forward.",32054,2026-03-11,2026-03-11,2026-04-03,-0.1,69b1755f8f1d14b743fab8f6,2026-09-17_page004.json
inc_ransom,thethibeauxfirm.com,US,10000000,Proof,1,"At The Thibeaux Firm, our top priority is you. We are a Lafayette, Louisiana-based personal injury law firm committed to high-quality representation, outstanding client support, and the pursuit of maximum compensation for accident victims.  Omar Thibeaux started our law firm on the belief that advocacy means more than just negotiating a settlement from those responsible for your accident. It also involves listening to you, understanding your problems, keeping in frequent contact with you, and never losing sight of what your case is worth. Our goal is to get the most return on your accident claim — and to never charge excessive fees in doing so.  Whether you’ve been in an accident in Lafayette, New Orleans, Baton Rouge, or anywhere else in the Pelican State, you’re never another claim number to us. You’re part of our community and our family.",30616,2026-03-11,2026-03-11,2026-04-02,-0.1,69b171288f1d14b743fa547b,2026-09-17_page004.json
inc_ransom,meridenct.gov,US,23000000,Encrypted,1,"Meriden 2020 provides a variety of government, business, recreational, educational, and transportation resources for residents and visitors of Meriden, Connecticut (CT). Employees: 200 Revenue: $23 Million Industry: Government Phone Number: (203) 630-4000",24830,2026-03-26,2026-03-11,2026-03-28,15.0,69b1930c8f1d14b743fd3bb1,2026-09-17_page005.json
inc_ransom,Teknopres_TR,TR,5000000,AD Dump; Encrypted; Proof; Stocks,4,"Our company Teknopres, which was founded in 1978, serves injection casting, mould design and mould construction for the internal and the external markets. Teknopres has the principles of Qualificated Customer Focusing Production.  Teknopres has the developing and constantly renewed technology in all departments. The company mainly works for the automotive, construction and electronics sectors.",29661,2026-03-10,2026-03-09,2026-03-25,1.1,69aea23f8f1d14b7431576fd,2026-09-17_page005.json
inc_ransom,arbd.com,US,5000000,Encrypted,1,"Abramson Brown & Dugan is a leading law firm in New Hampshire specializing in medical malpractice and personal injury cases. With a reputation for securing the highest number of settlements in the state, they cater to clients who have suffered injuries due to medical negligence or accidents. Their team of experienced attorneys is committed to providing compassionate support during what can be a traumatic time for their clients. The firm also emphasizes their mission to restore trust and advocate fiercely for those affected by serious legal matters. Employees: 20 Revenue: $5 Million Industry: Law Firms & Legal Services Phone Number: (603) 627-1819",29497,2026-03-09,2026-03-09,2026-03-17,-0.3,69af27c88f1d14b743442f8c,2026-09-17_page005.json
inc_ransom,tupeloeye.com,US,5000000,Encrypted,1,"It is home to Tupelo Eye Clinic (Joseph J. Chappell, M.D., William C. Brawner, M.D., and Lee H. Walker, M.D.) and Tupelo Eye Center Optical Shop. Located at 610 Brunson Drive, is the home of the Tupelo Eye Clinic & the Tupelo Eye Center Optical Shop. Our Services Employees: 50 Revenue: $5 Million Industry: Hospitals & Physicians Clinics Phone Number: (662) 844-7211 ",28661,2026-03-09,2026-03-09,2026-03-09,-0.3,69af1cac8f1d14b7433f4e7b,2026-09-17_page005.json
inc_ransom,altaortho.com,US,8000000,Encrypted,1,"Alta Orthopaedics specializes in orthopaedic surgery, pain management, and sports medicine, serving clients in Santa Barbara, Solvang, Oxnard, and Santa Maria, CA. They offer a range of services including treatment for ACL injuries, meniscus tears, elbow tendon pathology, rotator cuff disease, fractures, and various types of surgical procedures. The practice boasts a convenient online booking system and a focus on patient education and care, as reflected in positive customer testimonials. Their team of specialists includes physicians and physician assistants experienced in various orthopaedic disciplines. Employees: 50 Revenue: $8.9 Million Industry: Hospitals & Physicians Clinics Phone Number: (805) 688-8821 ",28567,2026-03-09,2026-03-09,2026-03-09,-0.3,69af1b058f1d14b7433e952e,2026-09-17_page005.json
inc_ransom,LHT Holdings Limited,SG,25400000,Encrypted; AD Dump; Proof; Stocks,4,"LHT Holdings is a leading manufacturer of wooden pallets and crates based in Singapore, established in 1977. The company specializes in environmentally friendly packaging solutions, offering a comprehensive range of products including pest-free IPPC pallets, plastic pallets, and technical wood. LHT also provides services such as industrial packaging, pallet rental, and waste disposal, catering to clients looking for sustainable and innovative packaging options. With a focus on emerging technology and sustainability, LHT aims to reduce carbon footprints while delivering high-quality products and services.",30541,2026-03-10,2026-03-09,2026-03-09,1.1,69ae98878f1d14b74314ae6a,2026-09-17_page005.json
inc_ransom,Estra Automotive,PL,250000000,Encrypted; Proof; Stocks,3,"Estra Automotive is an international automotive supplier that develops and manufactures thermal management components and systems for vehicles. The company focuses on products such as HVAC systems, heat exchangers, and engine cooling solutions used by global automotive manufacturers to maintain optimal vehicle temperature, improve efficiency, and support modern vehicle technologies",27654,2026-03-10,2026-03-07,2026-03-20,2.6,69abe7068f1d14b743e12b6b,2026-09-17_page005.json
inc_ransom,parkerlipman.com,US,5000000,Proof,1,"Parker Lipman LLP is a premiere Denver personal injury law firm working for years, protecting the rights of the injured. Call our experienced attorneys for representation in personal injury and accidents.",34487,2026-03-05,2026-03-05,2026-04-23,-0.3,69a9caa98f1d14b7434b8533,2026-09-17_page004.json
inc_ransom,northstaria.com,US,44000000,Encrypted,1,"North Star Insurance Advisors is the leading final expense telesales company in America, dedicated to serving the senior market, agents, and partners. The company offers innovative training, a competitive compensation structure, and limitless growth opportunities for agents and partners. With over 40 years of combined experience, North Star utilizes proprietary technology to assist families with their final expense needs. As a purpose-driven organization, they prioritize people and aim to provide valuable resources to navigate life's challenges. Employees: 200 Revenue: $44.9 Million Industry: Insurance Phone Number: (636) 205-5005",28711,2026-03-05,2026-03-05,2026-03-05,-0.3,69a9f6838f1d14b7434f3234,2026-09-17_page005.json
inc_ransom,saturnmachine.net,US,6000000,Encrypted,1,"Saturn Machine is a leading designer and manufacturer of equipment for major steel companies in North America, specializing in steel fabrication, machining, laser processing, and sandblasting. The company prides itself on delivering high-quality products and problem-solving solutions, supported by a team of skilled professionals and advanced machinery. With capabilities in mechanical and electrical engineering, hydraulic system design, and welding fabrication, Saturn Machine aims to expand its services to a broader client base. Their commitment to customer satisfaction and excellence in design sets them apart in the steel products manufacturing industry. Employees: 50 Revenue: $6 Million Industry: Industrial Machinery & Equipment Phone Number: (270) 333-2104",28151,2026-03-04,2026-03-04,2026-03-04,-0.3,69a86c0b8f1d14b743f6d074,2026-09-17_page005.json
inc_ransom,bclawoffices.com,US,1000000,Proof,1,"At the Law Offices of Brent W. Caldwell, we help people who have been injured in accidents get the legal support they need during a difficult time. While there are many personal injury firms in California and Nevada, we take pride in being more than just a law office with strong results. We are focused on building real relationships with our clients and treating every case with the attention it deserves.",31910,2026-03-03,2026-03-03,2026-04-21,-0.6,69a76eeb8f1d14b743bdca2d,2026-09-17_page004.json
inc_ransom,napolinlaw.com,US,5000000,Proof,1,"Alexander D. Napolin is a top-rated, 100% plaintiff-side California personal injury attorney, exclusively advocating for injured individuals – never defending insurance companies or corporations.",30855,2026-03-03,2026-03-03,2026-03-03,-0.5,69a7670b8f1d14b743bd2d3d,2026-09-17_page005.json
inc_ransom,hopkins-law.com,US,1000000,Proof,1,"Hopkins Barvié & Hopkins, P.L.L.C. is your trusted Gulf Coast firm for personal injury, business litigation, and family law—fiercely protecting your rights while guiding you with honesty, respect, and genuine care.",30822,2026-03-03,2026-03-03,2026-03-03,-0.5,69a761858f1d14b743bcc860,2026-09-17_page005.json
inc_ransom,lawofficesoferichershler.com,US,1000000,Proof,1,"The Law Offices of Eric Hershler, APC, in Los Angeles, focuses exclusively on personal injury cases.",30425,2026-03-03,2026-03-03,2026-03-03,-0.5,69a75fc98f1d14b743bc999c,2026-09-17_page005.json
inc_ransom,brockmaninjurylawyer.com,US,1000000,Proof,1,"The attorneys at Jonathan R. Brockman, P.C. are dedicated to helping victims who have been injured or killed due to the negligence of others. Between them, our attorneys have more than 70 years of experience pursuing personal injury claims on behalf of clients and representing clients in a court of law. They have successfully tried cases in federal court and argued cases in the Georgia Court of Appeals and the Georgia Supreme Court.",30105,2026-03-03,2026-03-03,2026-03-03,-0.5,69a75d7a8f1d14b743bc56dc,2026-09-17_page005.json
inc_ransom,"The City of Hesperia, CA",US,31000000,Encrypted,1,"Access was gained to files containing state secrets, non-disclosure agreements, contracts with private and public companies, as well as personal data of employees and government officials. Transactions, payment, and tax documents were also obtained.",29389,2026-03-04,2026-03-03,2026-03-03,0.6,69a745538f1d14b743ba90ba,2026-09-17_page005.json
inc_ransom,maisonlaw.com,US,3000000,Proof,1,"Maison Law provides skilled, experienced, and personalized legal guidance to the voiceless and the injured in the Central Valley.",29391,2026-03-03,2026-03-03,2026-03-03,-0.2,69a6f88b8f1d14b743b51a17,2026-09-17_page005.json
inc_ransom,cwpa.com,US,5000000,Proof; AD Dump; Encrypted,3,"Office Products Retail & Distribution PO Box 11309, Spring, Texas, 77391, United States Phone Number (281) 251-9814 Website www.cwpa.com Revenue <$5 Million  CWPA is a provider of office equipment and furniture, specializing in customized solutions to improve office efficiency for businesses in Spring, TX. They offer a single-source approach for office supplies, managed print services, promotional products, and office ergonomics. Their intended clients include office managers and businesses seeking reliable, efficient ordering processes. CWPA emphasizes personalized customer service and prompt delivery, making them a preferred partner for various office supply needs.",26294,2026-03-04,2026-03-03,2026-03-03,0.9,69a6d03a8f1d14b743b10cfc,2026-09-17_page005.json
inc_ransom,mcfirm.com,US,1000000,Proof,1,"Martin Cukjati & Tom, LLP is a full service law firm with over 75 years of combined legal experience representing people and businesses in high-stakes litigation. The cornerstone of our success is limiting our case load and dedicating ourselves to serving a select few clients, making sure your case receives the attention it deserves. This allows us to focus on our clients, and work towards achieving the best possible outcome.",31421,2026-03-02,2026-03-02,2026-04-09,-0.2,69a5a97b8f1d14b74397b6b7,2026-09-17_page004.json
inc_ransom,piglerautomation.com,US,5000000,Encrypted,1,"Pigler Automation specializes in Industrial Automation System Integration, helping clients streamline and modernize their operations to enhance efficiency and productivity. Their services include control system consultation, project planning, and support for various industries such as biopharma, oil and gas, and energy. With over 20 years of experience, their team of certified engineers offers expertise in SCADA design, PLC programming, and system integration. Pigler Automation aims to bridge the gap between legacy systems and cutting-edge automation, ensuring clients can optimize performance and stay ahead of industry challenges. Employees: 50 Revenue: $5 Million Industry: Industrial Machinery & Equipment Phone Number: (866) 871-1456 ",27486,2026-03-10,2026-03-01,2026-03-17,9.6,69a38f9b8f1d14b7436e50f9,2026-09-17_page005.json
inc_ransom,http://ramet-trom.co.il/,IL,50000000,Proof,1,"1 terabyte of data, blueprints, contracts and much more, not recognized by the israeli ministry of defense as a terrorist organization.",30449,2026-02-28,2026-03-01,2026-03-01,-1.4,69a4a7828f1d14b7438463a2,2026-09-17_page005.json
inc_ransom,lke-group.com,DE,30000000,Encrypted,1,"LKE Group creates custom transport equipment for businesses across different industries. They design and build specialized gear that helps companies move materials, products, and goods more efficiently. From warehouse systems to industrial transport devices, LKE makes machines that solve real moving and handling challenges for factories, logistics centers, and manufacturing plants. Employees: 500 Revenue: $30.4 Million Industry: Architecture, Engineering & Design Phone Number: +49 23650000000",26722,2026-03-01,2026-03-01,2026-03-01,-0.3,69a499e68f1d14b743834763,2026-09-17_page005.json
inc_ransom,abramssales.com,US,5000000,Encrypted,1,"Founded in 2001, Abrams Architectural Products, Inc. is a leading distributor, fabricator, and installer of architectural metals, particularly aluminum composite material cladding systems. They collaborate with architects and general contractors to ensure their visions are realized through quality products, expert solutions, and tailored services. Their product offerings include a variety of architectural metal systems for both exterior and interior cladding, catering to projects of various sizes and complexities. With a strong reputation for excellence, they serve a diverse range of clients across the United States, providing top-tier general contracting services in fields such as airports, museums, and medical centers. Employees: 50 Revenue: $5.3 Million Industry: Architecture, Engineering & Design Phone Number: (770)745-8728",26692,2026-03-01,2026-03-01,2026-03-01,-0.3,69a4977f8f1d14b743831307,2026-09-17_page005.json
inc_ransom,denmark.k12.wi.us,US,18200000,Encrypted,1,"Denmark High School is a company that employs 100to249 people and has 10Mto25M of revenue. The company is headquartered in Denmark, Wisconsin. Employees: 200 Revenue: $18.2 Million Industry: Education Phone Number: (920) 863-4200",26452,2026-03-01,2026-03-01,2026-03-01,-0.3,69a4948d8f1d14b74382e4e8,2026-09-17_page005.json
inc_ransom,csi-ri.com,US,5000000,Encrypted; AD Dump,2,"Contractors Supply stocks and distributes only top quality products and materials that conform to the latest DOT, ASTM, and Federal Specifications. In addition, the company only partner with manufacturers and representatives who stand behind their products and prove to be invaluable resources in product selection, technical service, price and availability. Contractors Supply prides itself on partnering with contractors, architects, engineers as well as with the company's manufacturers to continually solve problems and provide solutions to the company's customers' needs. The company strives to share the company's expertise with the company's customers to generate successful results and solutions in all phases of construction. Contractors Supply's goal is to continue to be the company's customers' First Choice supplier by: - Stocking a wide variety of quality material, supplies, and equipment - Delivering the items you need, when and where you need them - Providing accurate and factual Employees: 50 Revenue: $5 Million Industry: Industrial Machinery & Equipment Phone Number: (203) 553-4300",29703,2026-03-10,2026-02-27,2026-03-28,10.4,69a1b9be8f1d14b7434b447b,2026-09-17_page005.json
inc_ransom,pacepacific.com,US,13000000,Encrypted; AD Dump; Proof,3,"PACE Pacific Corporation is a Native American woman-owned small business that specializes in general contracting services in Arizona and New Mexico. Established in 1991, the company provides ground-up construction services for a diverse range of clients, including state, local, federal, tribal entities, and private developers. PACE offers comprehensive capabilities such as Construction Management, Self-Performing Concrete Division, and Design-Build Services, while maintaining a commitment to quality and a trained professional team. With extensive experience in sectors like education, healthcare, and military facilities, PACE aims to exceed client expectations as both a prime and subcontractor Employees: 200 Revenue: $13.2 Million Industry: Construction Management Phone Number: (602) 437-8729",27724,2026-03-06,2026-02-27,2026-03-09,6.7,69a1b8458f1d14b7434b2a2b,2026-09-17_page005.json
inc_ransom,Lymphedema Therapy Specialists,US,5000000,Encrypted; Proof,2,"Lymphedema Therapy Specialists is a private outpatient clinic in Houston, Texas, specializing in the treatment of lymphedema through various therapies including manual lymph drainage, pneumatic compression therapy, and wound care. The clinic aims to assist patients in managing their symptoms by providing educational resources and tailored treatment plans. With experienced professionals on staff, they serve individuals suffering from lymphedema and associated conditions in the Houston area. Their mission is to alleviate suffering and support patients in their healing journey.",30200,2026-02-27,2026-02-27,2026-02-27,-0.0,69a170778f1d14b743449ab3,2026-09-17_page005.json
inc_ransom,Empresa de Transportes Via Pajuçara Ltda.,BR,33900000,Encrypted,1,http://viapajucara.com.br/ sac@pajunet.com.br janaina.felix@pajunet.com.br bianca.barbosa@pajunet.com.br adriano.lima@pajunet.com.br erica.amanda@pajunet.com.br ADMINISTRATIVE (11) 94744-7972 Janaína Félix (Supervisor) ext. 6934 Bianca Barbosa ext. 6783 Adriano Lima ext. 6761 Érica Amanda ext. 6773 COORDINATOR AND OPERATIONAL LEADERS (11) 98717-4485 (11) 97679-6019 (11) 95967-3480  ,26978,2026-02-26,2026-02-27,2026-02-27,-0.6,69a154718f1d14b74341c877,2026-09-17_page005.json
inc_ransom,Tract Consulting,CA,5000000,Proof,1,"Tract Consulting Inc. is an award-winning firm specializing in landscape architecture, urban planning, and civil engineering services, based in St. John's, Newfoundland & Labrador. With over 25 years of experience, they focus on creating beautiful, engaging communities where people feel a sense of belonging. Their team is dedicated to implementing community place-based design and effective asset management strategies. Intended clients include municipalities and organizations looking for professional design and planning services for urban improvement projects.  In a week we will publish all data.",27370,2026-02-26,2026-02-27,2026-02-27,-1.0,69a0f4578f1d14b7433943cd,2026-09-17_page005.json
inc_ransom,https://daricon.com/ (military US/CA/NATO),US,20000000,Proof,1,"400 GB of data, correspondence with NATO and US Army employees, confidential documents, signatures of NATO generals, their passport addresses, shipments to various countries, photos and videos, drawings, personal data, emails of employees of various US and NATO armies, numerous files, phone numbers, personal data, contracts with the Canadian and US Army, documentation on other companies involved in oil in Iraq, Uganda, and elsewhere.",34853,2026-02-24,2026-02-26,2026-04-21,-2.4,69a0a50c8f1d14b743303cea,2026-09-17_page004.json
inc_ransom,APRO Asian Protection Pte Ltd,SG,5300000,Encrypted; AD Dump,2,+65 65676388 +60 46560933 enquiry@apro.com.sg register@apro.com.sg,26199,2026-03-02,2026-02-26,2026-02-28,3.8,69a04cff8f1d14b743268d25,2026-09-17_page005.json
inc_ransom,"JA AKITA KITA LIFE SERVICE, K.K",JP,5000000,Encrypted,1,https://ja-akitakita-ls.jp/ 0186-55-1412,28716,2025-02-25,2026-02-26,2026-02-26,-366.2,69a04fd18f1d14b7432740b8,2026-09-17_page005.json
inc_ransom,WE Fitness,TH,5000000,Encrypted,1, Email info@wefitnesssociety.com 02-059-3939,27390,2026-02-25,2026-02-26,2026-02-26,-1.5,69a048c68f1d14b74325849a,2026-09-17_page005.json
inc_ransom,"Law Offices Taenzer & Ettenson, P.C. (tesalaw.com)",US,30000000,Proof,1,"TAENZER & ETTENSON, P.C. is well-prepared to effectively serve your personal and business legal needs with years of experience in the practice of law. Our accomplished, professional staff will: Provide you with expert legal advice Identify key issues in your case Maintain your confidentiality at all times Extend to you the personal service and attention you deserve We are dedicated to providing you with exceptional legal services.  Laek: 30GB WE HAS COLLECTED SUCH DATA AS: - Confidential documents - Clients Data - NDA - Financial data - Operations - Corporate data - Business Agreements - Development - Financial databases, all transactions, all clients And a lot of other VERY IMPORTANT information!",29824,2026-02-27,2026-02-25,2026-02-25,1.9,699ecb888f1d14b743ced0c0,2026-09-17_page005.json
inc_ransom,acwapower.com \ https://www.larsentoubro.com/,AE,100000000,Proof,1,400gb,31401,2026-02-15,2026-02-24,2026-02-24,-8.7,699d17108f1d14b743a8a09e,2026-09-17_page005.json
inc_ransom,primepak.com,US,54300000,Encrypted,1,"Primepak is your worldwide specialist in packaging. As a leading manufacturer, importer and distributor since 1972, we provide a wide range of solutions for every application in packaging, plastic bags, poly sheets, tubing and films. Employees: 200 Revenue: $54.3 Million Industry: Manufacturing Phone Number: (201) 836-5060 ",27993,2026-02-23,2026-02-23,2026-02-23,-0.3,699c5f118f1d14b7439678c4,2026-09-17_page005.json
inc_ransom,The City of Cocoa,US,20200000,Proof,1,"The City of Cocoa offers diverse public services aimed at enhancing the quality of life for its community. Their services include water management, economic development programs, and various community engagement initiatives. Intended clients encompass local residents, businesses, and visitors who seek information and support from city departments. The city is also focused on maintaining public safety, health, and environmental stewardship.",31171,2026-02-23,2026-02-23,2026-02-23,-0.5,699c5c908f1d14b743962624,2026-09-17_page005.json
inc_ransom,polymedicure.com,IN,165000000,Encrypted; Proof,2,"Polymed is a global leader in the medical device industry, offering a wide range of medical devices since 1997. The company specializes in various fields including infusion therapy, critical care, dialysis, cardiology, and oncology",32479,2026-02-20,2026-02-20,2026-03-07,-0.6,699860528f1d14b7434f80f7,2026-09-17_page005.json
inc_ransom,aircotedivoire.com,ZA,40500000,Encrypted; AD Dump,2,"Established in 2012, Air Côte d'Ivoire offers direct and frequent flights. They are based in Abidjan, Ivory Coast. Employees: 1000 Revenue: 40.5 Million Industry: Airlines, Airports & Air Services Phone Number: +225 20251030",29518,2026-02-18,2026-02-19,2026-02-19,-0.8,69969fda8f1d14b7432c9104,2026-09-17_page005.json
inc_ransom,distinctive-systems.com,AU,7000000,Encrypted; Proof; Stocks,3,"Distinctive Systems has been established for over 40 years and is the world’s leading supplier of management software for coach, bus and tour operators. From our head office in the UK and national offices in the USA and Australia, we support our clients in the daily use of over 2,600 of our latest Microsoft SQL Server based systems.",29131,2026-02-17,2026-02-17,2026-02-17,0.2,6994122c8f1d14b743f68d9a,2026-09-17_page005.json
inc_ransom,Rainier Clinical Research Center,US,5000000,Encrypted; Proof,2,"Rainier Clinical Research Center is a leading research facility specializing in clinical trials for diabetes, medical devices, and high-volume studies, with over 700 studies completed in 30 years. The center provides a purpose-built 15,000 square-foot research space   We will publish all the information next week.",26975,2026-02-23,2026-02-15,2026-02-17,7.6,6991a93c8f1d14b743c5d6b4,2026-09-17_page006.json
inc_ransom,Ondine Biomedical,CA,5000000,Encrypted; Proof,2,"Ondine Biomedical Inc. is a Canadian headquartered company led by founder and CEO, Carolyn Cross. Ondine has developed a patented, photodisinfection technology platform used in treatment and prevention therapies for a broad-spectrum of pathogens - including multidrug-resistant strains. Photodisinfection, which is not currently approved in the United States  We will publish all the information next week.",29056,2026-02-16,2026-02-15,2026-02-16,0.6,6991a8838f1d14b743c5c963,2026-09-17_page006.json
inc_ransom,ACS Accountancy,US,1000000,Encrypted; Proof,2,"ACS Accounting (Berkshire) Ltd is a chartered management accounting firm that provides a comprehensive range of accounting and taxation services tailored for small and medium-sized businesses. Their services include bookkeeping, annual accounts, payroll, business planning, and tax compliance.  We will publish all the information next week. ",29033,2026-02-16,2026-02-15,2026-02-16,0.6,6991a8318f1d14b743c5c2e3,2026-09-17_page006.json
inc_ransom,Bitgo,IT,5000000,Proof,1,"L'esperienza maturata dai suoi professionisti permette alla società BitGo di operare nel campo dell’Information & Communication Technology (ICT), fornendo servizi di assistenza e consulenza sistemistica.",32872,2026-02-14,2026-02-14,2026-04-07,-0.9,6990ec428f1d14b743b91260,2026-09-17_page004.json
inc_ransom,farbank.com (flywatertravel),US,3000000,Proof,1,"Far Bank Enterprises is an integrated manufacturer and distributor of fly fishing products and services, including fly fishing rods, reels, waders, lines, leaders, tippet, performance outdoor apparel, and travel to the world's finest fly fishing experiences. Far Bank subsidiaries operate under the brand names Sage, Redington, RIO Products, and Fly Water Travel. Fly Water Travel is a leading provider of guided fly fishing trips and vacations, dedicated to delivering exceptional experiences for passionate anglers.  Laek: 100GB WE HAS COLLECTED SUCH DATA AS: - Confidential documents - Clients Data - NDA - Financial data - Operations - Corporate data - Business Agreements - Development - Financial databases, all transactions, all clients And a lot of other VERY IMPORTANT information!",31842,2026-02-17,2026-02-13,2026-02-13,3.9,698eaaca8f1d14b74389543d,2026-09-17_page006.json
inc_ransom,Hiwassee Builder Supply,US,6000000,Proof,1,"HIWASSEE BUILDERS SUPPLY is dedicated to delivering a wide range of building products and services with exceptional value and service across East Tennessee and beyond. They offer in-house expertise for project design, estimation, and timely product delivery, catering to both home remodeling and commercial construction needs. With four locations in East Tennessee, they ensure efficient service and support throughout various projects.  Laek: 100GB WE HAS COLLECTED SUCH DATA AS: - Confidential documents - Clients Data - NDA - Financial data - Operations - Corporate data - Business Agreements - Development - Financial databases, all transactions, all clients And a lot of other VERY IMPORTANT information!",31612,2026-02-17,2026-02-13,2026-02-13,4.0,698ea4528f1d14b743888e1b,2026-09-17_page006.json
inc_ransom,atchadwick.net,US,159000000,Encrypted,1,"A.T. Chadwick is a mechanical contracting firm that offers services in plumbing, heating, air-conditioning, refrigeration, process piping, and field management. The company was founded in 1966 and is headquartered in Bensalem, Pennsylvania. Employees: 500 Revenue: $159.1 Million Industry: Construction Management Phone Number: (215) 245-5800",30850,2026-02-11,2026-02-12,2026-02-19,-0.7,698d5c538f1d14b7436dd63b,2026-09-17_page005.json
inc_ransom,lohmann-tapes.com,DE,817000000,Encrypted; AD Dump; Proof; Stocks,4,"For diverse industry needs, Lohmann is your reliable partner in smart bonding solutions. From industrial adhesive tapes to integrated smart products, from individual manufacturing components to comprehensive process integration - everything is provided from a single source. Employees: 5000 Revenue: $817.4 Million Industry: Chemicals & Related Products Phone Number: +33 232092323 - CFO Julie Pappas >telephoneNumber: +18593345280;ext=1014 >mail: Julie.Pappas@lohmann-tapes.com - Data volume: 700GB Finance, accounting & controlling: 24,098 files Sales & customer account files: 115,302 files Supply chain, procurement & logistics: 46,500 files Manufacturing operations & equipment: 453,935 files R&D, engineering & laboratory testing: 40,651 files Quality management & regulatory compliance: 88,287 files Health, safety, environment & SHEQ: 62,982 files IT systems, data exports & communications: 134,558 files Corporate administration, legal & general archives: 179,045 files",30395,2026-02-12,2026-02-12,2026-02-16,0.2,698d9efc8f1d14b743740f09,2026-09-17_page006.json
inc_ransom,rswater.ae,SA,5000000,Encrypted; Proof,2,Al Rawdah Springs is a brand affiliated to Al Rawdah Green Sweet Water L.L.C an Emirati firm with local management specializing in the production and bottling of water in various sizes.,32127,2026-02-12,2026-02-12,2026-02-12,-0.7,698e14758f1d14b7437d38ac,2026-09-17_page006.json
inc_ransom,Midwestern Oil & Gas,NG,27600000,Encrypted; Proof,2,Midwestern Oil & Gas Company Limited was incorporated in 1999 and commenced operations in 2001. The Company is owned by a group of Nigerian Investors and Delta State Government.,32417,2026-02-12,2026-02-12,2026-02-12,-0.7,698e083f8f1d14b7437c5a09,2026-09-17_page006.json
inc_ransom,excavationtourigny.ca,CA,6000000,Encrypted,1,"Excavations Tourigny specializes in excavation, civil engineering, snow removal, and transportation services. The company caters to clients in the construction and infrastructure sectors. They are based in Victoriaville, QC and operate during regular business hours. Excavations Tourigny is dedicated to delivering quality work through their team of skilled professionals. Employees: 60 Revenue: $6.7 Million Industry: Construction Management Phone Number: (819) 330-3000",28440,2026-02-11,2026-02-12,2026-02-12,-0.7,698d5cf38f1d14b7436de912,2026-09-17_page006.json
inc_ransom,auxhomeservices.com,US,6000000,Encrypted,1,"Aux Home Services is a trusted provider of plumbing, electrical, heating, and air conditioning services in Birmingham, Alabama, along with Jefferson and Shelby counties. They pride themselves on delivering prompt and reliable service, available 24/7, with skilled technicians who respect and clean up after their work. The company emphasizes upfront pricing and quality craftsmanship, ensuring customer satisfaction. Their diverse range of services includes AC and heating installations, plumbing repairs, and electrical systems management. Employees: 50 Revenue: $6.9 Million Industry: Construction Management Phone Number: (205) 979-0946",27924,2026-02-11,2026-02-12,2026-02-12,-0.7,698d59458f1d14b7436d7c6d,2026-09-17_page006.json
inc_ransom,www.hfplanners.com,US,5000000,Proof,1,full data corp,32602,0011-11-11,2026-02-11,2026-05-02,-735691.4,698cdcf48f1d14b743632546,2026-09-17_page004.json
inc_ransom,Valgo SA,FR,125000000,Proof,1,"VALGO SAS 72 Rue Aristide Briand, 76650 Petit-Couronne, France valgo.com  VALGO is a French company that specializes in environmental services, particularly in the areas of asbestos removal, soil decontamination, and the revitalization of polluted industrial sites. Established in 2004, VALGO has developed a strong reputation for its expertise in managing contaminated sites and providing innovative solutions for environmental remediation. VALGO operates a national network of 17 branches and has an international presence, allowing it to address diverse environmental challenges across different regions.   Total data in the leak: 279 GB (225,372 Files, 50,902 Folders)   Leaked data: - Clients: Renault Group, Sectra,Evarisk, EPF Reunion,Rousselet and many others famous companies - Data Classification: confidential, Private/Proprietary - Special data: Complete information on projects in countries of operation: contracts, NDAs, correspondence with clients, information about manufacturers of the equipment used and the chemical elements employed, labaratory reserch, hazard information, corporate information, and much more. - Financial data: invoicing and payment records, financial planning documents, accounting, and customer information and VERY IMPORTANT information!",30784,2026-02-19,2026-02-11,2026-02-12,7.3,698cbf008f1d14b74360a03a,2026-09-17_page006.json
inc_ransom,Core Supply,US,6200000,Proof,1,Core Supply has been taking business from the competition since 2010. We believe in our aggressive approach and our active partnerships with our customers and suppliers.,31194,2026-02-10,2026-02-06,2026-02-06,3.4,698600708f1d14b743d63501,2026-09-17_page006.json
inc_ransom,moultriesheriff.com,US,5000000,Encrypted,1,Sheriff's Office. 187-GB sensitive data,28366,2026-02-19,2026-02-04,2026-02-19,15.5,6982ec7f8f1d14b743943962,2026-09-17_page005.json
inc_ransom,ChokChey Finance,KH,18400000,Encrypted; Proof,2,"ChokChey Finance PLC is a microfinance institution based in Cambodia, established in 2015 and licensed by the National Bank of Cambodia in 2016. The company offers a variety of financial products including speed loans, agriculture loans, SME loans, and mobile device loans, targeting low to moderate income families",33211,2026-02-02,2026-02-02,2026-02-16,-0.7,6980d22f8f1d14b7436bdbca,2026-09-17_page006.json
inc_ransom,www.pucobre.cl,CL,174000000,Encrypted; Proof; Stocks,3,"Sociedad Punta del Cobre S.A. is a company based in Chile that operates in the mining sector, specifically focusing on copper production",31909,2026-02-02,2026-02-02,2026-02-07,-0.7,6980c9b98f1d14b7436aff76,2026-09-17_page006.json
inc_ransom,H-Behbehani Brothers WLL,BH,143000000,Encrypted; Proof,2,"Behbehani Motors Company, established in 1957, represents iconic automotive brands such as Volkswagen and Porsche in Kuwait. The company offers a range of services including car sales, a bodyshop, and a car rental division. This was the first Porsche dealership in the Middle East and only the 9th worldwide.  We have 1.3TB of data. Internal mail, accounting, company customer information and we will publish all the information next week.",30716,2026-02-02,2026-02-02,2026-02-05,-0.1,69800db88f1d14b7435a6af4,2026-09-17_page006.json
inc_ransom,Foamtec International,US,7300000,Encrypted; Proof,2,"Foamtec International is a global PU foam Manufacturing partner. We deliver quality, specialty foam products for contamination control, medical and specialty markets",32230,2026-02-02,2026-02-01,2026-02-10,0.3,697f74318f1d14b7434f0b08,2026-09-17_page006.json
inc_ransom,Blystone & Bailey,US,5500000,Proof,1,"Blystone & Bailey, CPAs, PC is a Michigan-based CPA firm offering a range of services including audit, tax preparation and planning, payroll, financial planning, bookkeeping, and IT services management. The firm caters to various industries such as real estate, hospitality, oil, gas and energy, professional services, construction, manufacturing, retail, agriculture, franchising, and government and non-profit sectors.  We have the entire Blystone & Bailey customer base at our disposal. Mail, financial documents, audits and more.",30487,2026-02-01,2026-02-01,2026-02-03,-0.5,697f3f9e8f1d14b7434aab44,2026-09-17_page006.json
inc_ransom,Best Attorneys,US,1000000,Proof,1,"Eisenberg Lowrance Lundell Lofgren is dedicated to your success. We are contingency fee lawyers specializing in personal injury, immigration, and criminal defense located in South Jordan Utah.",31706,2026-01-02,2026-01-31,2026-02-12,-28.6,697e0f238f1d14b743361209,2026-09-17_page006.json
inc_ransom,Hawk Law Group,GE,1000000,Proof,1,"At Hawk Law Group, our trial attorneys were born and/or raised in the Augusta area. Collectively, our lawyers have more than 71 years of experience and are widely recognized throughout the Central Savannah River Area (CSRA) due to their tremendous successes in and out of the courtroom. Our lawyers understand the complexities of civil and criminal litigation and realize the importance of our justice system for their clients and families.",31701,2026-01-31,2026-01-31,2026-02-08,0.4,697e08308f1d14b743358d63,2026-09-17_page006.json
inc_ransom,Western New York Energy,US,15000000,Proof,1,"Western New York Energy LLC – Major Data Breach Announcement Western New York Energy LLC (wnyenergy.com), a leading regional ethanol producer and renewable energy company based in Medina, New York, has suffered a significant data compromise. Total volume of obtained data: ≈100 GB The leaked archive contains highly sensitive and business-critical materials, including:  Confidential internal documents Client and counterparty data Non-Disclosure Agreements (NDAs) Financial records and reports Operational documentation and procedures Investor-related materials and presentations Corporate governance documents Commercial contracts and business agreements Technical drawings, schematics, and engineering files  …and a substantial amount of other proprietary and strategically important information that is vital to the company’s operations, partnerships, and competitive position. This dataset provides deep insight into the internal workings, financial structure, client relationships, and strategic planning of one of the Northeast’s key ethanol producers. The information is authentic, recent, and untouched.",32781,2026-02-03,2026-01-30,2026-01-30,4.0,697d08af8f1d14b7432181d9,2026-09-17_page006.json
inc_ransom,DIEHL & CELLA ADVOGADOS ASSOCIADOS,BR,5000000,Proof,1,"Diehl & Cella specializes in providing personalized consulting services focusing on business law and tax issues. They assist companies in managing risks and identifying tailored solutions to enhance business outcomes. PK Advogados specializes in providing legal services that facilitate technology and innovation, targeting large and medium-sized companies. Their areas of expertise include family business planning, digital law, and various corporate legal services. The firm emphasizes creative solutions and multidisciplinary approaches, particularly in contracts, regulatory matters, and compliance. They also focus on sectors such as telecommunications, finance, and startups within the realms of blockchain and fintech Laek: 100GB WE HAS COLLECTED SUCH DATA AS: - Confidential documents - Clients Data - NDA - Financial data - Operations - Corporate data - Business Agreements - Development - Financial databases, all transactions, all clients And a lot of other VERY IMPORTANT information!",34069,2026-01-30,2026-01-30,2026-01-30,-0.3,697c55308f1d14b74313e587,2026-09-17_page006.json
inc_ransom,PK PINHÃO & KOIFFMAN ATTORNEYS AT LAW,BR,13000000,Proof,1,"PK Advogados specializes in providing legal services that facilitate technology and innovation, targeting large and medium-sized companies. Their areas of expertise include family business planning, digital law, and various corporate legal services. The firm emphasizes creative solutions and multidisciplinary approaches, particularly in contracts, regulatory matters, and compliance. They also focus on sectors such as telecommunications, finance, and startups within the realms of blockchain and fintech Laek: 100GB WE HAS COLLECTED SUCH DATA AS: - Confidential documents - Clients Data - NDA - Financial data - Operations - Corporate data - Business Agreements - Development - Financial databases, all transactions, all clients And a lot of other VERY IMPORTANT information!",33660,2026-01-30,2026-01-30,2026-01-30,-0.3,697c506e8f1d14b7431387bc,2026-09-17_page006.json
inc_ransom,Beacon Mutual Insurance,US,70000000,Proof,1,"MAJOR DATA LEAK – Beacon Mutual Insurance Company EXPOSED: 275 GB (296,228,795,086 bytes) of highly sensitive internal data Beacon Mutual Insurance Company (Warwick, RI) – the primary workers' compensation insurer for Rhode Island businesses (also operating in MA & CT) – has suffered a massive data compromise. The leaked archive contains approximately 275 GB of uncompressed/internal files and includes the following categories of highly confidential information:  Internal corporate documents and correspondence Complete financial statements and reports (2018–2025) Full employee list with personal details Confidential agreements, NDAs, vendor contracts, and partnership documents Detailed claims data: workers' compensation payouts, injury reports, medical records tied to claims Client / policyholder database: business information, insurance policies, payment history Personally identifiable information (PII) of individuals (employees, claimants, insured workers) – names, SSNs, addresses, dates of birth, contact details, etc. Training materials, internal manuals, compliance & safety documentation Multiple system backups and database dumps …and much more internal operational content",33644,2026-01-31,2026-01-29,2026-01-30,1.1,697bc5858f1d14b743094982,2026-09-17_page006.json
inc_ransom,AOT Japan,JP,5000000,Encrypted,1,"AOT Japan Ltd. is a Japanese logistics and freight forwarding company and a member of the international AOT Group. It was officially incorporated in 1986, following its establishment as a liaison and sales office of American Overseas Transport Ltd. Initially focused on ocean shipments from the United States to Japan, the company has since expanded its services worldwide.  With over 30 years of experience in the Japanese market, AOT Japan Ltd. is a member of JIFFA and the Tokyo Chamber of Commerce and holds an NVOCC license, enabling it to issue its own House Bills of Lading. The company offers a full range of logistics services, emphasizing high service quality, operational expertise, and a personalized, customer-focused approach.",36511,2026-02-05,2026-01-29,2026-01-29,6.3,697b7ec68f1d14b74303bbd8,2026-09-17_page006.json
inc_ransom,ttmet.co.th,TH,30000000,Encrypted,1," The company specializes in the import and export of machinery and spare parts used in the production and quality control for automotive manufacturing. They offer both wholesale and retail sales domestically and internationally, along with installation services, equipment inspections, and maintenance. Their intended clients include automotive manufacturers and businesses in need of machinery and parts. The company is committed to providing comprehensive services to ensure operational efficiency in the automotive sector. Employees: 150 Revenue: $30.4 Million Industry: Automobile Dealers - Retail Phone Number: +66 26255880",30537,2026-01-27,2026-01-27,2026-01-27,-0.3,697943738f1d14b743d6869e,2026-09-17_page006.json
inc_ransom,Callagy Law Firm,US,20000000,Proof,1,"CALLAGY LAW, P.C. 650 From Road, Suite 240 Paramus, NJ 07652 callagylaw.com  This law firm specializes in various legal areas, including business litigation, personal injury, family law, and healthcare law. The firm is known for its commitment to providing comprehensive legal representation and has been operational since 1997.  Total data in the leak: 355 GB (480,169 Files, 38,388 Folders)  Leaked data: - Clients: companies and individuals - Data Classification: confidential, Private/Proprietary - Special data: Corporate email correspondence, external business correspondence, corporate documents,company policies and regulations,customer contracts and NDAs (Non-Disclosure Agreements), court hearing materials and litigation case files (litigation documents),customers' personal data and their medical confidentiality (PII,PHI) and other related information. - Financial data: financial metrics / financial performance data, invoices, payments, and other financial transactions.",33141,2026-01-27,2026-01-27,2026-01-27,-0.8,697942638f1d14b743d66e3f,2026-09-17_page006.json
inc_ransom,nbccministries.org,US,5000000,Encrypted,1,"New Beginnings Church is a company that operates in the Religious Organizations industry. It employs 5to9 people and has under500K of revenue. The company is headquartered in Matthews, North Carolina. Employees: 25 Revenue: $5 Million Industry: Organizations Phone Number: (704) 567-2900",29760,2026-01-27,2026-01-27,2026-01-27,-0.3,697941368f1d14b743d65ad6,2026-09-17_page006.json
inc_ransom,anagnosdoor.com,US,8000000,Encrypted,1,"Anagnos Door Co. specializes in the sale, installation, maintenance, and servicing of commercial overhead doors and related products. Established in 1989, the company is well qualified to serve clients in the competitive construction market of the Chicago area. With a team of IDEA-certified fire door technicians, Anagnos Door Co. ensures high-quality service and expertise. Their primary clients include businesses in need of commercial and industrial door solutions. Employees: 50 Revenue: $8.6 Million Industry: Home Improvement & Hardware Retail Phone Number: (708) 728-9000",29472,2026-01-27,2026-01-27,2026-01-27,-0.3,69793ed68f1d14b743d62ea1,2026-09-17_page006.json
inc_ransom,shawhillprimaryschool.org.uk,GB,5000000,Encrypted,1,"Shaw Hill Primary School is dedicated to providing a high-quality education in a supportive and nurturing environment. They focus on developing students' knowledge, skills, and personal growth, preparing them to be successful citizens in modern Britain. The school promotes strong relationships with families and the community while prioritizing student safety and well-being. Their comprehensive curriculum incorporates various subjects and extracurricular activities to stimulate and challenge the children Employees: 24 Revenue: $5 Million Industry: Education Phone Number: +44 8000283550",29684,2026-01-27,2026-01-27,2026-01-27,-0.3,697928858f1d14b743d49db8,2026-09-17_page006.json
inc_ransom,newkirklaw.com,US,5000000,Proof,1,"Newkirk Zwagerman, P.L.C. is a law firm based in Des Moines, specializing in employment law and advocating for employees' rights. They provide legal services to individuals facing discrimination, harassment, and retaliation in the workplace, as well as those involved in executive employment disputes and Title IX actions. The firm serves clients in Iowa and Minnesota, offering personalized legal representation to help employees navigate complex employment issues. With a commitment to fairness and accountability, Newkirk Zwagerman, P.L.C. empowers clients to stand up against larger corporate entities and seek justice",32488,2026-01-27,2026-01-27,2026-01-27,-0.3,697913908f1d14b743d3559a,2026-09-17_page006.json
inc_ransom,"The Trevino Group, Inc",US,24100000,Proof,1,WE HAS COLLECTED SUCH DATA AS:  - Confidential documents - Clients Data - NDA - Financial data - Operations - Corporate data - Business Agreements - Drawings  And a lot of other VERY IMPORTANT information! ,32406,2026-01-26,2026-01-27,2026-01-27,-1.3,697874008f1d14b743c7545f,2026-09-17_page006.json
inc_ransom,www.shrimphouse.com,US,30000000,Proof,1,1tb data,33578,2026-01-25,2026-01-26,2026-04-28,-1.3,6977ad638f1d14b743b8d731,2026-09-17_page004.json
inc_ransom,Uniflex Technology Inc,TW,50000000,Proof,1,"UNIFLEX TECHNOLOGY INC https://www.uniflex.com.tw/  Total data in the leak: 430GB  Leaked data: - Clients: Asus, BMW, Mercedes-Benz, ELAN MICROELECTRONICS CORP., Dell, Volkswagen, Wacom, Netronix Inc, Solomon Systech, Innolux and other large clients all over the world! - Data Classification: confidential - Projects: Flexible printed circuit (FPC) boards, surface mount technology (SMT) services, design, manufacturing, assembly of FPC boards. - Data: Agreements, projects, drawings, contracts, technical documentation, reports, research, quality control, technological processes and equipment. And a lot of other VERY IMPORTANT information!  Full publication within two weeks!",32809,2026-01-26,2026-01-26,2026-01-26,-0.9,6977d2048f1d14b743bb9795,2026-09-17_page006.json
inc_ransom,DeRenzis & Associates,US,5000000,Encrypted; Proof,2,"DeRenzis & Associates, LLP is a specialized accounting firm focusing on agriculture accounting for both dairy and farming sectors. They offer services including financial statement compilation, income tax preparation, estate planning, and breakeven analysis.  We will publish all the information next week.",28776,2026-01-28,2026-01-25,2026-01-25,2.7,6975dd598f1d14b7439aa7a4,2026-09-17_page006.json
inc_ransom,LGBTQ Center Orange county,US,1000000,Encrypted; Proof,2,"The LGBTQ Center OC was established as a volunteer organization in 1971 and incorporated in 1975 as a 501(c)(3) non-profit community-based organization. The Center provides services to more than 20,000 individuals annually across a broad spectrum of culture, ethnicity, age, and economic background.  We will publish all the information next week.",28460,2026-01-28,2026-01-25,2026-01-25,2.7,6975dc838f1d14b7439a97ce,2026-09-17_page006.json
inc_ransom,JLK Rosenberger,US,10000000,Encrypted; Proof,2,"JLK Rosenberger LLP, Certified Public Accountants: A full service accounting and business advisory firm with offices in Irvine and Glendale, California and Dallas, Texas. The firm is recognized as a Top 400 Firm by Inside Public Accounting and one of the largest auditors of insurance entities in the United States as ranked by Aon and AM Best  We have 300GB of data. Internal mail, accounting, company customer information and we will publish all the information next week. ",28175,2026-01-28,2026-01-25,2026-01-25,2.7,6975dbc68f1d14b7439a8b81,2026-09-17_page006.json
inc_ransom,tob-bmw.sk,SK,8800000,Encrypted; Proof,2,"Some data from 590 gigabytes  T.O.B. is an authorized BMW dealer located in Trenčín, Slovakia, offering a wide range of new and certified pre-owned BMW vehicles.",32626,2026-01-23,2026-01-23,2026-02-02,-0.6,69737d968f1d14b74372763f,2026-09-17_page006.json
inc_ransom,goldair.gr,GR,190000000,Encrypted; Proof,2,"Goldair Handling Overview Metrics www.goldair-handling.gr  This company has 72 hours before we publish 1TB of personal data.  Goldair Handling Goldair Handling is a leading provider of ground handling services operating in Greece, Cyprus, Bulgaria, India, and Serbia. The company employs more than 5,000 qualified specialists who have successfully serviced more than 160,000 flights at 36 airports. The company focuses on providing customized services tailored to the needs of its business partners, with a special emphasis on corporate social responsibility and sustainable development. Goldair Handling is committed to innovation and progressive thinking in the aviation industry.  Goldair Cargo Greece Headquarters: Tessi Rikya, Aspropyrgos, Greece Phone number: +30 2111804200 Website: www.goldair-cargo.com Revenue: $190.2 million Employees: 201-500 Goldair Cargo, part of the Goldair Group founded in 1987, is a leading international freight forwarding and logistics company based in Greece. The company offers a wide range of high-quality services, including third-party logistics (3PL), road, air, and sea transport, relying on an extensive network of partners. With over 35 years of experience, Goldair Cargo strives to provide reliable and efficient logistics solutions tailored to the needs of its customers. Its focus on sustainable development and corporate social responsibility further strengthens its reputation in the logistics industry. _______________________",32946,2026-01-23,2026-01-23,2026-01-23,-0.2,6973856f8f1d14b743731770,2026-09-17_page006.json
inc_ransom,minorsgardencenter.com,US,17000000,Encrypted,1,Employees: 120 Revenue: $17.3 Million Industry: Retail Phone Number: (414) 354-4830,30988,2026-01-21,2026-01-22,2026-01-27,-1.3,6972ae798f1d14b7436591a8,2026-09-17_page006.json
inc_ransom,tuftco,US,18000000,Proof,1,"Tuftco is a world-leading manufacturer of tufting machines and equipment, providing comprehensive solutions for carpet mills from tufting to finished carpet Laek: 100GB WE HAS COLLECTED SUCH DATA AS: - Confidential documents - Clients Data - NDA - Financial data - Operations - Corporate data - Business Agreements - Development - Financial databases, all transactions, all clients And a lot of other VERY IMPORTANT information!",31337,2026-02-13,2026-01-21,2026-02-12,23.5,697079b78f1d14b7433f3e8c,2026-09-17_page006.json
inc_ransom,OAB,BR,173100000,Proof,1,"The Ordem dos Advogados do Brasil - São Paulo serves as the largest section of the Brazilian Bar Association, tirelessly supporting and defending the legal profession. It provides various services including a legal library, digital certification, and public information on legal fees and judicial assistance. OAB SP hosts numerous events and conferences to foster legal dialogue, innovation, and the protection of the rights of lawyers. Its intended clients include legal professionals across São Paulo, as well as the broader community seeking legal assistance and information.",31490,2026-01-23,2026-01-21,2026-01-28,2.3,697066778f1d14b7433e2170,2026-09-17_page006.json
inc_ransom,Elmore Goldsmith Kelley & deHoll,US,5000000,Proof,1,"Elmore Goldsmith Kelley & deHoll is a legal firm specializing in construction law, offering services such as project counsel, construction claims, contract negotiations, risk management, complex litigation, fidelity and surety, and public procurement. They serve clients in the construction industry, providing expert legal support to help them navigate complex issues and protect their interests. The firm prides itself on its industry knowledge and commitment to delivering efficient and effective results. With an award-winning team, they aim to be a trusted legal partner for construction professionals.",32637,2026-01-22,2026-01-20,2026-01-20,2.0,696f63048f1d14b7432dbc14,2026-09-17_page006.json
inc_ransom,Sandberg,GB,17000000,Proof,1,"Sandberg is an independent consultancy firm established in 1860, renowned for its expertise in materials testing, inspection, and consultancy services within the construction industry. The company offers a wide range of services including laboratory testing, site inspections, and quality assurance for various materials such as concrete, stone, and metals Laek: 100GB WE HAS COLLECTED SUCH DATA AS: - Confidential documents - Clients Data - NDA - Financial data - Operations - Corporate data - Business Agreements - Development - Financial databases, all transactions, all clients And a lot of other VERY IMPORTANT information!",33609,2026-01-20,2026-01-20,2026-01-20,-0.1,696f04578f1d14b743278cb2,2026-09-17_page006.json
inc_ransom,Southern Alberta Community Living Association,CA,12800000,Proof,1,"SACLA provides individualized services and supports aimed at assisting individuals with disabilities to achieve their personal goals. Established in 1980, the association focuses on building vibrant communities where every person is connected, contributing, and valued. Their services are tailored to the unique needs of each individual, beginning with a comprehensive consultation to determine the best approach for fostering quality of life and aspirations. SACLA also engages in projects like MyCompass and CATALYST to promote empowerment and address issues such as unemployment for marginalized groups.",34037,2026-01-18,2026-01-18,2026-01-18,-0.6,696ce55d8f1d14b74306768b,2026-09-17_page007.json
inc_ransom,MKC Customs Brokers International Inc.,US,4000000,Proof,1,"International trading has never been as complicated and demanding as it is today. Every shipment, large or small, requires a customs broker who is an absolutely dependable working partner. That's MKC Customs Brokers!",33988,2026-01-18,2026-01-18,2026-01-18,-0.6,696cdebb8f1d14b743060f95,2026-09-17_page007.json
inc_ransom,ecsc.org,US,11000000,Encrypted; AD Dump; Proof,3,"Website www.ecsc.org Revenue $11.2 million Industry Electricity, oil and gas Energy, utilities and waste Organizational structure Similar companies Company analytics About South Carolina Electric Cooperatives  Electric Cooperatives of South Carolina, Inc. is a statewide service and trade association representing electric cooperatives throughout the state. It serves 18 consumer-owned electric cooperatives, one wholesale electric cooperative, one transmission cooperative, and one materials cooperative. The association's mission is focused on providing electricity to nearly 2 million South Carolinians through an extensive network of power lines, as well as providing energy efficiency programs and clean energy initiatives. The association advocates for the electrification of rural areas and provides various resources, including educational programs and assistance in purchasing electric vehicles.",34426,2026-01-16,2026-01-16,2026-01-16,-0.3,696a62638f1d14b743dd523b,2026-09-17_page007.json
inc_ransom,https://trustarholdingsllc.com/ https://vistlabs.com/,US,20000000,Proof,1,"All company data, development drawings, confidential files, investor company files, all financial transactions, equipment, violations, 1.4 TB",39128,2025-01-30,2026-01-15,2026-05-01,-349.6,696842f08f1d14b743b7c396,2026-09-17_page004.json
inc_ransom,https://acswinc.com/,US,40000000,Proof,1,1.5tb,34739,2026-01-13,2026-01-14,2026-01-14,-0.6,696792498f1d14b743a9d829,2026-09-17_page007.json
inc_ransom,Ju Teng International Holdings Ltd,TW,4000000000,Proof,1,"Ju Teng International Holdings Ltd  Total data in the leak: 200GB  Leaked data: - Clients: Dell, Acer, HTC, HP, Panasonic, Siemens, Nintendo, Mercedes-Benz, BMW, Scania, Ford, Geely, Continental, other large clients all over the world! - Data Classification: confidential - Projects: DELL JPPA, HP MI & TGA, AMG CDD & ICD and many other projects. All project information: development, laboratory testing, drawings, subcontractors, suppliers. - Financial data: Company income and expenses, IPD information, financial reports. Contracts with customers and suppliers, NDA contracts. And a lot of other VERY IMPORTANT information!",33008,2026-01-15,2026-01-13,2026-01-18,1.1,6966bbef8f1d14b74398968d,2026-09-17_page007.json
inc_ransom,https://bellowsmfg.com/company/,US,5000000,Proof,1,1.3tb,34983,2026-01-05,2026-01-13,2026-01-13,-8.5,6966c1018f1d14b7439913ea,2026-09-17_page007.json
inc_ransom,gbmme.com,AE,365600,Encrypted; Proof,2,"Founded in 1990, based out of Abu Dhabi, United Arab Emirates, Gulf Business Machines (GBM) is a IT solutions provider, fulfilling the IT requirements of local, regional and international organisations in the GCC.  We have 200GB of data at our disposal (fiscal data, internal mail,budgets and many other things)",35268,2026-02-07,2026-01-12,2026-02-09,25.1,69657e3e8f1d14b7437febc5,2026-09-17_page006.json
inc_ransom,cirrusaviation,US,5000000,Proof,1,"Cirrus Aviation Services is the largest luxury private jet charter service in Las Vegas. Laek: 100GB WE HAS COLLECTED SUCH DATA AS: - Confidential documents - Clients Data - NDA - Financial data - Operations - Corporate data - Business Agreements - Development - Financial databases, all transactions, all clients And a lot of other VERY IMPORTANT information!",33691,2026-01-16,2026-01-12,2026-01-12,3.5,6965055b8f1d14b7437aec6e,2026-09-17_page007.json
inc_ransom,Foshee Architecture,US,5000000,Proof,1,"Foshee Architecture is a Montgomery, Alabama-based architecture firm specializing in comprehensive design services for a variety of sectors including multi-family housing, healthcare facilities, office spaces, retail, and restaurants. Founded by John H. Foshee, the firm utilizes a personalized design process informed by a rich family history in the construction industry. By collaborating with experts in engineering and other disciplines, they provide tailored architectural solutions that prioritize client objectives and budgets. Their extensive experience positions them to effectively manage complex projects while ensuring high standards of functionality and aesthetic appeal.",34762,2026-01-10,2026-01-10,2026-01-10,0.1,696212578f1d14b7436986b3,2026-09-17_page007.json
inc_ransom,stimgroup,IT,3000000,Proof,1,STIM goes beyond by offering a comprehensive technological service ranging from Project Management activities to a Global Service Laek: 100GB WE HAS COLLECTED SUCH DATA AS: - Confidential documents - Clients Data - NDA - Financial data - Operations - Corporate data - Business Agreements - Development  And a lot of other VERY IMPORTANT information!,34014,2026-01-13,2026-01-10,2026-01-10,2.8,69620d758f1d14b7436965ea,2026-09-17_page007.json
inc_ransom,Rod Danielson,US,5000000,Proof,1,"Rod Danielson serves as a Chapter 13 Trustee in the Central District of California, Riverside Division. The organization provides public services related to Chapter 13 bankruptcy for debtors, creditors, attorneys, and other interested parties. It offers information on various procedures including appearances at hearings and guidance on case management. The intended clients encompass individuals and entities involved in Chapter 13 bankruptcy proceedings in Riverside.",33551,2026-02-05,2026-01-09,2026-01-30,27.0,6960f3998f1d14b743626a54,2026-09-17_page006.json
inc_ransom,The Carlson Law Firm,US,20000000,Proof,1,"Established in 1976, The Carlson Law Firm has built a reputation not only for our formidable presence in courtrooms but for our deep-rooted desire to serve the community. Our foundation rests on the shoulders of our Managing Partner, Craig Carlson. A proud veteran, Craig's values are the compass that has guided our firm's journey, helping us grow from a modest establishment in Killeen, Texas, to a renowned legal powerhouse with 17 locations in Texas, an office in California, and another in Florida.",33443,2026-01-09,2026-01-09,2026-01-27,-0.1,696111d28f1d14b743633c6e,2026-09-17_page006.json
inc_ransom,Fit-Line Global,US,6400000,Proof,1,"Fit-Line Global® is a trusted supplier, designer, research and development resource for SEMI-F57-0301 compliant PFA and PVDF components. They employ efficient manufacturing processes to create products that meet the most demanding applications. Fit-Line Global has been a trusted supplier to the semiconductor industry for more than 25 years. Headquartered in California, Fit-Line Global dedicates itself to providing quality products, with the fastest lead time in the industry, at a fair price. The company exclusively produces ultra-high purity PFA and PVDF components to eliminate the possibility of cross-contamination.",33833,2026-01-20,2026-01-09,2026-01-17,10.5,6960ed1d8f1d14b743621cad,2026-09-17_page007.json
inc_ransom,Cape Fear Country Club,US,7600000,Encrypted; Proof,2,"Cape Fear Country Club is a private members-only country club in North Carolina, founded in 1896. It offers an 18-hole golf course designed by Donald Ross, along with tennis, swimming, fitness amenities, dining services, and a wide range of social and family-oriented activities. The club is known for its long-standing traditions, high service standards, and close-knit community environment.",32563,2026-01-17,2026-01-09,2026-01-16,7.2,696162068f1d14b743656303,2026-09-17_page007.json
inc_ransom,https://lpollockpr.com/,US,5000000,Proof,1,all data corp / all client data,36639,2026-01-06,2026-01-08,2026-04-28,-2.6,695fd6398f1d14b7434fa840,2026-09-17_page004.json
inc_ransom,CompactInd,US,170000000,Proof,1,"Compact Industries, Inc. is a leading contract manufacturer specializing in dry food products, particularly powdered food items and sugar-based drink mixes. Established in 1963, the company offers custom blending and contract packaging services, catering to a diverse range of clients. Laek: 100GB WE HAS COLLECTED SUCH DATA AS: - Confidential documents - Clients Data - NDA - Financial data - Operations - Corporate data - Business Agreements - Development  And a lot of other VERY IMPORTANT information",34099,2026-01-13,2026-01-04,2026-01-10,8.5,695a7a3e8f1d14b743fb8c9b,2026-09-17_page007.json
inc_ransom,Automation One Business Systems Inc,CA,5100000,Proof,1,"Automation One Business Systems Inc is a leading provider of office equipment solutions in Vancouver, specializing in a wide range of printing products including multifunction printers, document scanners, and mailing machines. The company is dedicated to delivering exceptional customer service and has a highly qualified team of technicians to ensure fast and reliable support. With over 40 years of experience, Automation One offers unbiased consulting services to help clients choose the best solutions for their needs. Their extensive inventory and local presence in Vancouver and Burnaby enable them to minimize downtime and maintain efficient operations for businesses.",37659,2026-01-03,2026-01-03,2026-01-03,-0.5,69590e3b8f1d14b743e48df7,2026-09-17_page007.json
inc_ransom,proton-system_Serbia,RS,9400000,Encrypted; Proof,2,"Website - www.proton.rs https://www.zoominfo.com/c/proton-system/450181945 Despite repeated attempts to convince the organization's management to prevent the leak, we were completely ignored. People who have been affected by the publication of their personal data should understand that www.proton.rs is only interested in making money off you; they do not ensure the safety of their customers and employees. Proton System has two days to continue negotiations, otherwise more than 130 GB of personal data will be made public. ----- About Proton System Proton System is a leading company in the region that specializes in the representation, evaluation, export, and distribution of unique pharmaceutical products across Europe, the Middle East, and North Africa. Founded in 1999, it focuses on providing top-notch services in the distribution, logistics, and marketing of dietary products, medical devices, and medications for family health. The company guarantees efficiency and effectiveness through innovative marketing and a commitment to high-quality standards. Proton System's products feature a unique combination of natural, safe, and effective ingredients, ensuring their effectiveness and safety in the market.",37123,2026-01-03,2026-01-03,2026-01-03,-0.1,69590e3b8f1d14b743e48ddb,2026-09-17_page007.json
inc_ransom,stignatiusijamsville.org,US,5000000,Encrypted,1,"St Ignatius of Loyola Catholic Community is a company that operates in the Religious Organizations industry. It employs 10to19 people and has under500K of revenue. The company is headquartered in Ijamsville, Maryland Employees: 20 Revenue: $5 Million Industry: Church Management Phone Number: (301) 695-8845 ",31506,2026-01-09,2026-01-02,2026-01-22,6.9,6957d6ad8f1d14b743cfc643,2026-09-17_page006.json
inc_ransom,Harrison Design,US,19000000,Proof,1,"Harrison Design is an award-winning design firm specializing in architecture, interior design, and landscape architecture. Their services cater to various sectors including residential, multifamily, sacred, and hospitality projects. Laek: 100GB WE HAS COLLECTED SUCH DATA AS: - Confidential documents - Clients Data - NDA - Financial data - Operations - Corporate data - Business Agreements - Development - Drawings And a lot of other VERY IMPORTANT information!",34624,2026-01-12,2026-01-02,2026-01-10,10.4,69579ba68f1d14b743cbe9ec,2026-09-17_page007.json
inc_ransom,Burnham Brown,US,18900000,Proof,1,"Burnham Brown is a law firm based in Oakland, California that provides legal services in various practice areas including retail and hospitality, real estate, business and commercial, as well as employment law. The firm caters to clients across industries such as transportation, logistics, and manufacturing, helping them navigate legal risks and compliance issues. They offer updates and resources on changes in law and industry-related news to inform their clients. Additionally, Burnham Brown conducts events and discussions to engage with the community and provide insights on evolving legal matters.",38657,2025-12-31,2025-12-31,2025-12-31,-0.4,6954f0ee8f1d14b743a5e36e,2026-09-17_page007.json
inc_ransom,3GH Informatica Integral,ES,23100000,Proof,1,"3GH specializes in providing technological infrastructure management and data security services to medium and large enterprises. Their offerings include digital signage solutions, logistical technology support, and resident technicians, ensuring optimized processes for their clients. With over 29 years of experience, they have a diverse portfolio of clients across various sectors and maintain a national coverage in Spain. The company is committed to innovation and creating value through a dedicated team of over 100 qualified technicians and a comprehensive management system.",38009,2025-12-31,2025-12-31,2025-12-31,-0.3,6954c7638f1d14b743a37740,2026-09-17_page007.json
inc_ransom,"OSI Systems, Inc.",US,1800000000,Proof,1,"OSI Systems, Inc.  Total data in the leak: 250GB  Leaked data: - Clients: US Government, US Secret Service, IDSS, GLOBAL AEROSPACE INC, Governments of many countries, Casco Automotive Singapore Pte Ltd, Medtronic, Opengear Inc, Sick Sdn Bhd, ST JOSEPH HOSPITAL, SSM HEALTH CARE CORPORATION, UPMC HEALTH SYSTEM and many other large clients all over the world! - Data Classification: Secret - Projects: Raven, Canopy, SPARK, Lighthouse and many other projects. All project information: development, laboratory testing, drawings, subcontractors, suppliers. - Financial data: Company structure. Company income and expenses, shareholders information, such as BlackRock, Inc. and many other investors. Nasdaq data. Contracts with customers and suppliers, NDA contracts. And a lot of other VERY IMPORTANT information! ",32906,2026-01-31,2025-12-30,2026-01-27,31.5,69544e358f1d14b7439c5c43,2026-09-17_page006.json
inc_ransom,selp,FR,300000000,Proof,1,"selp.fr Clients: apple, loreal, google, ikea... WE HAS COLLECTED SUCH DATA AS: - Confidential documents - Clients Data - NDA - Financial data - Operations - Corporate data - Business Agreements - Source Code And a lot of other VERY IMPORTANT information!",38889,2025-12-28,2025-12-29,2025-12-29,-1.2,6952a4b68f1d14b74380cda7,2026-09-17_page007.json
inc_ransom,omrania,JO,120000000,Proof,1,Omrania Website:www.omrania.com  WE HAS COLLECTED SUCH DATA AS:  - Confidential documents - Clients Data - NDA - Financial data - Corporate data - Business Agreements - Projects - Drawings  - Total: 4000GB  And a lot of other VERY IMPORTANT information!,38851,2025-12-28,2025-12-29,2025-12-29,-0.6,6951d5bebe52b3ea15c01483,2026-09-17_page007.json
inc_ransom,klingele,DE,980000000,Proof,1,Klingele Paper & Packaging Website: www.klingele.com  WE HAS COLLECTED SUCH DATA AS:  - Confidential documents - Clients Data - NDA - Financial data - Operations - Corporate data - Business Agreements - Technology  - Total: 450GB  And a lot of other VERY IMPORTANT information!,37988,2025-12-29,2025-12-28,2025-12-28,0.6,69519e63be52b3ea15bc7676,2026-09-17_page007.json
inc_ransom,WSI,FR,4700000,Proof,1,"Wall Street Institute www.wallstreetenglish.com https://www.zoominfo.com/c/wall-street-institute/372818113  If the management of this company does not want a global leak of personal data, we advise you to contact us. We have more than 3.5TB of similar data, as shown in the example below. ------------------------------ Wall Street English (formerly Wall Street Institute) is an international English language learning academy for children and adults around the world. Wall Street English was established in 1972 in Italy by Italian Luigi Tiziano Peccenini. The company has over 3 million alumni with a current enrolment of 180,000 students. Using a franchise model, they currently operate over 450 centers in 28 countries in North Africa, East Asia, Southeast Asia, Europe, Latin America, and the Middle East. Its international offices are in Hong Kong and in Barcelona, Spain. In 2013, Wall Street Institute launched a company-wide rebranding, changing its name and identity. The company now operates as Wall Street English. The Wall Street English program is designed for all levels of learners. They have 20 different levels of English language courses ranging from beginner to advanced.",39643,2025-12-24,2025-12-24,2025-12-24,-0.2,694bfeb9be52b3ea156476b9,2026-09-17_page007.json
inc_ransom,Talarico,IT,5500000,Proof,1,"Talarico SRL has 30 years of experience in thermohydraulics and technological systems. The company boasts a well-stocked retail sales counter and has completed large industrial installations. Its extensive showroom features the best brands for home bathroom furnishings, with specialized consultants using state-of-the-art software for design. Talarico SRL also designs and builds various types of industrial hydraulic systems and offers free information and quotes.",41175,2025-12-21,2025-12-21,2025-12-21,-0.2,6948038dbe52b3ea15222e64,2026-09-17_page007.json
inc_ransom,Evercover,HU,5000000,Proof,1,"Evercover Helmet Cover is a family business founded in 2013 with the vision to manufacture outstanding quality helmet covers at a reasonable price. Now, a couple of years later, we already manufacture helmet covers for customers from over 70 countries all around the world.",40489,2025-12-21,2025-12-21,2025-12-21,-0.2,6948023fbe52b3ea15221b9c,2026-09-17_page007.json
inc_ransom,glasserstv.com,CA,5000000,Encrypted,1,"Glasser's TV Service Ltd is a family-owned and operated business with over 40 years of experience, serving clients in Southeastern Saskatchewan and Southwestern Manitoba. They specialize in a wide range of electronics including computers, televisions, home security systems, and gaming consoles, as well as providing expert repair services. The company is dedicated to delivering quality products and reliable service for both home and business needs. Their knowledgeable team aims to ensure customer satisfaction through friendly and efficient assistance. Employees: 10 Revenue: $5 Million Industry: Consumer Services Phone Number: (306) 435-3040",39129,2025-12-18,2025-12-19,2026-01-27,-1.3,69459149be52b3ea15fc0d20,2026-09-17_page006.json
inc_ransom,Pacific Rim Mechanical,US,60000000,Proof,1,"Pacific Rim Mechanical (PRM) is a Southern California-based mechanical contractor (HVAC, Plumbing, Energy Solutions) serving commercial, industrial, healthcare, and biotech sectors since 1987, known for high-quality construction, maintenance, and repair services, focusing on integrity, safety, and long-term client partnerships through expertise and innovation like BIM modeling. Clients: Sony, SpaceX, THERMA LCC, ASML LCC... Laek: 100GB  WE HAS COLLECTED SUCH DATA AS:  - Confidential documents - Clients Data - NDA - Financial data - Operations - Corporate data - Business Agreements - Development - Drawings  And a lot of other VERY IMPORTANT information!",39317,2026-01-06,2025-12-18,2026-01-23,18.6,69446ea8be52b3ea15e7951c,2026-09-17_page006.json
inc_ransom,deerfield.com (singulargenomics.com),US,59000000,Proof,1,"Singular Genomics https://www.singulargenomics.com/   The company, known for its next-generation sequencing technologies such as the G4® Sequencing Platform and the upcoming G4X™ Spatial Sequencer, is now focused on further innovation in genomic and spatial multiomics research.  Singular Genomics Systems, Inc. is a life science technology company founded in 2016 that develops next-generation sequencing (NGS) and multiomics technologies to empower researchers and clinicians in advancing science and medicine. The company's mission centers on leveraging its proprietary Sequencing Engine platform, which underpins its core product tenets of accuracy, speed, flexibility, and scale. Its commercially available G4 Sequencing Platform is a benchtop genomic sequencer designed for fast and accurate results, while the G4X Spatial Sequencer, an upgrade to the G4 platform, enables high-throughput in situ direct sequencing of RNA, targeted transcriptomics, and proteomics profiling from formalin-fixed, paraffin-embedded (FFPE) tissues. The company is also developing the PX Integrated Solution, a multiomics platform that combines single-cell analysis, spatial analysis, genomics, and proteomics in one instrument. As of February 21, 2025, Singular Genomics was taken private following the closing of an acquisition by Deerfield Management. The company is headquartered in San Diego, California, with additional operations in La Jolla.  Target CEO:  Drew Spaventa https://www.linkedin.com/in/drew-spaventa-98087213/  Josh Stahl https://www.linkedin.com/in/joshua-stahl-77238627/  Target Owner:  James E. Flynn https://www.linkedin.com/in/james-flynn-99304a72/ Deerfield Management Company, L.P.  Singular Genomics is currently owned by Deerfield Management Company, L.P., following the completion of its acquisition on February 21, 2025. The transaction involved an affiliate of Deerfield acquiring all outstanding shares of Singular Genomics common stock not already owned by Deerfield for $20.00 per share in cash. As a result, Singular Genomics transitioned from a publicly traded company to a private entity, with the goal of providing greater strategic flexibility. The company's new leadership includes Josh Stahl as Chief Executive Officer and Drew Spaventa, the co-founder, continuing on the board as a special advisor to the CEO.   The data affected by this breach includes:  Source Codes Biological Data Experemental Data Client Data Personal Data (PII) Staff Data Financial Data Proposal Contracts NDA's Internal Documents Service Agreements  Breach size:  20TB  Breach review:  Singular Genomics Systems, Inc., a U.S.-based life-science technology company developing high-throughput spatial multiomics and next-generation sequencing platforms, experienced a data breach discovered on September 11, 2025. The threat actor involved was identified as INC_RANSOM. The breach is currently under investigation, and the leak size remains unknown. The incident highlights growing concerns about cybersecurity in the genomics sector, where biological data is increasingly processed through digital pipelines vulnerable to cyber threats. https://www.breachsense.com/breaches/singular-genomics-systems-data-breach/   Research Genomes:  Bacillus_cereus bcereus clost danio_rerio ecoli epr grch38 metaphlan4_databases mm10 Mycobacterium_tuberculosis phep phix phixil plasmodium_falciparum pse rhodo Rhodobacter_sphaeroides roche ruber sal spc staph synthetic_allen synthetic_allen_hp1 synthetic_allen_hp2 tb      This company does not show any interest in solving its problem. She doesn't care about the security of her data and the research of her customers.",37411,2025-12-18,2025-12-18,2025-12-18,-0.2,6943a0babe52b3ea15daedee,2026-09-17_page007.json
inc_ransom,svlawus.com,US,17500000,Encrypted,1,"COMPOSITION OF FIRMS:  >svlawus.com Sanchez Vadillo LLP is a full-service boutique law firm established in 1999, dedicated to providing strategic and efficient legal counsel to individuals, businesses, and financial institutions. The firm specializes in various practice areas including business closings, civil litigation, corporate counsel, family law, immigration, and real estate transactions. With a team of 10 attorneys and 30 staff members, they prioritize professionalism and exceptional client solutions. Their commitment to excellence is reflected in numerous awards, including multiple Top Producer recognitions from Old Republic Title Insurance. Employees: 50 Revenue: $6.3 Million Industry: Law Firms & Legal Services Phone Number: (305) 436-1410  >eagrealtyinternational.com EAG Realty International specializes in assisting clients with buying, selling, and leasing real estate properties, including residential and commercial options in the South Florida area and internationally. The company is committed to providing a high degree of service and professionalism, ensuring a smooth and pleasurable experience for its clients. With a team of licensed real estate agents, EAG Realty offers expert guidance in property valuation and market insights. Their clientele includes individual buyers and sellers, as well as international investors seeking property opportunities. Employees: 200 Revenue: $17.7 Million Industry: Real Estate Phone Number: (305) 477-4413  >torresvadillollp.com Employees: 50 Revenue: $5 Million Industry: Law Firms & Legal Services Phone Number: (214) 295-8473  >mytitlelogic.com Employees: 50 Revenue: $5 Million Industry: Consumer Services Phone Number: (727) 823-7778",40475,2025-12-18,2025-12-17,2025-12-25,1.5,694227a2be52b3ea15c49711,2026-09-17_page007.json
inc_ransom,CVK Hotels & Resorts_Turkey,TR,11500000,Encrypted; Proof,2," We would like to draw your attention to the fact that even after being notified of the leak, the management of this organization treated it with complete indifference. If you are one of this organization's customers, rest assured that they couldn't care less about your personal data and who will use it and how. ---------------- CVK Hotels & Resorts offers luxury accommodations in the heart of Istanbul, providing guests with a blend of traditional Turkish hospitality and modern comfort. The company operates several hotels, including the CVK Park Bosphorus Hotel, CVK Park Bosphorus Residences, and CVK Taksim Hotel, catering to both leisure and business travelers. Their services include fine dining, spa and fitness facilities, and event spaces, ensuring a comprehensive experience for their clients. With a focus on creating memorable stays, CVK Hotels & Resorts also features a rewards program for guests to earn benefits during their visits.",40090,2025-12-17,2025-12-17,2025-12-17,-0.5,69431c02be52b3ea15d4b3ef,2026-09-17_page007.json
inc_ransom,https://avenira.com/,AU,5000000,Stocks; Proof,2,1tb data and nda data,40271,2025-11-17,2025-12-16,2025-12-16,-29.6,6941ed80be52b3ea15c07985,2026-09-17_page007.json
inc_ransom,steelworksinc.ca,CA,8000000,Encrypted,1,"Steel Works Inc. specializes in structural steel fabrication and installation, providing precision-cut and custom-built steel components for industrial and commercial projects. They offer a range of services including overhead crane design and installation, specialized fabrication, and blast and paint services. Their intended clients include startups, product designers, mid-sized manufacturers, and industrial facilities, particularly in the mining sector. With over 30 years of experience, Steel Works Inc. is known for its commitment to quality, safety, and on-time delivery. Employees: 50 Revenue: $8.1 Million Industry: Commercial & Residential Construction Phone Number: (705) 264-4031",39130,2025-12-13,2025-12-15,2025-12-19,-1.3,693f6499be52b3ea159a7bc8,2026-09-17_page007.json
inc_ransom,Precise Benefits Group LLC,US,5000000,Proof,1,"Precise Benefits Group LLC operates as an employee benefits consulting and HR solutions provider. The company offers strategic employee benefits programs and services designed to help businesses manage healthcare costs, ensure regulatory compliance, and improve administrative efficiency.",36773,2025-12-16,2025-12-12,2026-01-27,3.7,693c64fcbe52b3ea156ca0e1,2026-09-17_page006.json
inc_ransom,beycelik,TR,238100000,Proof,1,"Beyçelik Gestamp Otomotiv Sanayi A.Ş. is an international company that designs, develops, and produces metal parts for the automotive supply industry. They focus on creating innovative products to support safer and lighter automotive designs, thereby enhancing human safety, reducing energy consumption, and contributing to environmental protection. The company serves clients in the automotive sector, emphasizing quality and advanced technological solutions. Their commitment to sustainability and ethical practices reflects in their operational policies and community contributions.",36132,2025-12-15,2025-12-10,2025-12-15,5.5,6938b92dbe52b3ea15308669,2026-09-17_page007.json
inc_ransom,sandiegowarroom.com,US,5000000,Proof; AD Dump; Stocks,3,"The Westin San Diego Bayview: Management Structure  Physical Hotel (Asset)  Name: The Westin San Diego Bayview (400 West Broadway, San Diego).  Role: The physical venue for your event, the object of operational activity.  Asset Owner (Proprietor)  Legal Entity: Disrupting the Real Estate Benefit, LLC (referred to as ""General"" in your agreement).  Role: The investor and owner of the building and business. Typically not involved in daily operations.  Management Company (Operator)  Name: Aimbridge Hospitality (signed your agreement through its agent, Interstate Management Company, LLC).  Role: Hired by the owner for full operational management of the hotel: staffing, sales, service, and contract execution (including yours). The key counterparty for any contract-related matters.  Brand and Franchisor (System)  Name: Marriott International (via the ""Westin"" brand).  Role: Provides the brand, global service standards, the central reservation system (Marriott Bonvoy), and marketing. Responsible for global IT infrastructure and data security within its systems.  Aimbridge Overview Metrics Headquarters 5301 Headquarters Dr, Plano, Texas, 7502 Phone Number (972) 952-0200 Website www.aimbridgehospitality.com Revenue $5.8 Billion -----------------------------------------  Marriott Overview Metrics Headquarters 7750 Wisconsin Ave, Bethesda, Maryland Phone Number (301) 380-3000 Website www.marriott.com Revenue $25.9 Billion ------------------------------------- The Westin San Diego Overview Metrics Headquarters 400 W Broadway, San Diego, California Phone Number (619) 338-3611 Website www.sandiegowarroom.com Revenue <$5 Million ",35314,2025-12-09,2025-12-09,2025-12-09,-0.3,6938632abe52b3ea152b246c,2026-09-17_page007.json
inc_ransom,hohmartin.org,US,5000000,Encrypted,1,"House of Hope of Martin County provides a range of services aimed at supporting individuals and families in need, including food assistance, financial aid, housing support, and educational programs. Their initiatives, such as the Client Choice Pantry and various community resources, serve over 30,000 individuals each month. The organization also offers volunteer opportunities and encourages community involvement through events like charity tournaments. Their mission is to ensure a dignified process for those seeking help while effectively managing donations to support their programs. Employees: 50 Revenue: $5 Million Industry: Non-Profit & Charitable Organizations Phone Number: (772) 286-4673",35431,2025-12-07,2025-12-08,2025-12-08,-1.0,69370f71be52b3ea1517865f,2026-09-17_page007.json
inc_ransom,Foxconn Interconnect Technology Limited (FIT),TW,4200000000,Proof; AD Dump,2,"Foxconn Interconnect Technology Limited (FIT) focuses on the development, manufacturing, and marketing of electronic and optoelectronic connectors, antennas, acoustic components, cables, and modules for applications in computers, communication equipment, consumer electronics, automobiles, industrial and green energy field products. With offices and manufacturing sites located in Asia, the Americas, and Europe, FIT is a global leader in the supply of precision components.",38754,2025-12-07,2025-12-08,2025-12-08,-1.7,6937073abe52b3ea1516f786,2026-09-17_page007.json
inc_ransom,bisonfamilymedical.com,CA,5000000,Proof,1,"Bison Family Medical Clinics provides high-quality medical care through family practice and walk-in services across four locations in Winnipeg. Their team offers a diverse range of medical services, including women's health, minor procedures, and low-risk obstetrics. Emphasizing patient convenience, they also provide online booking and secure virtual care options. The clinics prioritize the needs of their patients, ensuring they receive care and respect in a clean and friendly environment. Employees: 10 Revenue: $5 Million Industry: Hospitals & Physicians Clinics Phone Number: (204) 275-1500",36995,2025-11-03,2025-12-03,2025-12-03,-29.8,692fc85ae1a4e4b3ff72d8e2,2026-09-17_page007.json
inc_ransom,instyle.com.au,AU,6600000,Encrypted,1,"INSTYLE is a leading supplier of design-driven, commercial-quality textiles and vinyls for interiors, including office, hospitality, healthcare, public building, transport, public space and high-end residential interiors. Established by Michael Fitzsimons in 1987, INSTYLE is well known today for its stylish, contemporary and sophisticated textile collections, which are designed and developed to high technical standards by its inhouse design studio and produced by leading manufacturers in Australia, New Zealand, USA and Europe. INSTYLE offers an extensive collection: including the benchmark LIFE (Low Impact For the Environment) Textiles® collection and High Performance indoor + outdoor Textiles and Vinyls, which are available across a broad range of price levels for use in upholstery, workstation, screen and wall panelling applications. Employees: 50 Revenue: $6.6 Million Industry: Manufacturing-Retail Phone Number: +61 293170222",37047,2025-12-03,2025-12-03,2025-12-03,-0.1,692fb849e1a4e4b3ff71c0dc,2026-09-17_page007.json
inc_ransom,American Pools & Spas,US,11000000,Proof,1,"American Pools Spas is a premier pool builder based in Orlando, FL, offering a wide range of services including pool construction, renovation, and repair.  We have 500GB of data at our disposal (fiscal data, internal mail,budgets and many other things)",40544,2025-12-04,2025-12-02,2025-12-04,1.6,692ec052e1a4e4b3ff61dc31,2026-09-17_page007.json
inc_ransom,www.precipiodx.com,US,22000000,Proof,1,150gb,39990,2025-12-02,2025-12-02,2025-12-02,-0.0,692ee851e1a4e4b3ff64970c,2026-09-17_page007.json
inc_ransom,oxfordshop.com.au,AU,5000000,Encrypted,1,"Oxford Shop is an Australian brand specializing in a diverse range of men's and women's clothing, shoes, and accessories available online. Their product offerings include formal wear, casual attire, and an array of stylish accessories designed for both work and leisure. The company emphasizes quality, ethical trading, and modern fashion, catering to clients seeking stylish and functional wardrobe essentials. With a commitment to customer satisfaction, Oxford Shop also offers free shipping on domestic orders over $75 Employees: 100 Revenue: $5 Million Industry: Apparel & Accessories Retail Phone Number: +61 293182211",75602,2025-12-01,2025-12-01,2025-12-02,-0.9,692e293ee1a4e4b3ff590b2d,2026-09-17_page007.json
inc_ransom,www.enea.com,SE,82000000,Proof,1,79gb,39411,2025-12-01,2025-12-01,2025-12-01,-0.0,692da417e1a4e4b3ff4ef0de,2026-09-17_page007.json
inc_ransom,rainbowtel.net,US,13000000,Encrypted; Proof,2,"Rainbow Communications offers reliable high-speed internet and phone services primarily in Northeast Kansas. They cater to both residential and business clients, providing essential connectivity solutions.  We downloaded 200GB of selected information (accounting, HR, customer data, as well as confidential information).",39318,2025-12-11,2025-11-28,2026-01-06,13.0,6928e9e1e1a4e4b3ff0c83f5,2026-09-17_page007.json
inc_ransom,PFMI,US,500000,Proof,1,"Audit documents, clients, client data, financial transactions, contracts",40628,2025-11-27,2025-11-26,2025-11-27,1.1,6926cbaee1a4e4b3ffe9f043,2026-09-17_page008.json
inc_ransom,Schmidt's,AT,20000000,AD Dump,1,"SCHMIDT'S is a specialized market that offers a wide array of products and services for house, garden, crafts, and industry, boasting over 130 years of tradition and quality. They cater to both private and business clients, providing expert advice and tailored solutions from their extensive product range. The company's services include workshop support, delivery, eBusiness solutions, and a strong focus on customer satisfaction and reliability. SCHMIDT'S is dedicated to maintaining long-lasting partnerships and fostering a family-oriented company culture.  Over 100GB of data was extracted: contracts, clients, payment data, PII, and bank transfers. ",40374,2025-11-25,2025-11-25,2025-11-25,-0.5,692591cde1a4e4b3ffda7932,2026-09-17_page008.json
inc_ransom,omegatoolcorp.com,CA,29000000,Encrypted,1,"Omega Tool Corp. is a global leader in engineering, manufacturing, and production, specializing in advanced plastics tooling solutions for over 40 years. They provide services such as mold making, machining, validation, and production molding, focusing on precision and creative design. Their intended clients include industries such as automotive, heavy truck and agricultural, consumer products, and construction. The company is known for its high-energy culture and commitment to results. Employees: 500 Revenue: $29.2 Million Industry: Industrial Machinery & Equipment Phone Number: +52 4421615885",36886,2025-11-24,2025-11-24,2025-11-24,-0.0,692493b0e1a4e4b3ffcc3b80,2026-09-17_page008.json
inc_ransom,Southern Lion Sdn Bhd,MY,169400000,Proof,1,"SOUTHERN LION, an equal-sharing joint venture between LION CORPORATION, JAPAN and LAM SOON (M) BHD, is a leading and active FMCG marketing company. The company is truly committed to creating and building great brands that will improve and shape the Malaysian lifestyles.",39755,2025-11-24,2025-11-24,2025-11-24,0.0,6924b8bbe1a4e4b3ffce4c72,2026-09-17_page008.json
inc_ransom,ITL Systemhaus,DE,2400000,Proof,1,"The company ITL Systemhaus für Datentechnik GmbH was founded in 1991.  In the meantime, ITL has over 25 employees at a high level of training and offers a comprehensive range of services as a competent partner ""around IT"". The business policy is based on a long-term, partner-oriented relationship with the end customer.  Milestones in the history of ITL were the move to the new office building in Münchberg with its own training rooms in 2005 and the complete takeover of the dental software DENTIXsoft with over 300 customers nationwide in 2010.",39247,2025-11-26,2025-11-22,2025-11-22,4.0,69218846e1a4e4b3ffa0da80,2026-09-17_page008.json
inc_ransom,Woom GmbH,AT,30000000,AD Dump,1,"woom is an international manufacturer of bikes for children and teenagers with its headquarters in Klosterneuburg, outside of Vienna. The company was founded in 2013 by Christian Bezdeka and Marcus Ihlenfeld in a garage in Vienna. After a long and fruitless search for the perfect bike for their children, the two bike-loving fathers decided to take matters into their own hands and design a bike themselves: zooming in on a low weight, timeless designs, high-quality components, and child-specific geometry. In just a few years woom went from little-known brand to market leader, with woom bikes now being sold in 30 countries around the world, including Austria, Germany and Switzerland, the US and Asia.",40334,2025-11-21,2025-11-22,2025-11-22,-0.6,69211b65e1a4e4b3ff9abde4,2026-09-17_page008.json
inc_ransom,reidhurstnagy.com,CA,9500000,Encrypted,1,"RHN CPA is a full-service accounting firm that provides diverse accounting services to various clients including businesses, First Nations, not-for-profit organizations, and individuals across the Lower Mainland and Okanagan. The firm is committed to delivering superior accounting and related services that enhance clients' quality of life, while fostering a supportive and flexible environment for its employees. With a focus on accessibility and personalized service, RHN CPA builds strong relationships with clients to support their growth and success. Their offerings include bookkeeping, tax preparation, and financial advisory services tailored to meet the unique needs of their community.",38081,2025-12-05,2025-11-19,2025-12-03,16.4,691dc7cee1a4e4b3ff63232e,2026-09-17_page007.json
inc_ransom,millerwoodtradepub.com,US,6000000,Proof; Encrypted,2,"Established in 1927, Miller Wood Trade Publications is a leading source of information for the forest products industry, publishing 10 specialized magazines and resources. Their offerings include various marketing directories and handbooks tailored to the lumber market. The company's publications serve both domestic and international clients, connecting suppliers with buyers across the globe. With a focus on the lumber trade, they cater to all segments of this billion-dollar industry",36013,2025-01-12,2025-11-19,2025-12-01,-311.3,691de288e1a4e4b3ff652fe3,2026-09-17_page007.json
inc_ransom,The Union League of Philadelphia,US,35000000,Encrypted; Proof,2,"The Union League of Philadelphia, ranked the #1 City Club in the Country became a victim of cyber attack. The full amount of stolen files is more than 3,5Tb. Dear members, if you don't want your confidential personal data would become public on the dark web, you should seriously discuss this issue with the board of the Union League. During the negotiations, they valued your privacy and safety at a laughable amount. You may contact us personally using report page. The relevant personnel responsible for the cessation of negotiations: Sean Palmer +1 (610) 5547304 James Lutz +1 (610) 2464165",39208,2025-11-18,2025-11-19,2025-12-01,-1.7,691df228e1a4e4b3ff662a58,2026-09-17_page008.json
inc_ransom,vviewisd.net,US,27800000,Encrypted; Proof,2,"Valley View ISD was one of only fifteen districts in the entire state of Texas to receive this rating. We are extremely proud of our students and staff for this great accomplishment. This would not be possible without the collaboration of all our stakeholders. It is no secret that when schools, families, and communities support each other and come together, students achieve at the highest levels. On behalf of our Board of Trustees and staff, thank you for your continued support and commitment to our students. Employees: 800 Revenue: $27.8 Million Industry: Education Phone Number: (416) 783-6181",35419,2025-11-28,2025-11-19,2025-11-19,9.3,691df65de1a4e4b3ff666b83,2026-09-17_page008.json
inc_ransom,baisyaakov.ca,CA,5000000,Encrypted,1,"Bais Yaakov Elementary School is dedicated to providing exceptional education for girls in the Toronto community. With a long-standing commitment to students and educational excellence, the school contributes significantly to the local community's character. It serves approximately 945 students with a faculty of 115 teachers across 50 classrooms, fostering a strong legacy through its graduates. The school offers various programs including tuition payment options, lunch services, and community events. Employees: 50 Revenue: $5 Million Industry: Education Phone Number: (416) 783-6181",38911,2025-11-18,2025-11-18,2025-11-25,-0.1,691cc9afe1a4e4b3ff53d111,2026-09-17_page008.json
inc_ransom,continuumindia.com,US,14000000,Encrypted,1,"Continuum India is a contract research organization specializing in drug safety monitoring and regulatory services for the pharmaceutical industry. They offer a range of services including pharmacovigilance, evidence evaluation, and technology solutions, aimed at enhancing patient safety and ensuring regulatory compliance. Their target clients include globally recognized brands in the healthcare sector, for whom they provide integrated, high-performance services across various therapeutic areas. With a commitment to excellence and the use of cutting-edge technology, including AI and automation, they focus on delivering accurate and timely results for their partners. Employees: 250 Revenue: $14 Million Industry: Retail Phone Number: (203) 274-0016",38004,2025-11-18,2025-11-18,2025-11-19,-0.1,691cbfb3e1a4e4b3ff530e17,2026-09-17_page008.json
inc_ransom,grandeprairie.org,US,5000000,Encrypted,1,"Grande Prairie Public Library offers a variety of services including room reservations, notary public services, exam proctoring, and technology assistance. The library provides resources for all ages, including youth, teens, and adults, with access to eBooks, audiobooks, and educational databases. They also partner with Tutor.com to offer live virtual tutoring services. The intended clients are community members seeking educational resources, technology support, and recreational activities Employees: 50 Revenue: $5 Million Industry: Hospitality Phone Number: (708) 798-5563",37894,2025-11-18,2025-11-18,2025-11-19,-0.1,691cba39e1a4e4b3ff52b272,2026-09-17_page008.json
inc_ransom,ripleyacademy.org,GB,39000000,Encrypted,1,"The Ripley Academy is an educational institution that focuses on providing high-quality care and education to students in the community. It offers a wide range of subjects and qualifications, including supportive programs for parents and students, and emphasizes ambition, commitment, and pride in its educational approach. With above-average performance in English and Maths, the academy prepares students for remarkable futures, including placements at prestigious universities. The school environment fosters a harmonious atmosphere and a dedication to exceptional educational standards. Employees: 1000 Revenue: $39.5 Million Industry: Education Phone Number: +44 1773746334",37232,2025-11-18,2025-11-18,2025-11-18,-0.0,691cb92de1a4e4b3ff529c3c,2026-09-17_page008.json
inc_ransom,zadroinc.com,US,11000000,Encrypted,1,"Zadro Inc. is a California-based beauty, health, and wellness brand with over 37 years of experience in creating innovative products. Specializing in advanced technology and holding more than 40 patents, the company offers a range of items including makeup mirrors, towel warmers, massagers, and aromatherapy products. Its intended clients include individuals seeking to enhance their daily routines and achieve spa-like comfort at home. With a commitment to quality and customer satisfaction, Zadro Inc. has established itself as a trusted brand in the wellness and beauty industry. Employees: 200 Revenue: $11.9 Million Industry: Retail Phone Number: (714) 892-9200",37336,2025-11-18,2025-11-18,2025-11-18,-0.0,691cb6d5e1a4e4b3ff527317,2026-09-17_page008.json
inc_ransom,datenlotsen.de,DE,17200000,Encrypted,1,"Datenlotsen Informationssysteme GmbH offers universities, colleges and other educational organizations state-of-the-art digital solutions designed specifically to support learning, teaching and research. CampusNet is an integrated, process-driven platform that supports all of the administrative tasks in a higher education organization. Already in use at numerous colleges and universities around Germany, CampusNet has emerged as the market-leading standard when it comes to efficiently managing higher education. Employees: 200 Revenue: $17.2 Million Industry: Business Services Phone Number: +49 402709680",37439,2025-11-18,2025-11-18,2025-11-18,-0.2,691cb4d1e1a4e4b3ff525aba,2026-09-17_page008.json
inc_ransom,naffco.com,AE,4400000000,Encrypted; Proof,2,"NAFFCO is an international manufacturer and supplier of firefighting, security, and safety products. They also offer training services and emergency responder certification. The company is headquartered in Dubai, in the United Arab Emirates. With a global network spanning over 100 countries, NAFFCO has been recognized as the unparalleled leader in fire safety.  The official website of NAFFCO says:"" Our success is driven by our ""passion to protect"""" We do not know for certain how well they protect their clients, but they could not protect themselves. We have 1TB of data at our disposal (fiscal data, internal mail, HR data, budgets, strategic development plans and much more)",40374,2025-11-21,2025-11-17,2025-12-11,3.9,691a8e0fe1a4e4b3ff2f5bb9,2026-09-17_page007.json
inc_ransom,onsolve.com,US,219100000,Proof,1,"OnSolve is a leading critical event management provider that proactively mitigates physical threats, allowing organizations to remain agile when a crisis strikes. Using the most trusted expertise and reliable AI-powered risk intelligence, critical communications and incident management technology, the OnSolve Platform enables enterprises, SMB organizations and all levels of government to detect, anticipate and mitigate physical threats that impact their people, places and property.",38348,2025-11-22,2025-11-17,2025-11-23,4.3,691b641fe1a4e4b3ff3e6ee4,2026-09-17_page008.json
inc_ransom,www.northcroftme.com,QA,18000000,Proof,1,300 GB of data,41157,2025-11-14,2025-11-14,2025-11-14,-0.0,69167885e1a4e4b3ffeddd21,2026-09-17_page008.json
inc_ransom,facadeinnovations.com.au,US,5000000,Encrypted,1,"Facade Innovations has been providing specialized facade solutions for new and existing commercial buildings across Sydney, Melbourne, and Canberra since 1997. Their extensive services include facade design documentation, manufacture and installation, overcladding, and resealing. The company has a strong track record, having worked on many landmark buildings and collaborated with leading property owners, builders, architects, and facade consultants. They are recognized for their quality work, winning multiple awards including the MBA NSW 2023 Excellence in Construction Award. Employees: 50 Revenue: $5 Million Industry: Building Materials-Manufacturing Phone Number: +61 294170817",39241,2025-11-13,2025-11-13,2025-11-18,-1.0,69166e50e1a4e4b3ffed14b0,2026-09-17_page008.json
inc_ransom,duboiswood.com,US,21000000,Encrypted,1,"Dubois Wood, located in southern Indiana, has been a domestic producer of high-quality, American-made furniture since 1979. The company caters to several markets by offering superior products at competitive prices, distinguishing itself in the furniture-making industry. Employees: 200 Revenue: $21.6 Million Industry: Retail-Furniture Phone Number: (812) 683-3613",37973,2025-11-13,2025-11-13,2025-11-13,-0.1,6916628ee1a4e4b3ffec445c,2026-09-17_page008.json
inc_ransom,wafergrind.com,US,1000000,Encrypted,1,"Grinding & Dicing Services Inc (GDSI) provides wafer thinning and dicing services to the IC industry for critical post-fabrication process requirements. GDSI is headquartered in San Jose, California. Employees: 50 Revenue: $5 Million Industry: Manufacturing-Electronics Phone Number: (408) 451-2000 ",38069,2025-11-13,2025-11-13,2025-11-13,-1.0,69166788e1a4e4b3ffec9a76,2026-09-17_page008.json
inc_ransom,kellylegal.com.au,AU,5000000,Encrypted,1,"Kelly Legal is a law firm based in Brisbane and Mackay, offering a wide range of legal services throughout Queensland. Their experienced team provides personalized legal advice in areas such as family law, real estate, injury compensation, and business law. They focus on treating clients as individuals and strive to achieve the best outcomes for their unique circumstances. With a commitment to being there for their clients, Kelly Legal emphasizes a supportive approach in all legal matters. Employees: 50 Revenue: $5 Million Industry: Law Firms & Legal Services Phone Number: +61 749110500",38155,2025-11-13,2025-11-13,2025-11-13,-0.1,69166090e1a4e4b3ffec22d3,2026-09-17_page008.json
inc_ransom,rosemontexpo.com,US,48000000,Encrypted,1,"Rosemont Exposition Services, Inc. is an Illinois-based company that offers exhibitor show services. These include exhibit rentals, utilities, decorating services, catering, and area information. Formerly known as O'Hare Exposition Services, they primarily function as the full-service general contractor for all trade shows and events held at the Donald E. Stephens Convention Center located in Rosemont, IL. Employees: 500 Revenue: $48.6 Million Industry: Business Services Phone Number: (847) 696-2208 ",37337,2025-11-13,2025-11-13,2025-11-13,-0.1,69165e20e1a4e4b3ffebf45d,2026-09-17_page008.json
inc_ransom,avrind.com,IL,50000000,Encrypted,1,"AVR Industries is a long-standing, well-established company with many years of experience in the field of machining for the aeronautics industry. Our comprehensive technological solutions help industry leading companies to achieve greater success. Our team always strives for the most accurate, professional and fast production for our customers. They offer a wide range of metalworking services under one roof: Sheet Metal Working | Assemblies Processing | Welding | Metal Finishes | Metal Coatings All are of the highest standard and with ISO and NADCAP certifications.",37338,2025-11-13,2025-11-13,2025-11-13,-0.0,691648a6e1a4e4b3ffea2204,2026-09-17_page008.json
inc_ransom,Kaan Cronenberg & Partners Law,AT,3000000,Proof,1,"Kaan Cronenberg & Partners Law has been providing legal services since 1897, offering representation before courts and authorities, legal counseling, and contract preparation. The firm caters to enterprises of all sizes, ensuring that economic aspects are considered in their legal strategies. Their well-rehearsed team consists of partners, associates, and assistants who work collaboratively to support clients in any legal issue. They aim to be a competent partner for clients navigating their legal paths.",39991,2025-11-14,2025-11-13,2025-11-13,1.1,691596aee1a4e4b3ffde00ea,2026-09-17_page008.json
inc_ransom,Znojma Czechia,CZ,5000000,Encrypted; AD Dump; Proof; Stocks,4,"Subject of activity Main activity  comprehensive administration in the area of ​​housing owned by the city of Znojmo ensuring matters in the interest of the city in the management of housing stock and other real estate owned by the city of Znojmo administration of the physical education and sports department, operation of sports facilities security of matters in the area of ​​personal culture, public toilets maintain and manage the property of the city of Znojmo.",37346,2025-11-12,2025-11-12,2025-11-12,-0.1,69148665e1a4e4b3ffc9d83a,2026-09-17_page008.json
inc_ransom,latamlex (gyg.local),CR,19500000,Encrypted; AD Dump; Proof; Stocks,4,"Latamlex is a regional law firm with a team of over 100 attorneys and more than 20 years of experience, recognized for its expertise in various legal areas including arbitration, corporate law, and intellectual property. The firm caters to local entrepreneurs looking to expand internationally as well as multinational corporations seeking to establish or grow their operations in Central America. With offices across five countries, Latamlex combines international vision with local knowledge to effectively serve its diverse clientele. The firm's commitment to excellence has earned it numerous accolades from prestigious legal publications.",37344,2025-11-12,2025-11-12,2025-11-12,-0.1,691483a3e1a4e4b3ffc99a87,2026-09-17_page008.json
inc_ransom,bridge-housing-corp,US,230000000,Encrypted; AD Dump; Proof; Stocks,4,"Founded in 1983 BRIDGE Housing is a non-profit that works towards securing affordable housing. The organization is headquartered in San Francisco, California. We have over 150 GB of confidential information, and the management of this organization has completely ignored us. Remember, the publication of your data is entirely their fault.",37278,2025-11-12,2025-11-12,2025-11-12,-0.1,691481e5e1a4e4b3ffc9720f,2026-09-17_page008.json
inc_ransom,Grupo Via Argentina,AR,5000000,Encrypted; AD Dump; Proof; Stocks,4,"Grupo Vía hosts events focusing on architecture, interior design, real estate, hospitality, and construction. Its activities connect professionals from these sectors with networking opportunities and debates on contemporary trends. The company serves a diverse clientele, including architects, designers, and industry stakeholders across major cities in Spain and Portugal. Through its offerings, Grupo Vía aims to foster collaboration and innovation within the built environment.",37183,2025-11-12,2025-11-12,2025-11-12,-0.1,69147ec7e1a4e4b3ffc93775,2026-09-17_page008.json
inc_ransom,KohaFoods Hawaii,US,16300000,Encrypted; AD Dump; Proof; Stocks,4,"Koha Foods is a Honolulu-based distributor and wholesaler specializing in Asian food products. The company boasts a diverse selection of over 2,500 items including seafood, condiments, and Korean dishes, catering primarily to local Oahu businesses such as restaurants and supermarkets. Having served Hawaii since 1970, Koha Foods emphasizes quality and connection with the community through its offerings. In addition to distribution, they manufacture their own signature Korean food items using authentic recipes and high-quality ingredients.",37113,2025-11-12,2025-11-12,2025-11-12,-0.1,69147ccbe1a4e4b3ffc90c2e,2026-09-17_page008.json
inc_ransom,forensicmed.com,US,20000000,Encrypted; AD Dump; Proof,3,"Forensic Medical is a comprehensive forensic pathology company headquartered in Nashville, Tennessee, which provides medical examiner, death investigation, medical autopsy services, expert forensic testimony and forensic management services to government agencies and private individuals.",37038,2025-11-12,2025-11-12,2025-11-12,-0.1,69147139e1a4e4b3ffc82a69,2026-09-17_page008.json
inc_ransom,galileo.it,IT,2000000,Encrypted; AD Dump; Proof; Stocks,4,"Galileo is a global payments platform that powers fintech, financial services, and investment firms by removing the complexity of payments. We're a proven financial technology platform, an innovation engine and a leader in card issuing, payments and digital banking. Galileo was founded in 2000 and is headquartered in Utah.",36824,2025-11-12,2025-11-12,2025-11-12,-0.1,69146fdce1a4e4b3ffc8129a,2026-09-17_page008.json
inc_ransom,Community Unit School District 201,US,18500000,Proof; AD Dump,2,"Community Unit School District 200 is dedicated to inspiring, educating, challenging, and supporting all students to achieve their highest potential in learning and personal development. The district offers various educational programs and services aimed at fostering student growth and excellence. Their intended clients include students, parents, and the community, with a focus on providing a supportive environment for all. The district is committed to innovation and technology in education, as well as special education services.",37714,2025-11-10,2025-11-10,2025-11-12,-0.5,69124fdae1a4e4b3ffa16be6,2026-09-17_page008.json
inc_ransom,Easterseals Arc of Northeast Indiana,US,13600000,Encrypted; AD Dump; Proof,3,"Easterseals Northeast Indiana provides life-changing services and programs for individuals with disabilities, their families, and the wider community. Their offerings include youth and adult services, employment readiness programs, wellness coordination, and recreational activities designed to empower participants. The organization operates across multiple locations in northeast Indiana, including Fort Wayne, Columbia City, and Angola, and is committed to meeting the unique needs of each individual. Through compassionate staff and various service initiatives, they aim to create inclusive environments and enhance the quality of life for their clients.",37180,2025-11-10,2025-11-10,2025-11-10,-0.4,69124d93e1a4e4b3ffa13f22,2026-09-17_page008.json
inc_ransom,Wiraswasta Gemilang,ID,50000000,Encrypted; Proof,2,"PT Wiraswasta Gemilang Indonesia (WGI) is the first and largest private lubricant plant in Indonesia, specializing in re-refinery and blending services.  To your attention a small portion of screenshots.",45998,2025-11-12,2025-11-06,2025-12-16,5.9,690c1659e1a4e4b3ff27a95e,2026-09-17_page007.json
inc_ransom,Weintraub Traub Tracy & Virk Cra's LLP,US,5000000,Encrypted,1,"We have data from Piaty Müller-Mezin Schoeller Rechtsanwälte GmbH, payment and tax records, employee and client documents, as well as projects and developments, and personal correspondence with clients. ",39953,2025-11-10,2025-11-06,2025-11-06,3.7,690d02aee1a4e4b3ff38e0f8,2026-09-17_page008.json
inc_ransom,MusikComputer GmbH,DE,5000000,Encrypted,1,"We have data from Piaty Müller-Mezin Schoeller Rechtsanwälte GmbH, payment and tax records, employee and client documents, as well as projects and developments, and personal correspondence with clients. ",41433,2025-11-06,2025-11-06,2025-11-06,-0.3,690cfb46e1a4e4b3ff3860ac,2026-09-17_page008.json
inc_ransom,prutsch-ra.at,AT,5000000,Encrypted,1,"We have data from Piaty Müller-Mezin Schoeller Rechtsanwälte GmbH, payment and tax records, employee and client documents, as well as projects and developments, and personal correspondence with clients.",41174,2025-11-06,2025-11-06,2025-11-06,-0.3,690cf80fe1a4e4b3ff382b0b,2026-09-17_page008.json
inc_ransom,Ketat Grundstücksverwertungs GmbH,AT,5000000,Encrypted,1,"We have data from Piaty Müller-Mezin Schoeller Rechtsanwälte GmbH, payment and tax records, employee and client documents, as well as projects and developments, and personal correspondence with clients.",41240,2025-11-06,2025-11-06,2025-11-06,-0.3,690cf653e1a4e4b3ff380d0a,2026-09-17_page008.json
inc_ransom,elektroanlagen,AT,25000000,Encrypted,1,"We have data from Piaty Müller-Mezin Schoeller Rechtsanwälte GmbH, payment and tax records, employee and client documents, as well as projects and developments, and personal correspondence with clients.",41050,2025-11-06,2025-11-06,2025-11-06,-0.3,690cf324e1a4e4b3ff37c2be,2026-09-17_page008.json
inc_ransom,pmsp.at,AT,5000000,Encrypted,1,"We have Piaty Müller-Mezin Schoeller Rechtsanwälte GmbH company data, payment and tax documentation, employee and client documents, as well as projects and developments.",40848,2025-11-06,2025-11-06,2025-11-06,-0.3,690ce7c0e1a4e4b3ff36d3b8,2026-09-17_page008.json
inc_ransom,zebra.or.at,AT,5000000,Encrypted,1,"We have zebra.or.at company data, payment and tax documentation, employee and client documents, as well as projects and developments.",40858,2025-11-06,2025-11-06,2025-11-06,-0.7,690ce012e1a4e4b3ff364399,2026-09-17_page009.json
inc_ransom,eakas.com,US,81000000,Encrypted,1,"Eakas Corp. specializes in producing both functional and decorative products for the automotive industry, serving as a Tier 1 supplier to manufacturers in the United States. They offer comprehensive services including engineering, injection molding, painting, chrome plating, assembly, and quality testing to ensure consistent product quality. Their product range includes various automotive components such as door handles, bumper fascias, and mirror assemblies. Eakas is committed to customer satisfaction by delivering quality services on time and at competitive prices. Employees: 416 Revenue: $81.3 Million Industry: Manufacturing Phone Number: (815) 223-8811 phone site x236 (cell:870-208-5643) 248-536-2211 815-488-1879 x208 / 815-713-0753 (815) 223-8811 248-536-2211 248-536-2211 x224 (cell:815-830-6497) x218 (cell:815-875-7241) 248-536-2211 815-719-2814 815-713-0753 homePhone: 815-497-2023 5135921045 ",37428,2025-11-14,2025-11-05,2025-11-14,8.5,690b5747e1a4e4b3ff1a8d96,2026-09-17_page008.json
inc_ransom,sensationalteeth.com,US,5000000,Encrypted,1,"Oelbaum Kagan Dentistry provides comprehensive dental services in the Bronx and New York City, with offerings including routine care, cosmetic dentistry, restorative procedures, and orthodontics. Led by experienced dentists Dr. Victor Oelbaum and Dr. Victor Kagan, the practice prioritizes patient comfort and satisfaction, employing advanced technology for optimal treatment. They aim to create a welcoming environment for both new and returning patients, promoting extensive dental health care. The team is dedicated to delivering high-quality treatment tailored to the needs of individuals, families, and seniors. Employees: 25 Revenue: $5 Million Industry: Dental Offices Phone Number: (718) 882-7202 ",39175,2025-11-05,2025-11-05,2025-11-10,0.0,690b5a22e1a4e4b3ff1aba6e,2026-09-17_page008.json
inc_ransom,thevisapro.com (Yibirin Law Group),US,5000000,Proof,1,"all client cases, personal data",41121,2025-08-04,2025-11-04,2025-11-04,-92.0,690a4e0fe1a4e4b3ff0959c5,2026-09-17_page009.json
inc_ransom,Vitalmex,MX,138000000,Encrypted,1,"Vitalmex is a Mexican company dedicated to providing personalized health solutions, along with medical logistics and technical services for medical equipment and instruments. Their mission is to improve patients' quality of life through differentiated and cost-effective solutions. They aim to establish world-class leadership that revolutionizes health systems while emphasizing values such as integrity, humanity, and collaboration. Vitalmex focuses on customer orientation and innovative problem-solving to enhance satisfaction and meet applicable product and service requirements.",40654,2025-11-03,2025-11-03,2025-11-19,-0.2,6908b0e6e1a4e4b3fff12d74,2026-09-17_page008.json
inc_ransom,afton.loc,US,5000000,Encrypted,1,"The Aetherius Society is a spiritual organization founded in 1955 by Dr. George King to spread and act upon teachings from advanced extraterrestrial intelligences, known as Cosmic Masters. The society practices King Yoga, focusing on spiritual evolution, cosmic wisdom, and service to humanity in preparation for the New Age. Their teachings cover topics like meditation, karma, reincarnation, UFOs, and spiritual healing. Through the practice of King Yoga, individuals can discover life-changing wisdom, unlock psychic powers, and contribute to raising global consciousness.",41431,2025-11-03,2025-11-03,2025-11-03,-0.1,6908aab1e1a4e4b3fff0c666,2026-09-17_page009.json
inc_ransom,TMF Logistics,DZ,2000000,Encrypted,1,"39,308,400,640 bytes",39150,2025-10-31,2025-10-31,2025-10-31,-0.5,69053b5ce1a4e4b3ffc2cd1b,2026-09-17_page009.json
inc_ransom,Sarulla Operation,ID,54000000,Encrypted; Proof,2,"Administration Financial operations Budgets and account balances User information Confidential information Over 1,000 passports Payment instructions and other accounting documents Contract discussions and final contracts and others",41718,2022-09-17,2025-10-29,2025-11-09,-1138.0,69029cdfe1a4e4b3ff9b5cec,2026-09-17_page008.json
inc_ransom,DILOSA FOOD COMPANIES,SV,5000000,Encrypted; AD Dump,2,ventasdifrico@dilosafoods.com ventas@dilosafoods.com servicioalcliente@dilosafoods.com +(503) 2201-6806 +(503) 2201-6810 +(503) 2201-6800 +(503) 6060-8784,39970,2025-10-29,2025-10-29,2025-10-29,-0.3,6902936ee1a4e4b3ff9ad15a,2026-09-17_page009.json
inc_ransom,Alios Finance Group,FR,79600000,Encrypted,1,"Alios Finance Group , is a leading operator in Africa providing specialized financial solutions to Professionals and Individuals. We are operating in 9 Sub-Saharan countries (Burkina-Faso, Cameroon, Ivory Coast, Gabon, Kenya, Mali, Senegal, Tanzania and Zambia). Our Group is also present in North Africa (Algeria and Tunisia) through our main shareholder: Tunisie Leasing Group. 100GB of fresh data (last 3 years)",42545,2025-10-28,2025-10-28,2025-12-10,-0.8,69010efde1a4e4b3ff83a7ad,2026-09-17_page007.json
inc_ransom,partitio.com,FR,17000000,Proof,1,"About Partitio Partitio specializes in digital technologies aimed at enhancing human interaction within organizations. They provide services in information system management, including private cloud hosting and content management solutions. Their target clients include SMEs, retailers, and accounting professionals, with a focus on improving collaboration and data security. As a trusted partner, Partitio is certified in ISO 27 001 and HDS, ensuring high standards in their offerings",36910,2025-11-12,2025-10-27,2025-11-12,16.8,68feb914e1a4e4b3ff5ef260,2026-09-17_page008.json
inc_ransom,Evolve Mortgage Services,US,30000000,Proof,1,"Introducing Evolve Mortgage Services, the old company name mrn3.com. We stole more than 20 TB of company data. Including 2TB of databases. This company refused to resolve the issue with us with the security of its customers' data. This company does not care about the safety of its customers. They don't care about leaks and disclosure of your data. We have all the data on all clients of both companies since 2016. SSN numbers, scans of client IDs, home and work addresses, personal, home and work phone numbers, FULL credit history about each client. Personal and confidential PII form information for thousands of citizens of the United States of America.",40042,2025-10-30,2025-10-27,2025-10-31,2.6,68ff418ce1a4e4b3ff674713,2026-09-17_page009.json
inc_ransom,auge.com,US,20000000,Encrypted; Proof,2,"Industrias Auge S.A de C.V is a company that specializes in manufacturing and distribution of commercial and specialty alloy fasteners, including machined components. It offers alloy fasteners, machined components, anchoring systems, line pipe, boiler and heat exchanger tubing, casing tubing, platings & coatings, fittings, flanges, and structural material. The company was founded in 1965 and is based in Houston, Texas  We have contracts, data of all employees of the company internal mail, drawings and more at our disposal. We will share all this.",44404,2025-10-25,2025-10-26,2025-12-16,-1.4,68fe080ce1a4e4b3ff538e00,2026-09-17_page007.json
inc_ransom,dwgra.com,CA,5000000,Encrypted; Proof,2,"D. W. Gould Realty Advisors Inc. (“DWGRA”) is a privately owned, non-commission compensation Canadian brokerage offering. Derek Gould is President and the Broker of Record at D.W. Gould Realty Advisors Inc. He was Vice President at CBRE Limited from 1998 until June 2013 when he decided to open his own boutique brokerage. Mr. Gould works with corporations and individuals requiring brokerage services within the Greater GTA as well as across Ontario from west of London to Kingston and north to Sudbury / North Bay and further North.  We have at our disposal fiscal data, internal mail, data of all employees of the company, as well as strategic development plans.",44072,2025-10-26,2025-10-26,2025-12-16,-0.2,68fe0cbfe1a4e4b3ff53d421,2026-09-17_page007.json
inc_ransom,VZW Avalon,BE,1500000,Encrypted; Proof; AD Dump,3,"38554 File(s) 31,312,417,174 bytes",38805,2025-10-31,2025-10-26,2025-10-26,4.5,68fe4766e1a4e4b3ff57b999,2026-09-17_page009.json
inc_ransom,REPECHAGE,US,16800000,Encrypted; AD Dump; Proof; Stocks,4,"We have over 1 TB of personal data belonging to this organization, and all attempts at peaceful resolution have been completely ignored. Aware that the addresses, phone numbers, and job titles of individual employees, medical records, and complete data on clients and partners have been lost (and will undoubtedly be used for selfish purposes by a huge number of people), they have shown complete indifference—REPECHAGE we want you to know about this before it is too late.",39586,2025-11-03,2025-10-23,2025-11-14,10.6,68fa930fe1a4e4b3ff1d648e,2026-09-17_page008.json
inc_ransom,Kumwell,TH,19700000,Encrypted,1,"Kumwell deliver safety to society for life and property with a International Standard for Grounding System, Lightning Protection System, Surge Protection Lightning Detection and Warning System for safety and security in the infrastructure system in various countries such as Electricity sector (Electricity Generation, Solar Power Plant, Wind Power Plant or Transmission, Distribution) Transportation sector (Subway, Electric train, High-speed train, Airport, Port or Expressway) Telecommunications sector (Microwave Station, Radio Station, Television Station, Mobile Phone Station or Data Center) Industrial sector (Petrochemical Plant, Oil Refinery, Steel Factory and Farm) Building (Tower, Complex Building, Stadium, Hospital, School, Home, Castle or Temple) Kumwell focus on establishing brand awareness in business and technology through world trade shows in China, India, Saudi Arabia, United Arab Emirate, Malaysia, Philippines, Vietnam and Indonesia.",45848,2025-10-22,2025-10-21,2025-10-21,0.3,68f7c786e1a4e4b3ffef6de5,2026-09-17_page009.json
inc_ransom,"Shadrix & Parmer, P.C.",US,3000000,Proof,1,"Documents, correspondence, payments, clients",45865,2025-10-17,2025-10-17,2025-10-17,0.2,68f1c669fa0b6f4bdfca2d5f,2026-09-17_page009.json
inc_ransom,summitgolfbrands.com,US,27900000,Encrypted,1,"SUMMIT GOLF BRANDS specializes in high-end golf apparel and sportswear, selling products online and through leading country clubs and resorts worldwide. Their portfolio includes brands such as Fairway Greene, Zero Restriction, B. Draddy, and EP New York, with a presence in over 3,000 accounts across more than 25 countries. The company emphasizes quality through vertical integration for decoration and fulfillment, ensuring exceptional service. They cater to various clients including pro shops, corporations, and retailers, focused on delivering innovative and stylish apparel for golf enthusiasts. Employees: 125 Revenue: $27.9 Million Industry: Holding Companies & Conglomerates Phone Number:(212) 302-7255 760-607-7574 501-940-5393 203-722-2472 207-317-1954 203-984-1657 516-776-3298 203-402-9704 917-975-9357 585-967-0609 917-587-2409 540-270-5566 800-926-8010",42363,2025-10-18,2025-10-16,2025-10-16,2.4,68f0fd5bfa0b6f4bdfbd57f7,2026-09-17_page009.json
inc_ransom,baronespecialtysteel.com,US,5000000,Encrypted,1,"Bar One Specialty Steel specializes in providing high-quality specialty steel products tailored for various industrial applications. Their product offerings include a wide range of steel grades and forms designed to meet specific client needs. The company primarily serves clients in the manufacturing, construction, and automotive sectors. With a focus on exceptional customer service and precision engineering, Bar One aims to be a trusted partner in the steel supply chain. Employees: 25 Revenue: $5 Million Industry: Industrial Machinery & Equipment Phone Number:(877) 541-6421",42552,2025-10-14,2025-10-14,2025-10-14,0.0,68ee70fdfa0b6f4bdf94e7ef,2026-09-17_page009.json
inc_ransom,Benedict Industries,AU,45400000,Encrypted,1,"Benedict Industries, founded in 1966 and headquartered in Belrose, New South Wales, is a recycling and resource company specializing in civil, construction, landscaping, and recycled products.",45718,2025-10-09,2025-10-09,2025-10-09,-0.6,68e84577fa0b6f4bdf3a0b82,2026-09-17_page009.json
inc_ransom,NextGen Mold Technologies,CA,8000000,Encrypted,1,"NextGen Mold Technologies specializes in the injection mold industry, providing services such as feasibility studies, design, mold maintenance, engineering changes, and new tooling. The company is committed to delivering quick and effective results while exceeding customer expectations. With significant investment in technology and a dedicated team, NextGen has established a strong reputation for precision and timely delivery. Their intended clients include a range of partners seeking innovative solutions and high-quality service in mold manufacturing.",43465,2025-10-09,2025-10-09,2025-10-09,-0.6,68e843d9fa0b6f4bdf39f7f8,2026-09-17_page009.json
inc_ransom,https://www.tongapower.to/,TO,14100000,Encrypted,1,"TPL was established in July 2008 to act as the concessionaire in Tonga's concession based electricity regulation regime. TPL generates, distributes, and sells to all our commercial and domestic customers in Tongatapu, Vavaú, Haápai and Éua. Tonga Power's core purpose is to, ""Reduce Tonga's vulnerability to oil price shocks, and achieve an increase in quality access to modern energy services in an environmentally sustainable manner"" via its strategies and Business Plan and to be financially sustainable. As a state owned enterprise TPL continues to deliver the Government of Tonga's vision for the energy sector to, ""reduce Tonga's vulnerability to oil price shocks, and achieve an increase in quality access to modern energy services in an environmentally sustainable manner"".",43306,2025-10-09,2025-10-09,2025-10-09,-0.5,68e83ea6fa0b6f4bdf39ab61,2026-09-17_page009.json
inc_ransom,georgetown-brewing-co,US,12000000,Encrypted,1,"Georgetown Brewing Company is an independently owned craft brewery located in Seattle, known for its flagship beer, Mannys Pale Ale. The brewery transitioned from draft-only production to canning select beers and offers pints in its tasting room alongside kegs, growlers, and cans for customers to take home. Their focus remains on brewing high-quality, flavorful beer, with a lively atmosphere that encourages visitors to enjoy their offerings on-site or at local bars. Intended clients include craft beer enthusiasts and patrons looking to experience unique local brews.",46374,2025-10-09,2025-10-09,2025-10-09,-0.6,68e841defa0b6f4bdf39d9cd,2026-09-17_page009.json
inc_ransom,WELLSLANDSCAPING.COM,US,5000000,Encrypted,1,"We provide a comprehensive array of services for both commerical and residential properties. In addition to traditional lawn and garden care we offer onsite consultation, landscape design, installation, and maintenance. Wells Landscaping is fully licensed and insured - just another way we show ""You are important to us!"" Employees: 25 Revenue: $$5 Million Industry: Architecture, Engineering & Design Phone Number:(781) 963-6017",44147,2025-10-06,2025-10-05,2025-10-05,0.1,68e2fbfcfa0b6f4bdfef8990,2026-09-17_page009.json
inc_ransom,hillsidelibrary.org,US,5000000,Proof,1,"Hillside Public Library offers a number of options for patrons blind or visually impaired. Our Kurzweil software scans in any typewritten document and reads the document aloud to the patron. We also have 2 types of magnifiers. The first, the software-based Zoomtext, reads any computer-generated documents and files, including web/internet pages. Our other magnifier allows the user to increase the print size on documents and books. Employees: 25 Revenue: $5 Million Industry: Hospitality Phone Number:(973) 923-4413",44088,2025-10-05,2025-10-05,2025-10-05,0.1,68e1f7bffa0b6f4bdfe0de63,2026-09-17_page009.json
inc_ransom,stalkerradar.com,US,25300000,Proof,1,"Applied Concepts, Inc., d.b.a. Stalker Radar, was founded as a small contract engineering and manufacturing firm in 1975. Since that time, we have grown to be the United States premier manufacturer of police radar and Lidar in the United States. More state police agencies use our speed enforcement equipment than all other radar brands combined. Employees: 142 Revenue: $$25.3 Million Industry: Manufacturing Phone Number:(972) 398-3780",44523,2025-10-05,2025-10-05,2025-10-05,-0.0,68e1f834fa0b6f4bdfe0e5a6,2026-09-17_page009.json
inc_ransom,ocmaine.com,US,5300000,Encrypted,1,"Ouellet Construction is a family-led construction company specializing in commercial construction services in Southern Maine and the broader New England area. They are dedicated to delivering exceptional service through a collaborative and personalized approach that ensures projects remain on time and within budget. Their client base includes various sectors such as healthcare, manufacturing, non-profit, education, retail, and banking. With a focus on establishing enduring relationships, Ouellet Construction emphasizes integrity and consistency in all their projects. Employees: 25 Revenue: $5.3 Million Industry: Commercial & Residential Construction Phone Number:(207) 725-0100",44096,2025-10-05,2025-10-05,2025-10-05,-0.1,68e1e908fa0b6f4bdfe01689,2026-09-17_page009.json
inc_ransom,stockmeier-urethanes.com,DE,32700000,Encrypted,1,"STOCKMEIER Urethanes - the solutions we provide our customers are as varied as the possible requirements. As a specialized subsidiary within the STOCKMEIER Group, an organisation rich in tradition, we have been developing and producing polyurethane systems for a wide variety of applications since 1991. We offer products for sports facility floors for indoors and outdoors, adhesives and sealants for the industry, casting resins and potting compounds for the electrical industry and the production of moulded parts as well as polyurethane injection elastomers for resistant coatings. In our own development laboratories we find solutions that meet your requirements. Because of our production facilities in Germany, France and in the USA, we can offer you not only consultation and development, but we can also deliver the right product right to you. Employees: 127 Revenue: $32.7 Million Industry: Chemicals & Related Products Phone Number:+49 5261660680 ",43605,2025-10-03,2025-10-03,2025-10-03,0.0,68df2ef1fa0b6f4bdfba2a22,2026-09-17_page009.json
inc_ransom,Chapter 13 Texas,US,5000000,Proof,1,"We have over 150GB of private data, ranging from employee data to customer and partner data. The management of planoch13.com has completely ignored us. You have 24 hours before we publish.",44622,2025-10-08,2025-10-02,2025-11-12,5.5,68defd0dfa0b6f4bdfb76a48,2026-09-17_page008.json
inc_ransom,suntreeinternalmedicine.com,US,18000000,Proof,1,"Suntree Internal Medicine is a medical center located in the Suntree neighborhood of Melbourne, FL, offering a wide range of healthcare services including preventive care, diagnostic testing, and weight reduction programs. They emphasize personalized, compassionate care and aim to provide swift and efficient visits while maintaining a focus on patient comfort and wellbeing. The center is open seven days a week and provides same-day appointments for convenient access to healthcare. They also offer free in-house antibiotics to expedite recovery for their patients",45310,2025-10-01,2025-10-01,2025-10-11,-0.4,68dd995efa0b6f4bdfa3c1f2,2026-09-17_page009.json
inc_ransom,icc-nw.net,US,8000000,Encrypted,1,"ICC NW specializes in manufacturing custom stainless steel tanks, mixers, and reactors tailored for the food processing, beverage, and pharmaceutical industries. Based in Canby, Oregon, the company boasts a state-of-the-art 50,000 square foot facility that is capable of producing tanks of substantial size and according to various industrial standards. Their product lineup includes various innovative vessels such as smart mix tanks and computerized processing controls, along with patented components like the Sanifoil impeller and Sanibearing steady bearing. ICC NW also provides engineering and automation services, including installation and retrofitting, making them a comprehensive partner for industries in need of efficient processing solutions. Employees: 74 Revenue: $8.2 Million Industry: Industrial Machinery Phone Number:(503) 912-2727",43199,2025-10-01,2025-10-01,2025-10-01,0.3,68dca06dfa0b6f4bdf95a711,2026-09-17_page009.json
inc_ransom,callhci.com,US,5000000,Encrypted,1,"Heritage Communications is a B2B telecommunications provider based in Little Rock, Arkansas, specializing in high-quality Cloud and On-Prem VoIP services from NEC. They serve businesses throughout Arkansas and West Tennessee, offering scalable and customizable telecommunications solutions tailored to meet specific client needs. With over 30 years of industry experience, they prioritize customer experience and provide exceptional service and support. Their partnership with NEC enables them to deliver advanced technology and reliable communication solutions to their clients. Employees: 25 Revenue: $5.1 Million Industry: Cable & Satellite Phone Number:(501) 819-3100",42866,2025-10-01,2025-10-01,2025-10-01,0.3,68dc9fbcfa0b6f4bdf95a06a,2026-09-17_page009.json
inc_ransom,LAMMCO.NET,US,5000000,Encrypted,1,LAMMCO specializes in industrial furniture and construction specialties. The company focuses on providing high-quality products tailored for various industrial applications. Their intended clients include businesses in need of durable and functional furniture solutions. LAMMCO aims to meet the demands of the construction industry with innovative offerings. Employees: 25 Revenue: $5 Million Industry: Retail Phone Number:(765) 447-7400 CFO: Michael Smith,42903,2025-10-01,2025-10-01,2025-10-01,-0.1,68dc9c2bfa0b6f4bdf956036,2026-09-17_page009.json
inc_ransom,idealbathrooms.ie,GB,21400000,Encrypted,1,"Ideal Bathrooms is a leading bathroom distributor in the UK, offering a wide range of high-quality bathroom products including toilets, baths, basins, taps, and furniture. The company caters to both trade clients and retail customers through an online platform and physical showrooms. It features renowned brands such as Aqualisa, Duravit, and Grohe among others. Ideal Bathrooms aims to provide efficient service and support to businesses with tools like stock checks and account management online. Employees: 101 Revenue: $21.4 Million Industry: Home Improvement Phone Number:+44 1908278500",42617,2025-10-01,2025-10-01,2025-10-01,0.0,68dc9a42fa0b6f4bdf953c27,2026-09-17_page009.json
inc_ransom,Nacsworld.com,CA,112000000,Encrypted; Proof,2,"Founded in 1993 and headquartered in Morriston, Ontario, North America Construction LTD (NAC) is a general contractor and construction company. NAC provides Master Builder services to the municipal, civil, biofuel and energy marketplace.  We have contracts, internal mail, drawings and more at our disposal. We will share all this.",45640,2025-09-29,2025-10-01,2025-10-01,-2.0,68dc7966fa0b6f4bdf9322aa,2026-09-17_page009.json
inc_ransom,phi.ca,CA,5000000,Encrypted; Proof,2,"PHI Studio focuses its activities on the presentation and curation of immersive works in virtual reality (VR), augmented reality (AR) and extended reality (XR).",44615,2025-09-29,2025-09-29,2025-10-03,-0.4,68da5cbffa0b6f4bdf739e7a,2026-09-17_page009.json
inc_ransom,Manjarrez Impresores,MX,2000000,Encrypted; AD Dump,2,manjarrezimpresores.com.mx,43166,2025-08-29,2025-09-29,2025-09-29,-30.9,68da79befa0b6f4bdf753367,2026-09-17_page009.json
inc_ransom,Cholakyan Chiropractic,US,3000000,Proof,1,"Here at Cholakyan Chiropractic we have built chiropractic offices, which are very well equipped with state of the art physiotherapy modalities, chiropractic tables, traction units, a high frequency Digital X-ray machine and rehab/therapeutic exercise equipment. In combination with a well trained staff of Chiropractors and Chiropractic Assistants we give each patient a personalized treatment plan and regimen to ensure that we get the best possible results for our patients.",44895,2025-10-01,2025-09-29,2025-09-29,2.1,68da40fdfa0b6f4bdf7232ba,2026-09-17_page009.json
inc_ransom,Climatron,ZA,6000000,Encrypted,1,"HVAC equipment company. Bank payment data, taxes, and technical documentation",44795,2025-10-01,2025-09-28,2025-09-28,2.7,68d97b2cfa0b6f4bdf677fd7,2026-09-17_page009.json
inc_ransom,terex,CA,5000000,Proof,1,Terex Environmental Group is a leading Canadian consulting firm providing environmental technical guidance and regulatory liaison. We develop environmental programs with purpose that are technically sound and specifically designed for the energy sector. Our approach to planning and execution of environmental programs is tailored to client requirements and ensures alignment with regulatory frameworks.,43742,2025-10-05,2025-09-27,2025-09-27,8.2,68d78af4fa0b6f4bdf4d4767,2026-09-17_page009.json
inc_ransom,Cobra Rolamentos e Autopeças,BR,135000000,Proof,1,"Cobra Rolamentos e Autopeças é um distribuidor brasileiro de autopeças, motopeças e rolamentos, com forte atuação no mercado de reposição automotiva. Eles distribuem marcas reconhecidas no setor, possuem uma marca própria chamada Cobra Automotiva e operam com mais de 30 unidades de distribuição no Brasi",43772,2025-10-05,2025-09-27,2025-09-27,8.2,68d786ecfa0b6f4bdf4d0d8d,2026-09-17_page009.json
inc_ransom,TLD Law.com,US,30000000,Proof,1,"TLD Law is a Southern California law firm specializing in estate planning, business transactions, employment law, real estate, and civil litigation. They offer comprehensive legal services to both individuals and businesses, including corporate counsel, mergers and acquisitions, and trust administration.  ========================= In September, we downloaded corporate information from the company's server Tldlaw.com Their management decided not to contact us, so now we are publishing a small number of screenshots of internal corporate information. We own personal information of company employees, internal mail, financial information tldlaw.com",47616,2025-09-23,2025-09-24,2025-09-24,-1.4,68d3d1fefa0b6f4bdf1825e5,2026-09-17_page009.json
inc_ransom,Speed Art Museum,US,9600000,Proof,1,"The Speed Art Museum, originally known as the J.B. Speed Memorial Museum, now colloquially referred to as the Speed by locals, is the oldest and largest art museum in Kentucky. It was established in 1927 in Louisville, Kentucky, on Third Street next to the University of Louisville Belknap campus. It receives around 180,000 visits annually.",47136,2025-09-22,2025-09-23,2025-09-23,-1.7,68d2bf7cfa0b6f4bdf061fae,2026-09-17_page009.json
inc_ransom,CPK Interior,CA,75000000,Proof,1,"Cpk Interior Products, founded in 2010 and headquartered in Ontario, Canada, is a manufacturer of interior automotive components and products. The company specializes in producing high-quality parts for vehicle interiors, serving the automotive manufacturing industry with B2B solutions.",43612,2025-09-22,2025-09-22,2025-09-22,-0.7,68d18263fa0b6f4bdff37c07,2026-09-17_page009.json
inc_ransom,Pennsylvania Office of Attorney General,US,205000000,Encrypted; Proof,2,"Pennsylvania Office of Attorney General is a law enforcement official that protects and serves the agencies of the Commonwealth and citizens of Harrisburg, Pennsylvania. 5.7TB data leak, access to internal network of FBI and more... Data includes: Executive Office, Criminal Investigations PC, Financial Crimes, Security, Medicaid Fraud, Bureau of Investigative, Child Predator Section, Environmental Crimes, Retail Theft, Special Operations, Bureau of Narcotics, Word Templates, Celebrite. Contact us using report system and leave your tox for communication in case if you are interested.",46783,2025-09-25,2025-09-20,2025-10-14,4.6,68ce70ab115cdd9291e10134,2026-09-17_page009.json
inc_ransom,cardiofocus.com,US,29000000,Encrypted,1,"CardioFocus specializes in offering innovative tools for electrophysiologists to treat atrial fibrillation. Their advanced technologies, including the HeartLight X3 and Centauri System, leverage laser and PFA technology for precise and effective treatment. The company focuses on enhancing procedural efficiency and patient outcomes through shorter procedure times and advanced customization. Their primary clients are electrophysiologists looking to improve care standards in managing complex cardiac arrhythmias. Employees: 87 Revenue: $29.1 Million Industry: Retail Phone Number:(508) 658-7200",46578,2025-09-18,2025-09-18,2025-09-18,-0.1,68cc7151115cdd9291c502b5,2026-09-17_page009.json
inc_ransom,awo-ka-land.de,DE,5000000,Encrypted,1,"The AWO in the Karlsruhe district provides a wide range of social services and support for individuals of all ages, including childcare, youth assistance, and senior care. Their offerings encompass health and nursing services, social programs, and catering services, all delivered with a commitment to quality and care. With over 2,000 members across 18 local associations, AWO fosters community engagement through various activities and volunteer opportunities. The organization is dedicated to enhancing the quality of life in the region through its comprehensive and compassionate services. Employees: 25 Revenue: $5 Million Industry: Fitness Phone Number:+49 497251713010",42948,2025-09-24,2025-09-18,2025-09-18,6.1,68cc4f4c115cdd9291c2e4f2,2026-09-17_page009.json
inc_ransom,grupogid.com,US,11000000,Encrypted,1,"The company´s objectives were aimed to provide a high-quality service to allow customers to dedicate their main efforts towards achieving their specific goals. ""The company installed a high-quality customer service philosophy"" Employees: 63 Revenue: $11 Million Industry: Architecture Phone Number:+52 5512533200",45070,2025-09-17,2025-09-17,2025-09-17,0.0,68cb3543115cdd9291b147a3,2026-09-17_page009.json
inc_ransom,lindenlaw.com,US,5000000,Encrypted,1,"Howard T. Linden, P.C. is a Michigan-based law firm specializing exclusively in probate law, offering services such as wills, trusts, guardianships, and wrongful death settlements. With nearly 50 years of experience, the firm is known for its efficient and cost-effective probate services for attorneys, insurance companies, creditors, and families. The firm caters to both local and out-of-state clients needing assistance with probate matters in Michigan. Attorney Howard Linden's extensive knowledge and compassionate approach ensure that clients receive thorough and timely support throughout the probate process. Employees: 25 Revenue: $5 Million Industry: Law Firms Phone Number:(248) 358-4545",44949,2025-09-17,2025-09-17,2025-09-17,-0.1,68cb285f115cdd9291b0933f,2026-09-17_page009.json
inc_ransom,https://www.cnh.com/,GB,18000000000,Proof,1,\cnhi.tech 2tb,48024,2025-09-16,2025-09-17,2025-09-17,-0.3,68ca1590115cdd92919efc3c,2026-09-17_page009.json
inc_ransom,jsgroup,US,20000000,Encrypted; Proof,2,"JS Group International is a house of brands that encourages individual expression, authenticity, innovation and social responsibility. ‍ JS Group entered the North American fashion scene more than 50 years ago, having first made its mark in the evening wear market in 1971. Today, we have expanded into eight divisions, and are widely recognized as one of the leading suppliers of women's sportswear, dresses and evening wear, available in specialty stores, major chain stores and department stores worldwide, as well as on our brand websites.  Each of our brands, AMUR, Theia, JS Collections, Et Ochs, has a unique attitude that not only reflects the trends, but aims to instill confidence in all women, regardless of age or size. In addition, we hold licenses for BCBGMAXAZRIA, Halston and Kay Unger.",46409,2025-09-15,2025-09-15,2025-09-29,-0.6,68c820cf115cdd929181ab91,2026-09-17_page009.json
inc_ransom,Technology Assurance Group,US,5000000,Encrypted; Proof,2,"Technology Assurance Group is an organization of leading managed technology services providers (MTSPs) in the United States and Canada. TAG Members integrate all technology solutions including IT, cloud-based technologies, cybersecurity, telecommunications, AV, video surveillance, access control and managed print",45286,2025-09-15,2025-09-15,2025-09-18,-0.6,68c81d9c115cdd9291817c1b,2026-09-17_page009.json
inc_ransom,Venlogistics,NL,5000000,Encrypted; Proof,2,"Venlogistics is a European cargo network specializing in various logistics services including groupage, forwarding, and warehousing. They cater to clients needing efficient transport solutions, particularly for hazardous materials and urgent deliveries across Europe. The company offers tailored warehousing options for both short-term and long-term needs, ensuring optimal use of transport space. With a team of experienced professionals, Venlogistics aims to streamline the shipping process for their clients by connecting them with reliable carriers and subcontractors",45658,2025-09-15,2025-09-15,2025-09-17,-0.6,68c81bee115cdd9291816406,2026-09-17_page009.json
inc_ransom,CBL-SRL,IT,1000000,Encrypted; AD Dump,2,cbl@cbl-srl.it,44551,2025-09-05,2025-09-15,2025-09-15,-9.6,68c7c1be115cdd92917bfed2,2026-09-17_page009.json
inc_ransom,https://heritagegrowth.com/,US,5000000,Proof,1,"Founded in 2014, Heritage Growth Partners is a private, family investment office specializing in growth equity investments in collaboration with owner-managers. The firm emphasizes a patient and flexible capital approach, offering strategic, financial, and operational support to enhance long-term business growth. Heritage Growth Partners seeks to build true partnerships with management teams, understanding their goals and celebrating their entrepreneurial spirit. Their clients primarily include owner-managers looking for investment and collaborative resources to accelerate growth and increase value",47886,2025-09-14,2025-09-15,2025-09-15,-0.3,68c76d9c115cdd9291773adc,2026-09-17_page010.json
inc_ransom,http://www.hiec.com/,US,21000000,Proof,1,"H.I. Executive Consulting is a global executive search firm specializing in the recruitment of Board, CEO, and senior-level executives. The firm focuses on acquiring digital talent and transformational leaders to meet the needs of modern organizations. With a strong presence across the US, EMEA, and APAC, H.I.E.C operates through a united team in 14 international offices, providing tailored, expert advice for every assignment. Committed to promoting diversity, H.I.E.C helps clients attract a wide range of talent to foster innovative organizational cultures",47941,2025-09-14,2025-09-15,2025-09-15,-0.3,68c76cb2115cdd9291772e50,2026-09-17_page010.json
inc_ransom,www.roscovision.com,US,16000000,Proof,1,"Founded in 1907, Rosco, based in Jamaica, N.Y., is one of North Americas leading suppliers of backup camera systems , mirrors , visors , video recording , sensor products, collision avoidance systems and other visual safety solutions to the worldwide commercial vehicle market. For over a century, Roscos vision has remained exceptionally clear. We engineer and manufacture visual safety systems for all types of commercial fleet vehicles. The company is the largest supplier of mirror systems to the North American school bus market, selling to all major OEMs and parts distributors including Navistar/IC Corp., Freightliner/Thomas Built, Blue Bird, AM General, and many others. Our products are designed from real-world knowledge of the challenges that todays drivers face out on the open road. But thats not all. Rosco Vision systems are also designed to help fleet managers run a more efficient operation, fully compliant with all safety rules, regulations, and legislation.",47316,2025-09-14,2025-09-15,2025-09-15,-0.3,68c76ba6115cdd92917720ce,2026-09-17_page010.json
inc_ransom,"BRIGHT SYSTEM JAPAN CO., LTD",JP,1000000,Encrypted,1,"BRIGHT SYSTEM JAPAN CO., LTD. will support the IT infrastructure of Japanese corporations in Thailand. Currently, many Japanese corporations are expanding their business in Thailand. Therefore, we will not protect your data well, and it will be successfully leaked.",45420,2025-09-10,2025-09-13,2025-09-15,-3.0,68c51868115cdd929157100f,2026-09-17_page010.json
inc_ransom,Humax Holdings,KR,42000000,Encrypted; Proof,2,"We hacked Humax Holdings. https://holdings.humaxdigital.com/  Founded in 1989 as Humax Co., Ltd., the company changed its name to its current name in 2009 when it transitioned to a non-financial holding company. Its subsidiaries include Humax Co., Ltd., a global manufacturer of broadcasting/telecommunications gateways; Alticast Co., Ltd., a digital broadcasting software specialist; and Humax Mobility Co., Ltd., a total mobility solutions provider.  We have at our disposal fiscal data, internal mail, data of all employees of the company, as well as strategic development plans.",47046,2025-09-16,2025-09-12,2025-11-17,3.8,68c3b48c115cdd929142e936,2026-09-17_page008.json
inc_ransom,deerfield.com / singulargenomics.com,US,59000000,Proof,1,"================================================================================================ deerfield.com  Deerfield Management (""Deerfield"") is an American investment firm headquartered in New York City. It is focused on making public and private investments in the healthcare and biotechnology industries. Deerfield is considered to be one of the largest dedicated healthcare investment firms in the world. ================================================================================================ We hacked and compromised one of the many laboratories belonging to Deerfield: ================================================================================================ www.singulargenomics.com  A Singular Focus on Advancing Science and Medicine Our aim is to empower scientists to answer their most pressing questions, allowing them to forge a path of discovery without limits. Our commitment is to serve the scientific community through continuous and thoughful genomic innovation that's driven by real-world feedback and solution-oriented development. ================================================================================================  We downloaded about 20 TERABYTES of data from servers and Amazon storage. Including experiments, software sources, AI data, as well as research for the company's clients - fox chase, GeneDX, Juno, lexogen, HARVARD, siemens, and many others. Soon, anyone who wants and understands the issue will have the opportunity to study in detail the activities, research and experiments of this company. And to see who and why they are conducting their experiments in the field of gene engineering. Maybe it will become clearer why Deerfield is buying up pharmaceutical laboratories and what they want to achieve in the end. What do gene laboratories and government universities have in common? Everyone will soon be able to discover a lot of questions. ================================================================================================",34798,2026-04-09,2025-09-11,2025-11-25,209.8,68c258f8115cdd92912ff8f2,2026-09-17_page008.json
inc_ransom,cardinal-services.com,US,48000000,Encrypted,1,"Cardinal Services is a full-service staffing company founded in 1984 and headquartered in Coos Bay, Oregon. Employees: 50 Revenue: $48.7 Million Industry: Business Services Phone Number:(541) 888-9799",43517,2025-09-17,2025-09-11,2025-09-11,6.1,68c34311115cdd92913d390a,2026-09-17_page010.json
inc_ransom,www.melenco.com,AE,14000000,Proof,1,226gb data,48594,2025-09-12,2025-09-09,2025-10-29,2.4,68c04661115cdd929113c893,2026-09-17_page009.json
inc_ransom,Miesa,ES,5000000,Encrypted; Proof; Stocks,3,"Approximately 1.6 TB of data was downloaded.  Miesa Group is a COMPANY MADE UP OF 3 FIRMS: Miesa Group specialises in engineering, manufacturing, installation, start-up and maintenance services in the fields of industrial instrumentation, electricity and automation. Ever since it was established in 1983, as a result of the industrys demand for instrumentation and automation services, Miesa has grown to become a global leader in the industrial process control sector. Miesa Group currently employs 220 people in Spain and 82 abroad, with branches in Mexico, Ecuador and Dominican Republic. Having sustained a strong commitment to R&D+i over the last few years, we have become highly specialised in the latest industry-related technologies, as witnessed by the recent innovations in the areas of solar power and the environment",49771,2025-09-09,2025-09-09,2025-09-29,-0.4,68c00396115cdd92910f76ad,2026-09-17_page009.json
inc_ransom,Republica De Panama,PA,7500000,Encrypted; Proof,2,"We hacked the Ministry of Economy and Finance of Panama. We have more than 1.5TB data at our disposal, including: internal mail, confidential data, budgets and much more. We publish a small part of the information, but we will post a lot of interesting things in the public domain if the employees of the ministry do not make contact with us.",50590,2025-09-19,2025-09-05,2025-11-17,13.5,68bad625115cdd9291aa8ca6,2026-09-17_page008.json
inc_ransom,cphcorp.com,US,44100000,Encrypted,1,"CPH is a full service architectural and engineering firm providing design for public and private sector projects. The multi-disciplinary team includes architects, engineers (civil/structural/traffic/transportation/electrical/mechanical), planners, landscape architects, surveyors, environmental scientists and construction administrators. CPH works throughout the United States and the Caribbean, completing projects that include water and wastewater treatment, collection, and distribution systems, complete streets, roadways, parks and recreation, and commercial / industrial complexes. Employees: 257 Revenue: $44.1 Million Industry: Architecture Phone Number:(407) 322-6841",47381,2025-09-04,2025-09-04,2025-09-04,-0.3,68b9c097115cdd92919c6204,2026-09-17_page010.json
inc_ransom,sandg.local,US,5000000,Proof,1,https://shaferpartners.com/ law 370gb data ,50489,2025-09-03,2025-09-04,2025-09-04,-0.3,68b8e9c3115cdd92918ba5f7,2026-09-17_page010.json
inc_ransom,CANDhenterprises.com,US,23000000,Encrypted,1,"C&H Enterprises is an ISO compliant custom fabrication Job shop, as well as an industry leader in precision machining. Our experienced and diversified management staff is available to assist you in the design and development of your project. As part of our valued engineering service, we will insure that your parts are manufactured as economically as possible. We are proud of our ""Core Capabilities & Strengths"" which enable us to provide precision parts to the semi-conductor, medical, defense, and other industries by utilizing the following diverse fabrication capabilities: State-of-the-art CNC Machining Department State-of the-art Inspection Department In-house Leak Testing using a Helium Mass Spectrometer Leak Detector In-house Welding Dept. employs welders that are certified in a variety of metals and weld types for structural and vacuum welding under such qualifications as AWS DI.1 and AWS DI.2. Employees: 94 Revenue: $23.1 Million Industry: Industrial Machinery Phone Number:(510) 226-6083",47192,2025-09-04,2025-09-03,2025-09-08,1.0,68b8d303115cdd92918a1652,2026-09-17_page010.json
inc_ransom,stthom.edu,US,64000000,Encrypted,1,"The University of St. Thomas (UST) is Houston's Catholic University, committed to the religious, ethical and intellectual traditions of Catholic higher education. For more than 70 years, we've been graduating students like you into successful careers in medicine, education, business, public administration and more throughout Houston and across the globe. Our student body reflects the rich diversity of the city itself. We welcome undergraduate and graduate students of all faiths and of no faith. The campus is located in Houston's Museum District and Innovation Corridor, a diverse and vibrant urban environment with professional opportunities. We're just steps from downtown and the famed Texas Medical Center where many students perform prestigious internships. Read more about our mission and vision. Employees:300 Revenue:$64.9 Million Website:www.stthom.edu Phone Number:(713) 522-7911 Lambert, Anne -Vice President (713) 525-6999 Justin Puder -IT Manager (713) 525-3599 Alexander Thomas-Admins Operations Coordinator (713)942-5023",47727,2025-09-03,2025-09-03,2025-09-03,-0.3,68b86fbd115cdd929182b959,2026-09-17_page010.json
inc_ransom,Commission scolaire des Appalaches,CA,1600000,Encrypted; Proof,2,"Most of the archive (≈ 70%) contains critical or high-level information: personal data of students and employees, financial documents, legal documents, signatures. The medium level (≈ 20%) consists mainly of educational documents and administrative notes. The low level (≈ 5%) consists of auxiliary files.",47138,2025-09-02,2025-09-03,2025-09-03,-1.5,68b8543e115cdd92917fc683,2026-09-17_page010.json
inc_ransom,CESCONSULT,US,20400000,Encrypted; Proof,2,"CES Consultants, Inc. is a engineering firm that specializes in program management, construction management, and design-build solutions.firm founded in 2001 by Rudy M. Ortiz, PE, CGC. This is a small part of what we downloaded. https://cesconsult.com/",49420,2025-09-02,2025-09-02,2025-11-17,-0.4,68b6cb7e115cdd92916a4e6c,2026-09-17_page008.json
inc_ransom,schuler-service-group.de,DE,15700000,Encrypted,1,"Schuler Service Group is a comprehensive service provider specializing in garden and landscape construction, with expertise dating back to 1956. They offer year-round green maintenance services in urban and industrial areas, catering to clients in the real estate sector, municipalities, and the chemical industry. The company emphasizes the importance of green infrastructure for enhancing quality of life and environmental support. With a dedicated team of 270 employees, they operate across Germany, maintaining a strong regional presence through multiple branches. Employees: 285 Revenue: $15.7 Million Industry: Business Services Phone Number:+49 613699000 ",45753,2025-09-05,2025-09-01,2025-09-01,4.2,68b5e011115cdd92915a1469,2026-09-17_page010.json
inc_ransom,TESTCOMPANY,BB,11111111,Encrypted,1,test,27051,2026-02-21,2025-08-30,2025-08-30,175.1,68b2db80c7b82dfe0b27a526,2026-09-17_page010.json
inc_ransom,BDO Perú,PE,20000000,Encrypted; Proof,2,"We have access to the personal data of your department heads and their electronic signatures, as well as information and signatures of your clients, including accounting data and audit-related materials. In addition, we have obtained information on more than 500 companies — your partners and clients. For an organization that considers itself one of the world leaders, such a leak indicates extremely unsatisfactory handling of confidential information and a low level of information security.",49480,2025-08-29,2025-08-29,2025-09-01,-0.3,68b16a52c7b82dfe0b0f0809,2026-09-17_page010.json
inc_ransom,Manesa,MX,6400000,Encrypted; Proof,2,+52 614 481 1449|info@manesa.com,46898,2025-08-29,2025-08-29,2025-08-29,-0.3,68b17051c7b82dfe0b0f7b07,2026-09-17_page010.json
inc_ransom,www.sbdl.net,CA,4000000,Proof,1,"Purpose: To provide information and services to the residents of Sainte-Brigitte-de-Laval. Services: Environmental management, community engagement, recreational activities, public safety, and city planning.",49663,2025-08-29,2025-08-28,2025-08-28,0.6,68b0d2b3c7b82dfe0b05bbd9,2026-09-17_page010.json
inc_ransom,Kafka Conveyors & Equipment Inc,US,10000000,Proof,1,"Kafka Conveyors & Equipment Inc., offers a variety of conveyor types and sizes, such as stacking conveyors, transfer conveyors, and stackable conveyors. We also offer to our customers recycling portable picking station and portable shingle feeders. All conveyors are custom designed and suited toward our customers' needs and different kinds of materials. Our conveyors are used in a variety of applications, transferring and stockpiling a wide range of materials, stone, sand & gravel quarries, asphalt, coal, salt, woodchips, topsoil, recycling, concrete recycling, and scrap yards. They are also used in the loading and unloading in rail yards, ship and barg docks.",49368,2025-08-28,2025-08-28,2025-08-28,-0.9,68b0c35ac7b82dfe0b04eff5,2026-09-17_page010.json
inc_ransom,OB GYN Associates,US,10300000,Encrypted,1,"OB/GYN Associates offers comprehensive women's healthcare from obstetrics and pregnancy to gynecological care in Reno, Nevada.",48050,2025-08-29,2025-08-27,2025-09-19,2.2,68af6736c7b82dfe0beddacc,2026-09-17_page009.json
inc_ransom,climaxportable.com,US,40,Encrypted,1,"CLIMAX, founded in 1966 and headquartered in Newberg, OR., is a provider of portable machining, welding, and testing systems to optimize performance, efficiency, and safety within the Oil & Gas, Mining & Heavy Construction, Power Generation, Shipbuilding & Repair, and Transportation industries. Employees: 136 Revenue: $40 Million Industry: Industrial Machinery Phone Number:(503) 538-2185",48337,2025-08-27,2025-08-27,2025-09-03,-0.3,68af9064c7b82dfe0bf082a2,2026-09-17_page010.json
inc_ransom,allmaxnutrition.com,CA,5000000,Encrypted,1,"ALLMAX Nutrition is a professional grade supplements provider for advanced bodybuilding and training. The company is headquartered in North York, Ontario, Canada. Employees: 83 Revenue: $5 Million Industry: Retail Phone Number:(416) 223-4561",48248,2025-08-27,2025-08-27,2025-09-03,-0.3,68af2572c7b82dfe0be94412,2026-09-17_page010.json
inc_ransom,marlboroughpartners.com,GB,18000000,Proof,1,2tb data confidencial,49922,2025-08-25,2025-08-26,2025-08-26,-0.3,68acf929c7b82dfe0bc3d8fa,2026-09-17_page010.json
inc_ransom,Security First Credit Union,US,15000000,Proof,1,"Security First Credit Union is the largest locally-based credit union in the Rio Grande Valley, focusing on providing financial services for the community. They offer a variety of products including savings and checking accounts, loans, mortgages, and mobile banking solutions. Their target clients are individuals and families in the Rio Grande Valley looking for accessible banking options and support. The credit union emphasizes community involvement and member benefits, aiming to enhance financial literacy through workshops and education programs.",48863,2025-08-25,2025-08-25,2025-09-22,-0.9,68ace302c7b82dfe0bc22716,2026-09-17_page009.json
inc_ransom,marlboroughpartners.com,GB,1800000,Proof,1,"Marlborough Partners, based in London, Frankfurt and Madrid, provides specialist, independent advice to private equity firms, portfolio companies, public companies and corporates, on sourcing and structuring debt and other non-equity finance. Since 2003, the Marlborough team has advised on over 240 completed transactions - from the straightforward to the highly complex - comprising over 57.5bn of primary market debt issuance, waivers and amendments and loan restructurings in eleven European jurisdictions  2tb data",43265,2025-09-26,2025-08-25,2025-08-25,32.8,68aba8e5c7b82dfe0badd245,2026-09-17_page010.json
inc_ransom,"TAK Communications, Inc",US,300000000,Proof,1,"TAK Communications, Inc. is a nationally recognized Cable Installation Contract Firm for the Cable TV and Telecommunications industry. TAK provides a wide variety of services including Cable Installation, Fulfillment Services, Direct Sales, Underground Construction, Structured Cabling and more. TAK provides countless services for its Cable TV and Telecommunications business partners, with the overall customer experience at the forefront of our minds. Whether you are a TAK business partner, company employee, or consumer, expect nothing less than a positive and professional experience from everyone at TAK Communications, Inc. At TAK Communications, Inc. we understand any company is only as good as its employees and our employees are the most important part of our company. When becoming an employee at TAK Communications, Inc., you are part of a team that looks out for your best interests. We set our employees up for success and are happy to say we have countless veteran employees that are making their career with TAK Communications, Inc. Cable, Internet, Phone, Installation, Direct Sales",47533,2025-09-01,2025-08-22,2025-09-22,9.6,68a8e0c5c7b82dfe0b81fa30,2026-09-17_page009.json
inc_ransom,"Monterey Mushrooms, LLC",US,200000000,Proof,1,"Monterey Mushrooms, Inc. was initially established in 1971 as a single farm operation in Royal Oaks, California. Today, this multi-site business is headquartered in Watsonville, California, and has production, sales and administrative offices, internationally. Monterey is the country’s largest and only national marketer of fresh mushrooms, supplying products for sale to supermarkets, foodservice and ingredient manufacture operations, and for preparation of processed, canned, and frozen mushroom products. In 1999, the company furthered its expansion into the Midwestern and Southeastern regions via the acquisition of mushroom farms in Princeton, Illinois, and Orlando, Florida. Monterey also continued its expansion in the Pacific Northwest via contracted pounds from Canada - all pounds are packed and distributed under the Monterey Mushrooms label.",49269,2025-09-04,2025-08-22,2025-09-03,13.1,68a8dcf9c7b82dfe0b81a696,2026-09-17_page010.json
inc_ransom,omegabiotek.com,US,50100000,Encrypted,1,"Omega Bio-tek is an ISO 9001:2015 certified company specializing in nucleic acid isolation products for clinical and basic research, biotechnology, and agricultural applications. Founded in 1998, the company offers superior nucleic acid extraction technologies, including magnetic beads, silica membranes, and salting-out. These three methods are available in a wide range of various kits and configurations for a total of over 900 products for manual and automated processing. Employees: 145 Revenue: $50.1 Million Industry: Manufacturing Phone Number:(770) 931-8400 SANNIDHI ABHINAV 6462589152 Brandy Dailey +1 770 401 8694 Cynthia Chambers 9194957522 Icaza Ellen 770-596-0554",45916,2025-09-03,2025-08-22,2025-09-01,12.1,68a8e61cc7b82dfe0b8260c2,2026-09-17_page010.json
inc_ransom,Quadrangle Imaging Center,PR,5000000,Encrypted; Proof,2,Patients' personal data and related medical information Information for organizing appointments and feedback Accounting and finance mri@qicpr.com Tel. 787-746-1688 ct@qicpr.com xr@qicpr.com ,46873,2025-08-22,2025-08-22,2025-08-22,-0.8,68a8bc0ec7b82dfe0b7ece16,2026-09-17_page010.json
inc_ransom,EUROFILM ΜΑΝΤΖΑΡΗΣ Α.Ε,GR,5000000,Encrypted; Proof,2,info@mantzaris-film.com (+30) 27410 54900 info.ath@mantzaris-film.com (+30) 212 000 0001,47472,2025-08-20,2025-08-20,2025-08-20,-0.4,68a5fa40c7b82dfe0b4fd48b,2026-09-17_page010.json
inc_ransom,Netstar_South_Africa,ZA,148300000,Encrypted,1,"Netstar pioneered stolen vehicle tracking & recovery in South Africa in 1994, and continues to offer tracking & fleet management that matter.",47390,2025-08-20,2025-08-20,2025-08-20,-0.1,68a5cebfc7b82dfe0b4cf2f6,2026-09-17_page010.json
inc_ransom,Universal Group For Engineering and Consulting,PS,5000000,Encrypted; Proof,2,00972599671642 (Office) ug-admin@ug-maalem.com,47395,2025-08-20,2025-08-19,2025-08-21,0.7,68a4ee23c7b82dfe0b3e3a95,2026-09-17_page010.json
inc_ransom,Töller,BE,5000000,Encrypted; Proof,2,"1. Personal data of customers and interested parties. 2. Violation of data storage terms, including personal data. 3. Accounting and other financial data 4. Suppliers and partnership agreements 5. Marketing and analytical data 6. Internal processes and HR",48316,2025-08-15,2025-08-15,2025-08-15,-0.7,689f94c0c7b82dfe0be2f585,2026-09-17_page010.json
inc_ransom,MJets,TH,16000000,Encrypted; Proof,2,"MJets was founded in 2007 thanks to the visionary partnership between William E. Heinicke, an aviation enthusiast with an unquenchable passion for flying, and Kirith Shah, one of Thailand's most respected businessmen. By 2010, we had already made our mark in aviation history by becoming pioneers in the field of fixed-base operations (FBO) in Thailand. The database contains the personal data of more than 1500 people, financial information, and other internal files belonging to MJets.",48119,2025-08-15,2025-08-15,2025-08-15,-0.7,689f9222c7b82dfe0be2c7a5,2026-09-17_page010.json
inc_ransom,mycpaconnection.com,US,5000000,Encrypted,1,Employees: 25 Revenue:$5 Million Industry:Accounting Services Phone Number:(704) 878-9541 SENSITIVE DATA_$,48347,2025-08-16,2025-08-14,2025-08-14,2.7,689d8841c7b82dfe0bbff05a,2026-09-17_page010.json
inc_ransom,Louis Tieu DDS MD,US,5000000,Encrypted; AD Dump,2,"Dr. Louis Tiu was born in Taiwan and raised in Rowland Heights, California. After graduating from the University of California, San Francisco (UCSF) School of Dentistry, he continued his education in oral and maxillofacial surgery, earning two degrees: one from the UCSF School of Dentistry and the other from the University of California, Davis (UCD) School of Medicine. After receiving his medical degree from UCD, he completed his residency at UCSF. He is responsible for the leak of more than 500 pieces of personal data belonging to his clients",50299,2025-08-11,2025-08-11,2025-08-11,0.0,6899c53ac7b82dfe0b7dd41a,2026-09-17_page010.json
inc_ransom,Howard Financial & Associates,US,5000000,Encrypted; AD Dump,2,"Welcome to Howard Financial Corp Audit and compliance (LIP AUDIT 2023–2025) Customer databases (ACTIVE/INACTIVE blue files, customer lists) Internal procedures and templates (HOWARD FINANCIAL PROCEDURES) Working with partners (AIG, Allianz, Americo, etc.) Personal work logs and diaries Customer letter archives Financial and product materials Contracts and legal documentation You may also meet with one of the directors, Gregory P. Howard, and perhaps share his enthusiasm for homosexuality with Asian men. You will soon see everything.",50183,2025-08-10,2025-08-10,2025-08-10,-0.3,6898811ec7b82dfe0b66967e,2026-09-17_page010.json
inc_ransom,multichem.net,GB,9400000,Encrypted,1,"MULTICHEM: THE INK SPECIALISTS Creating inks since 1973, Multichem has earned a global reputation for quality, service and technical support. Employees: 43 Revenue:$9.4 Million Industry:Manufacturing Phone Number:+44 1434606085",52015,2025-08-07,2025-08-08,2025-08-27,-0.3,68959a4dc7b82dfe0b33fe17,2026-09-17_page010.json
inc_ransom,Afpa,FR,1100000000,Encrypted,1,"The Afpa Group Since 1949, Afpa has been the leading organization for vocational training leading to qualifications. Its primary mission is to provide training for employment. Created to meet the needs of France in the midst of reconstruction, the National Association for Adult Vocational Training has been the National Agency for Adult Vocational Training since January 1, 2017. They became a victim of the data breach. 5TB sensitive and personal data will be published soon in our blog.",55115,2025-08-06,2025-08-06,2025-08-06,-0.2,68938d1dc7b82dfe0b10065d,2026-09-17_page010.json
inc_ransom,Consumer Electronics & Computers Retail Retail,US,5000000,Encrypted; Proof,2,"Michelli Weighing & Measurement is a trusted provider in the Weighing & Measurement Industry since 1947 with thirty-seven locations throughout the US, offering ISO 9001 certified services. They specialize in calibration for precision instruments used in weighing, force, torque, pressure, dimensional, electrical, temperature, and frequency measurement. Michelli provides comprehensive scale services, maintenance, calibration, and equipment repair, with heavy capacity test trucks for convenient on-site services. They welcome clients across various industries and ensure seamless transitions with a dedicated team of experts.",51313,2025-08-06,2025-08-06,2025-08-06,-0.1,68934e30c7b82dfe0b0b1de8,2026-09-17_page010.json
inc_ransom,Radford City Schools,US,8400000,Proof,1,"Radford City Public Schools is a public school district in Radford, Virginia, serving approximately 3,690 students in grades PK-12. It is a highly-rated district, with strong performance in math and reading proficiency. The district includes two elementary schools, an intermediate school, and Radford High School. 100Gb sensitive, medical and personal data will be published soon in our blog.",54645,2025-07-31,2025-08-01,2025-08-01,-1.6,688cdabbc7b82dfe0baee088,2026-09-17_page010.json
inc_ransom,Carrollton Ear Nose and Throat,US,5000000,Proof,1,"Carrollton Ear, Nose and Throat, P.C. and the staff would like to welcome you to our website! We hope you find our website helpful when searching for information about our practice and your health needs. Our patients are very important to us and we want you to have the best possible experience while you are under our care. We are confident that you will find our staff dedicated to providing care of high quality and value. We look forward to serving you.",53813,2025-08-05,2025-07-31,2025-08-05,4.6,688bdec3c7b82dfe0b97ff72,2026-09-17_page010.json
inc_ransom,erichschleichgmbh.de,DE,5000000,Encrypted,1,"Erich Schleich GmbH is a company that operates in the Sporting & Recreational Equipment Retail industry. It employs 5to9 people and has 1Mto5M of revenue. The company is headquartered in Denklingen, Bavaria, Germany. Employees: 25 Revenue:$5 Million Industry:Retail Phone Number:+49 8243961968",51535,2025-07-31,2025-07-31,2025-08-02,-0.3,688bca59c7b82dfe0b963617,2026-09-17_page010.json
inc_ransom,carolynmyoung.com,US,5000000,Encrypted,1,"CMY Fiduciary Services is a premier firm in Northern California, boasting over 30 years of experience and a team of three certified fiduciaries. The company is dedicated to assisting Sacramento Valley residents with their fiduciary needs, providing reliable and personable services. CMY focuses on ensuring safety and security for its clients, evident in their strong reputation and positive testimonials. Their new office location in Fair Oaks, Sacramento, signifies their commitment to the community Employees: 25 Revenue:$5 Million Industry:Finance Phone Number:(916) 446-5555",51444,2025-07-31,2025-07-31,2025-08-01,-0.3,688bcf26c7b82dfe0b96a7e5,2026-09-17_page010.json
inc_ransom,wvpca.org,US,5000000,Encrypted,1,"The West Virginia Primary Care Association (WVPCA) is dedicated to providing accessible and affordable healthcare services throughout West Virginia. They support over 550 Community Health Centers that offer a wide range of medical services including primary care, dental, and mental health services. Aiming to serve the healthcare needs of West Virginians, WVPCA focuses on patient-centered care and community health initiatives. With a commitment to advocacy and quality improvement, their vision is to enhance healthcare delivery in rural areas. Employees: 25 Revenue:$5 Million Industry:Hospitals Phone Number:(304) 346-0032 Sherri Ferrell (President & Chief Executive Officer) Cell (304) 542-6114 Debra Boyd (Chief Financial Officer/Chief Operations Officer) Cell (304) 552-4477 Matthew Arthur (Communications Coordinator) Cell (304) 415-0024 Carolyn Canini (Director of School Based/Behavioral Health Services ) Cell (304) 550-1435 Megan Diehl (Communications Director) Cell (304) 549-1147 Jessica Haas (Director of Clinical Transformation) Cell (304) 544-4281 Aaron Johnson (Special Projects Director) Cell (304) 444-8602 Jessica Keathley (Health Data Analyst) Cell (304) 972-7793 Scot Mitchell (Director of Value Based & Managed Care Services) Cell (970) 640-5171 Shannon Parker (Director of Health Center Operations) Cell (304) 661-5741 Ruby Piscopo (Outreach & Enrollment Coordinator) Cell (304) 561-8195 Amanda West (Finance & Operations Manager) Cell (304) 639-2273",51074,2025-07-31,2025-07-31,2025-08-01,-0.3,688bc6e1c7b82dfe0b95e93d,2026-09-17_page010.json
inc_ransom,firstpresatl.org,US,5000000,Encrypted,1,"First Presbyterian Church of Atlanta is a Christian community dedicated to living by love, seeking transformation, and empowering servant leaders. It offers a wide range of services including children's and youth ministries, adult formation, and various community engagement initiatives. The church aims to create a nurturing environment for members of all ages, fostering a lifetime of faith and authentic relationships. Their mission extends beyond the church community, emphasizing missional living and the promotion of justice and dignity globally. Employees: 86 Revenue:$5 Million Industry:Organizations Phone Number:(404) 892-8461",50567,2025-07-31,2025-07-31,2025-08-01,-0.3,688bbc46c7b82dfe0b94ff58,2026-09-17_page010.json
inc_ransom,whiteconlee.com,US,5000000,Encrypted,1,"WC Development is a privately held real estate development and construction company based in San Antonio, Texas, primarily focused on the Austin, Dallas-Fort Worth, Houston, and San Antonio markets. Specializing in the multifamily sector, they offer services such as development, design-build, and general contracting, targeting upper-income renters with Class A and B communities. The company is committed to delivering high-quality residential environments, ensuring projects are completed on time and within budget, while also being environmentally conscious. With a robust management team and a focus on innovative financing solutions, WC Development aims to provide investors with above-average returns. Employees: 25 Revenue:$5 Million Industry:Commercial & Residential Construction Phone Number:(210) 492-1300 Matthew Conlee (Vice President Construction) (210)-669-1888 Matthew Greenwalt (General Superintendent Field) (210)-669-6646 Steve Vinson (Field Superintendent) (210)-788-9897 Todd Briscoe (512)-552-3248 Mike Futterer ((254)-541-3817)",50147,2025-07-31,2025-07-31,2025-08-01,-0.3,688bbb58c7b82dfe0b94eca0,2026-09-17_page010.json
inc_ransom,deliastamales.com,US,38000000,Encrypted,1,"Delia's specializes in delicious tamales, becoming a beloved staple in South Texas and gaining nationwide popularity. Known for offering a variety of tamales including pork, chicken, and sweet cream cheese, the company operates six locations throughout the Rio Grande Valley. Customers can conveniently order tamales online for delivery, making it easy to enjoy Delia's signature flavors from anywhere. With nearly 30 years of history, Delia's has built a reputation as the go-to destination for authentic and tasty tamales. Employees: 28 Revenue:$38.6 Million Industry:Transportation Phone Number:(956) 961-4565 Alberto Trevino (Operations) 956-227-8260 (ext 216) Elsa Gonzalez (Risk Manager) 956-904-8411 (ext 215) Blanca Sierra (HR Manager) 956-904-8412 (ext 211) Lupita Franco (Regional Mgr.) 956-227-8775 Luis Briones (Production) 956-212-8079 Anselmo Garza (Warehouse) 956-562-2415",49946,2025-07-31,2025-07-31,2025-07-31,-0.3,688bba58c7b82dfe0b94d8c5,2026-09-17_page010.json
inc_ransom,lynkspot.com,US,5000000,Encrypted,1,"Lynk,® was founded in 1979, and for the past 35 years we have been dedicated to developing innovative and creative products that make organizing your home easy. A pioneer in the consumer storage category, our intelligent designs have been awarded over 80 United States patents. We focus on the details and believe that quality matters. At Lynk,® we work hard to help you organize your life. Employees: 25 Revenue:$5 Million Industry:Manufacturing Phone Number:(913) 492-1852",50222,2025-07-31,2025-07-31,2025-07-31,-0.3,688bb8d7c7b82dfe0b94b2fe,2026-09-17_page010.json
inc_ransom,Dollar Tree,US,18000000000,Proof,1,"Dollar Tree, a Fortune 200 Company, operated 16,774 stores across 48 states and five Canadian provinces as of February 3, 2024. Stores operate under the brands of Dollar Tree, Family Dollar, and Dollar Tree Canada. To learn more about the Company, visit www.DollarTree.com. Dollar Tree, Inc. (NASDAQ: DLTR) announced that it acquired designation rights for 170 leases of 99 Cents Only Stores across Arizona, California, Nevada, and Texas. The deal was completed via two transactions in May that were approved by the United States Bankruptcy Court for the District of Delaware. As part of the transactions, Dollar Tree also acquired the North American Intellectual Property of 99 Cents Only Stores and select on-site furniture, fixtures, and equipment. They became a victim of the data breach. 1,2TB sensitive and personal data will be published soon in our blog.",54141,2025-07-30,2025-07-30,2025-07-30,-0.4,6889e3fec7b82dfe0b6dd8dc,2026-09-17_page011.json
inc_ransom,fsl.org,US,60000000,Proof,1,"Originally founded in Huntington in 1926 as a social service agency, Family Service League (FSL) has grown substantially since then to provide the support and security more than 60,000 Long Islanders rely on every day. With over 60 social service programs in more than 20 locations and committed staff and support personnel of approximately 700, they continue to serve Long Island’s most vulnerable citizens. From seniors seeking companionship and purpose and the homeless seeking shelter and nourishment to those suffering from addiction and mental illness and families working hard to stay together, FSL will continue to help their neighbors when they need it most. Family Service League became a victim of the data breach. 100Gb sensitive, medical and personal data will be published soon in our blog.",52957,2025-07-30,2025-07-30,2025-07-30,0.2,6889c456c7b82dfe0b6b3f6a,2026-09-17_page011.json
inc_ransom,seasonsfour.com,US,4000000,Encrypted,1,"Seasons Four was established in 1970 in Lexington, Massachusetts. It is a family owned business begun by Arthur and Connie Georgaklis and operated by their daughter, Laura Hopkins for the past 25 years. The Seasons Four team emphasizes customer service above all, from an old foot cap inquiry to a multi piece installation; we are motivated by the desire to find the perfect solution for our clients. Referrals from family, friends and acquaintances confirm consistent customer satisfaction and are the best form of advertising. Recognized as the Outdoor Living Store in New England, Seasons Four offers an outstanding selection of casual furniture, accessories, garden plants, statuary and fountains. Our sustained success could not have been achieved without long term partnerships with valued manufacturers; the benefits of which we share with you, our customer. Employees: 25 Revenue:$5 Million Industry:Retail Phone Number:(781) 861-1200",52249,2025-07-24,2025-07-24,2025-07-31,-0.3,6882b81bc7b82dfe0becf2ee,2026-09-17_page011.json
inc_ransom,teampostop.net,US,8100000,Encrypted,1,"TPO is the exclusive provider in the State of Florida for the Climaware CryoThermic bracing line. Climware products allow for any patient to enjoy the therapeutic benefits of cold and heat therapy directly from the brace itself. TPO has performance guarantees trough quantitative measures producing high customer satisfaction. TPO services over 5,000 adult and pediatric patients annually and is one of the largest DME companies in the State of Florida. Team Post OP agrees to: Commit to fill levels of 100% within 48 hours - excluding custom and specialty products and as requested by you. In accordance with patients' Bill of Rights, Team Post OP agrees to properly instruct the patient and/or caregiver on the proper use and maintenance of products. 24 hour/ 7 days per week emergency service for any product or service rendered. Bilingual staff and service technicians. All service representatives are fingerprinted, and have level 2 clearance thru AHCA. Employees: 32 Revenue:$8.1 Million Industry:Retail Phone Number:(305) 252-0963",51722,2025-07-24,2025-07-24,2025-07-28,-0.3,6882b8fcc7b82dfe0bed02c4,2026-09-17_page011.json
inc_ransom,Sementes Jotabasso,BR,28.9,Encrypted; Proof,2,We have received materials whose content not only raises serious questions but could also directly affect the reputation and sustainability of Sementes Jotabasso. These documents indicate the following: 1. Large-scale financial fraud and misrepresentation of accounts. 2. Illegal logging in violation of regulatory requirements. 3. Use of toxic and potentially hazardous ingredients in products. 4. Concealment of important information from regulatory authorities and partners. 5. Internal documents and correspondence revealing the true extent of what is happening.,52308,2025-07-23,2025-07-23,2025-07-23,-0.5,6881498bc7b82dfe0bd06d92,2026-09-17_page011.json
inc_ransom,www.reliablecontrols.com,US,54300000,Encrypted,1,"Founded in 1986, Reliable Controls is a company that designs and manufactures building control products for use in distributed control systems. Reliable Controls is located in Canada",53460,2025-07-22,2025-07-22,2025-08-14,-0.7,687fbb27c7b82dfe0bb02445,2026-09-17_page010.json
inc_ransom,Devon,CA,5700000,Proof,1,"Devon, April 21, 2013 - Tim Horton's Devon helps make the Great Devon Trash Bash a smash! The Great Devon Trash Bash, formerly called the Community Clean Up, is this Sunday, April 21st. Devon families, youth groups, community organizations and businesses are being encouraged to get out and get involved by putting together a team to pick up litter. Tim Horton's Devon is demonstrating its commitment to this community event by giving a re-useable mug to each member of the teams that register in advance. Tim Horton's Devon has also supplied the event with garbage bags and gloves to include in the team kits. To register, contact Kristin Walsh, Recreation Coordinator for the Town of Devon at 780-987-8331 or by email at kwalsh@devon.ca. Teams can choose to clean up their neighbourhood, a favourite park, a section of trail or anywhere in town (excluding the highway) that needs a good spring clean.",53280,2025-07-31,2025-07-22,2025-07-31,8.3,687ff86ec7b82dfe0bb4b86d,2026-09-17_page011.json
inc_ransom,reizenlaw.com,US,5000000,Encrypted,1,"At The Reizen Law Group we focus exclusively on personal injury law. This means that we have the skills, experience and insight necessary to aggressively advocate on behalf of accident victims. Whether you have been injured in a car accident, truck accident, motorcycle accident, slip and fall accident, boating accident, dog bite, or any other accident, we have the know how and experience necessary to maximize your recovery. Employees: 25 Revenue:$5 Million Industry:Legal Services Phone Number:(248) 554-3440",52488,2025-07-21,2025-07-22,2025-07-24,-0.3,687f206ec7b82dfe0ba4a1b9,2026-09-17_page011.json
inc_ransom,asi-group.com,CA,63700000,Encrypted,1,"ASI Group Ltd. (ASI) has been an industry leader in underwater inspection, maintenance and repair, and biofouling (mussel) monitoring and control services since 1987. Originally founded as Aquatic Sciences Inc. by a team of technical professionals, ASI has now grown to be much more. Our scope and depth of work has continually increased over the years, while our core business of marine inspections and mussel services remains consistent. Our strongest asset has been the ability to offer a full-service approach from initial problem identification to the development and implementation of the appropriate solution. Employees: 98 Revenue:$63.7 Million Industry:Construction Phone Number:(905) 643-3283 Pascal Larochelle 604-897-7530 Stu Simms 778-822-9041 Lina Saiapina 604-308-0353 Tristan Francis 289-237-5069 Douglas Ramsay 604-308-5925 Andrew Longua 215-272-4177 Aron Kerwer 778-837-7800 Jeremy Coleman 316-993-6728 Joe Matthews 604-790-0954 Tyler Parker 289-244-1218 Alex Sevensma 604-505-3351 ASI Group Ltd. Head Office 905-643-3283 ASI Port Coquitlam Office Tel: 604-472-5121; C: 604-308-0353",52987,2025-07-21,2025-07-22,2025-07-23,-0.3,687f1ca5c7b82dfe0ba45881,2026-09-17_page011.json
inc_ransom,neues-leben.de,DE,5000000,Encrypted,1,"Langeweile? Wir bieten Ihnen die ersten theologischen Online-Kurse kostenfrei an. Klicken Sie einfach rein. Dieses Jahr können Sie bei NEUES LEBEN 5-mal mehr Ferien machen, als bisher! Wir haben unser Angebot im groen Stil erweitert und verbessert. Schauen Sie mal rein. Entmutigt? Hier finden Sie Mut für jeden Tag - durch eine kurze Predigt, die Sie einfach am Telefon hören können. Sie können uns heute ganz praktisch helfen. Bitte melden Sie sich für unseren E-Mail-Freundesbrief an. Damit sparen wir Versandkosten und Sie erhalten zeitnah aktuelle Informationen und Berichte aus der Missionsarbeit von NEUES LEBEN. Wir möchten Sie gerne auf dem Laufenden halten, was wir in diesen Tagen an guten seelsorgerlichen und missionarischen Inhalten vorbereiten. Gerade jetzt ist das für uns wichtig. Die Missionsarbeit über die Medien kann das Virus nicht aufhalten, und diesen Weg möchten wir umso mehr nutzen, gerade jetzt, wo Menschen sich immer mehr in ihre vier Wnde zurückziehen. Employees: 25 Revenue:$5 Million Industry:Education Phone Number:+49 26812395",52713,2025-07-21,2025-07-22,2025-07-23,-0.3,687f1a36c7b82dfe0ba4224f,2026-09-17_page011.json
inc_ransom,hitachi-tds.com,US,69500000,Encrypted,1,"Hitachi T&D Solutions, Inc. is a premier international supplier of electrical equipment including dead tank high-voltage circuit breakers, gas-insulated switchgear, transformers, and generator main circuit breakers. One of the company's recent accomplishments is the creation of the industry's first environmentally conscious high voltage vacuum circuit breaker, a 72.5kV dry air insulated solution that eliminates SF6 gas. It provides exceptionally low maintenance and operation costs, and poses no threat to the environment as the insulating dry air can be released into the atmosphere with no adverse consequences. Hitachi T&D Solutions, Inc. is dedicated to continuing the expansion and integration of its present products while developing new and improved product solutions to meet future energy demands. Employees: 120 Revenue:$69.5 Million Industry:Manufacturing Phone Number:(770) 495-1755",52556,2025-07-21,2025-07-22,2025-07-23,-0.3,687f0477c7b82dfe0ba27efb,2026-09-17_page011.json
inc_ransom,csaas.com,US,5000000,Encrypted,1,"CSaaS offers custom hosted software solutions and managed IT services, focusing on delivering quality Net-Native technology solutions tailored to individual clients. With nearly 30 years of experience, they provide support for businesses with complex IT needs through managed IT services, remote backups, and more. Their offerings include software solutions for event management, CRM, data tracking, and telecom services. As a Microsoft Silver Independent Software Vendor, CSaaS prides itself on developing custom applications and innovative IT solutions that help businesses operate faster and more securely. Employees: 25 Revenue:$5 Million Industry:Software Phone Number:(864) 248-4957",51446,2025-07-21,2025-07-22,2025-07-22,-0.3,687f004ec7b82dfe0ba23dc7,2026-09-17_page011.json
inc_ransom,TOMEI GROUP Inc.,JP,5000000,Encrypted; Proof,2,1,52019,2025-07-22,2025-07-22,2025-07-22,-0.5,687f8bd5c7b82dfe0bac795a,2026-09-17_page011.json
inc_ransom,nboat.com,US,9000000,Encrypted,1,"Established in 1984, the National Boat Owners Association (NBOA) aims to accommodate all aspects of the boating lifestyle. They offer towing memberships with industry benefits as well as discounted boating safety products and specialty items on their online ship's store LifejacketsPlus.com. In addition to its membership base, NBOA is one of the largest marine insurance agencies in the country (NBOA Marine Insurance), providing every one of its customers with A+ rated coverage and affordable premiums. Employees: 27 Revenue:$9.6 Million Industry:Insurance Phone Number:(941) 360-6777",51624,2025-07-21,2025-07-22,2025-07-22,-0.3,687ef6b0c7b82dfe0ba1b1ef,2026-09-17_page011.json
inc_ransom,heartlineoklahoma.org,US,5000000,Encrypted,1,"HeartLine OK provides a comprehensive resource platform designed to help individuals find various services, programs, and facilities related to health and wellness. They offer access to an extensive library of articles and interactive tools covering topics such as mental health, substance use, and chronic diseases. Their intended clients include community members seeking assistance with health, housing, employment, and other essential services. HeartLine OK aims to empower users by facilitating access to critical care coordination and support resources. Employees: 26 Revenue:$5 Million Industry:Organizations Downloaded: 20GB",51637,2025-07-21,2025-07-22,2025-07-22,-0.3,687ef507c7b82dfe0ba19197,2026-09-17_page011.json
inc_ransom,dtxstudio.com,US,3000000,Encrypted,1,"DTX Studio is a company that provides software for dental professionals that keeps imaging data together for diagnostics, treatments, and follow-ups. They are based in Brea, California. Employees: 324 Revenue:17.8 Million Industry:Software",54675,2025-07-21,2025-07-22,2025-07-22,-0.3,687ef781c7b82dfe0ba1bfda,2026-09-17_page011.json
inc_ransom,scaffoldsolutions.com,US,9200000,Encrypted,1,"Scaffold Solutions Inc. is a premier provider of commercial and industrial scaffolding products, renowned for its high level of service, expertise, and reliability. The company offers a diverse range of scaffolding solutions, including frame scaffolds, Cuplok systems, shoring, platforms, trash chutes, stair towers, and pedestrian canopies. Their services extend to safety compliance, training, drug testing, and audits, ensuring adherence to industry regulations. Scaffold Solutions primarily caters to clients in the commercial and industrial sectors, seeking reliable scaffolding solutions. Employees: 66 Revenue:$9.2 Million Industry:Manufacturing Downloaded: 19GB Phone Number:(707) 561-7712",51154,2025-07-21,2025-07-21,2025-07-22,-0.3,687eccebc7b82dfe0b9f3130,2026-09-17_page011.json
inc_ransom,www.lincecomercial.com,CO,20500000,Encrypted; Proof,2,Lince Comercial is a company that operates in the Cable & Satellite industry.  We publish a small part of what we have!,53605,2025-07-24,2025-07-17,2025-12-09,6.5,6878e629c7b82dfe0b272f9d,2026-09-17_page007.json
inc_ransom,www.labiennale.org,IT,18100000,Encrypted; Proof,2,"The Venice Biennale was founded in 1895 and is considered one of the most renowned and prestigious cultural institutions in the world. At the forefront of research and the dissemination of new contemporary artistic trends, the Venice Biennale organizes exhibitions, performances, research, and educational activities in all its Departments—Art (1895), Architecture (1980), Cinema (1932), Dance (1999), Theatre (1934), and Music (1930).  PRESIDENT Pietrangelo Buttafuoco  Now we know how much the The Venice Biennale earns, how much money sponsors and other partners transfer to them! We publish only a small part of 800+ gigabytes of data!",59590,2025-07-24,2025-07-17,2025-12-08,6.5,6878e300c7b82dfe0b27052c,2026-09-17_page007.json
inc_ransom,www.entecheng.com,US,19500000,Encrypted; AD Dump,2,"Entech Engineering, Inc. specializes in providing engineering design, planning, and consulting services, focusing on various sectors including civil, mechanical, electrical, and environmental disciplines. Their services cater to a diverse clientele, including municipalities, educational institutions, healthcare facilities, and industrial manufacturers.  Adress: 201 Penn St Ste 300, Reading, Pennsylvania, 19603, United States  We downloaded a lot of important information: projects, budgets, information about partners Entech Engineering, Inc.! In the screenshots, only a small part of what we have!",53714,2025-07-24,2025-07-17,2025-11-17,6.6,6878deebc7b82dfe0b26c9bf,2026-09-17_page008.json
inc_ransom,Vitec,US,5000000,Encrypted; Proof,2,"VITEC's suite of contact center solutions can help you optimize customer satisfaction, service, training, and improve the overall experience of your center.",55068,2025-07-17,2025-07-17,2025-08-20,0.0,6878c7f2c7b82dfe0b25b302,2026-09-17_page010.json
inc_ransom,Сomet-strip-enterprises-ltd,CA,5000000,Encrypted,1,"Comet Strip Enterprises Ltd is a leading Canadian national importer specializing in an extensive selection of seasonal items and general merchandise, boasting over 13,000 products. They cater to a diverse range of categories including Christmas, Halloween, footwear, and summer merchandise. The company prides itself on providing excellent customer service and a top-notch product selection. Their intended clients include retailers and consumers looking for quality seasonal and general merchandise.",55638,2025-07-17,2025-07-17,2025-08-06,0.0,6878c871c7b82dfe0b25b70e,2026-09-17_page010.json
inc_ransom,TERENCE C RINGLAND & CO PTY LTD,AU,5000000,Encrypted,1,"Industry: Accounting, Tax Preparation, Bookkeeping, and Payroll Services , Professional, Scientific, and Technical Services , Accounting, auditing, and bookkeeping",55866,2025-07-17,2025-07-17,2025-08-06,-0.0,6878c9dbc7b82dfe0b25c37a,2026-09-17_page010.json
inc_ransom,Secountryvets_AU,AU,8000000,Encrypted,1,"South East Country Vets provides a wide range of veterinary services for companion animals, equines, and livestock, with a commitment to the health and well-being of all animals. Their team of trained professionals offers preventative health advice and personalized care, treating pets and livestock with the utmost compassion. They cater to clients in and around Esk, Kilcoy, Highfields, and beyond, and also offer specialized health packages for pets and horses. The clinic operates an emergency service and aims to make veterinary care accessible and affordable for their clients.",55273,2025-07-17,2025-07-17,2025-08-06,-0.0,6878caacc7b82dfe0b25d2b5,2026-09-17_page010.json
inc_ransom,Wingpoh_SG,SG,5800000,Encrypted,1,"WING POH HARDWARE PTE LTD is a leading distributor of high-quality industrial, automotive, and garden tools in Singapore, offering products from renowned international brands. With 30 years of industry experience, the company serves a diverse clientele looking for reliable hand tools and abrasive products. Their extensive product range includes items like air impact wrenches, cordless electric screwdrivers, and various specialized tool accessories. Clients include both professionals and DIY enthusiasts seeking a one-stop solution for their hardware needs.",54829,2025-07-17,2025-07-17,2025-08-06,-0.0,6878d2cac7b82dfe0b262bf8,2026-09-17_page010.json
inc_ransom,"Crompton Lamps, UK",GB,7900000,AD Dump; Proof,2,"Crompton Lamps is one of the oldest lamp businesses in the world, founded in 1878 by the late Colonel Crompton, an entrepreneur with an interest in electricity. He designed and installed some of the earliest recorded electric lighting installations at buildings such as Windsor Castle and Holyrood Palace. In 1927 Colonel Crompton formed a partnership with Frank Parkinson and together they founded Crompton Parkinson which developed into a substantial manufacturing business producing a whole range of industrial electrical products.",55545,2025-07-17,2025-07-17,2025-08-04,-0.0,6878d37dc7b82dfe0b2635dc,2026-09-17_page010.json
inc_ransom,HTC_Högtryckscenter_Sweden,SE,1000000,Encrypted,1,"About us Högtryckscenter has been operating since 1984. Our head office is located in Gothenburg. We have three agencies in Sweden.  Goupil electric work vehicles, we have a careful selection of accredited partners throughout Sweden. Our customers are municipalities, housing companies, the Swedish church, private actors and industry. Dynajet high-pressure washers, sales are handled through a careful selection of dealers in Sweden. Customers are in the sanitation industry, municipalities and industry. Glutton electric square / street vacuum cleaner. High pressure centers build and design car washes for all types of vehicles. Fully customized to meet tomorrow's requirements for efficiency and environmental requirements.  Furthermore, we present the market's widest range of cleaning machines, high-pressure washers, industrial vacuum cleaners, cleaning tools and chemicals.  Translated with DeepL.com (free version)",53470,2025-07-17,2025-07-17,2025-07-28,-0.0,6878d4ecc7b82dfe0b2648e6,2026-09-17_page011.json
inc_ransom,Huize Sint-Augustinus_BE,BE,1000000,Encrypted,1,"Huize Sint-Augustinus, a non-profit organization, has a revenue of $16.3 million. It is located in Belgium. The organization has 45 employees.",53689,2025-07-17,2025-07-17,2025-07-28,-0.0,6878d6d8c7b82dfe0b2660f4,2026-09-17_page011.json
inc_ransom,www.marvimundo.com,ES,50000000,Proof; Encrypted,2,We downloaded the date of this company back in early May. Enjoy your viewing,57123,2025-07-15,2025-07-15,2025-12-02,-0.4,68763becc7b82dfe0b0855af,2026-09-17_page007.json
inc_ransom,Otjiwarongo Municipality,NA,9900000,Proof,1,"Otjiwarongo offers stable, efficient and helpful local government, endless potential for investors, both in the industrial and commercial sectors as well as attractive residential areas, excellent schools, and modern medical facilities. Otjiwarongo Municipality works hard to live up to its vision statement, ""We Commit to make Otjiwarongo a vibrant Socio-economic Powerhouse"". One of the Council's objectives is to ensure growth and development and to create self-sustainability and prosperity in the business sector. Otjiwarongo is ready for further development and offers a profusion of profitable business opportunities, peace and stability, together with a skilled and semi-skilled flexible labour force. Otjiwarongo, the cheetah capital of the world, has maintained its status of stable average economic performance. Businesses enjoy the support of a strong Council, whose prime focus is on local economic development and value-added services and benefits.",56391,2025-07-14,2025-07-15,2025-07-15,-1.6,68766087c7b82dfe0b09f879,2026-09-17_page011.json
inc_ransom,National Institute of Water Resources,DO,10000000,Encrypted; Stocks,2,The National Institute of Hydraulic Resources (INDRHI) is the entity responsible for conserving and efficiently using water resources.,54294,2025-07-14,2025-07-11,2025-07-11,2.4,68712b9ac7b82dfe0bc88929,2026-09-17_page011.json
inc_ransom,communitycareresources.com,US,3000000,Encrypted,1,"Community Care Resources (CCR) Wisconsin is a private foster care agency dedicated to providing hope and healing for children in the foster care system. They support families across Wisconsin by educating, training, and licensing foster parents to care for children, including sibling groups, with trauma histories. The agency emphasizes trauma-informed care and offers comprehensive 24/7 support services to foster families. CCR Wisconsin aims to match hundreds of children in need with loving foster homes, ensuring that children from various backgrounds feel safe and loved. Employees: 33 Revenue:$5 Million Industry:Non-Profit Downloaded: 12GB Phone Number:(800) 799-0450",56385,2025-07-10,2025-07-10,2025-07-22,-0.3,68700a7ec7b82dfe0bb937e8,2026-09-17_page011.json
inc_ransom,tiergesundheitszentrum-koenigslutter.de,DE,500000,Encrypted,1,Your small animal practice for Königslutter and the entire region Welcome to the Königslutter Animal Health Center – your veterinary practice for Königslutter and the entire region. Employees: 24 Revenue:$5 Million Downloaded: 12GB,56377,2025-07-10,2025-07-10,2025-07-22,-0.3,687000e9c7b82dfe0bb8c2ad,2026-09-17_page011.json
inc_ransom,bayviewci.org,US,5000000,Encrypted,1,"The Bayview Hunters Point Foundation empowers the community through various education and health initiatives, focusing on social justice and community health services. Established in 1971, it addresses critical issues such as behavioral health, homelessness, housing, food insecurity, and incarceration reintegration. The foundation primarily serves multicultural disadvantaged individuals and families in San Francisco, promoting healing, empowerment, and justice. With a dedicated approach, the organization aims to provide dignity and fulfillment to its clients and the broader community. Employees: 58 Revenue:$5 Million Industry:Medical Downloaded: 15GB Phone Number:(415) 468-5100",56114,2025-07-10,2025-07-10,2025-07-22,-0.3,6870038bc7b82dfe0bb8e775,2026-09-17_page011.json
inc_ransom,brennytransportation.com,US,18000000,Encrypted; Proof,2,"Brenny Transportation, headquartered in Central Minnesota, is a premier transportation and logistics company specializing in the safe and efficient delivery of goods to businesses and individuals across the nation. They offer a wide range of services, including long-haul trucking, last-mile delivery, and logistical solutions tailored to the unique needs of their clients. The company serves various customers, from manufacturers and distributors to retailers and individuals, and is dedicated to providing reliable, timely, and cost-effective transportation services. With a focus on grand champion customer service and a commitment to safety, Brenny Transportation is well-equipped to handle all transportation challenges Employees: 73 Revenue:$18.3 Million Industry: Transportation Downloaded: 45GB Phone Number:(320) 363-6999",56002,2025-07-10,2025-07-10,2025-07-22,-0.3,686ffd3bc7b82dfe0bb88dcc,2026-09-17_page011.json
inc_ransom,Lamberts Business Systems,NZ,5000000,AD Dump; Proof; Stocks; Encrypted,4,"WELCOME TO LAMBERTS Established for over 40 years our name says it all. We specialise in business systems and services. We are total computer hardware and network providers, copier and printer suppliers. Our technical service includes Microsoft Certified Systems Engineers and we are an authorised Hewlett Packard and Canon service centre. It is because of the quality of our services that all these companies, and us included, have suffered INC RANSOM. https://www.qds.nz https://itm.co.nz https://www.innesdean.co.nz https://www.genoese.co.nz https://www.atstimber.co.nz https://www.customblinds.co.nz https://kitchens.mastercraft.co.nz https://www.timbersaws.co.nz https://www.lonsdalehospital.co.nz https://www.vautierpharmacy.co.nz https://www.totarahouse.co.nz https://theoc.co.nz http://coural.co.nz https://resonant.co.nz https://www.prenail.co.nz https://www.pearce.co.nz https://opd.co.nz https://www.mcintoshfarmmachinery.co.nz https://theoc.co.nz",54584,2025-07-14,2025-07-09,2025-07-15,4.9,686e8d2fc7b82dfe0ba7f988,2026-09-17_page011.json
inc_ransom,TBC,SA,38400000,Proof,1,"TBC is a Governmental project management company, owned fully by PIF, founded to undertake building and maintaining educational buildings, with the highest standards and quality. The company provides an integrated series of services in Operations & Construction, Facility Management, Investment & Asset Management, and Privatization & Vision 2030 Support.",57894,2025-07-08,2025-07-09,2025-07-09,-1.7,686e8fc3c7b82dfe0ba81ef4,2026-09-17_page011.json
inc_ransom,Majestic,PH,5000000,AD Dump; Proof,2,FULL,55067,2025-07-09,2025-07-09,2025-07-09,-0.6,686e84a4c7b82dfe0ba78e73,2026-09-17_page011.json
inc_ransom,jubileejobs.org,US,5000000,Encrypted,1,"Jubilee Jobs is one of the longest-serving and best non-profit workforce development providers in the Greater Washington Region. Jubilee Jobs programs offers hope for jobseekers all over Washington, DC as they strive to overcome often extensive barriers that result from unemployment, learning disabilities, former incarceration, and alcohol/substance abuse. Some individuals desire to leave behind reliance on public subsidies. Others start with little work experience, large gaps in work history, communication or language barriers, low education or weak job proficiency. Jubilee Jobs sees beyond these circumstances and assists every applicant as they take steps toward a better life. At Jubilee Jobs, we pride ourselves on encouraging every applicant throughout the entire job process. The process begins with initial meetings with job counselors, moves to workshops (interviewing skills, conflict resolution, goal-setting) and ends with the individual obtaining a job. Employees: 32 Revenue:$5 Million Industry: Business Services Downloaded: 10GB Phone Number:(202) 667-8970",57413,2025-07-07,2025-07-07,2025-07-10,-0.3,686b9aeec7b82dfe0b820d1f,2026-09-17_page011.json
inc_ransom,tsaworld.com,US,5000000,Encrypted,1,"TSAworld Inc. specializes in providing a wide range of office equipment and supplies including projectors, printers, copiers, and scanners, as well as their associated parts and maintenance kits. Their products cater to clients seeking technical expertise and quality office solutions. The company also offers resources such as credit applications and an exchange program to enhance customer support. Operating from Peachtree Corners, GA, TSAworld emphasizes customer service and support for all their offerings. Employees: 25 Industry: Retail Downloaded: 25GB Phone Number:(770) 417-2323",56881,2025-07-07,2025-07-07,2025-07-10,-0.3,686b9a0bc7b82dfe0b8200b7,2026-09-17_page011.json
inc_ransom,k12albemarle.org,US,260000000,Encrypted; Proof,2,"Working together as a team, we will end the predictive value of race, class, gender, and special capacities for our childrens success through high quality teaching and learning for all. We seek to build relationships with families and communities to ensure that every student succeeds. We will know every student. Working together as a team, we will end the predictive value of race, class, gender, and special capacities for our childrens success through high quality teaching and learning for all. We seek to build relationships with families and communities to ensure that every student succeeds. We will know every student. Working together as a team, we will end the predictive value of race, class, gender, and special capacities for our childrens success through high quality teaching and learning for all. We seek to build relationships with families and communities to ensure that every student succeeds. Employees: 1,339 Industry: Education Downloaded: 229GB Phone Number:(434) 972-4001",54147,2025-07-11,2025-07-03,2025-07-09,8.4,68668bdfc7b82dfe0b3d564f,2026-09-17_page011.json
inc_ransom,erniesinceresco.com,US,9500000,Encrypted,1,"We offer a wide selection of furniture, mattresses, flooring, appliances and electronics from the most popular brands. Come and visit us today! See our exclusive selection on Ashley, Smith Brothers,England, Flexsteel, Sealy, Tempur-pedic, Beautyrest, Serta, Liberty, La-Z-Boy, Hunter Douglas Window Fashions, LEES, Karastan, Whirlpool, GE, Samsung, Sony, Kinetico water systems and much more! © 2017 Ernie's Store Inc. All Right Reserved. Website powered & designed by Tailbase. Prices, configurations, promotions, and in-store availability may change without notice. All product photos are for illustrative purposes only. Photos displayed on website may contain optional items that are not included in the default configuration for that system. Actual Furniture may vary in design. Employees: 88 Industry: Retail Downloaded: +30GB Phone Number:(402) 665-3151 ",52383,2025-07-18,2025-07-02,2025-07-17,16.4,68653e1aba689080139e180a,2026-09-17_page011.json
inc_ransom,cityofgardendale.com,US,5000000,Encrypted,1,"Gardendale Fire and Rescue is currently providing services to our community with a roster consisting of a fulltime Fire Chief, Fire Marshal and eighteen (18) Fire/Medics. The Department provides all fire, medical ALS [Advance Life Support] and various technical services to our community of approximately 50 square miles. The Department currently operates out of Fire Station #1 located at 1811 Decatur Highway. Fire Department administrators and city officials are working towards the construction of two additional satellite stations in the western and eastern areas of the city to cover the growing number of new subdivisions and businesses we are experiencing. Through the dedication, knowledge and experience within our department staff, we feel we can provide the citizens and patrons of Gardendale with the finest protection, best services, and the highest quality of life possible.Revenue: $5 Million Employees: 91 Industry: Government Downloaded: 45GB Phone Number:(205) 631-8789",58283,2025-07-04,2025-07-02,2025-07-10,2.2,68653213ba689080139d80d9,2026-09-17_page011.json
inc_ransom,C B King Memorial School(branch),US,10000000,Encrypted; Proof,2,"C.B. King Memorial School, Inc. is a private, nonprofit agency that provides services to persons with developmental delays or disabilities.",57673,2025-07-04,2025-07-02,2025-07-03,1.1,6865c1dcba68908013a563b2,2026-09-17_page011.json
inc_ransom,alereon.com,US,25400000,Encrypted; AD Dump,2,"Alereon is a global leader in ultrawideband (UWB) wireless solutions, providing high-speed, short-range wireless technology for various industries. They design and fabricate UWB chipsets and offer a range of products and services, including wireless modules, reference designs, and custom hardware and software development. Their solutions cater to a diverse clientele, including consumer electronics, medical devices, and military applications that require reliable, high-speed wireless communication. Established in 2004, Alereon has built a strong reputation for meeting customers' high-speed wireless needs through innovative and customized solutions===> Revenue: $25.4 Million Employees: 92 Industry: Manufacturing Downloaded: 116gb Phone Number:(512) 345-4200",59147,2025-07-01,2025-07-02,2025-07-02,-1.1,6864966eba689080139b3642,2026-09-17_page011.json
inc_ransom,The Kingdom of Tonga's Ministry of Health,TO,10000000,Proof,1,"Tonga's health system includes central hospitals, peripheral health centres and communitybased services. Key health challenges include rising rates of NCDs such as diabetes, obesity, heart disease and cancer. Communicable diseases such as tuberculosis, STIs and VPDs persist.",63261,2025-06-26,2025-06-27,2025-06-27,-1.0,685ded5bba6890801344e878,2026-09-17_page011.json
inc_ransom,coruzcitywndata+,US,8700000,Encrypted; Proof,2,"Thomasville is a city in Davidson County, North Carolina, United States. The city was once notable for its furniture industry, as were its neighbors High Point and Lexington. We have 250gb data, lots of financial information about all the services in your city",62594,2025-07-01,2025-06-26,2025-12-11,4.8,685cd4c1ba68908013371931,2026-09-17_page007.json
inc_ransom,Fund for Reformed Companies (FONPER),DO,5000000,Encrypted; Proof,2,"The Patrimonial Fund of the Reformed Companies (FONPER) is an institution of the Dominican State created by virtue of Law number 124-01, enacted on July 24, 2001, whose fundamental mission is to guard, safeguard and administer the State's shares in the companies arising from the reform and transformation process carried out as from 1997.",60450,2025-06-25,2025-06-25,2025-06-25,-0.8,685c498dba6890801330be70,2026-09-17_page011.json
inc_ransom,Medical Center of Marin,US,5000000,Proof,1,"Medical Center of Marin provides quality urgent care in the Bay Area. If you need a doctor, see the health care experts at their medical clinic. Their experienced doctors and staff are committed to providing fast, high-quality care at an affordable price. But they chose to keep their own money over the privacy of their patients' sensitive data. ",63499,2025-06-25,2025-06-25,2025-06-25,-0.6,685bfbeeba689080132ce98d,2026-09-17_page011.json
inc_ransom,doradosoftware.com,US,14200000,Proof; Encrypted,2,"Dorado Software specializes in integrated networking solutions, notably offering Cruz SONiC Solutions for enterprise and community networking needs. They provide a range of software and hardware solutions including advanced network performance management, orchestration, automation, and edge management tools. The company targets a variety of clients, including rural broadband providers and organizations seeking comprehensive network automation and IT infrastructure management. Dorado also partners with firms like Dell Technologies to expand their service offerings and enhance client solutions. Contact: Mark Dempsey (Technical Writer) - >homePhone: (916)-989-5707 >mobile: 916-390-4826 Bill Acevedo - >homePhone: 916-536-1206 >mobile: 916-397-0593 Layne Frederiksen (Engineer) - >homePhone: 916.725.1323 >mobile: 916.761.7394 Jim Souders (Vice President) - >mobile: 916.214.6260 Vicki Crozier (Vice President) - >mobile: (916)-833 2052 Ed Kucala (Vice President) - +1.916.673.1100 x1039  ",65137,2025-06-20,2025-06-20,2025-07-03,-0.3,6855daacba68908013e5ef08,2026-09-17_page011.json
inc_ransom,https://www.ilesfuneralhomes.com/,US,6800000,Encrypted; Proof,2,ILES FUNERAL HOMES,62585,2025-06-19,2025-06-19,2025-06-19,-0.5,68540123ba68908013d09755,2026-09-17_page011.json
inc_ransom,Morar Construtora e Incorporadora LTDA,BR,80000000,Encrypted; Proof,2,Morar Construtora is one of the 100 largest construction companies in Brazil and a leading firm in Espírito Santo.,62331,2025-06-19,2025-06-19,2025-06-19,-0.0,6853ff34ba68908013d084d4,2026-09-17_page011.json
inc_ransom,AFECC - Hospital Santa Rita de Cássia,BR,140000000,Encrypted; Proof,2,"Created in 1970, the Santa Rita de Cassia Hospital is a philanthropic entity recognized throughout the state as a reference in cancer treatment, but which also offers general specialties to provide quality and comfort to the entire population.",61456,2025-06-19,2025-06-19,2025-06-19,0.2,6853be01ba68908013ce063e,2026-09-17_page011.json
inc_ransom,New Jersey Association on Correction,US,8500000,Encrypted; Proof,2,"The New Jersey Association on Correction (NJACon) has a revenue stream that includes program services, investment income, and potentially other sources. In the fiscal year ending June 2024, program services revenue was $5,510,221 with a 4.8% increase. Investment income and dividends totaled $34,775, experiencing a 17.8% increase. The organization's total revenue for 2024 was reported as $12.6 million, with expenses at $13.1 million. The association also has received over $10.7 million in federal grants.",64288,2025-06-18,2025-06-18,2025-07-14,-0.3,6852ffc4ba68908013c5cb6f,2026-09-17_page011.json
inc_ransom,Academic Urology & Urogynecology of Arizona,US,15600000,Encrypted; AD Dump; Proof,3,"A 150 GB leak. Data on hundreds of patients will become public, the leadership of this organization has shown complete indifference to this. Academic Urology & Urogynecology of Arizona has 48 hours to fix this.",63156,2025-07-08,2025-06-18,2025-07-11,20.0,685296e7ba68908013c0e500,2026-09-17_page011.json
inc_ransom,Sandhill View County School_UK,GB,5500000,Encrypted; Proof; AD Dump,3,"Sandhill View is at the heart of a community where everyone matters. An Academy for 11- 16 Year olds, we are a member of the 'Aspire North East Multi Academy Trust'. Our school strives to raise achievement and aspiration in all its pupils, so that they develop with confidence and pride in preparation for their future.",61512,2025-06-17,2025-06-17,2025-07-28,-0.1,685157adba68908013b0d364,2026-09-17_page011.json
inc_ransom,Durant City,US,50000000,Encrypted; AD Dump; Proof,3,"Durant City Government · Oklahoma, United States Headquarters:300 W Evergreen St Rm 100, Durant, Oklahoma, 74... Phone Number:(580) 931-6600 Website:www.durant.org ================== Despite our reports that 800+ GB of data - may become public, the Management of this city has been totally negligent and indifferent to the fact that now passport data \ addresses \ phone numbers of hundreds of people will fall into the hands of scammers. Durant City has 48 hours, this is your last chance! ",62912,2025-06-17,2025-06-17,2025-06-17,-0.1,6851595eba68908013b0e958,2026-09-17_page012.json
inc_ransom,"Lamina Dielectrics, United Kingdom",GB,6600000,Encrypted; AD Dump; Proof,3,"Lamina Dielectrics leads the world in the development and manufacture of Spiral Winding, Heat Shrink / Non Shrink Tubes and Endcaps that provide electrical insulation as well as mechanical and chemical protection. Including Mylar Tubing, Polyester Tubing, Nomex Tubing and Kapton Tubing.",61957,2025-06-17,2025-06-17,2025-06-17,-0.1,68515748ba68908013b0cfb6,2026-09-17_page012.json
inc_ransom,OAK PARK & RIVER FOREST HIGH SCHOOL,US,20000000,Encrypted; Proof,2,"Welcome to Oak Park and River Forest High School!  Oak Park and River Forest High School provides a dynamic, supportive learning environment that cultivates knowledge, skills, and character and strives for equity and excellence for all students.",62641,2025-06-21,2025-06-14,2025-07-01,6.7,684db93dba689080138d0cb4,2026-09-17_page011.json
inc_ransom,Mount Rogers Community Services,US,6100000,Proof,1,"Mount Rogers Community Services provides Mental Health, Developmental Disability, and Substance Use Services to the people of Bland, Carroll, Grayson, Smyth, and Wythe Counties as well as the City of Galax.",65314,2025-06-10,2025-06-10,2025-06-26,0.3,6848341fba6890801353c673,2026-09-17_page011.json
inc_ransom,alleray-labrouste,FR,17000000,Proof,1,"Clinique Alleray Labrouste is a company that operates in the Medical & Surgical Hospitals industry. It employs 250to499 people and has 10Mto25M of revenue. The company is headquartered in Paris, Ile-de-France, France.",58538,2025-06-12,2025-06-06,2025-06-06,5.8,68431621ba689080131d2610,2026-09-17_page012.json
inc_ransom,Kittery Police Department,US,5000000,Encrypted; Proof,2,"The mission of the Kittery Police Department is to work in partnership with the community to enforce the law, preserve the peace, and protect the rights, lives and property of all people.",59484,2025-06-06,2025-06-06,2025-06-06,-0.1,6842dc8fba689080131a7bad,2026-09-17_page012.json
inc_ransom,Nunez Dental,US,5000000,Encrypted; Proof,2,"Nunez Dental is a dental practice located in Jackson Heights, NY, dedicated to providing comprehensive dental services and ensuring patient satisfaction. With 37 years of experience, they have successfully served 36,000 patients, supported by a team of 31 skilled staff members. The practice boasts 10 master certifications, reflecting their commitment to high-quality dental care. They are open Monday through Friday and Saturday, offering flexible hours for their intended clientele.",58526,2025-06-06,2025-06-06,2025-06-06,-0.1,6842d8c4ba689080131a5b6a,2026-09-17_page012.json
inc_ransom,waiwhetu-medical-centre,NZ,5000000,Encrypted; Proof,2,Waiwhetū Medical Centre operates under the korowai of Te Rūnganganui o Te Āti Awa. The team apply a whānau approach to deliver wrap around support services that aim to identify and meet the needs of whānau living in Te Awa Kairangi.,58334,2025-06-07,2025-06-06,2025-06-06,0.9,6842d768ba689080131a4e74,2026-09-17_page012.json
inc_ransom,Funktel GmbH,DE,30000000,Proof,1,"With its head office in Salzgitter, funktel GmbH is a leading manufacturer of professional security and communication solutions based on DECT and TETRA for industry, public utilities and authorities. funktel GmbH become a victim of the largest data breach. 3.5TB sensitive data will be published soon in our blog.",59988,2025-06-03,2025-06-04,2025-06-04,-1.5,684026b4ba68908013fc3d04,2026-09-17_page012.json
inc_ransom,MTTEXPERTISES.COM,FR,5000000,Proof,1,"MTT Expertises is a Franco-Moroccan firm specializing in asset valuation and post-incident expertise. Founded in 2004, the company offers services such as insurance capital estimation, risk management, and assistance after incidents. With a multidisciplinary team of over 40 professionals, including engineers, technicians, and financial experts, MTT Expertises operates from offices in Casablanca, Agadir, and Tangier, and maintains a presence in France and other African countries. The firm is accredited by the Moroccan Federation of Insurance and Reinsurance Companies (FMSAR), ensuring quality and reliability in its services. Under the leadership of Director Mohamed Tahiri, MTT Expertises is committed to delivering precise and professional services to meet the diverse needs of its clients.",57042,2025-06-06,2025-06-02,2025-06-02,3.8,683dcee4ba68908013df9529,2026-09-17_page012.json
inc_ransom,iscamen,AR,16200000,Proof,1,ISCAMEN is focused on the proper management of agricultural waste to protect the environment. They provide programs related to phytosanitary protection and offer technical exchanges to address issues like pest control. Their services are aimed at regulating and controlling the entry of agricultural products to safeguard local agriculture. Intended clients include agricultural producers and regulatory agencies in Mendoza,57266,2025-06-05,2025-05-31,2025-05-31,5.0,683ae150ba68908013c3a616,2026-09-17_page012.json
inc_ransom,Sandhills Medical Foundation,US,18000000,Proof,1,"Sandhills Medical Foundation, Inc. is a Federally qualified community health center (FQHC) that has been providing comprehensive healthcare services since 1977. With locations in Chesterfield, Kershaw, Lancaster, and Sumter Counties, the organization focuses on primary care medicine, mental health, and supportive services such as healthcare navigation for Medicaid and the Affordable Care Act. The foundation aims to address community healthcare needs by delivering quality and cost-effective services to its patients. It also emphasizes preventive care and coordination of care through a patient-centered medical home approach",61002,2025-06-03,2025-05-30,2025-06-15,3.9,6839cdd6ba68908013baabaf,2026-09-17_page012.json
inc_ransom,cemeteries.local,CA,5000000,Proof,1,"The Catholic Cemeteries of the Diocese of Hamilton provides burial and cremation services specifically for Catholics and their families, regardless of their family's religious affiliation. These cemeteries serve as sacred places for prayer, reflection, and honoring deceased loved ones, with a focus on maintaining a faithful representation of the community's beliefs. They offer pre-arrangement options for burial plots, cremation niches, and other memorial services without pressure sales tactics. The organization emphasizes compassionate care and respect for traditions within the Catholic faith.",58057,2025-06-06,2025-05-30,2025-06-04,6.9,6839c3abba68908013ba2bd3,2026-09-17_page012.json
inc_ransom,mysfa.org,US,5000000,Encrypted,1,"St. Francis Advocate (SFA) provides individualized support for adults and youth with developmental disabilities, offering services such as residential homes, supported independent living, and programs for youth transitioning to adulthood. Operating since 1984, SFA has deep community roots in Sarnia-Lambton, Chatham-Kent, and Windsor-Essex, emphasizing a family-oriented approach in their care. The organization operates 13 supported group living homes and prioritizes person-directed planning for each participant. SFA is committed to helping individuals live their best lives through compassionate and understanding support",57494,2025-05-30,2025-05-30,2025-05-30,-0.3,683a24f0ba68908013bee68e,2026-09-17_page012.json
inc_ransom,valuestoreit,US,150000,Proof; AD Dump; Encrypted,3,"Value Store It Self Storage is a privately owned self storage company based in Miami, Florida. We tender over 1'00,000 sq/ft in Florida, New York, Connecticut and offer a safe and clean place for residential and business customers to store their belongings. All the Value Store It facilities are managed by a professional staff that is trained to meet your needs and expectations. Their knowledge of storage and the local area make them a reliable source for questions regarding storage, truck rentals, moving services packing supplies and communities serviced. Value Store It Self Storage continues to expand in South Florida and is currently adding properties to accommodate new and future customers.",60469,2025-06-01,2025-05-29,2025-07-14,3.5,683847d0ba68908013a95761,2026-09-17_page011.json
inc_ransom,Jordan Drug,US,6000000,Proof,1,"Jordan Drug, Inc. currently operates seven independent pharmacies across eastern Kentucky. The Jordan Drug Family Stores include Village Apothecary and Stufflebean Pharmacy in Beattyville, Owsley Prescription Center in Booneville, Wolfe Prescription Center in Campton, Powell Prescription Center in Clay City, Jackson Apothecary in Jackson, and Clinic Pharmacy in Salyersville. Jordan Medical, LLC was established by Luther and Rosemary Smith in September of 2005 to serve patients in central and eastern Kentucky already being served by Jordan Drug, Inc. with respect to their durable medical needs. Jordan Medical’s retail showroom is located at 1075 Hwy 11 North in Beattyville, Kentucky, in the same building as the corporate office of Jordan Drug, Inc",59692,2025-06-30,2025-05-29,2025-06-30,32.1,68386417ba68908013aa92b8,2026-09-17_page011.json
inc_ransom,Universidad Técnica del Norte Ecuador,EC,11500000,Encrypted; Proof,2,"Universidad Técnica del Norte UTN, Ciencia y Técnica al Servicio del Pueblo.",58567,2025-06-01,2025-05-29,2025-05-29,3.5,683848d0ba68908013a960ad,2026-09-17_page012.json
inc_ransom,The Vascular Experts,US,29000000,Proof,1,"Founded in 2001, by one surgeon, The Vascular Experts has nearly 30 clinical providers and more than 20 Board-certified vascular surgeons. With a commitment to deliver expert vascular medical and surgical care to communities in Connecticut and Rhode Island, it is one of the largest groups of Board-certified vascular surgeons in the country. With state-of-the-art facilities in multiple locations, The Vascular Experts deliver the latest minimally invasive vascular procedures including angioplasty, endovascular surgery, vein ablations and sclerotherapy to treat vascular disease.",65862,2025-06-03,2025-05-28,2025-06-19,6.5,6836fc17ba689080139c035d,2026-09-17_page011.json
inc_ransom,oxparkrec.org,US,5000000,Encrypted,1,"Oxford Parks and Rec focuses on enhancing community engagement through diverse parks, recreational programs, and events. They offer facilities such as senior activity centers, splash pads, and various township parks. Their services include organized athletics, enrichment programs, summer camps, and special community events. The intended clients are the residents of Oxford Township and families looking for recreational activities ===> Revenue: $5 Million Employees: 25 Industry: Government Data:90GB Phone Number: (248) 628-1720",62693,2025-05-25,2025-05-25,2025-06-12,-0.3,68339139ba68908013720169,2026-09-17_page012.json
inc_ransom,piercecountylibrary.org,US,30000000,Proof; AD Dump,2,"The Pierce County Library System includes 20 libraries in Pierce county. The libraries offer families and children free access to 1 million books, CDs and films, and numerous programs to help kids read and do their homework",63391,2025-05-22,2025-05-22,2025-06-10,-0.5,682f050bba6890801339c1f0,2026-09-17_page012.json
inc_ransom,Rivers Academy West London,GB,11500000,Encrypted; Proof,2,"At Rivers Academy we are committed to supporting and challenging all students to fulfil ambitious goals. Indeed the Academy's motto is 'Aspiration Ambition Achievement'. We have the highest expectations in terms of uniform, behaviour and mutual respect. Students at Rivers Academy understand that meeting these very high standards means that they come to the Academy feeling good about themselves and ready to learn. Staff and students here demonstrate an enormous pride in the Academy and we are a happy Academy focussed on supporting and challenging each other to do our very best to achieve our full potential. It is our ambition to ensure that all students at the Academy enjoy the benefits of an exciting and engaging curriculum, excellent teaching and learning, calm and purposeful behaviour in lessons and a creative and interesting range of further opportunities that broaden their experiences.",62097,2025-05-21,2025-05-21,2025-06-06,-0.1,682dd5eaba689080132ad398,2026-09-17_page012.json
inc_ransom,www.davisdavisco.com,US,5000000,Encrypted,1,"Davis & Davis Company specializes in providing products and systems for Oil, Natural Gas, and Liquid Measurement. Established in 1941, the company offers technical sales support and a wide range of measurement controls and instrumentation, including flow meters and control valves. Their intended clients include those in the energy sector, specifically targeting companies involved in natural gas and oil production. Davis & Davis is committed to enhancing accuracy and efficiency in measurement technology ===> Revenue: $5 Million Industry: Manufacturing Data:60GB Phone Number: (303) 935-4694 Brian - 307-315-7277 Cheryle - 303-548-3151 Dan - 303-949-7518 Daniel Davis - 435-790-3093 Estevan - 303-667-8390 Greg - 303-898-7699 Jesse - 720-217-1327 Jon - 406-672-9589 Kris Ann - 720-690-6417 Kylee - 720-427-2628 Martin - 720-355-6723 Matt - 303-882-6108",60584,2025-05-16,2025-05-16,2025-05-30,-0.3,68277779ba68908013e8f8f6,2026-09-17_page012.json
inc_ransom,finanzconsult-immobilien.de,DE,3000000,Encrypted,1,"Location, concept, architecture, and profitability – cooperatively combined in a complete package! Successful project development consists of the sum of many surveys and decisions regarding the development of one or more plots of land or their alternative use. In residential areas, this is not limited to the search for suitable plots within the framework of applicable building regulations, but also, and especially, targeted and needs-based planning. This requires a well-established network of information providers, architects, and lawyers. With almost 30 years of site experience in the state capital of Dresden, as well as a large number of completed projects, we have this expertise and can look back on a wide variety of approaches. ===> Revenue: $15 Million Data:20GB Phone Number: 0221 / 94 20 94 30 0351 / 84 07 80",60671,2025-05-16,2025-05-16,2025-05-30,-0.3,68277673ba68908013e8ea67,2026-09-17_page012.json
inc_ransom,npfy.org,US,5000000,Encrypted,1,"New Pathways for Youth is dedicated to transforming the lives of youth in Phoenix, AZ, through a comprehensive mentorship program. The organization focuses on providing holistic development, individualized mentoring, and essential resources to empower young people to achieve their goals. With a commitment to closing the opportunity gap, they aim to support students in graduating high school and pursuing post-secondary education. They invite potential mentors to join their mission and make a meaningful impact in the community ===> Revenue: $5 Million Employees: 33 Industry: Organizations Data:70GB Phone Number: (602) 258-1012 ",60694,2025-05-16,2025-05-16,2025-05-30,-0.3,68277413ba68908013e8c9f3,2026-09-17_page012.json
inc_ransom,alpha-steuer.de,DE,15000000,Encrypted,1,"Die Zukunft gemeinsam erfolgreich gestalten Bei uns stehen Sie und Ihre persönlichen Ziele im Mittelpunkt unserer ganzheitlichen Beratung. Gemeinsam mit Ihnen entwickeln wir mageschneiderte Strategien, die mehr sind als klassische Steuerberatung. Unser Ziel ist es, Sie mit perfekt abgestimmten Lösungen zu entlasten, damit Sie den Kopf frei haben und optimistisch in eine erfolgreiche Zukunft blicken können. Das nennen wir Mehrwert. Die alpha Steuerberatungsgesellschaft hat sich auf die Beratung von Heilberuflern spezialisiert und betreut mehr als 4.000 rzte, Zahnrzte und Tierrzte. Die alpha ist heute mit uber 200 hochqualifizierten Mitarbeitern, davon 25 Experten für Steuerberatung und Wirtschaftsprüfung, eine der gröten auf Heilberufe spezialisierten Steuerberatungsgesellschaften in Deutschland. Durch regionale Niederlassungen an sieben Standorten ist für jeden Mandanten eine optimale Betreuung und Erreichbarkeit gegeben ===> Revenue: $15 Million Employees: 59 Industry: Business Services Data:400GB Phone Number: +49 604297850 ",60400,2025-05-16,2025-05-16,2025-05-30,-0.3,68276f65ba68908013e8a209,2026-09-17_page012.json
inc_ransom,ros.eu,DE,13000000,Encrypted,1,"TRAPOROL is the specialist and leading provider of idler rollers, motor rollers, expansion elements and accessories for conveying technology systems ===> Revenue: $6.6 Million Employees: 25 Industry: Manufacturing Data:450GB Phone Number: +49 964280200 Employees Phone Number: +49 9642 80 154 +49 9642 80 245 +49 9642 80 258 +49 9642 80 263 +49 9642 80 265 +49 9642 80 161 +49 9642 80 163 +49 9642 80 139 +49 9642 80 240 +49 9642 80 162 Trust: https://www.zoominfo.com/c/iem-fo%CC%88rdertechnik-gmbh/406145742 Website = www.iem.eu Revenue = $6.1 Million Phone Number = +49 9642800 Architecture, Engineering & Design",60454,2025-05-16,2025-05-16,2025-05-29,-0.3,6827639fba68908013e81090,2026-09-17_page012.json
inc_ransom,ccrcda.org,US,5000000,Encrypted,1,"Catholic Charities, a ministry of the Catholic Diocese of Albany, is committed to active witness on behalf of the Scriptural values of mercy and justice. Catholic Charities, recognizing human need at all stages of life, responds to all persons regardless of race, creed, or lifestyle, with special emphasis on the economically poor and the vulnerable. Catholic Charities serves and empowers persons in need, advocates for a just society, calls forth and collaborates with women and men of good will in fulfillment of its mission. Catholic Charities of the Diocese of Albany is one of the largest, private, social service agencies in the region, helping more than 89,000 people each year in the fourteen counties of the Albany Diocese. Our motive is simple: to address basic human need at all stages of life regardless of race, religious belief, ethnicity, or lifestyle with special emphasis on the poor and vulnerable in our society. Catholic Charities offers a wide spectrum of services. ===> Revenue: $5 Million Employees: 66 Industry: Organizations Data:200gb Phone Number: (518) 453-6650 Employees: Mary Keniry (Program Director / LONG TERM CARE OMBUDSMAN PROGRAM) ---> 518-925-0211 Kristine Eagan - (Program Coordinator PT / HIICAP) ---> (518) 579-3344 Lauren Benoit (Program Director / CAREGIVER SUPPORT PROGRAM) ---> 518-817-0059 Marlene Hildenbrandt - (Executive Director / ADMINISTRATION) ---> 518-491-9235 Karen Helms - (Administrative Assistant PT / ADMINISTRATION) ---> (518) 372-5675 Colleen Henry - (Program Secretary / ADMINISTRATION) ---> (518) 372-5668 James Willis - (Senior Accountant / ADMINISTRATION) ---> (518) 579-3348 Jennifer Doherty - (Elder Care Manager/ AGING LIFE SERVICES) ---> 518-545-6631 Amy Carman - (Elder Care Manager/ AGING LIFE SERVICES) ---> 518-275-8700 Cody Jacobson (IT Security Officer) ---> 518-453-6650 Cathy Krom ---> 518-453-6650 Louise Novak (coordinator NUTRITION OUTREACH) ---> 518-312-2770 Noelle Marie - Coordinator (ONG TERM CARE OMBUDSMAN PROGRAM) ---> 518-573-0985",60557,2025-05-16,2025-05-16,2025-05-29,-0.3,68274db3ba68908013e7120a,2026-09-17_page012.json
inc_ransom,nissi-beach.com,CY,10800000,Encrypted,1,"Located in Ayia Napa, the Nissi Beach Resort has garnered a reputation as a true paradise destination that can be enjoyed year-round. ===> Revenue: $10 Million Employees:283 Industry: Hospitality Data:400GB Phone Number: +357 23721021 +357 23 722 900 alion.com ",61264,2025-05-16,2025-05-16,2025-05-16,-0.3,6827a3b0ba68908013eb406e,2026-09-17_page012.json
inc_ransom,south african airways (flysaa.com),ZA,1700000000,Proof,1,"South African Airways (SAA) is a passenger and freight airline that is owned and operated by the South African government. Saa is a member of the Star Alliance network and is headquartered in Johannesburg, South Africa",61491,2025-05-28,2025-05-12,2025-06-09,15.9,6821f584ba68908013acad75,2026-09-17_page012.json
inc_ransom,GARDNER ORTHOPEDICS,US,7500000,Encrypted; Proof,2,"Gardner Orthopedics is an orthopedic practice based in Fort Myers, Florida, offering a wide range of services including orthopedic surgery, regenerative medicine, and rehabilitation. The clinic specializes in treating various conditions related to bones, joints, ligaments, and muscles, with a focus on keeping patients active. Led by board-certified orthopedic surgeon Ronald Gardner, the facility caters to adult patients in need of orthopedic care. The organization aims to provide comprehensive solutions for injuries and ailments affecting the musculoskeletal system.",60519,2025-05-15,2025-05-06,2025-05-06,8.9,68197136c51c99b3e26ddf21,2026-09-17_page012.json
inc_ransom,StudioVaiani,IT,5000000,Encrypted; Proof,2,"Studio Vaiani is an Italian accounting and consulting firm based in Crema, founded in the early 1970s by Ernesto Vaiani. The firm offers a wide range of professional services, including corporate, tax, financial, labor, and contractual consulting. Their expertise encompasses accounting, tax compliance, business planning, financial analysis, and legal auditing. Studio Vaiani serves as a reliable partner for entrepreneurs, providing tailored solutions to meet clients' needs in Italy and internationally.",62999,2025-05-01,2025-05-01,2025-05-01,-0.6,681381608da58db52924a691,2026-09-17_page012.json
inc_ransom,The Saint James Hospital Group,MT,12000000,Proof,1,"At Saint James Hospital Group, they have over 25 years of experience in the healthcare sector. It has earned a reputation for excellence and innovation, backed by the latest state-of-the-art technology and staffed by highly-qualified professional personnel. They are the natural choice when seeking private medical treatment, not simply because they have the experience to meet your expectations, but also because they house the very best in modern technology – and the island’s most renowned consultants and health professionals. The Saint James Hospital Group became a victim of the data breach. 250Gb sensitive, medical and personal data will be published soon in our blog.",62496,2025-04-30,2025-05-01,2025-05-01,-1.5,681364468da58db52922f5e5,2026-09-17_page012.json
inc_ransom,Hpital Glengarry Memorial Hospital (clglen.local),CA,21600000,Encrypted; Proof,2,"Community Living Glengarry is focused on enhancing the lives of individuals with intellectual disabilities through various services, including residential group living, supported independent living, and community participation.",63407,2025-04-28,2025-04-28,2025-05-08,-0.8,680fcf818da58db529f59e47,2026-09-17_page012.json
inc_ransom,City of Fort St. John (city.cityfsj.local),CA,5000000,Proof,1,"With a population of 21,000 and growing with the city itself, Fort St. John is the largest city in Northeastern BC. Fort St. John is not only the largest city in the Northeast Region of BC; it is also the largest city in British Columbia situated along the world-famous Alaska Highway. If you are driving the highway, we invite you to stop in and explore all that Fort St. John has to offer. You wont be disappointed! Fort St. John is The Energetic City for good reason. The title reflects not only our large resource base of oil, natural gas, forestry and agriculture, but also the vitality of our residents who are, on average, 9 years younger than the average population in the rest of the province. Modern-day pioneers continue to bring a fresh spirit of exploration, innovation and connection to community within our city",63908,2025-04-24,2025-04-24,2025-05-16,-0.3,680a9b128da58db529b7bc32,2026-09-17_page012.json
inc_ransom,lemi-group,IT,5500000,Encrypted; AD Dump; Proof; Stocks,4,"Lemi Group has been manufacturing equipment for beauty salons, spas, podiatry, and medical use for 34 years.",65213,2025-04-23,2025-04-23,2025-05-08,-0.4,6808c1bafdcf1d7b27b28b79,2026-09-17_page012.json
inc_ransom,arkansasprimarycare.com,US,6800000,Encrypted; Stocks; Proof,3,"Arkansas Primary Care Clinic PA is a company that operates in the Hospitals & Physicians Clinics industry. It employs 20to49 people and has 5Mto10M of revenue. The company is headquartered in Little Rock, Arkansas. ===> Revenue: $6.8 Million Employees: 30 Industry: Healthcare Data:370gb Phone Number: (501) 663-5221 Employees: Jessica 501-508-8780 jwilliams@arkansasprimarycare.com Loretta 501-508-8784 lthomas.ctmd@arkansasprimarycare.com Derekah 501-235-8732 dhill@arkansasprimarycare.com DeEtta 501-508-8785 deetta.parker@arkansasprimarycare.com Krystal 501-508-8787 kallison@arkansasprimarycare.com Toni 501-209-7116 tshead@arkansasprimarycare.com Greta 501-508-8718 greta.freeman@arkansasprimarycare.com Angel 501-263-0972 angel.marshall@arkansasprimarycare.com Derek 501-613-0842 dlewis2@arkansasprimarycare.com Tifny 501-263-0974 tprice@arkansasprimarycare.com Sallie 501-508-8719 sallie.fuller@arkansasprimarycare.com",68148,2025-04-24,2025-04-22,2025-05-30,1.7,6807d3b8fdcf1d7b27a78a07,2026-09-17_page012.json
inc_ransom,franklin nursing home,US,7700000,Encrypted; AD Dump; Proof; Stocks,4,"Franklin Nursing Home looks after old people, feeds them, monitors their treatment",64544,2025-04-22,2025-04-22,2025-05-08,-0.6,6807a837fdcf1d7b27a55486,2026-09-17_page012.json
inc_ransom,Koninklijke Ahold Delhaize N.V.,NL,100000000000,Proof,1,"The family of Ahold Delhaize serve 72 million customers every week in the United States, Europe and Indonesia. Each brand shares a passion for delivering great food, value and innovations, and for creating inclusive workplaces that provide rewarding professional opportunities. Ahold Delhaize become a victim of the largest data breach. 6TB sensitive data will be published soon in our blog.",78840,2025-04-16,2025-04-16,2025-06-23,-0.9,68001f58516e69ca61f381d6,2026-09-17_page011.json
inc_ransom,Chickenshed,GB,11000000,Proof,1,"Chickenshed is an inclusive theatre company based in London, founded in 1974. It brings together people of all ages and abilities, including those with physical and mental challenges. Chickenshed produces performances, offers performing arts education, and runs international projects — creating a space where everyone can unlock their potential through creativity.",69297,2025-04-11,2025-04-12,2025-04-12,-1.1,67fa835a516e69ca61a8118b,2026-09-17_page012.json
inc_ransom,iblinfo.de,DE,5000000,Encrypted; Proof,2,"ibL – Ingenieurbüro für Landentwicklung GmbH – based in Halle (Saale) is a consulting and planning engineering firm that operates primarily in rural areas. Our work focuses on planning services for land development using geodata. In selected regions, we act as a suitable agency for determining and reorganizing the ownership of land and buildings based on Section 99 (2) of the Land Consolidation Act and Section 53 of the Agricultural Adjustment Act.  ===> Phone Number: 0345 233 410 Revenue: $5 Million Industry: Engineering Employees: 25 Data: 56gb",69980,2025-04-16,2025-04-11,2025-04-22,4.7,67f8dedc516e69ca61924455,2026-09-17_page012.json
inc_ransom,inspec-international.com,US,16800000,Encrypted; Proof,2,"INSPEC JAPAN QA SM specializes in high technology and high reliability Quality Assurance, Quality Engineering, Inspections, Audits, Research and Development, and Supply Chain Management support. They operate in Japan and select Far East locations, offering their expertise to clients seeking rigorous quality standards. The company’s mission is encapsulated in their motto 'making it right.' They cater to a diverse range of clients in industries that require top-tier quality assurance and engineering services. ===> Phone Number: (503) 595-6540 Revenue: $16.8 Million Employees: 92 Data:278gb ",65416,2025-04-10,2025-04-10,2025-04-12,-0.3,67f7d079516e69ca6183fb4c,2026-09-17_page012.json
inc_ransom,Imagineering Finishing Technologies,US,28800000,Proof,1,"Imagineering Finishing Technologies (IFT) is the industry KnowledgeSource for metal finishing solutions. Through our commitment to the principles of Total Quality Management, IFT provides high-performance surface finishing solutions for a robust range of markets that address the most exacting application requirements. Our focus on quality, accountability, applications expertise and integrity is trusted and relied upon by leading manufacturers and OEMs. IFT facilities are certified to world-class quality and environmental standards, and we are one of the first metal finishing companies in the world to achieve TS-16949, ISO 9001, AS 9100 and Nadcap quality program accreditations, in addition to attaining the ISO 14001 Environmental Management System certification.",67669,2025-04-10,2025-04-10,2025-04-11,-0.7,67f80069516e69ca61867b93,2026-09-17_page012.json
inc_ransom,trocaire.edu,US,24600000,Encrypted; Proof,2,"Founded in 1958 in the Buffalo, NY by the Sisters of Mercy, Trocaire College is a private, career-oriented Catholic college that strives to empower students toward personal enrichment, dignity and self-worth through education. A career-oriented institution, Trocaire offers bachelor's degrees, associate degrees and certificate and workforce development programs in healthcare, business, hospitality and technology. Recognizing the individual needs of a diverse student body, Trocaire College provides life learning and development within a community-based environment, preparing students for service in the universal community. ===> Phone Number: (716) 826-1200 Revenue: $24.6 Million Industry: Education Employees: 217 Data: 310gb ",65546,2025-04-15,2025-04-10,2025-04-10,4.7,67f7e797516e69ca6185364d,2026-09-17_page012.json
inc_ransom,finetech.de,DE,25.7,Encrypted,1,"Copyright © 2020 Finetech GmbH & Co. KG, All rights reserved. Finetech respects your privacy. We use cookies for a variety of purposes, such as website functionality, improving your experience of our website and building integration with social media. By continuing your visit on our website, you are consenting to our use of cookies. More info With an user account you get ===> Revenue: $25.7 Million Employees: 115 Data:137gb Phone Number: +49 309366810 Managing Director +86-21-58866-1668 Senior IT-Systemadministrator +49 30 936681 592 Senior Konstrukteur DD +49351888566-23 Service Engineer +491717646694 Service Engineer +4916090734566 Service Engineer +4915785005796",66794,2025-04-09,2025-04-09,2025-05-30,-0.3,67f7038c516e69ca6178b3ed,2026-09-17_page012.json
inc_ransom,silocaf.com,US,83400000,Encrypted; Proof,2,"Silocaf of New Orleans, Inc. is an experienced coffee processor, translating thorough product knowledge into high standards and superior performance. They utilize the most advanced techniques to weigh, clean and blend coffee according to each client's unique specifications. They have also developed processes which enable them to upgrade an individual coffee's quality by eliminating certain defects. They were founded in New Orleans in 1993. Silocaf of New Orleans is a subsidiary of Pacorini S.r.l. of Trieste, Italy. ===> Phone Number: (504) 896-7800 Revenue: $83.4 Million Employees: 333 Data:178gb Contact: Maurizio Zaves | President & C.E.O. Silocaf USA, LLC One Coffee Plaza - 5240 Coffee Drive New Orleans-LA 70115-7755 - U.S.A. T +1 504 896 7800 I M +1 504 382 760 I F +1 504 896 7834 E m.zaves@silocaf.com",66281,2025-04-09,2025-04-09,2025-04-12,-0.3,67f6ff88516e69ca61787f0e,2026-09-17_page012.json
inc_ransom,chesterfieldtwp.org,US,21300000,Encrypted; Proof,2,The Chesterfield Township Library provides meeting rooms so that the library can promote its program of service to the community. The library board of trustees recognizes that the library facilities belong to the community and permits facilities use by established local non-commercial groups and organizations. The policy is subject to change at any time. ===> Phone Number: (504) 896-7800 Revenue: $21.3 Million Employees: 174 Data:49gb ,65013,2025-04-09,2025-04-09,2025-04-12,-0.3,67f7012d516e69ca6178931b,2026-09-17_page012.json
inc_ransom,Thiekon Constructie,NL,9700000,Encrypted; Proof,2,"Thiekon Constructie BV is a company from Reijen (Netherlands) with more than 40 years of experience in steel structures and zinc coatings. It is the only one in the country with its own hot-dip galvanizing plant, which allows steel processing within a single company. The company performs fabrication and assembly of steel elements (from small parts to complete structures) and provides powder coating service on request. This provides a centralized approach to work using steel, zinc and painting technologies.",67975,2025-04-08,2025-04-08,2025-04-22,-0.3,67f4e4db516e69ca615da3b6,2026-09-17_page012.json
inc_ransom,Coop57,ES,5000000,Encrypted; Proof,2,"OVER 12,000 IDS AND PASSPORTS OF CITIZENS OF DIFFERENT COUNTRIES WERE TAKEN  Coop57 is a financial instrument that is part of the fair and solidarity finance system. Its mission is to provide options to meet the diverse financial needs of citizens and actors in the social economy. To achieve this goal, Coop57 is integrated into a network of microfinance organizations and federations to jointly develop strategies for building a social and solidarity economy and creating alternative models of the economic cycle.",69235,2025-04-08,2025-04-08,2025-04-20,-0.4,67f4f6f0516e69ca615e9bf1,2026-09-17_page012.json
inc_ransom,MENTAL HEALTH,US,42000000,Encrypted; Proof,2,"Mental Health Partners Is now Clinica Family Health & Wellness  So many factors influence your health and well-being. That’s why ""whole-person"" or ""integrated"" healthcare matters. It ties together your physical, oral, and mental health. Clinica Family Health & Wellness is leading the way by treating you as a whole person and providing all the care you need to be healthy and well. Select the buttons below to learn more about our whole-person health services. Welcome to your new health care home!   In our hands there are more than 1 terabyte of the company's data. Including all personal cards of patients. Databases. The results of treatment and diagnoses. Databases. Postal correspondence and financial documents. All data will be published in case of refusal of payment.",69223,2025-04-14,2025-04-04,2025-04-14,9.6,67efb5a6516e69ca612626e1,2026-09-17_page012.json
inc_ransom,Orthopaedic Specialists of Connecticut,US,6000000,Proof,1,"Best Orthopedics, Sports Medicine, Joint Replacement.",65836,2025-04-14,2025-04-03,2025-04-15,10.4,67ee8d1d516e69ca611ee27d,2026-09-17_page012.json
inc_ransom,The Loretto Hospital,US,85000000,Proof,1,"Established in 1923, Loretto Hospital serves more than 33,000 patients each year. They provide quality healthcare services including: primary care, geriatric medicine, vision care, behavioral health services, women’s health, podiatric medicine, and dental services. In addition, they are the largest non-governmental employer in the Austin community with more than 600 employees many of whom live in Austin.",69213,2025-04-01,2025-04-01,2025-04-01,-0.7,67ec1185516e69ca6105955e,2026-09-17_page013.json
inc_ransom,importantsteps.com,US,17000000,Encrypted; Proof,2,"Important Steps, Inc. (""Important Steps"") provides Early Intervention (""EI"") Home-Community & Facility Based Services with utmost regard to highest-quality services to children and their families. Important Steps offers therapy, evaluations and education to children with developmental disabilities including children at risk for developmental, emotional and behavioral disorders. Important Steps guides the families of these children providing them with support and knowledge that enables them to meet their children's needs. Important Steps is qualified to provide bilingual services in Russian, Spanish, Hebrew, Polish as well as other languages for families with English as a second language. The services are provided in those environments which best facilitate the needs, issues and problems of those we serve. ===> Phone Number: (718) 882-2111 Revenue: $17 Million Employees: 81 Industry: Education Data:370gb !!!_Data publication in 3 days_!!! ",70314,2025-03-29,2025-03-29,2025-04-22,-0.3,67e84860576c6c7178e6de2c,2026-09-17_page012.json
inc_ransom,bahnlog.com,US,5000000,Encrypted,1,"BahnLog is a railway transport company (EVU) and a railway infrastructure company (EIU). The EIU operates public railway infrastructure, public service facilities, and takes over private railway infrastructure.  The logistics company has been a partner and service provider for the railway since 2002.  The Homburg/Saar track maintenance yard is the only remaining of six former track maintenance yards in Saarland. From here, railway construction sites throughout the Greater Region are served. ===> Phone Number: +49 6841-189 78 60 Revenue: $6 Million Employees: 25 Data:72gb Contact: Bahnlogistik und Service GmbH Tel.: +49 6841-189 78 60 Reiner Schwarz 06841-189 7873 Christina Naumann 06841/1897860 068411897863 Daniel MüllerD-66459 Kirkel Tel: +49 16097479434 Peer Hanson Tel +49 (0) 6841-189 7869 Mobil +49 (0) 172 – 6199 056 Sabrina Linnenbach Tel +49 (0) 6841-189 78 87 Mobil: +491635576604 Jörg Michael Fries 06825 9703703 Fr.Naumann 06841/1897873 Thomas Bergmann 068411897863 buch haltung 06841/18978-64 J.M: Fries jmfries@bahnlog.copm 06841 1897-867 / -882 N. Sefrin nsefrin@bahnlog.com 06841 1897-869 /-883 !!!_Data publication in 3 days_!!!  ",68321,2025-03-29,2025-03-29,2025-04-02,-0.3,67e8433f576c6c7178e69861,2026-09-17_page013.json
inc_ransom,augustssons.se,SE,5000000,Proof,1,"Augustssons Beslagsindustri AB is a family business founded in 1946. The father and uncle of the current owner Sivert Augustsson, Alvar and Sven Augustsson, were engaged in the production of carbines and fittings. Sivert took over the company in 1986, after which the company switched to contract manufacturing. Today, the company employs around 40 people and has 4,500 m² of production and storage space.",69049,2025-03-28,2025-03-28,2025-04-10,-0.3,67e6d58f576c6c7178d42acd,2026-09-17_page013.json
inc_ransom,TriCity Family Services,US,5000000,Proof,1,"TriCity Family Services (TCFS) is the leading provider of counseling and mental health services in Kane County, catering to clients of all ages and income levels. The organization offers a wide range of services including family-based treatment for eating disorders, emotional wellness programs, workshops, support groups, and employee assistance programs. With a mission to provide accessible and affordable mental health care, TCFS serves over 4,000 clients each year, accepting most major insurance plans and offering fee adjustments as needed. Established in 1967, TriCity Family Services is committed to supporting individuals and families in their journey toward emotional wellness.",67507,2025-03-26,2025-03-26,2025-03-26,-0.1,67e3fb69576c6c7178b10aa4,2026-09-17_page013.json
inc_ransom,allbiz.com,US,1000000,Proof,1,"Sheermax LLC is located in New York City, and was founded in 2009. At this location, Sheermax LLC employs approximately 3 people. This business is working in the following industry: Other transport activities. Annual sales for Sheermax LLC are around USD 440,460.",67911,2025-03-24,2025-03-24,2025-03-24,-0.4,67e1b9a2576c6c7178950daa,2026-09-17_page013.json
inc_ransom,TMT Clam Dredger,US,100000,Proof,1,TMT Clam Dredger TMT Marine Terminal LLC South Jersey Surf Clam Address: manahawkin NJ 08050,67287,2025-03-24,2025-03-24,2025-03-24,-0.4,67e1b7b9576c6c717894fe50,2026-09-17_page013.json
inc_ransom,abeyor.fr,FR,5000000,Proof,1,"www.abeyor.com Abeyor is a French manufacturer of overhead and overhead conveyors designed for automatic and manual handling of various loads, including in painting plants, logistics and assembly lines. Abeyor provides customers with a full range of services, from design and manufacture to installation and maintenance. The company also provides prompt delivery of spare parts. And the company also ensures that its systems are terrifically safe. And to keep things from getting much worse for this company, we advise the company to contact us",71789,2025-03-23,2025-03-23,2025-04-10,-0.1,67dfcf75576c6c71787e24db,2026-09-17_page013.json
inc_ransom,newhollandwood.com,US,14300000,Encrypted; Proof,2,"New Holland Church Furniture established in 1919 and is located in Lancaster County in the heart of Central Pennsylvania Dutch Country. Holland Church Furniture custom manufacture a full line of worship furniture including traditional church pews with standard or custom pew ends, and it is the nations leading manufacturer of radius curved pews with over 800 installations since 1962. Manufacturers of church furniture including pulpits, altars, clergy chairs and baptismal fonts, New Holland is focused on producing aesthetically pleasing worship furniture of virtually any design. It's dedicated craftsman create unique custom pieces of worship furniture including retablos, reredos, and organ casework. It also manufactures a fine line of wood chairs, courtroom seating, custom synagogue furniture and synagogue seating. ===>> Phone Number: (717) 354-2481 Revenue: $14.3 Million Industry: Retail Data: 73.4Gb SQL db: dbo.CUSTOMER,dbo.CUSTOMER_CONTACT,dbo.V_CONTACT,dbo.CUSTOMER_BOOKINGS  ",71103,2025-03-18,2025-03-19,2025-03-29,-0.3,67da0c10576c6c71783db04b,2026-09-17_page013.json
inc_ransom,alphaoil.ca,CA,6800000,Encrypted; Proof,2,"Alpha Oil is a family run business based in Toronto servicing the Greater Toronto area. We are a full service fuel company offering a wide selection of quality, brand name products and services to businesses and homes. Our products include low sulfur clear diesel, coloured diesel, furnace oil, stove oil, gasoline, and a full range of lubricants. We have a 24 hour cardlock depot offering clear & coloured diesel. We have successfully built a business based on a solid commitment to service. Alpha Oil is a proud member of GTSWCA, TCA and ACMO. ===> Phone Number: (416) 745-6131 Revenue: $6.8 Million Employees: 63 Industry: Electricity Data: 91gb Contact: John.R – 416-904-2739 Izabella.B – 416-828-8717 Marilene.F – 647-884-5388 Nik.S – 647-968-7170 Nick.K – 647-668-6425 Amanda.S – 416-540-7622 Teressa.K – 647-526-6061 Mike.K – 416-791-9721",69124,2025-03-18,2025-03-19,2025-03-23,-0.3,67da36af576c6c71783f7977,2026-09-17_page013.json
inc_ransom,warmsworth.doncaster.sch.uk,GB,5000000,Encrypted; Proof,2,"WARMSWORTH PRIMARY SCHOOL If your child or anyone in your household is displaying any of the symptoms of Covid-19, your entire household must self-isolate immediately and the person displaying symptoms should be tested as early as possible, please keep school informed Warmsworth Primary School promotes high achievement and learning for life by working with children to: become highly motivated lifelong learners; develop lively enquiring minds and a spirit of curiosity; have a high self-esteem and to respect themselves, their community, others and the environment; encourage responsibility for their actions; be able to work independently and collaboratively; achieve high standards in all areas of the curriculum; value and respect other beliefs and cultures; increase their global awareness and understanding of the world; challenge themselves to do well; be able to enjoy school and make friends. We believe that each child will succeed through experiencing quality in: a broad and challenging curriculum. ===>> Phone Number: +44 1302852200 Revenue: $5 Million Employees: 25 Industry: Education ",68716,2025-03-18,2025-03-19,2025-03-23,-0.3,67da2bf7576c6c71783f04d4,2026-09-17_page013.json
inc_ransom,gaertnerhof-jeutter.de,DE,500000,Encrypted; Proof,2,"In 1907, Carl Christoph Jeutter founded his horticultural business. They laid the foundation for a centuries-long family tradition in horticulture. Their love of plants and green landscapes continues to this day, now in its fifth generation.  Revenue $5 Million Contact: Nachname Vorname Geschäft Mobil Allgaier Felix (+49) 017656603233 Azimi Hamed (+49) 0172 7207184 Hezinger-Zimmernann Sebastian (+49) 0173 4683776 Höfer Loris (+49) 01733618101 Hohlbauch Moritz (+49) 01733573660 Jablonski Uwe (+49) 017642239257 Jeutter Martin (+49) 015251672496 Jeutter Johannes Balthasar (+49) 0176 42218685 Jeutter Karl Jacob (+49) 0176 56603230 Jeutter Nicole (+49) 017656603231 Koch Felix (+49) 015251681743 Kümmerle Philipp (+49) 0176 56603235 Leonhardt Patrick (+49) 0172 7207083 Maier Michael (+49) 0176 56603237 Mühleisen Tim (+49) 0173 3619807 Müller Lea (+49) 01733619627 Schübl Andreas (+49) 015251633320 Vater Paul (+49) 017656603232 Wagner Philipp Georg (+49) 015251634423 Weichel Hilde (+49) 0176 56603236 Weigl Dominik (+49) 0176 56603234 Zugmaier Walter (+49) 0172 5618561 ",68614,2025-03-18,2025-03-18,2025-03-23,-0.3,67d95948576c6c7178353e33,2026-09-17_page013.json
inc_ransom,expertdata.com.au,AU,25500000,Encrypted; Proof,2,"Expert Data Cabling (EDC) is certified in a range of services, including designing and installing fibre networks, building services data and electrical and standby power generation systems. See What we do to find out more about our services. Our Projects range from single point installations through to complete network installations and building fit outs and we specialise in end-to-end solutions for our customers. We're a South Australian company, established in 1988, that is committed to the best service and installations in the communications and electrical industries.",68990,2025-03-18,2025-03-18,2025-03-23,-0.3,67d95516576c6c717835119b,2026-09-17_page013.json
inc_ransom,airtelligence.com,US,5000000,Encrypted; Proof,2,"AirTelligence specializes in providing HVAC solutions across various industries, including healthcare, laboratories, data centers, and agriculture. The company offers a wide range of products such as mini-split systems, measurement devices, air purification systems, and advanced filtration units. AirTelligence focuses on delivering tailored solutions to meet the specific needs of its clients while ensuring high standards of performance and efficiency. With a commitment to helping thousands of HVAC companies, AirTelligence strives to enhance air quality and system reliability. ===> Industry Retail Revenue $5 Million Employees 25 President Bill Mason Phone Number (480) 419-9466",68549,2025-03-18,2025-03-18,2025-03-23,-0.3,67d94ec7576c6c717834bd0f,2026-09-17_page013.json
inc_ransom,Bancroft Wines,GB,6200000,AD Dump; Proof; Encrypted; Stocks,4,"Bancroft Wines is an award- winning London-based wine distributor offering a complete and competitive range of wines. They supply the on-trade, independent off-trade, private clients and several select national accounts nationwide. Their team is dedicated to delivering excellent advice and service and to forming long-term relationships with their clients and producers alike.",69094,2025-03-14,2025-03-14,2025-03-14,-0.0,67d40ef1576c6c7178f63458,2026-09-17_page013.json
inc_ransom,Essex County OB/GYN Associates,US,5000000,Proof; AD Dump; Encrypted,3,"We offer preventative, diagnostic, and acute care for a wide range of Women's Health issues. Each of us, including our board-certified OB/GYN physicians, certified nurse-midwives and our physician assistant, genuinely cares about our patients. We are dedicated to helping our patients maintain optimal health by providing them with quality medical care throughout their lives. We practice with compassion in a warm and welcoming environment.",67724,2025-03-11,2025-03-11,2025-03-11,-0.0,67d00bda576c6c7178c97b71,2026-09-17_page013.json
inc_ransom,sitro.com.au,AU,28600000,Encrypted; Proof,2,Finetech is a leading manufacturer of equipment for submicron die bonding and advanced SMD rework. We offer solutions for every step of your journey - from R&D to automated industrial production.,70098,2025-03-15,2025-03-10,2025-05-30,5.8,67ce5854576c6c7178b3d7c0,2026-09-17_page012.json
inc_ransom,yeanshalle.de,DE,13000000,Encrypted; Proof,2,"Als Jeans-Fachgeschäft, bieten wir unseren Besuchern einen persönlichen, kundenorientierten Service, sowie eine riesige Auswahl aktueller, trendiger Top-Marken, und eine überzeugende Denim - Kompetenz.",70908,2025-03-14,2025-03-10,2025-03-29,4.1,67cee777576c6c7178b9f3d2,2026-09-17_page013.json
inc_ransom,bellendorf.de,DE,5000000,Encrypted; Proof,2,"Auf dem richtigen Weg mit dem Autohaus Bellendorf Bei Autohaus Bellendorf sind wir mehr als nur eine Werkstatt. Wir sind Dein verlässlicher Partner für SEAT und CUPRA in Bottrop. Unsere Mission geht über das einfache ""Bedienen"" hinaus – wir streben Deine 100%ige Zufriedenheit an. Wie? Durch transparente Kommunikation, einen reibungslosen Ablauf, faire Preise und hervorragenden Service.",65525,2025-03-21,2025-03-10,2025-03-10,10.7,67cf5a6c576c6c7178c02b9d,2026-09-17_page013.json
inc_ransom,emperors.edu,US,9300000,Encrypted; Proof,2,"Emperor's College of Traditional Oriental Medicine is a graduate school of traditional Oriental medicine in Santa Monica, California. Founded in 1983, it offers master's and doctoral programs with full accreditation in acupuncture and Oriental medicine.",70209,2025-03-09,2025-03-09,2025-03-16,-0.3,67cddbd8576c6c7178aeda4a,2026-09-17_page013.json
inc_ransom,wog-kaiserbaeder.de,DE,14400000,Encrypted; Proof,2,"Wohnungsgesellschaft Kaiserbder Gemeinde Ostseebad Heringsdorf Verwaltungs - GmbH is a company that operates in the Fitness & Dance Facilities industry. It employs 50to99 people and has 10Mto25M of revenue. The company is headquartered in Heringsdorf, Mecklenburg-Vorpommern, Germany.",70538,2025-03-09,2025-03-09,2025-03-16,-0.3,67cde671576c6c7178af51e8,2026-09-17_page013.json
inc_ransom,baldaufarchitekten.de,DE,5000000,Encrypted; Proof,2,"Das Büro bearbeitet seit über 30 Jahren Städtebau- und Hochbauprojekte in und um Baden-Württemberg. Wir betreuen über 400 Städte und Gemeinden aller Größenklassen, von der kleinen Gemeinde im ländlichen Raum bis zur Landeshauptstadt Stuttgart sowie private Kunden.  Zu den wichtigsten privaten Auftraggebern bzw. Projektpartnern gehören u.a. die Daimler AG, Nestlé Deutschland AG, die Robert Bosch GmbH, HUGO BOSS AG, HOLY AG, KÄRCHER, Weisenburger Bau GmbH und Balluf. Im Forschungsbereich sind und waren wir im Bereich der Innenentwicklung im Auftrag des Wirtschafts- und Umweltministeriums Baden-Württembergs und der Landesanstalt für Umwelt Baden-Württemberg in Karlsruhe tätig.  Das Büro betreut ein tiefes Leistungsspektrum, das heißt Qualifikationen vom städtebaulichen Konzept über alle Facetten der Bauleitplanung, der Förderung bis hin zur baulichen Umsetzung. Wir besetzen ganz bewusst auch die Nahtstelle zwischen Städtebau und Hochbau, um die dort häufig zu beobachtenden Trennungsprobleme überwinden zu können. Die Bearbeitung von bisher über 1050 Bauleitplänen zeichnet das Büro aus. Im Jahre 2016 erhielten wir den Deutschen Städtebaupreis, 2008 und 2019 den Flächenrecyclingpreis Baden-Württemberg. Darüber hinaus erhielten wir über ein Dutzend Auszeichnungen im Hoch- und Städtebau.  Seit 1992 befindet sich das Büro in einem konvertierten Fabrikareal in der Schreiberstraße in Stuttgart",70554,2025-03-09,2025-03-09,2025-03-16,-0.3,67cdd788576c6c7178ae9983,2026-09-17_page013.json
inc_ransom,williampevear.com,US,5000000,Encrypted; Proof,2,"William Pevear is the President at William Pevear Architects based in Cambridge, Massachusetts. Previously, William was the Project Manager & Project Architect at Payette and also held positions at Maryann Thompson.",69820,2025-03-09,2025-03-09,2025-03-15,-0.3,67cdd481576c6c7178ae7678,2026-09-17_page013.json
inc_ransom,BerksBar.org,US,7300000,Encrypted; Proof,2,"The Berks County Bar Association's mission is to promote professional excellence, access to justice, and the integrity of the legal system, through service to our members and the community. The company is headquartered in Reading, Pennsylvania. ",69858,2025-03-09,2025-03-09,2025-03-13,-0.3,67cdd246576c6c7178ae5a74,2026-09-17_page013.json
inc_ransom,Greenwood Village South GVS,US,17600000,Proof,1,"In Greenwood, 15 miles south of Indianapolis, comfortable living and helpful services come together in a tree-lined neighborhood designed to give seniors everything they need in one place.Greenwood Village South is Continuing Care Retirement Community offering independent living, assisted living, memory care, and therapy services all under one roof at 295 Village Lane in Greenwood, IN 46143.",72016,2025-03-09,2025-03-08,2025-04-23,1.0,67cc380d576c6c71789b7db1,2026-09-17_page012.json
inc_ransom,Naples Heritage Golf & Country Club,US,9600000,Encrypted; Proof,2,"Naples Heritage is a casually elegant golf and country club community situated on 550 acres of land in Naples, Florida. With more than 250 acres of preserves, lakes and open space, NHGCC has the lowest density of any community of its type in Naples.",71003,2025-03-06,2025-03-06,2025-03-06,-0.6,67c9b410576c6c71788087a4,2026-09-17_page013.json
inc_ransom,ccso2014.local(sheriffs),US,5000000,Proof,1,"Cleburne County, Arkansas, population 25,970, is the states 75th and youngest county, formed in 1883 from three existing counties and named for Confederate Army Major General Patrick R. Cleburne. The landscape is rugged and mountainous in the north changing to rolling terrain in the south. Greers Ferry Lake, a reservoir of 40,000 acres, was formed by a hydropower dam of the same name in the early 1960s and created a recreational boom that continues to grow. Tourism is important to the economy, as are cattle and poultry farming and industrial development. The Little Red River provides an excellent fishery for rainbow trout. Fishing, boating, and hunting are important to the county. Cleburne County often hosts fishing tournaments, business meetings, reunions, crafts shows and Saturday night country music.",67768,2025-04-09,2025-03-05,2025-05-26,34.7,67c8a0ea576c6c717876ca05,2026-09-17_page012.json
inc_ransom,germancentre.sg,US,6500000,Encrypted; Proof,2,"German Centre Singapore - Offices, Advice, Networks. Rent offices, meeting rooms, conference space, cowork space in Singapore Support on market entry for German companies in Singapore. Business Centre services, networking events, seminars.",72910,2025-03-01,2025-03-01,2025-03-16,-0.3,67c394ca576c6c71783b9dd0,2026-09-17_page013.json
inc_ransom,breakawayconcretecutting.com,US,5000000,Encrypted; Proof,2,"ABOUT BREAK AWAY CONCRETE CUTTING, INC. Throughout the years in the Construction Industry, builders and developers have depended upon the strength and reliability of concrete. With the constant changes in the municipal system, flat sawing, core drilling, and wall sawing have almost become a must. We would like to take this opportunity to introduce Break Away Concrete Cutting, Inc. We specialize in slab sawing, core drilling, wall sawing, and demolition for the Bay Area Construction Industry. Kit L. Sanders and Chad L. Sanders established Break Away Concrete Cutting, Inc. in October 1997. Both Kit and Chad have had involvement in the concrete construction industry performing concrete cutting, demolition, dispatching, estimating and project management since 1980. Our mission is to provide quality service with the following goals in mind: Break Away Concrete Cutting, Inc. has the capability of performing services on projects ranging from a Modest Minimum Charge to $500,000.00.",71616,2025-03-01,2025-03-01,2025-03-12,-0.3,67c3723b576c6c717839efd8,2026-09-17_page013.json
inc_ransom,State Bar of Texas (www.texasbar.com),US,57100000,Proof,1,"Founded in 1939, the State Bar of Texas agency assists the Texas Supreme Court in overseeing attorneys licensed to practice law in Texas. The State Bar of Texas is located in Austin, TX",74074,2025-04-11,2025-02-27,2025-06-06,43.0,67c050ce576c6c717817e4dd,2026-09-17_page012.json
inc_ransom,wmk-hvb.de,DE,46500000,Proof,1,"Facharztzentrum Westmecklenburg GmbH is a company that operates in the Medical & Surgical Hospitals industry. It employs 500to999 people and has 25Mto50M of revenue. The company is headquartered in Ludwigslust, Mecklenburg-Vorpommern, Germany.  Total Files Listed: 711367 File(s) 384,756,064,224 bytes 398522 Dir(s) 3,634,162,196,480 bytes free",69704,2025-03-11,2025-02-27,2025-03-15,12.1,67c038af576c6c717817395b,2026-09-17_page013.json
inc_ransom,sublettecountywy.gov,US,12000000,Proof,1,"Meetings To Be Public Government is and should be the servant of the people, and it should be fully accountable to them for the actions which it supposedly takes on their behalf. (U.S.C. CAN 2183) The courts, legislature, administrative agencies, and the state, county, and municipal governments should ever be mindful that theirs is public business, and the public has a right to know how its servants are conducting its business. Wyoming Supreme Court The object of the public records act is disclosure, not secrecy... Wyoming Supreme Court Wyoming statutes contain two important open government laws: the Wyoming Public Records Act (16-4-201) and the law governing meetings of governmental agencies (16-4-401).  Starting with the meeting law, the statute declares that agencies in the state, be it boards, commissions, or committees, of the State, County, municipality, or other political subdivision exist in order to conduct public business and that business is to be conducted openly, with certain exceptions.  If you receive a jury summons and have any questions or concerns please call the Clerk of District Court at 307-367-4376. ",71907,2025-02-27,2025-02-27,2025-03-12,-0.3,67c0f768576c6c71781e4d32,2026-09-17_page013.json
inc_ransom,evergreenpnw.com,US,11300000,Proof,1,"Evergreen Christian Community is a company that operates in the Religious Organizations industry. It employs 100to249 people and has 10Mto25M of revenue. The company is headquartered in Olympia, Washington. Phone Number (360) 352-3410 IT Director (360) 528-7385 Total Files Listed: 63846 File(s) 32,565,343,182 bytes 16440 Dir(s) 7,329,921,945,600 bytes free",72533,2025-02-22,2025-02-22,2025-03-12,-0.3,67b996c5576c6c7178d17c36,2026-09-17_page013.json
inc_ransom,megamtls.com,US,5500000,Proof,1,"Mega Metals is a leading titanium recycling company that prides itself on our unwavering commitment to quality and customer service. This means we place a priority on innovation, trust, and relationships. We operate with utmost integrity and full dedication to delivering quality products and a quality experience - from your first contact with us through completion of your order. We want to grow our business by helping you grow yours.  Phone Number (602) 258-2000 Jim Nathan jnathan@megamtls.com 215-537-5200 | 860-729-5501 President/Buyer Joe Buckmaster jbuckmaster@megamtls.com 602-258-6677 | 909-380-4725 Director of Operations/Quality Size: 20.2 GB (21,736,637,056 bytes)",71996,2025-02-25,2025-02-21,2025-03-12,3.7,67b8e2e0576c6c7178ca8bdc,2026-09-17_page013.json
inc_ransom,statesideseattle.com,US,5000000,Proof,1,"Stateside Entertainment started when the Georgia Entertainment Industry Investment Act was signed into law August of 2008. This act boosts state tax credits for qualified production and post-production expenditures to 30%. Stateside takes those credits, monetizes them and delivers the tax benefits to the investor- the client. What does that mean to you? The production companies spend money in our Georgia market, Stateside buys their tax credits, and sells them to the public to reduce their tax liabilities. Its a win-win proposition that takes the guess work out of the equations for the studios, taxpayers, and CPA's.  Total Files Listed: 41097 File(s) 64,966,893,469 bytes 13528 Dir(s) 2,112,801,775,616 bytes free",72946,2025-02-21,2025-02-21,2025-03-10,-0.3,67b88382576c6c7178c5fe8c,2026-09-17_page013.json
inc_ransom,californiaclingpeaches.com,US,5000000,Proof; Encrypted,2,"California Cling Peaches growers offer nutritious peaches packed in Cans, Jars, and Single Serve cups, available year-round. Through the U.S. Department of Agriculture's program, they promote their peaches in international markets, focusing on Canada and Mexico. Discover the blend of tradition and innovation in delivering high-quality peaches. Their efforts ensure a continuous source of exquisite flavor and nutritional goodness is available to food and nutrition professionals, as well as families seeking quick and easy recipes.   Total Files Listed: 26793 File(s) 37,983,823,444 bytes 17315 Dir(s) 2,112,818,327,552 bytes free",72990,2025-02-20,2025-02-20,2025-03-10,-0.4,67b72bee576c6c7178b6abc7,2026-09-17_page013.json
inc_ransom,ehdd.com,US,19300000,Proof,1,"Founded in 1946, EHDD seeks to create built environments that enhance our culture, honor the natural environment, and respect and delight the people who use them. Headquartered in San Francisco, EHDD serves clients around the world in Aquariums, Museums and Science Centers, Education, Corporate Office, Mixed-Use Development, and Government. EHDD is a Top 10 AIA COTE honoree, and featured in "" The Habits of High-Performance Firms, Lessons from frequent winners of the AIA COTE Top Ten Award.",73271,2025-02-19,2025-02-20,2025-03-10,-0.3,67b692ca576c6c7178b015cd,2026-09-17_page013.json
inc_ransom,pyasolutions.com,US,16000000,Proof; Encrypted,2,"PYA Solutions specializes in Microsoft Dynamics NAV and Microsoft Dynamics 365 Business Central, offering industry-specific solutions to enhance business operations. The company is recognized for its innovative and responsive approach in delivering advanced technological solutions and best-business practices. Their clientele spans various sectors, including leasing, wholesale, and distribution. With a presence in Montreal, Quebec, Canada, and Jacksonville, USA, PYA Solutions is dedicated to improving business efficiency through tailored ERP solutions.  Total Files Listed: 27962 File(s) 243,517,595,726 bytes 8275 Dir(s) 7,383,778,062,336 bytes free  Phone Number (904) 880-8818",69934,2025-03-13,2025-02-18,2025-03-11,22.7,67b44789576c6c71789528cc,2026-09-17_page013.json
inc_ransom,lavi.co.il,IL,16600000,Proof,1,"Kibbutz Lavi Hotel is a company that operates in the Furniture industry. It employs 50to99 people and has 10Mto25M of revenue. The company is headquartered in Israel. Phone Number +972 46799450 Total Files Listed: 119128 File(s) 93,202,615,220 bytes 67922 Dir(s) 5,706,414,174,208 bytes free",74206,2025-02-18,2025-02-18,2025-03-01,-0.3,67b44f08576c6c7178957fff,2026-09-17_page013.json
inc_ransom,teamsters175.org,US,58700000,Encrypted,1,"PROUDLY SERVING TEAMSTER MEMBERS AND THEIR FAMILIES IN WEST VIRGINIA, KENTUCKY, OHIO AND VIRGINIA SINCE 1940 Saturday, October 16th (next Saturday) at 10:00 a.m. at 267 Staunton Ave., South Charleston, WV 25309. Biscuits will be available. AHF members joined together for a Unity Rally for each shift to show their solidarity and support for a new better contract. Negotiations have been ongoing with a company that bought the plant sometime last year. They stand together stong and we stand with them. Teamsters Local 175 joins West Virginia AFL-CIO March 12, 2019 Facebook Twitter Email Google+ Share In an encouraging sign of unity within the West Virginia labor movement, the International Brotherhood of Teamsters Local 175 made a unanimous decision this past Saturday to affiliate with the West Virginia AFL-CIO.",72976,2025-02-21,2025-02-09,2025-03-10,11.8,67a8d75f038775d378ffe815,2026-09-17_page013.json
inc_ransom,Northeast Delta Human Services Authority,US,2000000,Proof,1,"NE Delta HSA is devoted to delivering programs and services that encourage citizens of Northeast Louisiana to reach their full human potential. Three tenets guide these efforts: excellent customer service, greater access to services and competent, quality care. We serve Caldwell, East Carroll, West Carroll, Ouachita, Lincoln, Madison, Franklin, Morehouse, Jackson, Tensas, Richland and Union Parishes",74259,2025-02-15,2025-02-09,2025-02-17,5.9,67a8b7d1038775d378fe2940,2026-09-17_page013.json
inc_ransom,City of McKinney,US,849000000,Proof,1,"McKinney Economic Development Corporation works in conjunction with the City of McKinney, Texas to promote and provide economic development for the city.",74029,2025-02-15,2025-02-09,2025-02-15,5.9,67a8c29c038775d378fec5cf,2026-09-17_page013.json
inc_ransom,The Children's Center Of Hamden,US,35000000,Proof,1,"The Children's Center of Hamden is a credentialed provider of highly effective, individualized programming and services for at-risk children and teens. The Children's Center of Hamden actively promotes strong partnerships with several key constituents in order to provide the programming and services that best meet the changing needs of learning disabled and troubled youth. These partners include: Institutions of higher learning Area hospitals Professional associations The State of Connecticut The Center also provides supervised opportunities for graduate students studying behavioral health care to work with children and teens right on campus. This is part of our ongoing commitment to support quality training and advancement of new professionals in the field.",76151,2025-02-11,2025-02-04,2025-02-13,6.5,67a20007038775d378abb56d,2026-09-17_page013.json
inc_ransom,Heart to Heart Hospice,US,48000000,Proof,1,"Heart to Heart Hospice, headquartered in Plano, Texas, and established in 2003, provides palliative care to patients with life-limiting illnesses. Their hospice services include pain management, symptom control, medication management, personal care assistance, and physical, occupational, and speech therapy.",72198,2025-03-15,2025-01-29,2025-03-10,44.5,679a1eb5038775d3785522ff,2026-09-17_page013.json
inc_ransom,Turning Leaf (TURNINGLEAF.local),US,5800000,Proof; Encrypted,2,"Turning Leaf Residential Rehabilitation Services is a company that operates in the Mental Health & Rehabilitation Facilities industry. It employs 250to499 people and has 5Mto10M of revenue. The company is headquartered in Lansing, Michigan.",76520,2025-02-28,2025-01-29,2025-02-20,30.0,679a1c9d038775d37855089a,2026-09-17_page013.json
inc_ransom,tnlottery.com,US,2000000000,Proof,1,USA education lottery. We have a lot of DATA this company.750 gb include SQL DATABASE with private clients information.,79405,2024-10-10,2025-01-29,2025-02-16,-111.2,679a1f3d038775d378552a5f,2026-09-17_page013.json
inc_ransom,City Of Beloit,US,33000000,Proof,1,"The beautiful and historic City of Beloit is located along Interstate 39/90, just north of the Wisconsin border. The City Center is located along the beautiful Rock River, while the new Gateway Business Park is easily accessible to the east side of Interstate 90.",78870,2025-01-29,2025-01-29,2025-02-11,0.0,679a0e18038775d378546bc2,2026-09-17_page014.json
inc_ransom,air europa,ES,27000000,Proof,1," Air Europa, the airline of the Globalia tourism group, is a full member of the SkyTeam Alliance. Committed to the environment and always boasting the latest technology, Air Europa has the highest standards of quality and safety.  We have a lot of clients private information in our hands.",81849,2024-10-10,2025-01-29,2025-01-29,-111.2,679a0eb2038775d3785474db,2026-09-17_page014.json
inc_ransom,Boldon James,GB,17000000,Proof,1," Data classification that keeps you secure, compliant, and in control. Data is everywhere and protecting it is becoming more difficult than ever. Fortra’s Data Classification enables you to establish a policy-driven foundation that helps you identify and classify sensitive data at creation, in motion, or at rest and apply the right security policy to protect it.  We have 500 gb of company data in our hands. We have in our hands the source codes of their programs supplied to protect government files.",79715,2024-10-10,2025-01-29,2025-01-29,-111.2,679a0867038775d378542acf,2026-09-17_page014.json
inc_ransom,Mission Locale Montpellier,FR,1000000,Proof,1,Mission Locale des jeunes de Montpellier,79052,2025-01-27,2025-01-29,2025-01-29,-1.8,6799d1ef038775d37851e6ad,2026-09-17_page014.json
inc_ransom,Menominee Tribal Clinic,US,6600000,Proof,1,"Menominee Tribal Clinic ~ Keshena, WI ~ Soar to good health. Providing the best patient care to our community through education, prevention, health care maintenance and intervention.",77957,2025-01-27,2025-01-29,2025-01-29,-1.8,6799cf5d038775d37851c7a1,2026-09-17_page014.json
inc_ransom,broward.edu,US,172000000,Proof,1,"Founded in 1959, Broward College is a education facility that offers a variety of courses such as health and science, math, and social behavioral. Broward College is located in Florida.  Total Files Listed: 75435 File(s) 63,724,747,812 bytes 27140 Dir(s) 7,105,358,766,080 bytes free",76623,2025-02-06,2025-01-28,2025-03-10,8.7,67991e9a038775d3784ac563,2026-09-17_page013.json
inc_ransom,cnnindonesia.com,ID,26800000,Proof,1,"CNNIndonesia.com menyajikan berita Terbaru, Terkini Indonesia seputar nasional, politik, ekonomi, internasional, olahraga, teknologi, hiburan, gaya hidup.  ",82955,2025-01-28,2025-01-28,2025-03-10,-0.3,6798c9e2038775d37847433e,2026-09-17_page013.json
inc_ransom,lhps.org,US,31000000,Encrypted,1,"Founded in 1970, Lake Highland Preparatory School is the 8th largest coeducational independent day school in the nation, featuring two campuses totaling forty-two acres in the heart of Orlando. LHPS educates approximately 1,950 students in grades Pre-K though 12 in a rigorous college preparatory program. The school is accredited by Florida Council of Independent Schools, Southern Association of Colleges and Schools and Florida Kindergarten Council. ",79511,2025-01-27,2025-01-27,2025-01-27,-0.3,67977b1f038775d37837fdae,2026-09-17_page014.json
inc_ransom,starkaerospace.com,US,20000000,Proof,1,"At Stark Aerospace, we stand as a beacon of excellence in the realm of defense manufacturing. Founded on the principles of integrity and excellence, Stark Aerospace has become synonymous with technological advancement and operational superiority. Our dedication to quality permeates every aspect of our operations, ensuring that each product bearing the Stark Aerospace name upholds the highest standards of performance and durability. ==================================================  We have a full range of design documentation, source codes of software environments developed by you, including firmware of all types UAVs you produce, information on contracts with the Department of Defense and other military contractors, supply chain information, and technology partners, codes and parts numbers of the entire component base, building plans and scientific works used by you to manufacture of its products. Moreover, we know the personal data with copies of the passports of your instructors who fly to hot spots for training and presentations of your product solutions.  We also found a lot of interesting information on the programs for the production and launch of reconnaissance satellites functionality, as well as partially took away the documentation of your parent holding IAI. Copies of your websites, significant laboratories (in the form of virtual machines), configuration of information security tools and other things - all this is in our possession and will be sold to interested parties in case of refusal to cooperate.  4 TB of company data are at our disposal.",99098,2025-01-23,2025-01-23,2025-02-17,-0.5,67924b1b038775d37804656d,2026-09-17_page013.json
inc_ransom,RETAL Baltic Films,CY,393800000,Encrypted; Proof,2,"RETAL has been offering our customers complete packaging solutions for over 20 years. With 19 production sites in 10 countries, our sales area encompasses more than 70 countries throughout Europe, Asia, Africa and the Americas. Parent company RETAL Industries Ltd, whose President and Member of the Board of Directors is Anatoly Martynov is headquartered in Limassol, Cyprus. Through our combined expertise and dedication to responsible development and manufacturing, we deliver reliable value to customers in food and beverage sectors globally. To provide our customers with industry leading packaging products, services and solutions. Through our combined expertise and dedication to excellence in development and manufacturing, we deliver value to customers in food and non-food sectors globally. Plastec S.R.L. (Italy), a PET container manufacturer, is acquired",98085,2025-01-21,2025-01-21,2025-01-21,-0.9,67901d3d038775d378f0dade,2026-09-17_page014.json
inc_ransom,Prinston Pharmaceutical (huahaius.com),US,20300000,Proof,1,"Prinston Pharmaceutical Inc., is a fast growing, emerging global pharmaceutical company, located in Cranbury, New Jersey, USA. We are a fully-integrated pharmaceutical company engaged in product development, product registration, manufacturing, marketing and sales of high quality affordable generic prescription products to our customers.",80969,2025-02-08,2025-01-17,2025-05-30,22.5,6789a993038775d378af8723,2026-09-17_page012.json
inc_ransom,Washington Gastroenterology (DHSWA.NET),US,7100000,Proof,1,"Washington Gastroenterology (WAGI) was formed with the merger of three western Washington-based gastroenterology (GI) practices: Digestive Health Specialists (based in the Tacoma/South Puget Sound region), along with Northwest Gastroenterology Associates and Overlake Internal Medicine Associates - Gastroenterology (both based in the Bellevue/Eastside area). Launched on January 1, 2018, WAGI is now the largest, most comprehensive private GI practice in Washington state. Our story includes a rich history of providing superior GI care for nearly five decades, combined with a vision of collaboration and innovation, in a new practice dedicated to extraordinary patient care now and into the future.",84633,2025-01-16,2025-01-17,2025-02-11,-0.5,6789a2a7038775d378af498d,2026-09-17_page013.json
inc_ransom,peponline.org,US,27600000,Proof,1,"People Encouraging People is an organization driven by our core values. Our programs provide a wide range of services , from rehabilitation, to assistance for the deaf and blind, to residential and vocational ventures aimed at assimilating our clients into the community.",82827,2025-01-16,2025-01-17,2025-02-11,-0.5,6789a558038775d378af60b5,2026-09-17_page013.json
inc_ransom,Kilgore College (kilgore.edu),US,5000000,Proof,1,Kilgore Economic Development Corporation is an organization founded in 1990 and funded by a dedicated sales tax approved by voters. The mission of KEDC is to enhance a business climate that is conducive to job creation and retention improving the standard of living for Kilgore residents.,83384,2025-01-16,2025-01-17,2025-02-11,-0.5,6789a41f038775d378af550c,2026-09-17_page013.json
inc_ransom,Taylor Regional Hospital (thcg.local),US,77800000,Proof,1,"Taylor Regional Hospital is a private, not-for-profit acute care facility governed by a self-perpetuating Board of Trustees located in Hawkinsville, Georgia. We continue to set the trend among health care providers in the Middle Georgia area.",82346,2025-01-16,2025-01-17,2025-02-11,-0.5,6789a6d8038775d378af6b9b,2026-09-17_page014.json
inc_ransom,Regina Coeli Convent,US,17500000,Proof,1,"Our program provides high-quality, comprehensive early childhood services to over 1,800 children and employs over 500 people in a five-parish area. Regina Coeli's mission is to provide the highest quality of service to children and families through a community team effort based on the question: ""Is it good for children?"" learn more",82834,2025-01-16,2025-01-17,2025-02-11,-0.5,6789a82b038775d378af78cd,2026-09-17_page014.json
inc_ransom,International AIDS Vaccine Initiative (iavi.org),US,44800000,Proof; Encrypted,2,"The International AIDS Vaccine Initiative (IAVI) is a global not-for-profit, public-private partnership working to accelerate the development of vaccines to prevent HIV infection and AIDS. IAVI researches and develops vaccine candidates, conducts policy analyses, serves as an advocate for the HIV prevention field and engages communities in the trial process and AIDS vaccine education.",81404,2025-01-27,2025-01-15,2025-02-11,11.4,6787b5a7038775d3789fa20e,2026-09-17_page013.json
inc_ransom,depewgillen.com,US,5000000,Proof,1,"Depew Gillen Rathbun & McInteer, LC is a general practice law firm in Wichita, Kansas. Our attorneys are nationally respected for their expertise, skill and ethical practice and are dedicated to serving clients with integrity and excellence. Four special areas of expertise are wills and trusts, business transactions, environmental law and employment law.",82518,2025-01-15,2025-01-15,2025-01-15,-0.6,6787bb58038775d3789fcf9b,2026-09-17_page014.json
inc_ransom,Spectrum,AU,9100000,Proof,1,"Spectrum Medical Imaging is an independent radiology practice providing state-of-the-art imaging services across Eastern and South Western Sydney. Our radiologists have subspecialist fellowship training in diagnostic & interventional neuroradiology, musculoskeletal radiology, body CT and MRI (including chest,gastrointestinal and oncology imaging),women's imaging, men's imaging, paediatrics, and cardiac imaging (CT and MRI). Our commitment to both Prince of Wales and Liverpool hospital and to community practices provides a unique continuity of imaging care for your patients through our strong relationships with the hospital medical specialists. Spectrum Medical Imaging offers comprehensive imaging services including X-Ray, Ultrasound, CT, MRI, DEXA/BMD, Interventional - Biopsies & Injections, Women's Imaging, Men's Imaging, Cardiac Imaging, Paediatric Imaging, Sports Imaging and Specialist Dental Imaging",83118,2025-01-13,2025-01-13,2025-01-13,-0.4,678593db038775d3788f1c1e,2026-09-17_page014.json
inc_ransom,Imperial Valley Respite (ivrespite.com),US,5000000,Proof,1,"Caregiving is demanding, and Imperial Valley Respite is a helpful source to ease the demands of caregiving. IV Respite aims to help families and caregivers in the developmentally disabled community tackle the challenges of providing daily care. IV Respite offers support services to families in need of short-term care for developmentally disabled persons of all ages throughout the Imperial Valley and San Diego.",82333,2025-01-13,2025-01-13,2025-01-13,-0.4,67858716038775d3788ea1b9,2026-09-17_page014.json
inc_ransom,Biomedical Caledonia Medical Laboratory (calmedlab.local),JM,12800000,Proof,1,Biomedical Caledonia Medical Laboratory Limited is a private medical laboratory with a network of forty-six (46) collection centres island-wide and has been providing comprehensive laboratory services since 1968. The laboratory participates in external proficiency testing with the Medical Laboratory Evaluation.,82498,2025-01-13,2025-01-13,2025-01-13,-0.4,678588af038775d3788eb171,2026-09-17_page014.json
inc_ransom,Findhelp Information Services,CA,16900000,Proof,1,Findhelp is a lead provider of information and referral services in Ontario and across Canada. We create connections and solutions to build strong communities. Findhelp connects people and agencies to human services and the social services system and assist all clients.,81954,2025-01-13,2025-01-13,2025-01-13,-0.4,67858e28038775d3788ee39a,2026-09-17_page014.json
inc_ransom,Onecare,US,5400000,Proof,1,"ONE CARE provides a range of supportive care services that enable seniors and people with disabilities to enjoy better quality of life as they age at home. ONE CARE Home & Community Support Services is a community based, charitable, not-for-profit health organisation providing supportive care to families in Huron and Perth Counties and surrounding area. The agency was formed in 2011 when three long standing Huron and Perth organisations came together as ONE CARE",82245,2025-01-13,2025-01-13,2025-01-13,-0.4,67858f5b038775d3788ef095,2026-09-17_page014.json
inc_ransom,fwmep.edu,US,7000000,Encrypted; Proof; Stocks; AD Dump,4,"The Family Medicine Center, in partnership with the Fort Wayne Medical Education Program, has been serving the Fort Wayne community since 1967. During this time, we have developed a proven Patient Centered Medical Home model, built on the foundation of passionate, evidence-based care 66 GB",79429,2025-01-15,2024-12-27,2025-03-12,19.3,676e2f2c38e2eaa58b15354b,2026-09-17_page013.json
inc_ransom,Primary Health Services Center,US,7600000,Proof,1,"Primary Health Services Center (PHSC) is a private, 501(c)(3) nonprofit organization and certified Patient Centered Medical Home incorporated in 1997 by local citizens. As a Federally Qualified Health Center (FQHC) PHSC is involved in community based primary healthcare, offering core primary medical services, OBGYN, pediatric and behavioral health services, including substance abuse counseling and short term therapy, access to dental services, and referrals of chronically mentally ill patients to the local community behavioral health network of mental health providers.",85490,2025-01-07,2024-12-24,2025-01-15,13.8,676ad50a38e2eaa58bf682ce,2026-09-17_page014.json
inc_ransom,falp.org,CL,25000000,Stocks,1,Fundación Arturo López Pérez,87892,2024-12-27,2024-12-22,2024-12-22,5.5,6767694a38e2eaa58bda2e02,2026-09-17_page014.json
inc_ransom,Youth Eastside Services,US,16900000,Proof,1,"Since 1968, Youth Eastside Services helped children, teens and families struggling with depression, grief, trauma, substance abuse, anxiety, gender- or cultural-identity issues, behavioral issues, ADHD, and autism. It provides counseling, substance abuse treatment, education and prevention, and psychiatric services in East King County.",80478,2025-01-07,2024-12-17,2025-02-11,20.7,6761a05438e2eaa58ba8f554,2026-09-17_page013.json
inc_ransom,Haji Husein Alireza,SA,1200000000,Proof; Encrypted,2,"Haji Husein Alireza and Company Limited is a general trading company with diverse interests in foodstuffs, building materials, toilets and jewelry. We will leak all data at 17th of Decemeber. ",90341,2024-12-13,2024-12-13,2024-12-13,-0.8,675c85cb38e2eaa58b7d92d1,2026-09-17_page014.json
inc_ransom,Arc Community Services Inc,US,5000000,Proof,1,ARC Community Services Inc is a company that operates in the Mental Health & Rehabilitation Facilities industry. It employs 50 to 99 people,91677,2024-12-07,2024-12-07,2025-01-13,0.0,675437e838e2eaa58b36b549,2026-09-17_page014.json
inc_ransom,Black Creek Community Health Centre (bcch.local),CA,5000000,Encrypted; Proof,2,Black Creek Community Health Centre is a company that operates in the Medical & Surgical Hospitals industry. It employs 100 to 249 people,90959,2024-12-07,2024-12-07,2024-12-07,-0.0,67543b3438e2eaa58b36c472,2026-09-17_page014.json
inc_ransom,McKibbin,GB,6400000,Proof,1,"McKibbin Commercial are one of the leading firms of Chartered Surveyors, Estate Agents & Valuers in Northern Ireland.  The Company was founded in Belfast in 1902 by Frederick McKibbin and we continue to provide a wide range of property services including sales, lettings, valuations, lease renewals, rent reviews and other property consultancy to a wide-ranging clientele to include individual landlords and tenants, businesses, institutions and public sector organizations.",93337,2024-12-01,2024-12-01,2024-12-01,-0.7,674c917238e2eaa58bfd1159,2026-09-17_page014.json
inc_ransom,visufarma.com,NL,50000000,Proof,1," 200gb 50kk https://www.zoominfo.com/c/visufarma/399327127 https://www.visufarma.com/   VISUfarma was formed in 2016 and is the result of the successful combination of the Italian company Visufarma SpA and the commercial activities of the international Nicox SA, headquartered in France. The combination created VISUfarma.  We offer a complete portfolio of products in the areas of: dry eye, eyelid hygiene, meibomian gland dysfunction (MGD), blepharitis and demodex management, retinal health, food supplements and glaucoma.  Our growing portfolio of innovative products, and our commitment to ocular health, will bring new therapeutic solutions from around the world to help patients across Europe and in 20+ countries worldwide through exclusive distributors.",93653,2024-11-28,2024-11-28,2024-12-16,-0.3,6748281b38e2eaa58bd71517,2026-09-17_page014.json
inc_ransom,NHS Alder Hey,GB,60410000,Proof,1,"Evidence of large-scale data  Patient records, donor reports, procurement data are indicated  Information available for 2018-2024",95518,2024-11-28,2024-11-28,2024-11-28,-0.0,6748967838e2eaa58bdb953d,2026-09-17_page014.json
inc_ransom,formpipe.com,SE,46900000,Encrypted; Proof,2,Formpipe We transform your business to take you into the future. Our highly skilled team and premium software are here to prove it. We build valuable relationships between data and people to realize your imagination.  We have 600 GB of company data at our disposal. All data will be published in the near future.,95296,2024-11-27,2024-11-25,2024-11-25,1.7,6744231e38e2eaa58bb0acef,2026-09-17_page014.json
inc_ransom,Hadwins Volkswagen,GB,8200000,Proof,1,"Volkswagen has a reputation for developing vehicles that offer something for everyone. From the ever-popular Volkswagen Golf through to the bold and stylish Volkswagen Tiguan, the manufacturer is renowned for its ability to fuse exceptional performance with great aesthetics. At Hadwins Volkswagen in the Lake District, we’re delighted to be able to offer the complete selection of new cars from Volkswagen at our beautifully located dealership.  Every model in the Volkswagen new car range provides a first-class driving experience. Plus, with such iconic models as the Golf, Polo, and Beetle still turning heads out on the roads, you can be confident of finding a new car from the marque that ticks all the boxes in terms of style and performance. It setting in Lindale is the perfect location to discover the latest lineup of models.",93945,2024-11-24,2024-11-25,2024-11-25,-1.2,674418c938e2eaa58bb03622,2026-09-17_page014.json
inc_ransom,Nicholsons Solicitors,AU,6500000,Proof,1,"Nicholsons Solicitors is a leading mid-tier law firm with offices in Brisbanes CBD and in Noosa. Their strong foundations in property law, commercial law and litigation have helped shape the legal landscape in Queensland for more than a century.",93588,2024-11-24,2024-11-24,2024-11-24,-0.6,67434f7238e2eaa58ba8f822,2026-09-17_page014.json
inc_ransom,Pastor Real Estate,GB,5400000,Proof,1,"Pastor Real Estate offers a professional property management service, ensuring a bespoke customer experience for their clients.",92582,2024-11-24,2024-11-24,2024-11-24,-0.5,67432f5538e2eaa58ba7d7ad,2026-09-17_page014.json
inc_ransom,Sa.SS Datentechnik,DE,5000000,Proof,1,"Printers and printing solutions for your business Our passion is printers and printing solutions for industry, trade, services and logistics.  They provide manufacturer-independent advice and always plan objectively and absolutely solution-oriented.  Whether it’s a single application or a complex system connection – we adapt exactly to your wishes and needs. Our many years of know-how and close ties to our partners allow them to find the optimal printing solution for every industry. To ensure that your business runs “as printed” even after your purchase, they have put together strong service packages for you.",92852,2024-11-24,2024-11-24,2024-11-24,-0.4,674311bd38e2eaa58ba6cac8,2026-09-17_page014.json
inc_ransom,atfservices.com.au,AU,56700000,Encrypted; Stocks; Proof,3," Don't risk inferior solutions. ATF is trusted by top contractors all around Australia. For over 25 years throughout Australia and New Zealand ATF has built a reputation for delivering an extensive range of smarter safety solutions through superior product quality, backup and service.  The majority of ATF products are locally made and rigorously tested to meet the highest Australian standards and the toughest conditions.   We have 1 TB DATA OF THIS COMPANY.",93611,2024-11-25,2024-11-23,2024-12-16,2.0,674130d938e2eaa58b98ed45,2026-09-17_page014.json
inc_ransom,aclaser.com.au,AU,5000000,Encrypted; AD Dump,2,"Rich in history, fuelled by innovation Innovation drives us at AC Laser. As a family-owned and operated business now in its second generation of management, we’ve been pioneers in laser cutting, fabrication and component manufacturing for two decades. Founded in 1991 and now celebrating 20 years under current ownership (May 2004), we continue to set new benchmarks in our industry.  Our state-of-the-art facility is equipped with the latest technology and operates 24/7 to ensure we meet every deadline. Committed to performance and safety, we uphold international standards with ISO certifications in Quality, Environmental, Welding and OH&S.  With a focus on high-quality workmanship and exceptional service, our friendly team of experts provides reliable, cost-effective, market-leading solutions to various industries nationwide.",92969,2024-11-25,2024-11-23,2024-12-16,2.0,6741333d38e2eaa58b990670,2026-09-17_page014.json
inc_ransom,Service Avicole JGL,CA,5000000,Proof,1,"Focused on biosecurity and animal welfare, their teams put in place the conditions required for cruelty-free handling with as little stress as possible. They apply biosecurity procedures relating to service providers in the poultry industry in Quebec and Canada. Staff masters appropriate poultry handling and vaccination techniques for optimal service.",92747,2024-11-23,2024-11-23,2024-11-23,-0.8,6742451038e2eaa58b9fe8e2,2026-09-17_page014.json
inc_ransom,Darlington EMS,GB,5400000,Proof,1,"Darlington EMS is a leading supplier of contract electronic manufacturing services. They provide a full service from concept and prototyping through to production and have exceptional in-house capability and strive to achieve manufacturing excellence. Darlington EMS are committed to operating our business in a socially responsible way and consider our employees, customers and supply chain partners in all that we do. We aim to lead by example and conduct our business through values that promote excellence and integrity.",92217,2024-11-23,2024-11-23,2024-11-23,-0.8,67422a7938e2eaa58b9f0c2e,2026-09-17_page014.json
inc_ransom,Schuck-Gruppe,DE,5000000,Proof,1,"The Schuck Group companies have been moving tons of materials and machines through the Rhine-Main area for over 75 years. The group from Elsenfeld near Aschaffenburg near Frankfurt am Main is now a specialist in earthworks, demolition, disposal and transport. As a certified waste disposal company, we ensure professional recycling. No situation is too difficult for us and no challenge is too big. We have organized ourselves nationally under the well-known motto ""It's not possible? It doesn't exist!"" made a name.",91990,2024-11-23,2024-11-23,2024-11-23,-0.7,67420dd738e2eaa58b9e1e7d,2026-09-17_page014.json
inc_ransom,IPE Engwicht,DE,5000000,Proof,1,"IPE Engwicht is a mid-sized company founded in 1994 with core competencies in control engineering & automation. There are active in the sector of special machine construction and automation with our core competence of electrical engineering. Business activities:  facility systems and process controls block heat and power plant controls controls for renewable energy applications machine control panels  References / projects:  PLCs e.g. Siemens, ABB Process visualization e.g. WinCC, InTouch CAD systems EPLAN, WSCAD  Service:  Engineering / Project Management / development concept engineering / programming documentation construction with functional test Bringing into service",91749,2024-11-23,2024-11-23,2024-11-23,-0.6,6741ee2738e2eaa58b9d315c,2026-09-17_page014.json
inc_ransom,borohradek,CZ,5000000,Encrypted; Proof; Stocks,3,City BORHODAREK,90993,2024-11-25,2024-11-23,2024-11-23,2.0,674128ac38e2eaa58b98c0e7,2026-09-17_page014.json
inc_ransom,Brueck Golosow Kim & Associates,US,5000000,Proof,1,"Dr. Lorraine Golosow is a premier Southwest Florida plastic surgeon who provides high quality cosmetic surgical care at Associates in Cosmetic Surgery. Dr. Lorraine Golosow is a plastic surgeon certified by the American Board of Plastic Surgery, and also by the American Board of Surgery. She is a member of the American Society of Plastic Surgeons and the American Medical Association. She is a member of the Lee County Medical Society and served as Chief of Plastic Surgery at Lee Memorial Hospital from 2002 – 2004. Dr. Lorraine Golosow was the first female plastic surgeon in Lee County to become certified by the Board of Plastic and Reconstructive Surgery. Dr. Kim is recognized as being among the best facial plastic surgeons in the Portland area. He holds two specialty board certifications: Facial Plastic Surgery and Head and Neck Surgery. Over his decade-plus years in practice, he has become known for his consistently beautiful and natural results.",91989,2024-11-21,2024-11-21,2024-11-21,-0.5,673f8d4238e2eaa58b8bdd4f,2026-09-17_page014.json
inc_ransom,Goldsmith & Hull,US,5000000,Proof,1,"Goldsmith & Hull has provided full service retail and commercial collections for most of the leading ""Fortune 500 Companies"". Originally founded in 1978, Goldsmith & Hull offers its clients the experience, capability, precision and attention to detail they have come to expect. Combined with personal service, accessibility and economy, Goldsmith & Hull lawyers try cases in all of the Federal and State Courts in California involving disputes relating to Insurance Coverage, Issues and Bad Faith, Construction Defects, Professional and Legal Malpractice, Insurance Coverage, Creditors Rights for both commercial and retail collections, Estate Planning, Probate, Elder Law and Personal Injury including Medical Malpractice, Product Liability, Premises Liability, Serious Automobile Accidents, and losses from Business, Corporations, Partnerships, Contracts, Real Estate, Defamation, Wrongful Termination, Entertainment, and Sports.",91437,2024-11-21,2024-11-21,2024-11-21,-0.5,673f831a38e2eaa58b8b8f51,2026-09-17_page014.json
inc_ransom,United Bakery Equipment,US,15400000,Proof,1,"UBE specialize in Slicing and Packaging Equipment: Bread, Buns, Rolls, Bagels, Corn and Flour Tortillas, and Pita Bread products. UBE's machines include Slicers, Baggers, Wrappers, Dicers for Croutons, Heat Sealers / Tamper Evident, Product Conveyors, Bread Decrusters plus other custom machinery manufactured for your specific requirements.  UBE was founded by Frank Bastasch in Kansas City, Kansas in 1966 manufacturing Bun and Roll Bagging Machines. Recently UBE consolidated manufacturing in Rancho Dominguez, California. In addition to robust mechanically driven machines UBE offers servo drive technology and high-performing compact controller’s reducing the need for spare parts, eases maintenance, and increase accuracy and reliability for the customer.",91243,2024-11-21,2024-11-21,2024-11-21,-0.4,673f715d38e2eaa58b8aea41,2026-09-17_page014.json
inc_ransom,Zimmerei Buder,AT,5800000,Proof,1,"Zimmerei Buder GmbH is a company that operates in the Commercial & Residential Construction industry.  Carpentry Buder was founded as a sole proprietorship on May 3, 2003 by managing director Rudolf Buder with four employees. Company currently employ 29 people.",91208,2024-11-21,2024-11-21,2024-11-21,-0.7,673f619438e2eaa58b8a6d8e,2026-09-17_page014.json
inc_ransom,PHARMATIS-SAS,FR,38000000,Encrypted; Proof,2,"Pharmatis is, as always, a company on a human scale, with multidiscipline, responsive teams that listen to their customers. It provides a local relationship, with advice on technical matters and regulations and personalised support for the creation or development of product ranges, offering full-service solutions. Pharmatis has a dedicated CSR policy, paying particular attention to impact on the environment and quality of life at work. In 1998, it was the first pharmaceutical company to be awarded ISO 14 001 certification. Expertise, exacting standards, transparency, integrity, respect and flexibility form the basis of all collaboration.",96190,2024-11-15,2024-11-15,2024-12-16,0.2,673703fa38e2eaa58b4f10f5,2026-09-17_page014.json
inc_ransom,europe-qualité,FR,9500000,Encrypted; Proof,2,Europe Quality Group   We have 500 gb data of this company. Publication coming soon.,96120,2024-11-07,2024-11-07,2024-11-22,-0.4,672c983e38e2eaa58b030f30,2026-09-17_page014.json
inc_ransom,ucv.es,ES,40200000,Encrypted; Proof,2,"La UCV es una institución capaz de ofrecer formación en cualquier etapa de nuestra vida, relacionándose con el entorno y las necesidades actuales, pero sobre todo respondiendo al compromiso con una generación que quiere y puede cambiar el mundo:  La generación de las personas.  Porque tenemos un compromiso con su formación. Con sus metas. Con su capacidad de superación. Porque en la Universidad Católica de Valencia formamos personas.   1,5 tb data will be published soon",95294,2024-11-06,2024-11-07,2024-11-22,-1.3,672c681638e2eaa58b01bec9,2026-09-17_page014.json
inc_ransom,vbuzrt.hu,HU,5000000,Encrypted; Proof,2,Védelmi Beszerzési Ügynökség Zártkörűen Működő Részvénytársaság According to Crefoport s.r.o.'s credit report database the Védelmi Beszerzési Ügynökség Zártkörűen Működő Részvénytársaság registered in Hungary.,100237,2024-11-27,2024-11-06,2024-11-28,21.4,672b3b2c38e2eaa58bfa9cc6,2026-09-17_page014.json
inc_ransom,Webb Institute,US,16400000,Proof,1,"Founded in 1889 by New York-based ship builder William H. Webb, Webb Institute is a highly selective, top-ranked undergraduate institution,",99097,2024-11-05,2024-11-05,2024-11-27,-0.1,672a1da138e2eaa58bf45f2b,2026-09-17_page014.json
inc_ransom,PBS AEROSPACE,CZ,82100000,Encrypted; Proof,2,"PBS Group PBS GROUP, a.s. is a joint-stock company of the holding type, which is engaged in investments and the exercise of shareholder rights of engineering companies in the group. The main mission is the long-term development of these companies and the creation of synergic links in the provision of comprehensive product solutions in various industrial segments. The products and services of the companies included in the holding are sought after by customers from all over the world, especially in the aviation, energy and transport industries.  We have 2TB of confidential company data in our hands. ",93672,2024-11-28,2024-11-04,2024-11-28,24.0,6728b96b38e2eaa58bea63d9,2026-09-17_page014.json
inc_ransom,San Francisco Ballet,US,50000000,Proof,1,"San Francisco Ballet, long recognized for pushing boundaries in dance, has a history of making history. Founded in 1933, the company staged the first full-length American productions of Coppélia (1938) and Swan Lake (1940) and, in 1944, we launched an annual holiday tradition when we produced the first full-length production of Nutcracker in the US.  The Company is led by Artistic Director, Tamara Rojo. SF Ballet is accompanied by its own orchestra and operates one of the country’s most prestigious schools of ballet. Today we build on our heritage by commissioning groundbreaking dance from today’s top choreographers, by uncovering new choreographic talent, and by staging modern classics and the works that make up the canon of classic ballet. Our approach defines ballet in the 21st century, and it makes San Francisco Ballet the essential place to see the most adventurous dance in America.",93621,2024-11-12,2024-10-30,2024-11-11,13.1,672274ed38e2eaa58bc3ec67,2026-09-17_page014.json
inc_ransom,Storck-Baugesellschaft mbH,DE,2000000,Encrypted; Proof,2,"Storck-Baugesellschaft mbH is a construction company based out of Germany. STORCK is a nationwide construction company with core competence in the field of commercial and existing buildings. We are enthusiastic about interesting and complex building projects in which a property is revitalized. We have successfully demonstrated our competence in numerous revitalization projects. Currently with the renovation of the KaDeWe in Berlin with the new Void and Atrium. Before that, for example, during the renovation of the WILMA (Wilmersdorf Arcaden), the Paunsdorf Center in Leipzig for the URW, the Dreischeibenhaus in Düsseldorf or the renovation of the Deutsche Bank towers in Frankfurt.",100405,2024-10-04,2024-10-04,2024-10-04,0.8,66ff5e4a54d7f12201cef0d6,2026-09-17_page015.json
inc_ransom,Quantum Healthcare,US,5200000,Proof,1,Quantum Healtcare,100337,2024-10-02,2024-10-01,2024-10-01,0.1,66fc66980f2741b9217b4d6a,2026-09-17_page015.json
inc_ransom,DINAS Corp,US,10000000,Proof,1,"DINAS is a wholesale distributor specializing in the sale of Latin American goods. With roots starting in the sale of Colombian products, we have diversified to include products inspired from other countries (Peru, Mexico, Brazil, Thailand, Costa Rica, etc). Everyday we strive to improve our products, and bring our clients a wider selection of goods to chose from. Since 1994, we have been providing over two decades of service to the continental USA, and hope to continue to expand our reach.",100560,2024-09-29,2024-09-29,2024-09-29,-0.2,66f972154b30850609537a5a,2026-09-17_page015.json
inc_ransom,Divine Interprises INC,US,10000000,Encrypted; Proof,2,"Divine Enterprises Inc., is a growing transportation company, that specializes in providing logistic solutions to the Continental United States and Canada for variety of industries. Our company has years of experience providing qualified truckload, less-than- truckload, expedited services for temperature controlled freight and services to pharmaceutical manufacturers. Company dedication to constant improvements and exemplary customer service, has given us the opportunity to earn the business of many large Pharmaceutical companies across the globe. Our commitment to excellent service has built a strong base for further development in the years to come.",100292,2024-09-29,2024-09-29,2024-09-29,-0.2,66f970cd4b308506095370e2,2026-09-17_page015.json
inc_ransom,Visionary Homes,US,30000000,Encrypted; Proof,2,"https://visionaryhomes.com/ Visionary Homes is a company that operates in the Commercial & Residential Construction industry. The company is headquartered in Saint George, Utah.",102265,2024-09-20,2024-09-20,2024-09-20,-0.2,66edcd634b308506090d1577,2026-09-17_page015.json
inc_ransom,Nusser Mineralöl GmbH,DE,250000000,Encrypted; Proof,2,https://www.nusser-mineraloel.de,102400,2024-09-19,2024-09-19,2024-09-19,-0.2,66ec45b84b3085060903806b,2026-09-17_page015.json
inc_ransom,ERoko Distributors + Colonial Countertops,CA,20000000,Encrypted; Proof,2,We present you the announcement of two related companies. https://eroko.com & https://colonialcountertops.com We release data on September 20.,102648,2024-09-18,2024-09-18,2024-09-20,-0.2,66eaf6014b30850609fd4f75,2026-09-17_page015.json
inc_ransom,OnePoint Patient Care,US,170000000,Encrypted; Proof,2,"One Point Patient Care (OPPC) founded in 1965 and headquartered in Tempe, Arizona, is a national, hospice-focused pharmacy providing delivery, mail-order and Pharmacy Benefit Management (PBM) all under one service umbrella.",101560,2024-09-15,2024-09-12,2024-09-12,2.4,66e2f4e44b30850609cfcd86,2026-09-17_page015.json
inc_ransom,E-Z Pack Holdings LLC,US,25000000,Proof; Encrypted,2,"As part of Commercial Specialty Truck Holdings (CSTH), E-Z Pack is leading refuse truck manufacturer committed to having products designed to be simple to operate and repair, and more connected to the needs of your operation. The company has a unique understanding and appreciation for the value and importance of safety which is why the safety of everyone is a core focus in the design of the products and in the daily manufacturing operations at E-Z Pack.  As a dynamic and agile company, they continue to invest in facilities, products, processes and people. The company continues to reconfigure its Cynthiana, KY manufacturing plant for lean production, bringing in experts to head up the efforts in optimizing material flow and to improve efficiency and product quality.",103811,2024-09-10,2024-09-10,2024-09-13,-0.2,66e00dfb4b30850609bceca0,2026-09-17_page015.json
inc_ransom,Regent Care Center,US,25000000,Encrypted,1,"Regent Care Center Of Oakwell Farms offers a variety of services designed to provide comprehensive rehabilitation and skilled nursing for their residents. The staff and physicians work together to create an individualized treatment plan to maximize the success and progress of each resident. The company's mission is to provide quality care and life in a warm, beautiful and luxurious setting for the residents and their families, a safe environment that offers personal and professional growth for their associates, and a prudent fiscal plan.",102326,2024-09-11,2024-09-10,2024-09-10,0.6,66e008364b30850609bcd6ad,2026-09-17_page015.json
inc_ransom,Don’t Waste Group,ZA,50000000,Proof; Encrypted,2,"With over twenty-five years of phenomenal success, DON’T WASTE provides industry leading business intelligence, site management and waste management services to Property, Retail, Commercial, Industrial and Hospitality industries. Our customers are the world’s leading property management groups.",107437,2024-08-22,2024-08-22,2024-09-13,-0.2,66c729ab4b3085060949ee15,2026-09-17_page015.json
inc_ransom,HL Lawson & Sons,US,10300000,Encrypted,1,"H. L. Lawson & Son, Inc. provides transportation management solutions. In-house logistics for product movement across the country ensures your supply chain is well-managed and secure. Dealing with one solutions provider enables accurate, real time information flows and delivery status. Lawson Logistics, a subsidiary of H. L. Lawson & Son, Inc. operates 34 power units for freight moving out of our distribution centers. Lawson Logistics core business is to provide just-in-time, next-day delivery in the Northeast and Southeast. Our fleet is equipped with satellite tracking capability for up-to-the-minute reporting of delivery status. Our drivers are highly qualified and extensively trained in customer service so your customer has a satisfying delivery experience. Using our well-maintained equipment backed up by a nationwide network of service partners, we can ensure on-time delivery of your freight. If next-day service is not your concern, or if you have existing freight contracts with other carriers, our staff will work with them to ensure your satisfaction. H. L. Lawson & Son, Inc. is situated on interstate highway 81, and is just a short drive to Interstates 64 and 40. Our facilities in Roanoke, Va., are within a days drive of 60 percent of the nation's population.",104910,2024-08-24,2024-08-22,2024-08-22,1.2,66c7951d4b308506094b9ccc,2026-09-17_page015.json
inc_ransom,San Francisco Sheriff's Department (sjcso.local),US,5000000,Proof,1,"The San Francisco Sheriff's Department serves the people of San Francisco by administering the county jails, providing security.",103934,2024-10-04,2024-08-18,2024-11-01,46.6,66c266e94b3085060936d022,2026-09-17_page014.json
inc_ransom,The University and College Union,GB,66000000,Proof,1,The University and College Union (UCU) is the largest union for academic and academic-related staff in the UK.,111900,2024-08-25,2024-08-18,2024-10-15,6.6,66c26b1a4b3085060936e2b5,2026-09-17_page014.json
inc_ransom,Health Quality Council,CA,6200000,Proof,1,HQC offers learning programs for people working at all levels in the health care system.,105994,2024-09-11,2024-08-18,2024-10-15,23.6,66c26b954b3085060936e616,2026-09-17_page015.json
inc_ransom,Larc,US,5000000,Encrypted; Proof,2,"LARC operates a 16,000 square foot workshop that provides a setting to not only provide training of job skills but also to give the individual an opportunity to feel good about his or her achievement and earn a paycheck. LARC works with companies and subcontracts work such as sorting, collating, packaging, boxing and labeling among others.",104505,2024-08-22,2024-08-14,2024-08-15,7.1,66bd27ab4b308506091ebeb4,2026-09-17_page015.json
inc_ransom,Boombah Inc.,US,50000000,Proof,1,"Boombah was founded in 2003 by owner and founder, Rick Tollefson. Boombah Inc. is now one of the fastest growing sporting goods companies in the nation.  Boombah Dominicana located in Santiago, Dominican Republic is a state of the art manufacturing facility opened in 2016.  Our goal is simple to “Be what no one else is and give what no one else will”. We try hard to live up to that vision every single day. We want to provide cutting edge, high quality products at an affordable price, so that our customers can afford the rest of life.",108790,2024-08-09,2024-08-05,2024-09-13,4.1,66b097d64b30850609e38eec,2026-09-17_page015.json
inc_ransom,HP Distribution,US,10000000,Proof,1,"HP Distribution is a family owned and family operated asset based trucking company in Kansas City, KS. In 2000 the Cunningham's decided to start a gift box steak company. This give box steak company evolved into a Poultry production facility. Due to the volume of product moving in and out of the facility, transportation department was added in 2003. Today it employs over a 100 people and operates 75 trucks and 100 refrigerated trailers. HP Distribution understands the importance on time delivery and good communication. Tracking devises installed on all of our equipment helps provide instantaneous updates on all shipments. At HP ""We are small enough to care, but large enough to cover"" any and all of your Transportation needs. In house brokerage that works with a tight network of approved Carriers helps fill capacity where we don't have trucks. Having a 100,000 sq ft cold storage and cross dock facility gives HP an edge to handle any shippers demands. HP is a proud partner Smart way and strives to be as friendly as possible to our environment.",111847,2024-08-05,2024-08-05,2024-09-13,-0.2,66b095814b30850609e37f98,2026-09-17_page015.json
inc_ransom,Association Management Strategies(AAMC.local),US,5000000,Encrypted; Proof,2,"Association Management Strategies is a full-service association management company providing management expertise and administrative services to in dustry associations, coalitions, professional societies, trade shows and other special events. AMS tailors its services to meet the goals, needs and budget of each of its clients. The result is a true business partnership that is built for success.",107984,2024-07-23,2024-07-23,2024-07-23,-0.2,669f78654b30850609959e51,2026-09-17_page015.json
inc_ransom,Catholic Charities,US,234800000,Proof,1,"Catholic Charities of Southern Nevada is a local Catholic Charities that provides food, shelter, and comprehensive services.",110858,2024-07-25,2024-07-17,2024-11-01,7.7,6697eaa74b308506097c265d,2026-09-17_page014.json
inc_ransom,Norther n Bedford County School District (nbcsc.org),US,12300000,Proof,1,"The Northern Bedford County School District is a public school district serving parts of Bedford County, Pennsylvania. The boroughs of Hopewell and Woodbury and the townships of Bloomfield, Hopewell, Woodbury, and South Woodbury are located within district boundaries. It encompasses approximately 112 square miles. According to 2000 federal census data, it serves a resident population of 6,556",108718,2024-07-31,2024-07-17,2024-07-28,13.7,6697eda84b308506097c333f,2026-09-17_page015.json
inc_ransom,maingroup,IE,14000000,Encrypted; Proof,2,"WELCOME TO THE WILD ATLANTIC WAY STARTING POINT The Inishowen Gateway Hotel in Donegal is a three-star property located on the Inishowen peninsula, North East Donegal, an area of outstanding natural beauty and the hidden treasure of Donegal’s stunning landscape. Located only a short 15 minute drive from Derry and 30 minutes from Letterkenny, our Hotel in Donegal offers an ideal base to explore the surrounding area and the Wild Atlantic Way route.",107754,2024-07-23,2024-07-16,2024-07-16,6.6,6696f5534b30850609789fae,2026-09-17_page015.json
inc_ransom,A.L.P. Lighting Components,US,300000000,Proof; Encrypted,2,"Founded in 1972 A.L.P. is an international company that does the design, manufacturing, and distribution of lighting components and components for other technical industries. The company is headquartered in Niles, Illinois.",112120,2024-07-17,2024-07-06,2024-07-06,10.6,668917483547f22b7c9d9fd4,2026-09-17_page015.json
inc_ransom,waupacacounty-wi.gov,US,8000000,Encrypted,1,"Waupaca County is a county in the U.S. state of Wisconsin. As of the 2010 census, the population was 52,410. The county seat is Waupaca. The county was created in 1851 and organized in 1853. It is named after the Waupaca River, a Menominee language name meaning 'white sand bottom', 'pale water', or 'tomorrow river'.",103747,2024-07-05,2024-07-05,2024-07-05,-0.2,668819723547f22b7c9a21dc,2026-09-17_page015.json
inc_ransom,Center for Human Capital Innovation (centerforhci.org),US,5000000,Proof,1,"The Center for Human Capital Innovation (CHCI) advises government organizations on ""best practices"" and ""next practices"" in strategic human capital management. Our overall mission is to improve the effectiveness and efficiency of federal government operations through systematic improvements in Human Capital Management practices. CHCI serves as a trusted advisor, think-tank, thought leader, educator, analyst and coach dedicated to advancing the science of talent management for organizations in the government sector. The aim of CHCI is to improve the Return on People throughout government. Our mission is to provide government leaders with valuable assessment tools, deployment advice, sound Human Capital Management analyses, as well as innovative insight related to integrated talent strategy, acquisition, development, engagement, management and evaluation. Years of research and collaboration has equipped CHCI with an extensive database of substantiated methods and ideas from a field of the brightest thought leaders in talent management. Those insights, coupled with our deep and comprehensive understanding of strategic human capital management, result in measurable, real-world strategies that help client organizations attract and retain high-performing people, build a diverse and inclusive workplace, and leverage individual and team performance throughout the enterprise.",103234,2024-07-05,2024-07-05,2024-07-05,-0.2,66883d6c3547f22b7c9aa9a5,2026-09-17_page015.json
inc_ransom,Guhring USA,US,184000000,Proof,1,"Guhring is a world-class manufacturer of round shank cutting tools for the metalworking industry; also a provider of top-quality coating, reconditioning and tool management services.  More than a century of expertise in cutting tool manufacturing, combined with powerful R&D resources, place Guhring at the forefront of technical innovations in cutting tools.  Globally there are 26 production plants and 36 service centers, along with hundreds of knowledgeable technical support experts, providing Guhring products and services to the industry.",115120,2024-07-08,2024-07-02,2024-07-08,5.4,668418ae3547f22b7c8b2fea,2026-09-17_page015.json
inc_ransom,State of Alabama - Alabama Department Of Education,US,20600000000,Proof,1,"The Alabama State Department of Education (ALSDE) is the state education agency of Alabama. It is headquartered at 50 North Ripley Street in Montgomery. The department was formed by the Alabama Legislature in 1854. The department serves over 740,000 students in 136 school systems.",113308,2024-07-13,2024-07-01,2024-10-17,11.8,6682a9c43547f22b7c866ee6,2026-09-17_page014.json
inc_ransom,The Coffee Bean & Tea Leaf,US,3900000000,Proof,1,"The Coffee Bean & Tea Leaf, founded in 1963 and headquartered in Salt Lake City, Utah, is a coffee chain of specialty coffee and tea stores.",111930,2024-07-13,2024-07-01,2024-10-11,11.9,6682775b3547f22b7c85ad58,2026-09-17_page015.json
inc_ransom,erne,CH,66000000,Encrypted; Proof,2,"DIE LEISTUNGEN DER ERNE AG HOLZBAU Als führende Schweizer Holzbau-Unternehmung ist die ERNE AG Holzbau der technologische Entwicklungs- und Realisierungspartner von Gebäudelösungen in Element-, Modul-, Hybridbauweise und integralen Fenster- und Fassadensystemen. Gehobene Innenausbaulösungen, traditionelle Schreinerarbeiten und ein umfassender Service-Dienst runden das Leistungsprofil für Neubau- und Sanierungsprojekte ab.",109668,2024-07-13,2024-06-27,2024-08-03,15.5,667d799e3547f22b7c765670,2026-09-17_page015.json
inc_ransom,Planar,US,460900000,Proof,1,"Founded in 1983, Planar develops, manufactures, and markets electronic display products. The company produces liquid crystal display and other flat panel displays, and video projectors. The products are used in healthcare, call centers, point-of-sale, and other purposes. The company is headquartered in Hillsboro, Oregon.",111796,2024-06-24,2024-06-25,2024-10-11,-1.2,667abec63547f22b7c6ec112,2026-09-17_page015.json
inc_ransom,Cambridge University Press & Assessment,GB,558400000,Proof,1,"We unlock the potential of millions of people worldwide. Our assessments, publications and research spread knowledge, spark enquiry and aid underst anding around the world. ",111222,2024-06-29,2024-06-24,2024-07-27,4.9,667958033547f22b7c6b5751,2026-09-17_page015.json
inc_ransom,a4hs-dom.local,US,5000000,Proof,1,"Our physician-owned multi-specialty medical group has been serving Pocahontas, Arkansas for over 30 years.",111716,2024-06-30,2024-06-23,2024-10-11,6.7,66782cae3547f22b7c67fd4e,2026-09-17_page015.json
inc_ransom,City Of Coon Rapids,US,40900000,Proof,1,"Coon Rapids, Minnesota is a fabulous community located just 15 miles north of Minneapolis! Our city offers a variety of opportunities for recreatio n and shopping...as well as great housing options and wonderful opportunities for business! The City of Coon Rapids is unique local government agency, serving 62,435 citizens. Coon Rapids...Community strength...for generations. The City operates under a Council/Manager form of government. In this form, the Council establishes and directs city policy, and appoints a City Manager who is responsible for implementing those policies and carrying out the business of the Council. The City Council is comprised of a Mayor and six Council members. Five of the six members represent the city's five wards, with one member elected at-large. All council members are elected on a non-partisan basis.",103684,2024-06-29,2024-06-23,2024-06-23,5.8,667828143547f22b7c67ef8d,2026-09-17_page015.json
inc_ransom,Puyallup Tribe (ptoi.local),US,59500000,Proof,1,"The Puyallup Tribal Council is the elected governing body of the Puyallup Tribe of Indians. The council consists of Chairman David Z. Bean, Vice Ch airman Bill Sterud, Sylvia Miller, Annette Bryan, Tim Reynon, James Rideout and Georgianna Bean.",103580,2024-06-29,2024-06-23,2024-06-23,5.8,6678240a3547f22b7c67e36e,2026-09-17_page015.json
inc_ransom,Behavioral Health Response (bhr.local),US,7500000,Proof,1,"BHR provides confidential telephone counseling to people in mental health crises as well as mobile outreach services, community referral services and critical incident stress management (CISM). BHRs crisis hotline and mobile outreach services are provided free of charge to the public by paid professional staff who have masters degrees in their respective behavioral science disciplines. Established in 1994, Behavioral Health Response is a private nonprofit corporation, the hub for an Access Crisis Intervention (ACI) system, that provides 24-hour access to mental health services to residents of the city of St. Louis, Missouri and the counties of St. Louis, St. Charles, Franklin, Jefferson, Lincoln, Warren, Iron, St. Francois and Washington.",111743,2024-06-19,2024-06-19,2024-07-23,-0.2,66733e763547f22b7c5be3a9,2026-09-17_page015.json
inc_ransom,Ejército del Per,PE,55000000,Proof,1,"We present to your attention the Mystery of Defense and the Army of Peru.  As a result of a successful cyber attack, we have at our disposal a huge amount of classified information of these organizations. Including the personal details of the train with passports and fingerprints. Orders, secret documents, and much more. If the company does not get in touch, the entire date will be published in the public domain. The volume of the date is more than 500GB.",104276,2024-06-19,2024-06-19,2024-06-19,-0.2,6672fce63547f22b7c5b0c96,2026-09-17_page015.json
inc_ransom,middletown-township.org,US,7900000,Encrypted; Proof,2,Middletown Township 600 gb data from police and townhall,103416,2024-06-25,2024-06-18,2024-06-18,6.6,6671726e3547f22b7c5711c3,2026-09-17_page015.json
inc_ransom,Sensory Spectrum,US,52700000,Proof,1,"Sensory Spectrum, a globally recognized management consulting firm, specializes in understanding the sensory-consumer experience for industry, academia and government.",104525,2024-06-17,2024-06-17,2024-06-17,-0.2,66704e303547f22b7c5467b8,2026-09-17_page015.json
inc_ransom,GBA GROUP,US,85000000,Proof; Encrypted,2,"We have invested more than £7.2m on in-house specialist IT Systems We are leaders in Finished Vehicle Logistics Supply Chain Optimisation We handle more than 500,000 units p.a. through the Port of Grimsby alone Our suite of in-house specialised IT Systems provide customers with industry leading solutions We have repeatedly gained global recognition as the leader in Technical Vehicle Processing We have repeatedly gained global recognition as the leader in Port & Terminal Management",109294,2024-07-03,2024-06-13,2024-07-16,19.9,666b00f33547f22b7c4b98f1,2026-09-17_page015.json
inc_ransom,Maryhaven (MHCLINICAL.LOCAL),US,24400000,Proof,1,"An active partner in the Franklin County & Central Ohio community for more than six decades, we have served over 227,000 people to date. Maryhaven provides a comprehensive continuum of services from sub-acute hospital detoxification; to adult residential, intensive outpatient, and aftercare; to family treatment; to extended care for women; to residential and outpatient services for teens; to a residential OVI Program (MESA); to outpatient safety programs for adults and adolescents.",104535,2024-06-22,2024-06-13,2024-06-21,8.4,666af8073547f22b7c4b847a,2026-09-17_page015.json
inc_ransom,Gorrie-Regan,US,10200000,Proof,1,"For over 50 years Gorrie-Regan has demonstrated a level of service that is unmatched to the industries we serve. Our founders established Gorrie-Regan as ""a service company that sells products. Not only have we never wavered from this guiding principle, but it is stronger today than it was then. Our Time and Attendance Labor Management systems are backed by the best product implementation and support team in the Time and Attendance industry with thousands of installations. Gorrie-Regan systems fit into your existing computer environment and utilize your Microsoft network architecture along with browser, Ethernet, and security capabilities to their fullest.",103755,2024-06-20,2024-06-13,2024-06-13,6.9,666afa2c3547f22b7c4b87d3,2026-09-17_page015.json
inc_ransom,Sacred Heart Community Service (shcstheheart.org),US,17000000,Proof,1,"The Sacred Heart Community Service , Is providing essential services to individuals and families in need remains one of Sacred Hearts core strategies. The organization has also evolved into a respected and innovative provider of programs that assists families with achieving lifelong economic self-sufficiency and a grassroots organizing network that addresses the root causes and consequences of poverty. The company was founded in 1964 and is based in South First St. San Jose, California.",103945,2024-06-20,2024-06-13,2024-06-13,6.9,666af6b03547f22b7c4b82de,2026-09-17_page015.json
inc_ransom,Kito Canada,CA,31900000,Proof,1,"Canada's most reliable heavy duty lever hoist available in 3/4 to 9 metric tonne capacity Canada's most reliable lever hoist with slip clutch in 3/4 to 9 metric tonne capacity An award winning, pocket-sized lever hoist available in 1/4 to 1/2 metric tonne capacity An extremely durable, efficient, and lightweight hand chain hoist available in 1/2 to 50 metric tonne capacity An economical, smooth-running, and high-efficiency hand chain hoist available in 1/2 to 3 metric tonne capacity A high-speed hand chain hoist available in 2.5 to 50 metric tonne capacity A spark resistant and ATEX certified hand chain hoist available in 1/2 to 3 metric tonne capacity A hand chain hoist and geared trolley suitable for extremely low headroom applications available in 1 to 10 metric tonne capacity A single phase electric chain hoist built for heavy duty applications, available in 1/4 to 3 metric tonne capacity A very portable, high speed electric chain hoist available in 100 to 480 kilogram capacity A three phase electric chain hoist built for heavy industrial use available in 1/8 to 20 metric tonne capacity A three phase electric chain hoist built for food grade applications available in 1/2 to 2 metric tonne capacity An air powered hoist with 100% duty rating, fine-feathering controls, and reduced noise levels. Available in 3 & 6 metric tonne capacity. A lubrication-free air hoist available in 1/4 to 1 metric tonne capacity A high speed, air powered hoist available in 1/4 to 1 metric tonne capacity An air powered hoist with 100% duty rating and fine feather controls. Available in 1/4 to 25 metric tonne capacity An air powered hoist that offers precise one-handed operation with the manipulator control. Available in 1/4 metric tonne capacity TSP Push/Pull Manual Trolley And extremely durable push/pull trolley available in 1/8 to 10 metric tonne capacity TSG Geared Manual Trolley An extremely durable hand chain operated manual trolley available in 1/8 to 10 metric tonne capacity Manual Trolley An extremely durable, food grade ...",104342,2024-06-13,2024-06-13,2024-06-13,-0.2,666aec2d3547f22b7c4b7169,2026-09-17_page015.json
inc_ransom,DERBY SCHOOL,US,200000000,Proof,1,"Welcome to the Upper Darby School District, home of the Royals!  Located just outside of Philadelphia, we are one of the largest township school districts in the United States, educating over 12,000 students every day, who represent over 60 countries and 70 languages!  From celebrations to graduations, there's always something exciting happening in one of our fourteen schools, as we strive to provide opportunity, create unity, and showcase our excellence here at the Upper Darby School District!",111492,2024-06-19,2024-06-11,2024-08-01,7.8,6667e0d93547f22b7c469e58,2026-09-17_page015.json
inc_ransom,OCEANAIR,US,22800000,Proof,1,"Boston-based OCEANAIR, Inc. has been a leader in international logistics management services and supply chain solutions since 1983. We help companies manage and grow their supply chain operations by offering a complete range of tailored, innovative, and value-added solutions. OCEANAIR’s services include Freight Forwarding, Customs Brokerage, Import and Export Compliance, and Domestic Trucking. Our extensive global network of partners delivers cost effective multi-lane and multi-modal transportation management.  OCEANAIR has offices located in Boston, MA; Portland, ME; Denver, CO; and Providence, RI.",104924,2024-06-17,2024-06-10,2024-06-19,7.3,666713513547f22b7c4576a9,2026-09-17_page015.json
inc_ransom,aloft,PT,5000000,Encrypted; Proof,2,"ALOFT Manufacturing · Portugal ·  In our hands everything is about 50gb of the critical date of the company. Contracts with clients, financial documents, postal correspondence.",103968,2024-06-07,2024-05-31,2024-06-04,6.8,66596df8b24e38251bd3eed0,2026-09-17_page016.json
inc_ransom,Rockford Public School District,US,89300000,Encrypted; Proof,2," In the course of successful work with this company, we have more than 1.5 TB of data in our hands. Data on students, passports of employees and students. Data on all incidents in recent years. All financial documents, all mail correspondence. And much, much more. In case of refusal to agree, all information will be published.",105236,2024-06-10,2024-05-30,2024-06-25,10.6,665856f5b24e38251bd20aef,2026-09-17_page015.json
inc_ransom,CONTROLNET,US,31000000,Encrypted; Proof,2,"Where Smart Buildings Are Built ControlNET has earned the reputation as one of the most proficient system integrators in the region. With exceptional and responsive customer service, we create building management systems to analyze deficiencies, find solutions, and save energy.  Our goal is to increase comfort and security while optimizing operational costs.  This company has taken very poor care of the data entrusted to them by its customers. In the course of a successful attack, we stole a huge amount of data. We also attacked the clients of this company ROCKFORD SCHOOL. Which we have access to thanks to CONTROL NET.",103536,2024-06-10,2024-05-29,2024-06-04,11.7,6656ee1db24e38251bd018f7,2026-09-17_page016.json
inc_ransom,Midwest Covenant Home,US,5000000,Proof,1,"Midwest Covenant Home, Inc., located in Stromsburg, Nebraska, offers a senior living campus which encompasses independent living apartments, assisted living units and a skilled nursing facility. Our organization values our elders and promotes the quality of their lives through the gracious environment surrounding the grounds. Adopting the Eden philosophy, Midwest Covenant Home upholds abolishing the three plagues of the elderly, loneliness, helplessness and boredom. Each resident's spiritual life is enhanced by our involvement with the local clergy to meet the individual resident's spiritual needs. We are active members of the Nebraska Health Care Association. Midwest Covenant Home is a registered Eden Alternative facility. One recent family member commented, ""You have a very caring staff here.""",106135,2024-05-22,2024-05-22,2024-07-05,-0.3,664dfc22b24e38251bc6a592,2026-09-17_page015.json
inc_ransom,Richland City Hall,US,9800000,Proof,1,The Richland Library continues to offer temporary digital library cards and will soon provide enhanced access to Ancestry.com. There are also future plans for drive-up or curbside capabilities.,106121,2024-05-22,2024-05-22,2024-07-05,-0.3,664e0e5fb24e38251bc6b70c,2026-09-17_page015.json
inc_ransom,First Nations Health Authority (fnha.local),CA,77700000,Proof,1,"The First Nations Health Authority founded in 2013 and headquartered in West Vancouver, BC, is responsible for planning, management, service delivery and funding of health programs in partnership with First Nations communities in BC.",106042,2024-05-22,2024-05-22,2024-06-19,-0.3,664e07d5b24e38251bc6b08e,2026-09-17_page015.json
inc_ransom,Crandall ISD (CISD.crandallisd.org),US,32000000,Proof,1,"Crandall Independent School District is a 4-A school district fully accredited by the Texas Education Agency. CISD serves students in Pre-Kindergarten through 12th grade and is located in Crandall, Texas in the southwest portion of Kaufman County.",104814,2024-06-05,2024-05-20,2024-06-14,15.8,664b52cfb24e38251bc510c6,2026-09-17_page015.json
inc_ransom,California Highway Patrol (SVEL237.org),US,5100000,Proof; Encrypted,2,"The California Association of Highway Patrolmen is, at its heart, a labor union that advocates on behalf of uniformed California Highway Patrol off icers in matters related to pay, benefits and working conditions. But ultimately, we are so much more. Dedicated to serving all our members - including active officers at all ranks, retired CHP officers and survivors - the CAHP constantly strives to ensure we are a trusted leader in membership advocacy. As such, we maintain a host of benefit programs built exclusively for our members and their families, including self-insured health, dental and long-term disability plans, plus sponsored life and AD&D insurance plans. In addition, we provide services to our membership including legal services in employment disciplinary matters, an exemplary legislative advocacy program and a retirement planning assistance program. And, finally, we publish a membership newsletter (the APB) and a website dedicated to focusing on issues important to our membership. The CAHP, which was founded in 1920, holds a philosophy that is deeply rooted in collaborative-based initiatives. Currently, we are working with the California Highway Patrol on a public trust initiative that is aimed at ensuring the CHP's historically high level of trust from the public is never taken for granted and, where possible, is improved upon. As such, the CAHP and the CHP aspire to be an example for all law enforcement officers and their employers who strive to provide the public the highest level of service. We encourage you to explore our website and learn more about the California Association of Highway Patrolmen. Portions of the website are accessible only to CAHP members.",102676,2024-05-20,2024-05-20,2024-05-20,-0.1,664b2a5db24e38251bc4e6d8,2026-09-17_page016.json
inc_ransom,Sterling Transportation Services (sts.local),US,6900000,Proof; Encrypted,2,"Sterling Transportation Services (STS) is a family-owned business in Blair, NE. STS is a carrier of specialized products, focusing largely on local and regional hauls for bulk agricultural goods on walking floor trailers, grain hoppers, aggregate hoppers, end dumps and other trailers pulled by late model Volvo tractors. Our commitment to safety extends beyond just hiring safe drivers. We have developed a culture where employees are encouraged to take the extra precautionary steps. Our company requires all employees to be in compliance with all motor carrier and safety regulations. We implement additional policies to help keep our employees safe. Our regional terminals are staffed with trained mechanics to keep drivers on the road with well-maintained equipment.",102161,2024-05-20,2024-05-20,2024-05-20,-0.1,664b19ceb24e38251bc4ddf5,2026-09-17_page016.json
inc_ransom,Specialty Market Managers,US,5000000,Proof,1,"We have over 20+ years experience providing specialty insurance products and over 75% of our staff has worked on both the agency and company sides of the business. The one thing we take the most pride in is our service. Our goal is to create a collaborative relationship with our brokers, which is why our underwriters and support staff are some of the most accessible in the industry. Our flexibility and freedom from the normal bureaucracy of an insurance company have allowed us to create some of the most comprehensive coverage options in the industry. We have over 20+ years of experience in placing insurance coverage for a diverse range of classes. Inspired by the lack of options in the traditional Domestic Insurance Market, our founders, Jeremiah P. O'Donovan and Marsha Smith, created Specialty market Managers. Whether as a Program Manager, Captive Participant or a wholesale broker Specialty Market Managers has access to the insurance products your customers need.",102168,2024-05-20,2024-05-20,2024-05-20,-0.1,664b18dfb24e38251bc4dcce,2026-09-17_page016.json
inc_ransom,Continuing Healthcare Solutions (chs.local),US,24800000,Proof; Encrypted,2,"Continuing Healthcare Solutions has a network of communities that offer a range of senior living options including assisted living, skilled nursing and rehabilitation, long-term care, respite care and Alzheimer's care.",102127,2024-05-20,2024-05-20,2024-05-20,-0.2,664b1ac3b24e38251bc4de38,2026-09-17_page016.json
inc_ransom,Regional Obstetrical Consultants,US,12700000,Proof,1,"Regional Obstetrical Consultants (ROC) is a group of high-risk obstetricians and other healthcare professionals who provide state-of-the-art care for women with risk factors that may affect their pregnancy. ROC's experienced team includes maternal-fetal specialists (perinatologists), sonographers, nurses, genetic counselors and diabetic educators. ROC has offices in Chattanooga, Cleveland and Cookeville, Tennessee, and Dalton Georgia. In addition, ROC operates telemedicine clinics in Winchester, Tullahoma, and McMinnville, TN., Murphy, NC and Blairsville, GA with new clinics soon to be open in Pikeville, TN, Blueridge, GA and other parts of the region.",105918,2024-05-20,2024-05-18,2024-07-05,1.9,6648914fb24e38251bc3b2a4,2026-09-17_page015.json
inc_ransom,Access Sports Medicine & Orthopaedics,US,21800000,Proof,1,"Access Sports Medicine & Orthopaedics is the Seacoast of New Hampshire's leader in the innovative treatment and management of orthopaedic care andservices. Whether you're a top-ranked athlete with a knee injury, an employee with carpal tunnel syndrome or have suffered from back pain for 10 years, our team of expert physicians and physical therapists is ready to help you get back in the game.",105134,2024-05-25,2024-05-18,2024-06-14,6.9,66488e17b24e38251bc3b13c,2026-09-17_page015.json
inc_ransom,drmsusa.com,US,1,Proof,1,"""Our Priority  We believe that everyone deserves the right to work and play without regards to intimidation of security or data breaches. DRMS trains our professional staff in the latest techno tactics designed to defeat the predatory villains. We do this so that as our customer, you won’t have to. Join us to see how we can protect your data, servers, computer devices in addition to custom software applications allowing you to work and play with confidence."" As for us they don't care about their customers privacy at all. They preferred to put their clients business and safety under the threat. Their CEO Benjamin Gurrola had a possibility to get a deal but didn't use it. Soon all sensitive data we'll be published.",100275,2024-05-17,2024-05-18,2024-05-18,-1.4,6648686ab24e38251bc39b88,2026-09-17_page016.json
inc_ransom,Talley Group,US,26300000,Proof,1,"Talley Group Limited manufactures medical devices for customers in AMER, EMEA, and APAC territories. The company specializes in presser ulcer prevention and management. It offers pressure area care products, such as acute mattress, plus mattress, overlay, choice, cushion, hybrid mattress, and response mattress systems, as well as foam products; negative pressure wound therapy products; and intermittent pneumatic compression systems. The company also provides a rental service for its products. It sells its products through distributors in the United Kingdom and internationally.",106352,2024-05-14,2024-05-14,2024-07-05,0.0,66438a7db24e38251bc0c479,2026-09-17_page015.json
inc_ransom,Helapet Ltd,UK,13500000,Encrypted,1,"Helapet is a manufacturer and distributor of medical and cleanroom consumables for hospital pharmacy, pharmaceutical manufacturing, laboratory and veterinary industries. Established in 1984, Helapet supplies a range of sterile and non-sterile products that support critical environment activities across all areas of aseptic manufacturing and healthcare provision. The company is headquartered in Houghton Regis, UK.",100520,2024-05-13,2024-05-13,2024-05-13,-0.2,66424ce8b24e38251bc01739,2026-09-17_page016.json
inc_ransom,Eden Project Ltd,UK,26800000,Encrypted,1,"The Eden Project, an educational charity and social enterprise; creates gardens, exhibitions, events, experiences and projects that explore how people can work together and with nature to change things for the better. Money raised supports their education programmes and projects that catalyse change. Thank you for your support.",100713,2024-05-13,2024-05-13,2024-05-13,-0.2,66422e6eb24e38251bbff670,2026-09-17_page016.json
inc_ransom,gravetye-manor,GB,5400000,Encrypted; Proof,2,"GRAVETYE MANOR Nestled in the Sussex Countryside A manor house and garden that feel perfectly at one. Where beautiful grounds envelop the house. Where freshly grown produce becomes part of every meal in our Michelin Star restaurant.  A place of timeless tranquillity in the Sussex Countryside, where a calm and warm atmosphere brings the most perfect relaxation. Where spirits are lifted and stresses left behind. Where the enthusiasm and passion of our staff shines bright.",99480,2024-05-15,2024-05-08,2024-05-08,6.8,663b1307b24e38251bbcda26,2026-09-17_page016.json
inc_ransom,allied-mechanical-services-inc,US,53000000,Encrypted; Proof,2,"Allied Mechanical Services  One of Michigan's largest and most experienced full-service mechanical contracting firms. SUCCESS STORIES We serve a wide range of industries and offer design build/assist services, 24/7 service, and pre-fabrication. Our safety record is second-to-none.   CULTURE We're focused on providing the best quality products to our customers and fellow contractors. We're equally as dedicated to supporting each of our employees and their families. Allied Mechanical Services is a family business at it's core",99227,2024-05-20,2024-05-07,2024-05-09,12.5,663a1c3db24e38251bbc732b,2026-09-17_page016.json
inc_ransom,NHS Scotland,GB,17800000000,Proof,1,"NHSScotland currently employs approximately 140,000 staff who work across 14 territorial NHS Boards, seven Special NHS Boards and one public health body.    Each NHS Board is accountable to Scottish Ministers, supported by the Scottish Government Health and Social Care Directorates.    Territorial NHS Boards are responsible for the protection and the improvement of their population’s health and for the delivery of frontline healthcare services. Special NHS Boards support the regional NHS Boards by providing a range of important specialist and national services.",100516,2024-05-07,2024-05-07,2024-05-07,-0.2,6639b11fb24e38251bbc488b,2026-09-17_page016.json
inc_ransom,Leicester City Council,GB,840000000,Proof,1,"Headquartered in Leicester,United Kingdom, Leicester City Council is a unitary authority responsible for local government in the city of Leicester,England.",99898,2024-05-07,2024-05-07,2024-05-07,-0.2,6639aed3b24e38251bbc4728,2026-09-17_page016.json
inc_ransom,Deeside Timberframe,GB,5000000,Encrypted; Proof,2,"Bespoke Timberframes - Efficient, Durable, and Sustainable As one of Scotland’s leading timber frame companies, Deeside Timberframe brings together tradition, technology, and personal touch. We create precision-engineered timber frame buildings that offer cost and time efficiency, reduced environmental impact, whilst ensuring safety remains at the forefront of our operations. Our commitment to quality, sustainability and exceptional service make us a trusted partner in building your future.",105877,2024-05-13,2024-05-06,2024-06-07,6.8,66387ce6b24e38251bbbca8d,2026-09-17_page016.json
inc_ransom,Electric Mirror,US,78000000,Encrypted; Proof,2,"See yourself in the best light with our Front-lit Mirror Collection. From the timeless shape of the Brilliance™, to the shadow-box frame of the Eminence™, to the slim profile of the Radiance™, our front-lit mirrors offer unmatched task lighting and a touch of distinction to every room they grace",104997,2024-05-08,2024-05-06,2024-06-01,1.8,66386bcbb24e38251bbbc1de,2026-09-17_page016.json
inc_ransom,Seneca Nation Health System,US,23300000,Proof,1,"The Seneca Nation Health System (SNHS) is recognized as a non-profit public health organization and maintains a federal contract with the Indian Health services (IHS) under public health law 93-368 Title 1. The SNHS was established in 1976 as a tribal program and has continuously provided ambulatory health care in the Allegany and Cattaraugus Territories. The health care facilities offer programs developed under the public health model. These facilities are the Lionel R. John Health Center (LRJHC), the Cattaraugus Indian Reservation Health Center (CIRHC) and Community Health and Wellness Center. Health services are offered to those persons within the Purchased/Referred Care Services Delivery Area who are defined as eligible under federal and tribal guidelines. These services areas include the counties of Allegany, Cattaraugus, Chautauqua, Niagara (excluding the Tonawanda and Tuscarora Territories) and Erie in New York and Warren County in Pennsylvania. Our programs provide a full range of primary and preventive care for acute and chronic illness and injuries. In addition, we have service agreements with several local hospitals, professional groups and agencies for inpatient treatment and specialty care to round out our health programs. The Lionel R. John Health Center has been recognized by the National Committee for Quality Assurance (NCQA) as a Level 3 Patient Centered Medical Home. And NCQA has also recognized the Diabetes Program at LRJHC.",106058,2024-06-04,2024-05-05,2024-06-13,30.0,6637e712b24e38251bbb8f29,2026-09-17_page015.json
inc_ransom,Seaman's Mechanical,US,16700000,Encrypted; Proof,2,"Commercial/Industrial Mechanical, Electrical, Plumbing & Refrigeration Expertise Since 1961, Seaman’s Mechanical has been committed to offering service that exceeds our customer’s expectations. Our Right the First Time results of over 99% delivers on our promise. When a Seaman’s truck comes to your place of business, you know exactly what to expect - Quality Service. Whether we’re designing and installing new heating, air conditioning, refrigeration, plumbing, or electrical equipment or maintaining and repairing existing systems, our goal is customer satisfaction.",100257,2024-05-13,2024-05-03,2024-05-18,9.7,6634a324b24e38251bba5b41,2026-09-17_page016.json
inc_ransom,Pinnacle Orthopaedics,US,10000000,Proof,1,"Georgia-based Pinnacle Orthopaedics and Sports Medicine Specialists provides orthopaedic services, physical therapy and magnetic imaging (MRI) to patients across six offices in Cobb, Cherokee and Paulding counties. Pinnacle Orthopaedics utilizes the most up-to-date technologies and surgical techniques to offer patients the highest quality orthopaedic care. Their 20 specialists cover the entire spectrum of musculoskeletal care both operative and non-operative including hand, foot and ankle, trauma and fractures, joint replacements and reconstruction, limb lengthening and deformity repair, spine, pain management and sports medicine ",102166,2024-05-09,2024-05-02,2024-05-20,6.5,6633fc5bb24e38251bba1d4a,2026-09-17_page016.json
inc_ransom,City of Buckeye (buckeyeaz.gov),US,14200000,Proof,1,"Midwest Covenant Home, Inc., located in Stromsburg, Nebraska, offers a senior living campus which encompasses independent living apartments, assisted living units and a skilled nursing facility. Our organization values our elders and promotes the quality of their lives through the gracious environment surrounding the grounds. Adopting the Eden philosophy, Midwest Covenant Home upholds abolishing the three plagues of the elderly, loneliness, helplessness and boredom. Each resident's spiritual life is enhanced by our involvement with the local clergy to meet the individual resident's spiritual needs. We are active members of the Nebraska Health Care Association. Midwest Covenant Home is a registered Eden Alternative facility. One recent family member commented, ""You have a very caring staff here.""",100358,2024-05-07,2024-05-01,2024-05-20,6.0,6632a686b24e38251bb97c81,2026-09-17_page016.json
inc_ransom,Sobieski Services Inc,US,191000000,Proof,1,"Sobieski, headquartered in Newark, Delaware, is a commercial and residential HVAC contractor that offers home building, plumbing, and air quality services.",99046,2024-05-21,2024-04-30,2024-05-07,20.8,66316ca2b24e38251bb95c83,2026-09-17_page016.json
inc_ransom,Global Export Marketing Co. Ltd.,US,5600000,Proof,1,"GEMCO is a pioneering company that helps American international brands to reach out to the world. We are driven by quality, service, reliability, and our success over the last 31 years has been firmly based on excellent relations with a wide range of customers.",99713,2024-04-30,2024-04-30,2024-04-30,-0.2,66316a93b24e38251bb95c45,2026-09-17_page016.json
inc_ransom,Pro Metals LLC,US,15000000,Proof,1,"When John Olivarez and a business partner started Pro Metals in 2007 it was located in a small 2,400 square foot building in Kansas City, Kansas. Mr. Olivarez took sole ownership of Pro Metals in January of 2014. By that time the company had already outgrown its original location and Mr. Olivarez then purchased an existing mechanical contractor’s assets and moved the business from Kansas to a larger location in Kansas City, Missouri. That move provided Pro Metals with a building that was more suited to a full-service sheet metal fabrication shop and an increased production capacity.    Due to Pro Metals rapidly growing reputation for competitive pricing and our ability to complete our scope of work on time and still maintain the highest standards for quality, we once again outgrew our facilities and in 2020 moved to a location with almost 20,000 square feet of production space. This latest move also involved substantial investments in machinery and personnel, thus increasing production capacity even further while still maintaining quality, and bringing our fabrication abilities up to par with some of the largest sheet metal shops in our market.",99631,2024-04-30,2024-04-30,2024-04-30,-0.2,663168a3b24e38251bb95be4,2026-09-17_page016.json
inc_ransom,Hardeman County Community Health Center,US,9200000,Proof,1,"Hardeman County Community Health Center (HCCHC) is a Non-Profit Federal Qualified Health Center (FQHC) who provides comprehensive, integrated and quality health care services to improve the health and well-being of our patients and communities we serve.  The mission of Hardeman County Community Health Center is to provide quality, accessible, affordable primary health care services to the residents of Hardeman County, Haywood County, Chester County, and neighboring counties.  Hardeman County Community Health Center is striving to operate state-of-the-art professional medical centers with quality providers having all essentials necessary to offer exceptional patient care with maximum accessibility and affordability for patients.",99452,2024-04-30,2024-04-30,2024-04-30,-0.2,66316676b24e38251bb95b61,2026-09-17_page016.json
inc_ransom,Trylon Srl,CA,140000000,Proof,1,"Trylon has been supplying innovative, cell site steel infrastructure, as well as site acquisition, engineering services, installation and technical services for wireless networks since the introduction of cellular technology in the early 1980s. As technology has evolved, we’ve continued to facilitate its expansion and accessibility, more recently with internet broadband, LTE and small-cell installations.    Since opening for business in Elverson, Pennsylvania close to 100 years ago, Trylon has been a significant stakeholder within the telecommunications industry. Trylon can attribute its longevity to a strong culture of continuous improvement which has driven value for our customers for decades    Trylon offers experience acquiring, permitting, designing, analyzing, inspecting and manufacturing steel structures. Our team of professionals are licensed in all jurisdictions in North America. Trylon maintains active participation in industry associations and standards committees.",99466,2024-04-30,2024-04-30,2024-04-30,-0.2,66315c51b24e38251bb95a50,2026-09-17_page016.json
inc_ransom,Ingo Money Inc,US,82800000,Proof,1,"Ingo Money is a push payments technology and risk management company that is changing the way businesses and people pay and get paid, helping them convert cash, checks and ACH into instant digital payments. With a single Ingo Money API, businesses and banks can originate corporate disbursements, P2P payments, check deposits and bill payments funded in real-time to more than four billion debit, prepaid, credit, private label credit and mobile wallet accounts.",99560,2024-04-30,2024-04-30,2024-04-30,-0.2,66315840b24e38251bb95a2d,2026-09-17_page016.json
inc_ransom,It4 Solutions Robras Corp,US,5000000,Proof,1,It4 Solutions Robras Corp is a company that operates in the Information Technology and Services industry.,96239,2024-04-30,2024-04-30,2024-04-30,-0.2,6631553fb24e38251bb959ca,2026-09-17_page016.json
inc_ransom,WEL Partners,CA,5000000,Proof,1,"Whaley Estate Litigation Partners (WEL Partners) is a Toronto based Trusts & Estates Litigation boutique practicing exclusively in estate related matters throughout Ontario.  WEL advises Estate Trustees, Trustees, Attorneys, Guardians and Fiduciaries on their duties and obligations arising both at common law and legislatively.  WEL focuses on opinions, dispute resolution, litigation and mediation of estate, trust and related matters including related issues of undue influence, decisional capacity, fraud, forgery, suspicious circumstances and technical breaches respecting testamentary instruments.  WEL advises on wills, estates, trusts, gifts, powers of attorney, guardianship, on financial abuse, predatory marriage, elder abuse, end-of-life treatment decisions, medical assistance in dying, and elder law. A full list of specialized areas follows below.  WEL has been consistently ranked nationally as one of the Top 5 Wills, Trusts and Estates Boutiques in Canada by Canadian Lawyer Magazine.  Kimberly Whaley mediates disputes both within or outside litigation proceedings.",95943,2024-04-30,2024-04-30,2024-04-30,-0.2,6631518db24e38251bb9595c,2026-09-17_page016.json
inc_ransom,Pifer's Auction & Realty,US,15000000,Proof,1,"Pifer's Auction & Realty is a full service auction and real estate firm specializing in land auctions, machinery auctions, and land management. Pifer's has several offices in North Dakota, South Dakota, Montana, Minnesota, Wisconsin, and Arizona to serve you.",96103,2024-04-30,2024-04-30,2024-04-30,-0.2,66314efcb24e38251bb95943,2026-09-17_page016.json
inc_ransom,Decatur Independent School District,US,41000000,Proof,1,"Decatur Independent School District is a public school district based in Decatur, Texas, northwest of Fort Worth. In addition to Decatur, the district also serves portions of New Fairview and Rhome. Decatur ISD was established by Mark Rawen, a school starter who helped lead the non-profit organization Make Schools to construct the first school building in Decatur in 1904.",95710,2024-04-30,2024-04-30,2024-04-30,-0.2,66314d5db24e38251bb9591b,2026-09-17_page016.json
inc_ransom,Arkopharma,FR,540000000,Proof,1,"At Arkopharma, we want to make Natural Medicine the Medicine of the Future. Efficient, more respectful of the body and its balance, with better assimilation, and less prone to generating intolerances.  Our goal is for it to become the first choice for consumers and healthcare professionals when it comes to preventing and relieving everyday ailments.  At Arkopharma we believe that Nature's extraordinary intelligence can be enhanced through our modern pharmacological science. For 40 years, our pharmaceutical laboratory and our researchers have been working hard to convert this intelligence into natural remedies for health problems, combining science, innovation and guaranteed safety, always with a deep respect for the environment.  We want to offer deeper, longer-lasting daily well-being – giving everyone the opportunity to enjoy a fuller life.",95930,2024-04-30,2024-04-30,2024-04-30,-0.2,663148f0b24e38251bb95898,2026-09-17_page016.json
inc_ransom,Waterford Country School Inc,US,15000000,Proof,1,"For 100 years Waterford Country School has worked to meet the special needs of children and families at risk. Our services and programs have evolved with the transitions that life and community present. Through it all, the mission and high standards of care have remained constant. Together with a highly dedicated and skilled staff, Board of Trustees and many friends in the community, we have developed an extensive array of programs and are committed to the spirit of doing “Whatever It Takes.” We work hard to ensure that each child entrusted to our care is given the opportunity to grow, learn, and develop at his or her own pace.",95498,2024-04-30,2024-04-30,2024-04-30,-0.2,66314636b24e38251bb957d4,2026-09-17_page016.json
inc_ransom,NELLESFRERES,BE,33000000,Encrypted; Proof,2,"Entreprise familiale fondée en 1962 par Jean Nelles et ses frères, la s.a. Nelles Frères est d’abord une entreprise de travaux routiers et ses activités se déclinent maintenant dans de nombreux domaines.  We have more than 200gb data of this company",94542,2024-05-07,2024-04-30,2024-04-30,7.0,66304e897cc626fa13ca0515,2026-09-17_page016.json
inc_ransom,Mainline Health Systems (MHS.local),US,16600000,Proof,1,"Mainline Health Systems, Inc. mission is to provide high quality clinical services to all the people of Southeast Arkansas regardless of their ability to pay. Mainline was founded in 1978 by a group of agricultural leaders who were concerned about healthcare in their community. Mainline has grown from one clinic with one physician to a system of 6 medical clinics, 3 dental clinics and 10 school based health clinics with multiple providers located throughout Southeast Arkansas.",104840,2024-05-04,2024-04-29,2024-05-24,4.7,662fbe767cc626fa13c9f4cc,2026-09-17_page016.json
inc_ransom,Tech-Quip Inc,US,7400000,Proof,1,"Established in 1973, Tech-Quip has grown to become one of the largest manufacturer’s representatives for instrumentation and analytical products in the Gulf Coast.    Headquartered in Houston, TX with an office in Baton Rouge, LA, our staff consists of fifteen professional outside sales people as well as six experienced inside salesmen. With over 300 years of collective experience, we are well equipped to meet your needs. Service to areas includes but not limited to Baton Rouge, Bay City, Bayport, Baytown, Beaumont, Channelview, Corpus Chrsti, Donaldsonville, Freeport, Geismar, Houston, Lake Charles, Longview, Mont Belvieu, Nederland, New Orleans, Orange, Pasadena, Port Arthur, San Antonio, Sweeny, Texas City, Victoria.",95382,2024-04-28,2024-04-28,2024-04-28,-0.2,662e44427cc626fa13c9e733,2026-09-17_page016.json
inc_ransom,Orange Public School District,US,48600000,Proof,1,"Vision  ""The Orange Public School District commits to provide a safe and caring environment where each student is expected to grow and succeed. We pledge to prepare all students with equitable opportunities for college and career readiness, leading to lifelong learning and responsible citizenship in a competitive global community.""  Mission  The Orange Public School District in collaboration with all stakeholders is responsible for promoting the academic, social, emotional and personal success of all students.  With a commitment to academic excellence, the district provides teachers, families, and administrators the tools needed for all students to reach their full potential.  The district serves all students in our schools, acknowledging their unique backgrounds, cultural perspectives and learning styles.  The district recognizes that curiosity, discipline, integrity, responsibility and respect are necessary for success.  The Orange Public School District cultivates a community of 21st century learners where students take ownership of the learning process, achieve high standards of excellence, and focus on academics.",95300,2024-04-28,2024-04-28,2024-04-28,-0.2,662e42e57cc626fa13c9e6fd,2026-09-17_page016.json
inc_ransom,Alam Flora Sdn Bhd,MY,606000000,Proof,1,"Incorporated in 1995, Alam Flora Sdn Bhd (Alam Flora) is the leading environmental management companies in Malaysia that is dedicated to serving communities to manage and reduce waste with minimal environmental impact. Alam Flora is a subsidiary of Malakoff Corporation Berhad (Malakoff), Malaysia’s leading Independent Power Producer (IPP), listed on the main market of Bursa Malaysia.    Being one of the largest concession holders of Malaysia’s national solid waste management and public cleansing privatisation project, Alam Flora provides comprehensive waste management services to several concession areas in Peninsular Malaysia being the Federal Territory of Kuala Lumpur and Putrajaya, and Pahang.",95433,2024-04-28,2024-04-28,2024-04-28,-0.2,662e41237cc626fa13c9e69e,2026-09-17_page016.json
inc_ransom,Livability,GB,225000000,Proof,1,"Livability is the charity that’s committed to enabling people with disabilities to live the life they want to lead. We work to change what is unlivable, helping people to tackle the barriers they face and create a livable life. We believe that the people we support have the right to a full and flourishing life. They deserve the very best in service delivery. Driven by our core values, Livability strives to be open, enabling, inclusive and courageous in all that we do.",95187,2024-04-28,2024-04-28,2024-04-28,-0.2,662e3f2e7cc626fa13c9e64d,2026-09-17_page016.json
inc_ransom,EFU Life Assurance Ltd,PK,365000000,Proof,1,"EFU Group, originally Eastern Federal Union Insurance Company Limited, is a Pakistan based insurance company. It was the first insurance company in India founded in (1932) owned by the Muslims based in Calcutta. After the partition of India the company moved to Pakistan and operated in East Pakistan and West Pakistan. The company ceased to exist in East Pakistan after it became Bangladesh. Pakistan subsequently reorganized the company to EFU Group which comprises the following three companies: EFU General Insurance Limited EFU Life Assurance Limited Allianz EFU Health Insurance Limited.",95109,2024-04-28,2024-04-28,2024-04-28,-0.2,662e3d807cc626fa13c9e600,2026-09-17_page016.json
inc_ransom,Pacific American Fish Company Inc.,US,20400000,Encrypted,1,"In 1970, Joseph Huh, an immigrant from South Korea, moved to the United States with a dream. With a deep passion for seafood and cooking, Joseph founded Pacific American Fish Company (PAFCO) in 1977 with his two sons, Peter and Paul. While the business started by selling fish out of the back of a station wagon, PAFCO quickly grew to provide the highest quality, best priced and largest selection of seafood in Los Angeles. Over time, PAFCO expanded even further to offer additional services such as importing, exporting, processing, and distribution of seafood.  ‍  Today, PAFCO has the most comprehensive line of fresh and frozen seafood products, carrying over 5,000 of the highest quality items from all over the world. Our state-of-the-art warehouse operates 24 hours a day, 7 days a week so that we can provide an unparalleled level of service and commitment. We value the partnerships with our vendors and customers above all else, having built these relationships on mutual trust and reliability for nearly half a century.  ‍  From 45 years ago when we started until now, our promise to you remains the same: to offer the highest quality, best priced and the largest selection of seafood in the US. That’s what makes PAFCO who we are.",98225,2024-04-28,2024-04-28,2024-04-28,-0.2,662e3ba77cc626fa13c9e56f,2026-09-17_page016.json
inc_ransom,Florida Memorial University,US,39600000,Proof,1,"The Florida Memorial University of today is ascending to excellence and stands in a position of great promise. Now a world-class institution, FMU offers undergraduate and graduate programs in high demand fields that prepare students for successful careers in the global marketplace. In fact, FMU graduates enjoy the sixth highest starting salaries in the state    FMU is a community of scholars committed to the pursuit of knowledge, truth, and the free exchange of ideas. Students flourish with support, encouragement, and mentorship. Faculty reinforce the importance of life-long learning, inspiring students to fully participate and contribute to society. FMU students understand what is takes to succeed.    A beautifully renovated, technologically advanced, welcoming campus is the hub of vibrant student life. Whether you reside on or off campus, you will have access to activities for every interest, including athletics, Greek life, academic organizations, the arts, and even a nationally recognized marching band. A small, family-like campus community seamlessly provides the resources and opportunities commonly found at larger institutions.",98186,2024-04-25,2024-04-25,2024-04-25,-0.2,662a19d0ff06b807bef9096e,2026-09-17_page016.json
inc_ransom,Greenpoint Technologies Inc,US,66000000,Encrypted,1,"Established in 1987, Greenpoint Technologies is one of the original licensed Business Jet Completion Centers providing turnkey interior completions for private individuals, corporations and Heads of State. Company headquarters are in Bothell, Washington, minutes from Seattle and The Boeing Company. Greenpoint uses a proven completion process which embodies all disciplines in-house including interior design, engineering, manufacturing, installation and certification of custom interiors. The companys 99 percent on-time delivery rate and repeat customer relationships represent the quality of service provided. Greenpoint puts their heart into it, providing the best in all areas of the program. Greenpoint Technologies, established in 1987, is a premier business jet completion center delivering VIP and Head of State interior completions. Facility locations include the company headquarters in Bothell, Washington; VIP cabinetry and precision machining facilities in Denton, Texas; a commercial manufacturing facility in Marysville, Washington; and a modification facility in Moses Lake, Washington. Strategic goals focus on the customer experience by incorporating quality, commitment and craftsmanship into every program. Greenpoint is part of Safran, for additional information on Safran, visit www.safran-group.com. Greenpoint Technologies is a dynamic, rewarding and profitable Safran company creating superior aircraft interior products and VIP completions. Robust Systems We use efficient processes, systems and tools Texas Monthly Magazine and Best Companies Group, Texas 100 Best Companies To Work For 2017 Pacific Northwest Aerospace Alliance Executive of the Year, Chairman Jon Buccola 2014 Greenpoint supports many community service organizations as a caring and socially responsible company. Both the company and its employees contribute to building safer, happier local communities.",98173,2024-04-25,2024-04-25,2024-04-25,-0.2,662a185dff06b807bef90935,2026-09-17_page016.json
inc_ransom,Universal Sewing Supply Inc,US,19600000,Encrypted,1,"Universal Sewing Supply was founded in 1956 in St. Louis, Missouri. Universal Sewing Supply provides industrial sewing equipment, supplies, and parts as well as air line components, valves, air hoses and grinder, wheels, swatch cutters, and tailor crayons.",98076,2024-04-25,2024-04-25,2024-04-25,-0.2,662a15b2ff06b807bef908dd,2026-09-17_page016.json
inc_ransom,"Law Offices of John V. Orrick, P.L.",US,5000000,Encrypted,1,"he Law Offices of John V. Orrick, P.L. represents clients throughout the Tampa  Bay Area and Florida. Unlike many large personal injury firms, our firm provides  prompt, individual service to all of our clients. When you call our office, you will  speak to an experienced attorney, not a legal assistant or case manager and you will  have the same attorney from day one until your case is resolved.    John V. Orrick, Esq. brings over 15 years of Personal Injury experience to the legal  profession. He was responsible for thousands of personal injury claims throughout  Florida while a Claim Manager at Travelers Insurance Co. and The Hartford  Insurance Co. Due to his extensive experience and knowledge of the insurance  industry, he knows how to deal firmly with the insurance companies and is relentless  in obtaining the best possible settlements for his clients.    The insurance companies know the attorneys who are willing to go to trial and this  affects the value of your settlement. Large personal injury firms make money by  handling a heavy volume of cases and they are counting on those cases settling.  This means they are willing to settle cases for a lower dollar amount. At John V.  Orrick, P.L., we prepare every case as if it is going to trial to make sure the  insurance company doesn't undervalue your claim.",97956,2024-04-25,2024-04-25,2024-04-25,-0.2,662a1474ff06b807bef908b9,2026-09-17_page016.json
inc_ransom,Leoch Battery Corp,US,18600000,Proof,1,"Products Lithium Battery Lithium solutions are mainly used in network power, green energy storage and transportation with high energy density, exceptional performance, and long life. Leoch has a professional BMS research and development team to meet the diversified energy demands of customers.",97997,2024-04-25,2024-04-25,2024-04-25,-0.2,662a1071ff06b807bef9084c,2026-09-17_page016.json
inc_ransom,"CellNetix Pathology & Laboratories, LLC",US,59000000,Proof,1,"CellNetix Pathology & Laboratories is a dynamic, rapidly growing private pathology company headquartered in Tukwila, WA, and serving hospitals and clients throughout the Pacific Northwest. CellNetix provides comprehensive subspecialty clinical and anatomic pathology services, operates premier anatomic pathology laboratories, and offers complete pathology laboratory services at its central state-of-the-art anatomic pathology laboratory. CellNetix is known for pathologic excellence based upon pathologist subspecialization, for valuing intellectual capital at all levels of the company, and for delivering top-quality results.",97835,2024-04-25,2024-04-25,2024-04-25,-0.2,6629f82bff06b807bef904d0,2026-09-17_page016.json
inc_ransom,Precision Technologies Group Ltd,GB,14500000,Proof,1,"One group. Three world-class divisions. That’s PTG. An organisation that specialises in the creation of highly sophisticated rotor milling, rotor grinding and friction stir welding machines — as well as the design and manufacture of all types of precise helical forms.",97983,2024-04-25,2024-04-25,2024-04-25,-0.2,6629f534ff06b807bef904a0,2026-09-17_page016.json
inc_ransom,Softura,US,57.6,Encrypted; Proof,2,"Who We Are  25+ years delivering projects using Onshore and Offshore Software Engineering Teams  ISO 27001 and CMMI Level 3 Certified, ensuring quality delivery  Scale teams up and down as needed  Gain access to world class talent  Leverage hard to find skills  We have more than 120 GB of data from this company at our disposal. In the event that we do not reach an agreement, the entire date will be published. ",105005,2024-05-09,2024-04-23,2024-06-01,15.9,6627388cff06b807bef8dfdf,2026-09-17_page016.json
inc_ransom,Audubon Nature Institute (auduboninstitute.org),US,78100000,Proof,1,"Audubon Nature Institute operates a family of museums, parks and research facilities dedicated to celebrating the wonders of nature. Through innovative live animal exhibits, education programs, and scientific discovery, Audubon makes a meaningful contribution to preserving wildlife for the future. Audubon Nature Institute flagships include Audubon Park, Audubon Zoo, Audubon Aquarium of the Americas, Entergy Giant Screen Theater, Audubon Butterfly Garden and Insectarium, Audubon Louisiana Nature Center, Freeport-McMoRan Audubon Species Survival Center, Woldenberg Riverfront Park and Audubon Wilderness Park.",104107,2024-05-03,2024-04-23,2024-05-24,9.6,6627fa1fff06b807bef8e861,2026-09-17_page016.json
inc_ransom,CORBETT EXTERMINATING Inc,US,15000000,Proof,1,"Pest control isn't always easy. But it is for us. Since Spencer Corbett founded Corbett Exterminating in 1976, Corbett has successfully managed to control pests for both residential and commercial clients across The Northeast and Mississippi areas. With our revolutionary technology, we are leaders in the future of pest control. When you partner with Corbett, you are partnering with a company committed to providing permanent results. Corbett specializes in all types of housing, with growing commercial and governmental sectors. Regardless of your situation, our unique systems offer solutions to every possible infestation as well as preventative maintenance. Today, more than 40 years later, we are still dedicated to maintaining relationships with our customers, long after the pests are gone.",97467,2024-04-23,2024-04-23,2024-04-23,-0.2,66280fdeff06b807bef8ebd1,2026-09-17_page017.json
inc_ransom,Benjamin Plumbing Inc,US,7000000,Proof,1,"With only one truck and a kitchen table office, Benjamin Plumbing, Inc. has grown to become an award-winning, second generation, family-owned plumbing business serving the greater Madison, Wisconsin area.  Now under the leadership of his son Dale, Benjamin Plumbing continues to have strong customer loyalty and a trusted reputation for quality and service by both our residential and commercial plumbing clients.",97612,2024-04-23,2024-04-23,2024-04-23,-0.2,66280e55ff06b807bef8eb9c,2026-09-17_page017.json
inc_ransom,DM Civil Construction Co,AU,34400000,Proof,1,"DM Civil is a privately owned company established in 1976 by Reg Toohey, Tony Spanjers and his late brother Eric Spanjers. Since then, we have grown to be one of Western Australia’s most trusted and respected civil contractors.  Our rich business heritage combined with our honest, transparent approach has ensured an outstanding reputation for delivering results to a diverse range of clients.  Our skilled team has operational diversity, a can do attitude and a willingness to exceed expectations. This directly employed workforce, coupled with ongoing reinvestment in company owned plant and equipment, assures clients they are collaborating with a company that is experienced, stable and financially secure.  As we continue to adapt and change to the evolving needs of our industry, we’re committed to partnering with clients who are looking for smart construction solutions that are flexible, innovative and quality assured.",97798,2024-04-23,2024-04-23,2024-04-23,-0.2,66280bebff06b807bef8eaef,2026-09-17_page017.json
inc_ransom,"Otolaryngology Associates, LLC",US,15700000,Proof,1,"Otolaryngology Associates, LLC is one of the largest private practice Ear, Nose, and Throat groups in the United States, with 13 convenient locations throughout Indiana in Indianapolis, Greencastle, Greenfield, Kokomo, Noblesville, and Carmel.",97367,2024-04-23,2024-04-23,2024-04-23,-0.2,6628082dff06b807bef8ea14,2026-09-17_page017.json
inc_ransom,Hanzestrohm,NL,6000000,Proof,1,"Hanzestrohm is a group of companies offering specialist products and services from a technical brand portfolio. The Hanzestrohm companies have in-depth know-how in the fields of building solutions, industrial solutions and infrastructure solutions. As an independent family business founded in 1951, Hanzestrohm, with approximately 140 employees, serves customers from Zwolle (head office), Alphen aan den Rijn and Zwijndrecht.",97584,2024-04-23,2024-04-23,2024-04-23,-0.2,6627fb84ff06b807bef8e88f,2026-09-17_page017.json
inc_ransom,Lodan Electronics Inc,US,20300000,Proof,1,"LoDan Electronics, Inc. was established in 1967, and has served as an industry leader, designing, manufacturing, and delivering cost effective, custom-engineered interconnect solutions. These solutions are built around the Company’s extensive knowledge of connectors, cables, and cable assemblies. Today’s rapidly changing electronics industry presents a myriad of challenges. New technological breakthroughs are announced almost every day, making it increasingly difficult to predict what shape tomorrow’s products will take. By involving the LoDan Team from the very start, you benefit from LoDan’s flexibility and responsiveness and gain a valuable long term interconnect partner who is as committed to the success of your product as yourself.",96977,2024-04-23,2024-04-23,2024-04-23,-0.2,6627f903ff06b807bef8e7aa,2026-09-17_page017.json
inc_ransom,SISU Healthcare Solutions,US,5100000,Proof,1,"Sisu Healthcare Solutions is a privately held infusion therapy company that is dedicated to providing excellent clinical service to our patients, physicians and managed care customers. We provide comprehensive infusion therapy services that include the provision of nutritional, antibiotics, and specialty drugs administered intravenously, including all medically appropriate and necessary supplies. We provide these services and products to patients in the home setting or in our outpatient ambulatory infusion suites. Our clinical team of nurses and pharmacists work closely with physicians to develop a plan of care based upon the patients therapy. Our specially trained nurses assess the home setting, administer the medication and teach caregivers in the home. From pharmacokinetic monitoring to reviewing medication profiles our pharmacists work closely with patients as well as their physician. Home infusion therapy has proven to be a cost effective alternative to hospitalization or hospital based outpatient care. We look forward to providing excellent clinical service to your infusion therapy patients.",97217,2024-04-23,2024-04-23,2024-04-23,-0.1,6627f4f3ff06b807bef8e638,2026-09-17_page017.json
inc_ransom,DBK Partners,CZ,250000,Encrypted; Proof,2,"DBK PARTNERS  Klíčové je pro nás vytvořit vysoce stabilní a expertní zázemí, které bude oporou při řešení specifických, či problémových situací a na které se bude moci klient s důvěrou obrátit.  We have a large amount of data from this law firm in our hands. In the event that we do not come to an agreement, the date will be available for download.",96355,2024-04-29,2024-04-22,2024-04-22,6.9,6625eb85ff06b807bef8d466,2026-09-17_page017.json
inc_ransom,Direct Mail,AU,20600000,Encrypted,1,"We know you have a choice of 3PL, letterbox delivery and bulk mail services providers so when you choose to partner with Direct Mail, you'll experience first hand what sets DMC apart from its competitors. For starters, we take great pride in our work. You can expect widespread and thorough preparation of your mailing data, perfect laser printing of your renewals, statements and intelligent communications, to the crisp addressing of your envelopes, the smallest details matter in ensuring the professionalism of your final product. For our eCommerce partners, we offer state-of-the-art 3PL technology to connect us to your online store in moments, so we can process your customer orders, manage your inventory and take the hassle out of your product management. Our quality standards extend to all our services, such as precision folding and inserting of your products, shrink wrapping, fulfilment or the plastic wrapping of your magazines. We care about the accuracy, efficiency and presentation of our our work and always presenting your business in its best light. In addition to this, we care about delivering the highest possible customer service and its this commitment to customer service that keeps our clients coming back, year after year. From its humble beginnings in 1994, Direct Mail Corporation has grown to become one of Melbournes favourite 3PL, letterbox delivery and bulk mail houses for all the above reasons. We hope you will partner with us to experience the service we offer for yourself.",96946,2024-04-22,2024-04-21,2024-04-21,0.3,66253b88ff06b807bef8d1e7,2026-09-17_page017.json
inc_ransom,Cleveland City School District,US,59000000,Encrypted,1,"Cleveland City Schools offers educational and employment opportunities without regard to race, color, creed, national origin, religion, sex, age, or disability and adheres to the provisions of the Family Education Rights and Privacy Act (FERPA).",96940,2024-04-22,2024-04-21,2024-04-21,0.3,66253a81ff06b807bef8d1cb,2026-09-17_page017.json
inc_ransom,Village Building,AU,29300000,Encrypted,1,"Village Building Co. delivers an outstanding return to our shareholders and investors whilst balancing the entrepreneurial spirit of Village with best practice risk management and corporate governance. This is achieved through the creation of well planned, highly liveable and environmentally responsible urban communities predominately within Australia's eastern capital cities and urban corridors. At Village, we strive to create value for money opportunities for homebuyers across the market. What's in a name? Our name, Village Building Co., reflects our desire to not only develop land and construct housing, but to also create entire communities or villages. It also reflects the understanding that the company's success is reliant on its relationships with its stakeholders in the same way that the success of a community is reliant on the collaboration of its residents. Our stakeholders include our shareholders and other investors, employees, financiers, suppliers, customers, local communities and relevant governments.",96816,2024-04-22,2024-04-21,2024-04-21,0.3,662538bfff06b807bef8d174,2026-09-17_page017.json
inc_ransom,UNITE HERE!,US,78800000,Encrypted,1,"UNITE HERE is a labor union in the United States and Canada with roughly 300,000 active members. The union's members work predominantly in the hotel, food service, laundry, warehouse, and casino gaming industries. The union was formed in 2004 by the merger of Union of Needletrades, Industrial, and Textile Employees (UNITE) and Hotel Employees and Restaurant Employees Union (HERE). In 2005, UNITE HERE withdrew from the AFLCIO and joined the Change to Win Federation, along with several other unions, including the Teamsters, Service Employees International Union (SEIU) and the UFCW. In May 2009, union president Bruce Raynor (originally from UNITE) left UNITE HERE, taking with him numerous local unions and between 105,000 and 150,000 members, mostly garment workers and a labor-owned bank, Amalgamated Bank. They formed a new SEIU affiliate called Workers United. On September 17, 2009, UNITE HERE announced that it would re-affiliate with the AFLCIO.",96717,2024-04-22,2024-04-21,2024-04-21,0.3,6625375aff06b807bef8d15b,2026-09-17_page017.json
inc_ransom,William S. Hein & Co.,US,22000000,Proof; Encrypted,2,"William S. Hein & Co., Inc. is a leading, family-run publishing company that has been serving the worldwide library community since the 1920s. Originally a renowned publisher of legal publications, the company has since expanded its services into academic, public, government, and corporate libraries, becoming a highly respected multidisciplinary publisher in multiple sectors.  In the course of a successful cyber attack on this company, we have a large amount of confidential information at our disposal. More than 500GB. All financial documents, mail correspondence, agreements and contracts that are not subject to disclosure, personal data of employees. All this and much more will be published in case we do not come to an agreement.",103051,2024-04-25,2024-04-17,2024-05-21,7.7,661f8f7c5d7bceeb56602fe5,2026-09-17_page016.json
inc_ransom,Delano Adult School (DJUHSD.ORG),US,37900000,Proof,1,"The Delano Joint Union High School District is a District of rich tradition, high expectations, and a century of outstanding achievement. Delano High School began in 1911 with fourteen students and two teachers. Over 100 years later, our District serves more than 4200 students and employs over 400 dedicated employees. Cesar E. Chavez opened its doors in 2003 and Robert F. Kennedy, our newest school, began in 2008. In addition, we have an alternative site, Valley High School, and an adult education agency which serves over 1200 students from Delano and the outlying area.  Our schools are all high achieving schools. Both Delano High School and Cesar E. Chavez High School were named as California Distinguished Schools in 2011 and again in 2019. All three comprehensive sites have been named by U.S. News and World Report as Americaâ€™s Best High Schools, either at the Silver or Bronze level; Cesar E. Chavez is a Title 1 Academic Achievement Award winner, as well as a National Title 1 Distinguished School. Valley High School was recently named as a Model Continuation School. In 2019, the Delano Joint Union High School District was recognized as a California Exemplary District.",102047,2024-04-17,2024-04-17,2024-05-20,0.0,661ffbf35d7bceeb5660355b,2026-09-17_page016.json
inc_ransom,US-Saudi Arabian Business Council,US,5800000,Proof; Encrypted,2,"Facilitating hundreds of millions of dollars in cross-border trade and investment agreements between the U.S. and Saudi Arabia for 30 years.  Informing, counseling, and connecting thousands of U.S. and Saudi companies to increase cross-border trade and investment.  In the course of a successful cyber attack on this company, we have a large amount of confidential information at our disposal. All financial documents, mail correspondence, agreements and contracts that are not subject to disclosure, personal data of employees. All this and much more will be published in case we do not come to an agreement. ",99897,2024-04-24,2024-04-17,2024-05-06,6.7,661f74cb5d7bceeb56602f60,2026-09-17_page016.json
inc_ransom,Vicon,US,27700000,Encrypted,1,"Vicon Industries, Inc. designs, assembles, and markets video management systems and system components for use in security, surveillance, safety, and communication applications worldwide. The companys product line comprises various video system elements, including cameras for image capture and stand-alone network video management system software, as well as various video recording, storage, management, and output devices and peripherals; analog, digital, and high definition megapixel cameras for fixed and robotic positioning applications; and other video system components, such as video encoders decoders and monitors, camera lenses, housings and mounts, matrix video switchers and controls, and various video transmission devices. Its products are used by commercial and industrial users comprising office buildings, manufacturing plants, warehouses, apartment complexes, shopping malls, and retail stores; federal, state, and local governments for national security purposes, agency facilities, prisons, and military installations; and financial institutions that include banks, clearing houses, brokerage firms, and depositories for security purposes. The companys products are also used by transportation departments for highway traffic control, and bridge and tunnel monitoring, as well as airport, subway, bus, and seaport security and surveillance; gaming casinos; health care facilities, which comprise hospitals; and institutions of education, such as schools and universities, as well as hotels and sports arenas. It sells its products primarily to independent dealers, system integrators, and security products distributors.",96580,2024-04-16,2024-04-17,2024-04-17,-1.8,662024885d7bceeb56603948,2026-09-17_page017.json
inc_ransom,Blueline Associates,US,10700000,Encrypted,1,"Blueline Associates was founded in 2005 as not only a general contracting company, but as a solution source for clients. Kenneth Larson, founder and owner, saw the areas for improvement in the industry and he set Blueline's mission to fill those gaps and improve the quality and customer service offered in construction. Over the years Blueline has become a leader in the industry and is known for its integrity, high-quality work, leadership, responsiveness and customer service. Blueline's success is a direct result of the quality team we have put together. From our superintendents, to our field employees, we have cultivated a crew of individuals dedicated to our core values. Here at Blueline, we focus on following safety procedures, working cleanly and completing projects efficiently. The company has thrived because of a focused management and the field team's ability to work together in scheduling, budgeting and maintaining a smooth project flow.",96436,2024-04-17,2024-04-17,2024-04-17,-0.8,662013695d7bceeb566036d6,2026-09-17_page017.json
inc_ransom,BPG Building Partners Group,DE,5000000,Encrypted,1,"BPG Building Partners Group GmbH is a company that operates in the Construction industry. It employs 251-500 people and has $1M-$5M of revenue. The company is headquartered in Berlin, Berlin, Germany.",96469,2024-04-16,2024-04-17,2024-04-17,-1.7,661fff515d7bceeb56603603,2026-09-17_page017.json
inc_ransom,Black Butte Coal,US,33400000,Encrypted,1,"Black Butte Coal Co is a company that operates in the Mining & Metals industry. It employs 101-250 people and has $25M-$50M of revenue. The company is headquartered in Point Of Rocks, Wyoming.",96402,2024-04-16,2024-04-17,2024-04-17,-1.7,661ffdf75d7bceeb566035d4,2026-09-17_page017.json
inc_ransom,Springfield Area Chamber of Commerce,US,5000000,Encrypted,1,"Founded in 1919 and headquartered in Springfield, Missouri, Springfield Area Chamber of Commerce is a private, not-for-profit organization. The organization serves as the principal advocate for business in partnership with the community; support and assist existing businesses; act as the primary catalyst in promoting the economic health of the Springfield area, stimulating jobs and improving the quality of life.",96103,2024-04-15,2024-04-16,2024-04-17,-1.8,661eda435d7bceeb56602add,2026-09-17_page017.json
inc_ransom,PSEC Church,US,5000000,Encrypted,1,"PSEC Church is a company that operates in the Religious Institutions industry. It employs 11-20 people. The company is headquartered in Pottstown, Pennsylvania.",95979,2024-04-16,2024-04-16,2024-04-17,-0.8,661ecc7a5d7bceeb5660290e,2026-09-17_page017.json
inc_ransom,Federal Labor Relations Authority,US,27300000,Encrypted,1,"Founded in 1978, The Federal Labor Relations Authority (FLRA) is an independent agency of the United States government that governs labor relations between the federal government and its employees. The Federal Labor Relations Authority is based out of Washington, D.C.",95897,2024-04-14,2024-04-16,2024-04-16,-2.8,661ecd575d7bceeb5660291f,2026-09-17_page017.json
inc_ransom,Washington School For The Deaf,US,13100000,Encrypted,1,WSD Alumni is a company that operates in the Government industry. It employs 101-250 people and has $10M-$25M of revenue,95731,2024-04-25,2024-04-16,2024-04-16,8.2,661ed9b45d7bceeb56602acc,2026-09-17_page017.json
inc_ransom,Conception Reproductive Associates Colorado,US,19500000,Encrypted; Proof,2,"For over 20 years, Conceptions Reproductive Associates of Colorado has been a pillar of success and hope for patients across Colorado and around the world with clinical outcomes that meet or exceed US benchmarks.   We have a huge amount of data from this company in our hands. Medical records, patient images, customer personal data, medical records, email correspondence, photos, and more. In the event that we do not come to an agreement, all data will be published.",95594,2024-04-22,2024-04-16,2024-04-16,6.1,661e54ab3603bef32f2c998a,2026-09-17_page017.json
inc_ransom,WellLife Network,US,249600000,Encrypted,1,"Founded in 1980 and headquartered in Hauppauge, New York, WellLife Network provides employees with a diverse range of health and welfare, leave and time-off, continuing education, professional development, and retirement benefits to ensure market competitiveness and to be responsive to employees needs.",95850,2024-04-16,2024-04-13,2024-04-14,2.1,661aedbb3603bef32f2c8ae9,2026-09-17_page017.json
inc_ransom,Yamaha Motor Philippines,PH,25200000,Encrypted,1,Yamaha Motor Philippines Inc. - Explore the number one automatic motorcycle in the Philippines!,95924,2024-04-13,2024-04-13,2024-04-13,-0.8,661ad5913603bef32f2c8a67,2026-09-17_page017.json
inc_ransom,Liquid Environmental Solutions,US,681000000,Encrypted,1,"Founded in 2002, Liquid Environmental Solutions is a full service waste management company. Liquid Environmental Solutions offers liquid and hazerdous waste collection, trasnportation, processing, and disposal services. Liquid Environmental Solutions is heaquartered out of Irving, Texas.",95331,2024-04-10,2024-04-12,2024-04-12,-2.3,6618e3ab1b90ea54ae20014d,2026-09-17_page017.json
inc_ransom,Xerox,US,6900000000,Stocks,1,"Xerox Corporation provides document management solutions worldwide. The company's Document Technology segment offers desktop monochrome and color printers, multifunction printers, copiers, digital printing presses, and light production devices; and production printing and publishing systems for the graphic communications marketplace and large enterprises. Its Services segment provides document outsourcing services comprising managed print, workflow automation, and communication and marketing services. The company also sells paper, wide-format systems, global imaging systems network integration solutions, and electronic presentation systems. The company sells its products and services directly to its customers; and through its sales force, as well as through a network of independent agents, dealers, value-added resellers, systems integrators, and the Web. Xerox Corporation was founded in 1906 and is headquartered in Norwalk.",101389,2024-04-10,2024-04-09,2024-04-11,0.4,661559c0cb253383c1948995,2026-09-17_page017.json
