group,source_id,victim,field,original_value,corrected_value,correction_status,source_url,source_title,source_type,accessed_at,confidence,note
SafePay,/blog/post/stichtingjohannesboscocom/,stichtingjohannesbosco.com,country,CW,CW | Curaçao,verified,https://www.iso.org/obp/ui/#search/code/,ISO 3166-1 country code,standard,2026-09-27,high,Raw value is a valid ISO alpha-2 code
SafePay,/blog/post/salemmacompy/,salemma.com.py,country,PY,PY | Paraguay,verified,https://www.iso.org/obp/ui/#search/code/,ISO 3166-1 country code,standard,2026-09-27,high,Raw value is a valid ISO alpha-2 code
SafePay,/blog/post/dosjmcom/,dosjm.com,country,JM,JM | Jamaica,verified,https://www.iso.org/obp/ui/#search/code/,ISO 3166-1 country code,standard,2026-09-27,high,Raw value is a valid ISO alpha-2 code
SafePay,/blog/post/derrimoncom/,derrimon.com,country,JM,JM | Jamaica,verified,https://www.iso.org/obp/ui/#search/code/,ISO 3166-1 country code,standard,2026-09-27,high,Raw value is a valid ISO alpha-2 code
SafePay,/blog/post/itcaedusv/,itca.edu.sv,country,SV,SV | El Salvador,verified,https://www.iso.org/obp/ui/#search/code/,ISO 3166-1 country code,standard,2026-09-27,high,Raw value is a valid ISO alpha-2 code
INC Ransom,69bbef478f1d14b743d8daad,airports.com.na,country,NA,NA | Namibia,verified,https://www.iso.org/obp/ui/#search/code/,ISO 3166-1 country code,standard,2026-09-27,high,Raw value is a valid ISO alpha-2 code
INC Ransom,6980d22f8f1d14b7436bdbca,ChokChey Finance,country,KH,KH | Cambodia,verified,https://www.iso.org/obp/ui/#search/code/,ISO 3166-1 country code,standard,2026-09-27,high,Raw value is a valid ISO alpha-2 code
INC Ransom,697e08308f1d14b743358d63,Hawk Law Group,country,GE,GE | Georgia,verified,https://www.iso.org/obp/ui/#search/code/,ISO 3166-1 country code,standard,2026-09-27,high,Raw value is a valid ISO alpha-2 code
INC Ransom,69053b5ce1a4e4b3ffc2cd1b,TMF Logistics,country,DZ,DZ | Algeria,verified,https://www.iso.org/obp/ui/#search/code/,ISO 3166-1 country code,standard,2026-09-27,high,Raw value is a valid ISO alpha-2 code
INC Ransom,6902936ee1a4e4b3ff9ad15a,DILOSA FOOD COMPANIES,country,SV,SV | El Salvador,verified,https://www.iso.org/obp/ui/#search/code/,ISO 3166-1 country code,standard,2026-09-27,high,Raw value is a valid ISO alpha-2 code
INC Ransom,68e83ea6fa0b6f4bdf39ab61,https://www.tongapower.to/,country,TO,TO | Tonga,verified,https://www.iso.org/obp/ui/#search/code/,ISO 3166-1 country code,standard,2026-09-27,high,Raw value is a valid ISO alpha-2 code
INC Ransom,68b2db80c7b82dfe0b27a526,TESTCOMPANY,country,BB,BB | Barbados,verified,https://www.iso.org/obp/ui/#search/code/,ISO 3166-1 country code,standard,2026-09-27,high,Raw value is a valid ISO alpha-2 code
INC Ransom,68a4ee23c7b82dfe0b3e3a95,Universal Group For Engineering and Consulting,country,PS,PS | Palestine,verified,https://www.iso.org/obp/ui/#search/code/,ISO 3166-1 country code,standard,2026-09-27,high,Raw value is a valid ISO alpha-2 code
INC Ransom,68766087c7b82dfe0b09f879,Otjiwarongo Municipality,country,NA,NA | Namibia,verified,https://www.iso.org/obp/ui/#search/code/,ISO 3166-1 country code,standard,2026-09-27,high,Raw value is a valid ISO alpha-2 code
INC Ransom,685ded5bba6890801344e878,The Kingdom of Tonga's Ministry of Health,country,TO,TO | Tonga,verified,https://www.iso.org/obp/ui/#search/code/,ISO 3166-1 country code,standard,2026-09-27,high,Raw value is a valid ISO alpha-2 code
INC Ransom,678588af038775d3788eb171,Biomedical Caledonia Medical Laboratory (calmedlab.local),country,JM,JM | Jamaica,verified,https://www.iso.org/obp/ui/#search/code/,ISO 3166-1 country code,standard,2026-09-27,high,Raw value is a valid ISO alpha-2 code
Qilin,d1947ee4-7210-4bf1-8c59-28faa9ac8495,CareClinics,industry,Other,Healthcare,verified,http://www.careclinics.com.my,CareClinics,official website,2026-09-27,high,Healthcare clinic network; raw industry label was 0
Qilin,a367490f-d9fa-4df8-b65e-4eac8955ed12,Sanatorio Modelo de Caseros,industry,Other,Healthcare,verified,https://sanatoriomodelo.com.ar/,Sanatorio Modelo de Caseros,official website,2026-09-27,high,Hospital and clinical care provider; raw industry label was 0
Qilin,0a73be27-9f34-45d8-b63d-c4a0a0157f9d,RehaVital Gesundheitsservice GmbH,industry,Other,Healthcare,verified,https://www.rehavital.de/,rehaVital Gesundheitsservice GmbH,official website,2026-09-27,high,Medical aids and patient care network; raw industry label was 0
Qilin,7bd70b1f-0098-4b3e-9863-acf22e1cf1f2,Mountain Rheumatology,industry,Other,Healthcare,verified,https://mountainrheumatology.com/,Mountain Rheumatology,official website,2026-09-27,high,Specialist medical practice; raw industry label was 0
Qilin,8e67cc56-c717-453f-b94c-f1a6b99766a7,Hillebrand Home Health,industry,Other,Healthcare,verified,http://www.hillebrandhomehealth.com,Hillebrand Home Health,official website,2026-09-27,high,Home health provider; raw industry label was 0
Qilin,6496d6c3-7afe-4b66-a9d3-b9a903624ce3,Next Clinics,industry,Other,Healthcare,verified,https://www.next-clinics.cz/en,Next Clinics,official website,2026-09-27,high,Healthcare facilities and laboratories; raw industry label was 0
Qilin,23638b37-efe6-4aac-9206-160607d09b29,Bristol Place,industry,Other,Healthcare,verified,https://bristolplace.net/team/,Bristol Place Corporation,official website,2026-09-27,high,Human-services case management provider; raw industry label was 0
Qilin,2080c2f3-9cfb-4476-a9f2-71a8ad09c124,Premier Medical Group,industry,Other,Healthcare,verified,http://www.premiermedicalhv.com,Premier Medical Group,official website,2026-09-27,high,Medical provider; raw industry label was 0
Qilin,8b3c2a08-c4bd-4e1c-9540-43255f5f76a7,MAVA Healthcare,industry,Other,Healthcare,verified,https://mavamedical.com/,MAVA Behavioral Health,official website,2026-09-27,high,Behavioral-health provider; raw industry label was 0
Qilin,943cd6e8-cb55-4fc7-924e-4e9653fd438e,Can Healthcare Group,industry,Other,Healthcare,verified,http://www.izmircanhastanesi.com,Izmir Can Hospital,official website,2026-09-27,high,Hospital group; raw industry label was 0
Qilin,d3ce86e4-82ae-4556-804a-a3da7631e290,Clinica Maitenes,industry,Other,Healthcare,verified,http://www.clinicamaitenes.cl,Clinica Maitenes,official website,2026-09-27,high,Clinic; raw industry label was 0
Qilin,f5dd1c52-cb51-4535-a8ee-bfd7ed801e49,CLINICA AVELLANEDA MEDICAL CENTER,industry,Other,Healthcare,verified,https://www.google.com/search?q=%22CLINICA+AVELLANEDA+MEDICAL+CENTER%22,Clinica Avellaneda Medical Center,search verification,2026-09-27,medium,Victim name identifies a medical center; supplied URL is malformed; raw industry label was 0
Qilin,9e2a4ac9-7864-4fdb-b2e8-649d1eecc9d0,Lifeline PCS,industry,Other,Healthcare,verified,http://www.lifelinepcs.com,Lifeline PCS,official website,2026-09-27,high,Personal care and healthcare services; raw industry label was 0
Qilin,5d32509c-b974-483a-ac47-fc04e74e3583,Inspira,industry,Other,Healthcare,verified,https://www.inspirapr.com/,Inspira,official website,2026-09-27,high,Healthcare provider; raw industry label was 0
Qilin,a1361397-7377-41c6-a91c-0144f3c9374e,Mid Florida Dermatology & Plastic Surgery,industry,Other,Healthcare,verified,https://www.midflmed.com/,Mid Florida Dermatology & Plastic Surgery,official website,2026-09-27,high,Specialist medical practice; raw industry label was 0
Qilin,23559922-26fd-496f-94cf-6261dc9d58e6,Dillon Family Medicine,industry,Other,Healthcare,verified,https://www.dillonfamilymedicine.com/,Dillon Family Medicine,official website,2026-09-27,high,Family medicine practice; raw industry label was 0
Qilin,6105bf1b-6bbb-4894-b9fa-fb754442dbbb,Providence Medical Group,industry,Other,Healthcare,verified,https://www.provmedgroup.com/,Providence Medical Group,official website,2026-09-27,high,Medical provider; raw industry label was 0
Qilin,ad203a2a-ef60-48ba-880e-f783c593cb7b,Aroostook Mental Health Services,industry,Other,Healthcare,verified,https://www.amhc.org/,Aroostook Mental Health Center,official website,2026-09-27,high,Mental-health provider; raw industry label was 0
Qilin,774fbfdf-5633-4ad2-834c-72744b187237,FAMILY EYECARE LLC,industry,Other,Healthcare,verified,http://lindeneyecare.com/,Family Eyecare,official website,2026-09-27,high,Eye-care practice; raw industry label was 0
Qilin,abce4fd3-0fd5-43df-a826-a45c47114e07,Florida Retina Center,industry,Other,Healthcare,verified,https://www.floridaretinacenter.com/,Florida Retina Center,official website,2026-09-27,high,Specialist medical practice; raw industry label was 0
Qilin,6c8ad647-a426-4020-aced-e9ed5e4426d1,Grand Manor Nursing & Rehabilitation Center,industry,Other,Healthcare,verified,https://www.grandmanor.org/,Grand Manor Nursing & Rehabilitation Center,official website,2026-09-27,high,Nursing and rehabilitation provider; raw industry label was 0
Qilin,b017eb2c-1fc9-4293-bfa1-14e0c1bf12a3,RENAFAN,industry,Other,Healthcare,verified,https://www.renafan.de/,RENAFAN,official website,2026-09-27,high,Nursing and care provider; raw industry label was 0
Qilin,998de0c5-8e28-4ebf-8e60-1399fee36dfc,Orthopaedic Specialists of Massachusetts,industry,Other,Healthcare,verified,https://www.orthomass.com/,Orthopaedic Specialists of Massachusetts,official website,2026-09-27,high,Specialist medical practice; raw industry label was 0
Qilin,622e5c05-a3a7-46da-9cbe-32e15c2c15d5,Cary Pediatric Center,industry,Other,Healthcare,verified,https://carypediatriccenter.com/,Cary Pediatric Center,official website,2026-09-27,high,Pediatric medical practice; raw industry label was 0
Qilin,3252422c-f3d2-4c9c-94ee-35a9d1ce655f,Medical Asset Management,industry,Other,Healthcare,verified,https://medicalassetmanagement.com/,Medical Asset Management,official website,2026-09-27,high,Healthcare coding billing and reimbursement services; raw industry label was 0
INC Ransom,6a7cc2679cd108bf266aea60,gamaus.com,revenue_usd,32,32400000,verified,https://www.zoominfo.com/c/greater-austin-merchants-cooperative-association/98978085,Greater Austin Merchants Cooperative Association,third-party estimate,2026-09-27,high,DLS description linked this exact source which reports USD 32.4 million
INC Ransom,6a653b8c5ae71db30cd8266a,greenecountyga.gov,revenue_usd,12345,,excluded,https://www.greenecountyga.gov/financial-transparency,Greene County financial transparency,official government,2026-09-27,high,Government budget revenue is not comparable to corporate annual revenue
INC Ransom,6a5ad7a05ae71db30cbd0738,V&P Nurseries,revenue_usd,16,,unresolved,https://leadiq.com/c/vp-nurseries/5a1d9d292300005a008d0743,V&P Nurseries company profile,third-party estimate,2026-09-27,medium,Available estimate is a range and conflicts with the raw figure
INC Ransom,6a5ad7205ae71db30cbcf9e2,reatile.co.za,revenue_usd,28,,unresolved,https://reatile.co.za/,Reatile Group,official website,2026-09-27,medium,No exact annual revenue found and currency or unit cannot be established
INC Ransom,6a5ad58e5ae71db30cbcc904,FAST.COM.PH,revenue_usd,50,,unresolved,https://leadiq.com/c/fast-logistics-group/5a1d8aa6240000240064830f,FAST Logistics Group company profile,third-party estimate,2026-09-27,medium,Available sources give conflicting estimates or broad ranges
INC Ransom,6a468c355ae71db30ca47b2d,hamilton-eye.com,revenue_usd,123,,unresolved,https://npiprofile.com/npi/1962600767,Hamilton Eye Institute registry profile,public registry,2026-09-27,medium,Entity verified but no exact annual revenue found
INC Ransom,69fffa6bd152110a6ab10d5a,https://sibillacapital.com/,revenue_usd,1,,unresolved,https://www.sec.gov/Archives/edgar/data/1888537/000188853721000001/xslFormDX01/primary_doc.xml,Sibilla Capital Form D,regulatory filing,2026-09-27,high,Regulatory filing declines to disclose revenue and third-party estimates conflict
SafePay,/blog/post/cenmar-manilacom/,cenmar-manila.com,country,,PH | Philippines,verified,https://cenmar-manila.com,SafePay victim description,DLS-stated description,2026-09-27,high,SafePay victim description identifies registration with the Philippine SEC
SafePay,/blog/post/simmonsbbcom/,simmonsbb.com,country,,BB | Barbados,verified,https://simmonsbb.com,SafePay victim description,DLS-stated description,2026-09-27,high,SafePay victim description identifies a Barbadian firm headquartered in St. Philip
SafePay,/blog/post/statsgovbb/,stats.gov.bb,country,,BB | Barbados,verified,https://stats.gov.bb,SafePay victim description,DLS-stated description,2026-09-27,high,SafePay victim description identifies the national statistical agency of Barbados
SafePay,/blog/post/euromedixcom/,euromedix.com,country,,BE | Belgium,verified,https://euromedix.com,SafePay victim description,DLS-stated description,2026-09-27,high,SafePay victim description identifies Leuven Belgium
Qilin,9136a394-e1a1-47ce-8fe6-16ed813a5d23,AFSARD,country,,MK | North Macedonia,verified,https://ipardpa.gov.mk,Victim domain,country-code domain,2026-09-27,high,Country inferred from the .mk country-code top-level domain
Qilin,7c1bd27c-bdf7-46e1-9aa7-3652fa370f25,Central Bank of Libya,country,,LY | Libya,verified,https://cbl.gov.ly,Victim domain,country-code domain,2026-09-27,high,Country inferred from the .ly country-code top-level domain
Qilin,1f115398-a0bb-4878-9132-2966655619d9,Orange Madagascar,country,,MG | Madagascar,verified,https://orange.mg,Victim domain,country-code domain,2026-09-27,high,Country inferred from the .mg country-code top-level domain
Qilin,086e9769-989b-4533-baf6-cfb8bce5f92c,Copetrol,country,,PY | Paraguay,verified,https://copetrol.com.py,Victim domain,country-code domain,2026-09-27,high,Country inferred from the .py country-code top-level domain
Qilin,2f5cf600-e0a2-42ef-a08a-55b587c40ed0,CFM Mozambique,country,,MZ | Mozambique,verified,https://cfm.co.mz,Victim domain,country-code domain,2026-09-27,high,Country inferred from the .mz country-code top-level domain
Qilin,5247019b-8810-413f-89b7-5eea587ecf16,Grupo Promasa,country,,HN | Honduras,verified,https://promasa.hn,Victim domain,country-code domain,2026-09-27,high,Country inferred from the .hn country-code top-level domain
Qilin,0fd2d1b4-c708-4522-870d-18e2b2d924e2,NV ELMAR,country,,AW | Aruba,verified,https://elmar.aw,Victim domain,country-code domain,2026-09-27,high,Country inferred from the .aw country-code top-level domain
Qilin,348f4aa9-dd12-4ed5-aaa2-56cd914a8cfc,Uganda Electricity Transmission Company Limited,country,,UG | Uganda,verified,https://uetcl.go.ug,Victim domain,country-code domain,2026-09-27,high,Country inferred from the .ug country-code top-level domain
Qilin,b5a0edb6-1502-4cc0-9f9f-fcfab9b48789,Moniz Silva international,country,,AO | Angola,verified,https://monizsilva.co.ao,Victim domain,country-code domain,2026-09-27,high,Country inferred from the .ao country-code top-level domain
Qilin,bfdc90a7-e1bb-4c78-b346-7770656827ae,KEP Credit Union KEP,country,,CW | Curaçao,verified,https://kep.cw,Victim domain,country-code domain,2026-09-27,high,Country inferred from the .cw country-code top-level domain
Qilin,22e7673e-c3e3-4117-8592-9d6eceae0c76,nexa.bb,country,,BB | Barbados,verified,https://nexa.bb,Victim domain,country-code domain,2026-09-27,high,Country inferred from the .bb country-code top-level domain
Qilin,ab9fda30-9f6e-4286-bdc2-459f35513681,Centralno grijanje Tuzla,country,,BA | Bosnia and Herzegovina,verified,https://grijanjetuzla.ba,Victim domain,country-code domain,2026-09-27,high,Country inferred from the .ba country-code top-level domain
DragonForce,56d4e3ab-85a8-480f-8b8a-9a3f74036dc8,North Atlantic Engineering Consultants,country,,BW | Botswana,verified,https://northatlantic.bw,Victim domain,country-code domain,2026-09-27,high,Country inferred from the .bw country-code top-level domain
DragonForce,7a087bc8-55dc-4a58-bd5a-6b7eaa3d5ec6,PalauGov,country,,PW | Palau,verified,https://palaugov.pw,Victim domain,country-code domain,2026-09-27,high,Country inferred from the .pw country-code top-level domain
Qilin,c9ce6a7a-10db-4411-b267-a236127da0e2,Jubilee Jobs,country,,US | United States,verified,,Matching INC Ransom victim record,cross-source match,2026-09-27,high,Exact match_key has United States stated in INC Ransom source 686b9aeec7b82dfe0b820d1f
Qilin,7266e346-8da6-4dfc-b289-06bce11a7988,GDZ Computer Services,country,,US | United States,verified,,Matching Play victim record,cross-source match,2026-09-27,high,Exact match_key has United States stated in Play source O8IfY5X3oTi2D6
DragonForce,97b3b909-9f5d-4ca4-bf17-eb4eefadee82,Clark Mechanical,country,,US | United States,verified,,Matching SafePay victim record,cross-source match,2026-09-27,high,Exact match_key has United States stated in SafePay source /blog/post/clarkmechanicalinccom/
DragonForce,aafe099f-f355-4460-95fb-4443b41efc21,Medical Department Store,country,,US | United States,verified,,DragonForce address field,DLS-stated location,2026-09-27,high,"DragonForce address: Port Charlotte: 4265 Tamiami Trl, Unit E, Port Charlotte, FL 33980"
DragonForce,66da3509-a3fc-4ff3-a229-ecfa57caf4e0,Norwood Law Firm,country,,US | United States,verified,,DragonForce address field,DLS-stated location,2026-09-27,high,"DragonForce address: 1601 South Main Street, Suite 300, Tulsa, OK 74119, Oklahoma, United States"
DragonForce,6483b94b-84e1-4416-947f-2591eb728a83,Homewood Sales,country,,US | United States,verified,,DragonForce address field,DLS-stated location,2026-09-27,high,"DragonForce address: 820 Washington Blvd, Pittsburgh, Pennsylvania, United States"
DragonForce,0c6530da-dedd-4f1f-805f-c4c7eb9e6d1a,Frato,country,,PT | Portugal,verified,,DragonForce address field,DLS-stated location,2026-09-27,high,"DragonForce address: Via Central De Milheirós 810, Maia, Portugal"
DragonForce,6e06069d-69f2-44e1-8a0d-306d487cc8cd,Wozair,country,,GB | United Kingdom,verified,,DragonForce address field,DLS-stated location,2026-09-27,high,"DragonForce address: Grosvenor Road, Gillingham Business Park, Gillingham, Kent ME8 0SA United Kingdom"
DragonForce,65fa9687-26ec-41c7-8aca-7bc0b1d62c51,Brookview Financial,country,,US | United States,verified,,DragonForce address field,DLS-stated location,2026-09-27,high,"DragonForce address: 2321 Whitney Ave Ste 102, Hamden, Connecticut, United States"
DragonForce,ed288008-26ad-4b2d-babf-32879da1a35d,Hogan Omidi P.C.,country,,US | United States,verified,,DragonForce address field,DLS-stated location,2026-09-27,high,"DragonForce address: 3773 Cherry Creek N Dr #950. Denver, CO 80209"
DragonForce,9351fab2-40b4-47c9-bf96-a00af22ab27a,R & D Machine and Engineering,country,,US | United States,verified,,DragonForce address field,DLS-stated location,2026-09-27,high,"DragonForce address: 130 Scarlet Blvd, Oldsmar, Florida"
DragonForce,dabd2c16-5f55-49a2-acd5-28d1de9052f7,rubbermill.com,country,,US | United States,verified,,DragonForce address field,DLS-stated location,2026-09-27,high,"DragonForce address: 9897 Old Liberty Road Liberty, NC 27298"
DragonForce,3b6cb0aa-6d4e-4e99-a0f0-d3caf9a03ee5,One Community FCU,country,,US | United States,verified,,DragonForce address field,DLS-stated location,2026-09-27,high,"DragonForce address: 531 5th Street Parkersburg WV 26101, West Virginia, United States"
DragonForce,e633d61f-8e85-4f38-884b-56a9fde31cde,Mike Graham Heating And Air Conditioning,country,,US | United States,verified,,DragonForce address field,DLS-stated location,2026-09-27,high,"DragonForce address: 910 Dana St, Burkburnett, Texas, 76354, United States"
DragonForce,720bcaea-bde0-4b88-b487-d72bc4d233ce,P. A. Inc. (Performance Alloys),country,,US | United States,verified,,DragonForce address field,DLS-stated location,2026-09-27,high,"DragonForce address: 6626 Gulf Fwy, Houston, Texas, 77087, United States"
DragonForce,9a456609-e7aa-4034-a7de-1645f7c50e6d,EduSpa,country,,KR | South Korea,verified,,DragonForce address field,DLS-stated location,2026-09-27,high,"DragonForce address: Seokyung Building 1602-2 Seocho-dong Seocho-gu Fl 3, Seoul, South Korea"
DragonForce,b7c7a087-21bf-459f-b236-f1018767bacf,Primary Eye Care,country,,US | United States,verified,,DragonForce address field,DLS-stated location,2026-09-27,high,"DragonForce address: 1530 N Broad St, New Orleans, Louisiana, 70119, United States"
DragonForce,7311c4c3-6f5d-42e5-a487-c2d5d5e8410b,www.mbmlawsc.com,country,,US | United States,verified,,DragonForce address field,DLS-stated location,2026-09-27,high,"DragonForce address: 1700 Sunset Blvd. West Columbia, SC 29169 USA"
DragonForce,7a02a198-4fa0-47ab-afe0-0b087659af9e,RUS Industrial,country,,US | United States,verified,,DragonForce address field,DLS-stated location,2026-09-27,high,"DragonForce address: 16030 Bear Bayou Dr, Channelview, Texas"
DragonForce,8289671c-c761-48b7-833b-f75f83d4b7b8,Katathani Phuket Beach Resort,country,,TH | Thailand,verified,,DragonForce address field,DLS-stated location,2026-09-27,high,"DragonForce address: 14 Kata Noi Road, Karon, Muang, Phuket 83100 Thailand"
DragonForce,23ed9672-4fc8-4c75-ba59-f6e5d34941e2,Deluxe Medical Supply,country,,US | United States,verified,,DragonForce address field,DLS-stated location,2026-09-27,high,"DragonForce address: 7950 University Ave Ste B, La Mesa, California, 91942, United States"
DragonForce,e3e9a2e3-d642-49b5-963b-42cce1b49a6d,Syntron Bioresearch,country,,US | United States,verified,,DragonForce address field,DLS-stated location,2026-09-27,high,"DragonForce address: 2774 Loker Ave W, Carlsbad, California, 92010, United States"
DragonForce,877bb86e-24f9-4685-bbe4-6589ae2725b6,Koshkaryan Law Group,country,,US | United States,verified,,DragonForce address field,DLS-stated location,2026-09-27,high,"DragonForce address: 13245 Riverside Dr Ste 400, Sherman Oaks, California, 91423, United States"
DragonForce,989c5e3a-598c-409e-b299-ed842bc4a698,Sinai Grand Casino,country,,EG | Egypt,verified,,DragonForce address field,DLS-stated location,2026-09-27,high,"DragonForce address: Peace Rd, Sharm el-Sheikh, South Sinai, Egypt"
DragonForce,bbca2373-ee63-4a48-91a5-9d70a5c142f0,Kee Wah Bakery,country,,HK | Hong Kong,verified,,DragonForce address field,DLS-stated location,2026-09-27,high,"DragonForce address: 3/F, Kee Wah Industrial Building, 666 Castle Peak Road, Cheung Sha Wan, Kowloon, Hong Kong"
DragonForce,b3dd9277-35e9-4698-8a7a-144bdf89a688,Heritage Mechanical LLC,country,,US | United States,verified,,DragonForce address field,DLS-stated location,2026-09-27,high,"DragonForce address: 2134 Espey Court, Suite 7 Crofton, MD 21114"
DragonForce,a388f700-9866-41dd-876a-e0df581209a7,Stephens Precision,country,,US | United States,verified,,DragonForce address field,DLS-stated location,2026-09-27,high,"DragonForce address: 293 Industrial Dr, Bradford, Vermont, 05033, United States"
DragonForce,44f4c161-ceec-4599-8f03-6eea8c4e4ea7,Shillen Mackall & Seldon,country,,US | United States,verified,,DragonForce address field,DLS-stated location,2026-09-27,high,"DragonForce address: 217-10 Maxham Meadow Way Ste 2A, Woodstock, Vermont, 05091, United States"
DragonForce,a6b51e12-3d64-4267-a3b7-697c95a787b4,Hughes Atwood & Mullaly pllc,country,,US | United States,verified,,DragonForce address field,DLS-stated location,2026-09-27,high,"DragonForce address: 30 Bank St Ste 3, Lebanon, New Hampshire, 03766, United States"
DragonForce,49336a64-38c9-4305-b7ee-3b2ccfa9698c,Metro Design Cente,country,,US | United States,verified,,DragonForce address field,DLS-stated location,2026-09-27,high,"DragonForce address: 1206 Sherman St Unit A, Allentown, Pennsylvania, 18109"
DragonForce,ca8899be-9289-4e32-8661-8fc3d9fe6a14,Southport Outdoor Living,country,,CA | Canada,verified,,DragonForce address field,DLS-stated location,2026-09-27,high,"DragonForce address: 1296 Castlefield Ave, Toronto, Ontario, M6B 4B3"
DragonForce,7b04f500-495d-40dc-b4af-4755255b146b,Graphic International Centre,country,,AE | United Arab Emirates,verified,,DragonForce address field,DLS-stated location,2026-09-27,high,"DragonForce address: 727 Hamdan Bin Mohammed St, Abu Dhabi, United Arab Emirates"
DragonForce,dc4e608f-e9fc-48c8-93f9-d4fd52dadbec,Edison Global Networks Limited,country,,HK | Hong Kong,verified,,DragonForce address field,DLS-stated location,2026-09-27,high,"DragonForce address: 05, 8/F, Telford House,16 Wang Hoi Road, Kowloon Bay,Hong Kong"
DragonForce,e97e4acb-8587-423d-afa3-e4dc8fdb22dd,Omax Autos,country,,IN | India,verified,,DragonForce address field,DLS-stated location,2026-09-27,high,"DragonForce address: 26, 4-Bays, Institutional Area,Sector - 32, Gurgaon, Haryana, India, 122001"
DragonForce,1cca878f-d73a-45df-bc04-d0413369432a,Midal Cables,country,,BH | Bahrain,verified,,DragonForce address field,DLS-stated location,2026-09-27,high,"DragonForce address: Building No. 744, Road No. 5128, Block No. 951, Askar P.O. Box 5939, Kingdom of Bahrain"
DragonForce,8d68afdb-9f29-4d4a-941d-3a312b899536,Intron Technology Holdings,country,,CN | China,verified,,DragonForce address field,DLS-stated location,2026-09-27,high,"DragonForce address: Delta House unit 1008-10 On Yiu St 10/f 3, Sha Tin, Sha Tin, China"
DragonForce,927c723b-c1df-46f6-953a-9f8505bcc6e2,asimar.com,country,,TH | Thailand,verified,,DragonForce address field,DLS-stated location,2026-09-27,high,"DragonForce address: Asian Marine Services Public Co., Ltd. 128 Moo 3 Suksawad Rd, Laemfapa, Prasamutjedee, Samutprakarn, 10290, Thailand"
DragonForce,45c18967-51db-4181-97c5-6a0d59ab1122,www.twtci.com Trans World Trading,country,,PH | Philippines,verified,,DragonForce address field,DLS-stated location,2026-09-27,high,"DragonForce address: Contact Us Don Pablo Building, 114 Amorsolo Street, San Lorenzo, Makati City, Philippines 1223"
DragonForce,f23e19db-7e99-4185-9673-3ef7cf7a8c17,degeremcia.com,country,,EC | Ecuador,verified,,DragonForce address field,DLS-stated location,2026-09-27,high,"DragonForce address: Guayaquil, Guayas, Ecuador"
DragonForce,2aedf0cd-9031-4333-aa3b-3b775041d7d3,STEP Oiltools,country,,AU | Australia,verified,,DragonForce address field,DLS-stated location,2026-09-27,high,"DragonForce address: 50 Kurnall Rd, Perth 6106, Western Australia, Australia"
DragonForce,7dc6bb41-0cc2-4c0a-8b60-dffc1a57317a,Al - Saidi Factory,country,,SA | Saudi Arabia,verified,,DragonForce address field,DLS-stated location,2026-09-27,high,"DragonForce address: 3040, 7526, Dammam 34327, Dammam 2nd Industrial City, Saudi Arabia"
DragonForce,d08d0ea2-3184-4606-8198-38fd270460a4,The Schuett Companies,country,,US | United States,verified,,DragonForce address field,DLS-stated location,2026-09-27,high,"DragonForce address: 9000 Golden Valley Rd, Golden Valley, Minnesota, 55427, United States"
DragonForce,a3589bf6-523d-4cee-b2cb-0a8586dd26ef,amplesurveyor.com,country,,HK | Hong Kong,verified,,DragonForce address field,DLS-stated location,2026-09-27,high,"DragonForce address: Room 1601A, 16/F, Peninsula Square, 18 Sung On Street, Hung Hom, Kowloon, Hong Kong"
DragonForce,accc029a-dadb-49f2-925e-92f614445e37,hive360.com,country,,GB | United Kingdom,verified,,DragonForce address field,DLS-stated location,2026-09-27,high,"DragonForce address: 8th Floor (West Wing) 54 Hagley Road, Edgbaston, Birmingham, England, B16 8PE"
DragonForce,f34ddda4-9dca-40a8-98e7-d1abccead8ea,medipakpharma.com,country,,PK | Pakistan,verified,,DragonForce address field,DLS-stated location,2026-09-27,high,"DragonForce address: 132/1, Quaid-e-Azam Industrial Estate, Kot Lakhpat, Lahore - 54700, Pakistan"
DragonForce,5d3ee0c2-d584-4a80-86ae-53328d19f87c,Aptora,country,,US | United States,verified,,DragonForce address field,DLS-stated location,2026-09-27,high,"DragonForce address: 8877 Bourgade St Ste A, Lenexa, Kansas, United States"
DragonForce,a043ec7d-9adc-4f79-a8ea-bd1cd0d96432,mihana-v.com,country,,JP | Japan,verified,,DragonForce address field,DLS-stated location,2026-09-27,high,"DragonForce address: 4270-8 Kokubu-Higanjocho, Kashiwara-city, Osaka, 582-0023, Japan"
DragonForce,e08d24da-219a-4529-a8f2-d3ca264e5168,Corniche Hotel Abu Dhabi,country,,AE | United Arab Emirates,verified,,DragonForce address field,DLS-stated location,2026-09-27,high,DragonForce address: Khalifa Bin Zayed The First St - Al Danah - Zone 1 - Abu Dhabi - United Arab Emirates
DragonForce,35fcc6bd-3ac2-4175-b2ad-9c58dc4bc4f5,Cheoy Lee Shipyards,country,,HK | Hong Kong,verified,,DragonForce address field,DLS-stated location,2026-09-27,high,"DragonForce address: 89 & 91 Hing Wah Street West, Lai Chi Kok, Kowloon, Hong Kong"
DragonForce,5afe6fa8-d4ee-4680-80b1-49f6266d2b1b,Al Ishrak Contracting,country,,AE | United Arab Emirates,verified,,DragonForce address field,DLS-stated location,2026-09-27,high,"DragonForce address: Ras Al Khor Industrial Area, Dubai, United Arab Emirates"
DragonForce,f92435ee-e67b-4091-8940-e5eba4daf3f4,Astec Valves & Fittings Pvt,country,,FR | France,verified,,DragonForce address field,DLS-stated location,2026-09-27,high,"DragonForce address: 5 Rue De Rome, Rosny-sous-Bois, Ile-de-France"
DragonForce,65a2b582-2f38-4537-b839-5a250f406c97,Hong Kong Parkview,country,,HK | Hong Kong,verified,,DragonForce address field,DLS-stated location,2026-09-27,high,"DragonForce address: 88 Tai Tam Reservoir Rd, Tai Tam, Hong Kong"
DragonForce,7bdce603-5d2a-4f3a-a973-a8fb133483bd,Sayre Associates,country,,US | United States,verified,,DragonForce address field,DLS-stated location,2026-09-27,high,"DragonForce address: 216 S Duluth Ave, Sioux Falls, South Dakota, United States"
DragonForce,56580fc6-68d5-4044-bc50-52cfb859c202,Synex International Pvt Ltd,country,,LK | Sri Lanka,verified,,DragonForce address field,DLS-stated location,2026-09-27,high,"DragonForce address: 24A, Malwatta Avenue, Kohuwala, Nugegoda 10250, Sri Lanka"
DragonForce,ba5f5c05-ae40-4443-9280-65ce3d96becc,Panorama BPO,country,,PE | Peru,verified,,DragonForce address field,DLS-stated location,2026-09-27,high,"DragonForce address: Av. Prolongación Iquitos 2625 - Lince, Lima, Peru"
DragonForce,74ea6fa5-c754-4127-b46c-779f8c264b5c,Taos Mountain Casino,country,,US | United States,verified,,DragonForce address field,DLS-stated location,2026-09-27,high,"DragonForce address: 700 Veterans Hwy, Taos, NM 87571"
DragonForce,79dd69fe-4d2c-42d5-8a0a-892f422ef976,northbridge.com,country,,US | United States,verified,,DragonForce address field,DLS-stated location,2026-09-27,high,"DragonForce address: 60 William Street, Suite 350Wellesley, Massachusetts 02481"
DragonForce,56330a5d-27db-4722-bca6-83bd9f1d486c,nemd.com,country,,US | United States,verified,,DragonForce address field,DLS-stated location,2026-09-27,high,"DragonForce address: 1 Virginia Avenue, Suite 202Providence, RI 02905United States"
DragonForce,bec09d67-c1e9-44d8-aaab-e3edd9813d6a,jcripberger.com,country,,US | United States,verified,,DragonForce address field,DLS-stated location,2026-09-27,high,"DragonForce address: 5300 W. Old 106th St.Zionsville, IN 46077"
DragonForce,3ff50f8d-524a-4e7e-93e8-da9955512a9e,waypointsolutions.com,country,,US | United States,verified,,DragonForce address field,DLS-stated location,2026-09-27,high,"DragonForce address: 118 Vintage Park Blvd, Suite W414Houston, TX 77070United States"
DragonForce,4f016f71-9e64-4b70-8b97-66651c28bfe7,fabbricausa.com,country,,US | United States,verified,,DragonForce address field,DLS-stated location,2026-09-27,high,"DragonForce address: 1 Market CircleWindsor, CT 06095United States"
DragonForce,45a8d467-5a2a-4aba-96ab-ed5dbb93ef03,Ramos Rheumatology,country,,US | United States,verified,,DragonForce address field,DLS-stated location,2026-09-27,high,"DragonForce address: 650 Main St, Avoca, Pennsylvania, 18641, United States"
DragonForce,1115e75c-2615-4c19-9fde-ff94516372ce,hbroch.com,country,,US | United States,verified,,DragonForce address field,DLS-stated location,2026-09-27,high,"DragonForce address: 3600 Sunset AvenueWaukegan, IL 60087United States"
DragonForce,cd06d250-4b20-49d2-aa36-1caf4f88983a,dentonfirm.com,country,,US | United States,verified,,DragonForce address field,DLS-stated location,2026-09-27,high,"DragonForce address: PLLC 555 Jefferson St, #301. Paducah, KY 42001"
DragonForce,a56a5db0-2a91-4795-88eb-4757d7812d6c,duboisag.com,country,,CA | Canada,verified,,DragonForce address field,DLS-stated location,2026-09-27,high,"DragonForce address: 630 Ireland Rd, Simcoe, Ontario, N3Y 4K2, Canada"
DragonForce,cc30e3e3-0f7c-4216-9fbd-a78081e25d5b,businessrecord.com,country,,US | United States,verified,,DragonForce address field,DLS-stated location,2026-09-27,high,"DragonForce address: 300 Walnut St., Suite 5, Des Moines, Iowa 50309, United States"
DragonForce,d760bf8f-4a5c-4f1b-99a9-68c840c89756,ggroupcpas.com,country,,US | United States,verified,,DragonForce address field,DLS-stated location,2026-09-27,high,"DragonForce address: 1801 Robert Fulton Drive, Suite 200, Reston, Virginia 20191, USA"
DragonForce,af1ebbf8-62ad-4a7b-8cd4-2fff1136128a,vegfresh.com,country,,US | United States,verified,,DragonForce address field,DLS-stated location,2026-09-27,high,"DragonForce address: 1400 W Rincon St, Corona, California, 92880, United States"
DragonForce,6b820b8a-91b2-4ac8-90ad-904d651fe7c8,allianceadjustment.com,country,,US | United States,verified,,DragonForce address field,DLS-stated location,2026-09-27,high,"DragonForce address: 435 N Main St, Doylestown, Pennsylvania, 18901, United States"
DragonForce,c68f6e44-11a0-4964-9e33-1dba86bbd336,jakn.com,country,,US | United States,verified,,DragonForce address field,DLS-stated location,2026-09-27,high,"DragonForce address: 11152 Westheimer Rd 368, Houston, Texas, 77042, United States"
DragonForce,e4a6823e-9a7d-4aaf-8deb-4261742bff09,epbinsurance.com,country,,US | United States,verified,,DragonForce address field,DLS-stated location,2026-09-27,high,"DragonForce address: 1959 Sloan Place, Suite 130Maplewood, Minnesota 55117"
DragonForce,4717aa66-72e3-4eeb-a981-f905a12e975b,arsenalscaffold.com,country,,US | United States,verified,,DragonForce address field,DLS-stated location,2026-09-27,high,"DragonForce address: 95 Jersey St, West Babylon, New York, 11704, United States"
DragonForce,41b723e9-e3e9-4add-9be8-39d489b57bd0,sphvalue.com,country,,US | United States,verified,,DragonForce address field,DLS-stated location,2026-09-27,high,"DragonForce address: 1990 S Bundy Dr Ste 800, Los Angeles, California, 90025, United States"
DragonForce,b008b8b7-0e47-416f-adcd-2313d8136de4,CF Evans Construction,country,,US | United States,verified,,DragonForce address field,DLS-stated location,2026-09-27,high,"DragonForce address: 125 Regional Pkwy Ste 200, Orangeburg, South Carolina, 29118, United States"
DragonForce,42b167ed-bfaa-4357-b54c-2dc1ebf57f44,massdevelopment.com,country,,US | United States,verified,,DragonForce address field,DLS-stated location,2026-09-27,high,"DragonForce address: 99 High Street, 11th Floor, Boston, MA 02110, United States"
DragonForce,d9360817-f7c1-4a56-b9a3-886fe2e9ed6a,rosehillgardens.com,country,,US | United States,verified,,DragonForce address field,DLS-stated location,2026-09-27,high,"DragonForce address: 311 E 135th St, Kansas City, MO 64145"
DragonForce,81692c11-2b18-487f-a93b-305af7132a5f,avalonflooring.com,country,,US | United States,verified,,DragonForce address field,DLS-stated location,2026-09-27,high,"DragonForce address: 1938 Olney Ave, Cherry Hill, New Jersey, 08003, United States"
DragonForce,2740d96d-2f1a-4c99-9fa3-bbb2910869aa,mopec.com,country,,US | United States,verified,,DragonForce address field,DLS-stated location,2026-09-27,high,"DragonForce address: 800 Tech Row, Madison Heights, Michigan 48071, United States"
DragonForce,2e00a333-4513-4717-8051-d594282960fe,fatbrands.com,country,,US | United States,verified,,DragonForce address field,DLS-stated location,2026-09-27,high,"DragonForce address: 9720 Wilshire Blvd., Suite 500, Beverly Hills, California 90212, United States"
DragonForce,2a2621cb-ec06-48ef-a717-f4c9501df593,andrewtjohnson.com,country,,US | United States,verified,,DragonForce address field,DLS-stated location,2026-09-27,high,"DragonForce address: 15 Tremont Pl, Boston, Massachusetts, 02108, USA"
DragonForce,6db77a92-0c00-4190-b363-90ba0579a60e,wmsopko.com,country,,US | United States,verified,,DragonForce address field,DLS-stated location,2026-09-27,high,"DragonForce address: 26500 Lakeland Blvd. Euclid, OH 44132-2692 United States"
DragonForce,c25e70c7-e81c-4eb4-9783-fd2c3651c1e5,aotco.com,country,,US | United States,verified,,DragonForce address field,DLS-stated location,2026-09-27,high,"DragonForce address: 11 Suburban Park Drive Billerica, Massachusetts 01821 United States"
DragonForce,de1126b6-0d91-48b2-ac2e-f291371c53d6,delonhampton.com,country,,US | United States,verified,,DragonForce address field,DLS-stated location,2026-09-27,high,"DragonForce address: 900 7th Street, NW, Suite 800, Washington, DC 20001, USA."
DragonForce,b937fe29-713b-46a4-98d5-f9d9342f7b2c,ibswebsite.com,country,,US | United States,verified,,DragonForce address field,DLS-stated location,2026-09-27,high,"DragonForce address: 950 Michigan Avenue, Columbus, OH 43215, USA"
DragonForce,2d75b30a-552c-44ea-99ae-5522337a27fd,The Galliher Law Firm,country,,US | United States,verified,,DragonForce address field,DLS-stated location,2026-09-27,high,"DragonForce address: 1850 E Sahara Ave Ste 107, Las Vegas, Nevada, 89104, United States"
DragonForce,fcfc9d37-cabe-44dd-9c33-ba7ccd1e7f4d,breslinbuilders.com,country,,US | United States,verified,,DragonForce address field,DLS-stated location,2026-09-27,high,"DragonForce address: 4710 W. Post Rd., Suite 140, Las Vegas, NV 89118"
DragonForce,f0a6c94f-b964-4b83-a15c-63c8f17955ff,je-nyc.com,country,,US | United States,verified,,DragonForce address field,DLS-stated location,2026-09-27,high,"DragonForce address: 165 Court Street Suite 162. Brooklyn, New York 11201"
DragonForce,814f56ab-0d7f-473f-abad-b239deb9abcd,ppiplastics.com,country,,US | United States,verified,,DragonForce address field,DLS-stated location,2026-09-27,high,"DragonForce address: 210 Teller St, Corona, California 92879, US"
DragonForce,abf898a3-5883-4657-a4f0-a336b44a231e,novafp.com,country,,US | United States,verified,,DragonForce address field,DLS-stated location,2026-09-27,high,"DragonForce address: 1530 Wiley Road, Schaumburg IL 60173, US"
DragonForce,83b95c5a-633b-4f5d-9309-8aa68a611bcf,advprograms.com,country,,US | United States,verified,,DragonForce address field,DLS-stated location,2026-09-27,high,"DragonForce address: 7125 Riverwood Drive, Columbia, Maryland 21046, US"
DragonForce,9b6e3e04-9791-4e93-ad79-beb5974076ce,imadesign.com,country,,US | United States,verified,,DragonForce address field,DLS-stated location,2026-09-27,high,"DragonForce address: Southern California 5281 california ave, ste 350 irvine, ca 92617"
DragonForce,8db5a061-8ab7-446a-9c8e-c00b77adf62c,tremcar.com,country,,CA | Canada,verified,,DragonForce address field,DLS-stated location,2026-09-27,high,"DragonForce address: 790 Avenue Montrichard, Saint Jean Sur Richelieu, Quebec, J2X 5G4, Canada"
DragonForce,c47d2fb2-1f75-422f-ba73-d89a787826a3,gtlcompany.com,country,,US | United States,verified,,DragonForce address field,DLS-stated location,2026-09-27,high,"DragonForce address: 112 Mitchell Blvd., Tullahoma, TN 37388, U.S.A."
DragonForce,c64d7c32-4781-4cb0-9415-08581b25281d,graphicinfo.com,country,,US | United States,verified,,DragonForce address field,DLS-stated location,2026-09-27,high,"DragonForce address: 7177 Central Parke Blvd, Mason, Ohio, 45040, United States"
DragonForce,04a980e8-5299-465c-bf27-621fa02e8daf,milliondollarbabyco.com,country,,US | United States,verified,,DragonForce address field,DLS-stated location,2026-09-27,high,"DragonForce address: 8700 Rex Rd, Pico Rivera, California 90660, US"
DragonForce,c7d7dc98-e39f-41f6-9ad1-c6caa04fa798,www.sistemigestioneintegrata.eu,country,,IT | Italy,verified,,DragonForce address field,DLS-stated location,2026-09-27,high,"DragonForce address: Via Piave 1, 24043 Caravaggio (BG), Italy"
DragonForce,2cec3774-27a9-4908-8bdd-37fd0f32000a,Affordable Oil,country,,US | United States,verified,,DragonForce address field,DLS-stated location,2026-09-27,high,"DragonForce address: 141 Rollins Rd, Rollinsford, New Hampshire"
DragonForce,8abd18c9-deda-4744-b5c6-c8f8c4e68e31,AUG Pharma,country,,EG | Egypt,verified,,DragonForce address field,DLS-stated location,2026-09-27,high,"DragonForce address: 106 El-nile St Agouza, Giza, Giza, Egypt"
DragonForce,7d51b117-d575-4547-9aff-64ca25a682ba,G Plants,country,,GB | United Kingdom,verified,,DragonForce address field,DLS-stated location,2026-09-27,high,"DragonForce address: Quarry Barn, Bolton Rd, Preston, Lancashire, PR5 0SP, United Kingdom."
DragonForce,b8caeabc-1e04-43ad-88e9-988650862c63,Kopran,country,,IN | India,verified,,DragonForce address field,DLS-stated location,2026-09-27,high,"DragonForce address: Parijat House, 1076, Dr. E. Moses Road, Worli, Mumbai – 400 018, Maharashtra (India)"
DragonForce,6229fdb6-8d2e-4660-aff5-6bd531b92279,sutex.com,country,,CO | Colombia,verified,,DragonForce address field,DLS-stated location,2026-09-27,high,"DragonForce address: Terrapuerto Winery 29 80 Km St 1.7 Entrance La, Facatativa, Cundinamarca, Colombia"
DragonForce,0bac7dda-ea23-4cd1-bf96-206cb8a2f4fb,kleankanteen.com,country,,US | United States,verified,,DragonForce address field,DLS-stated location,2026-09-27,high,"DragonForce address: 3960 Morrow Lane, Chico, California 95928, US"
DragonForce,f557c1c3-e017-4609-b26d-db0358a461e9,northstarmetal.com,country,,US | United States,verified,,DragonForce address field,DLS-stated location,2026-09-27,high,"DragonForce address: 591 Mitchell Rd, Glendale Heights, Illinois 60139, US"
DragonForce,aea30e95-68ad-4b9f-bce5-cfe6f01de778,acmealliance.com,country,,US | United States,verified,,DragonForce address field,DLS-stated location,2026-09-27,high,"DragonForce address: 3610 Commercial Avenue, Northbrook, Illinois 60062, US"
DragonForce,c3991166-99f7-4c64-ad73-54f553f1ec0e,cesimaging.com,country,,US | United States,verified,,DragonForce address field,DLS-stated location,2026-09-27,high,"DragonForce address: 1701 James Cir N, Brooklyn Center, Minnesota, 55430, United States"
DragonForce,d8181000-caef-4f9a-a19b-064c23d709ca,atpkg.com,country,,CA | Canada,verified,,DragonForce address field,DLS-stated location,2026-09-27,high,"DragonForce address: 17825 Lapointe St., Mirabel, QC J7J 0W7, Canada."
DragonForce,8711b463-2001-47bc-bf7c-89d7087e0943,congoleum.com,country,,US | United States,verified,,DragonForce address field,DLS-stated location,2026-09-27,high,"DragonForce address: 3705 Quakerbridge Rd, Mercerville, New Jersey 08619, US"
DragonForce,eedeb683-a30f-4709-b65e-ba8614974605,greenwayfence.com,country,,US | United States,verified,,DragonForce address field,DLS-stated location,2026-09-27,high,"DragonForce address: 601 OVERLY'S GROVE RD NEW HOLLAND, PA 17557"
DragonForce,2bb3ac2e-7355-485a-b5ce-c0e2bf9f61de,blossmangas.com,country,,US | United States,verified,,DragonForce address field,DLS-stated location,2026-09-27,high,"DragonForce address: 809 Washington Avenue, Ocean Springs, MS 39564, USA."
DragonForce,a9ebb66a-f484-4cd1-b33c-143cddb37dd6,North Central HIDTA,country,,US | United States,verified,,DragonForce address field,DLS-stated location,2026-09-27,high,"DragonForce address: 801 W Michigan St, Milwaukee, Wisconsin, United States"
DragonForce,cc4883a7-8351-4b88-b1d3-332cc7b88ea0,STS Travel,country,,US | United States,verified,,DragonForce address field,DLS-stated location,2026-09-27,high,"DragonForce address: 2431 Solomons Island Road Suite 302 Annapolis, MD 21401"
DragonForce,a521eb45-bffb-4a38-a3cd-fd18d2436150,Durable Superior Casters,country,,US | United States,verified,,DragonForce address field,DLS-stated location,2026-09-27,high,"DragonForce address: 2801 E Abram St, Arlington, Texas, USA +1 (972) 206-0950"
DragonForce,03ca8e7f-9e77-4881-91c7-1d3e10a36ff2,pridesol.com,country,,US | United States,verified,,DragonForce address field,DLS-stated location,2026-09-27,high,DragonForce address: Headquarters / New York Office 6 Long Island Avenue
DragonForce,731fdccf-b21e-494f-93f8-1b118aebf8db,kalimaresort.com,country,,TH | Thailand,verified,,DragonForce address field,DLS-stated location,2026-09-27,high,"DragonForce address: 338/1 Prabaramee Road, Patong Beach, Kathu, Phuket 83150, Thailand"
DragonForce,0506a0bb-e480-45cd-815a-b0d04185833e,Edward Beiner,country,,US | United States,verified,,DragonForce address field,DLS-stated location,2026-09-27,high,"DragonForce address: 5817 Sunset Dr, Miami, Florida, 33143, United States"
DragonForce,5547053f-beb9-422d-b09c-171771375a68,odayequipment.com,country,,US | United States,verified,,DragonForce address field,DLS-stated location,2026-09-27,high,"DragonForce address: O'Day Equipment 1301 40th Street NW Fargo, ND 58102"
DragonForce,21836298-9e44-4b75-bf1c-1630b86805b0,wardencc.com,country,,US | United States,verified,,DragonForce address field,DLS-stated location,2026-09-27,high,"DragonForce address: 3653 Regent Blvd, Suite 201, Jacksonville, FL 32224-6508, USA"
DragonForce,d1270aaa-09d1-43f3-9dea-4a9718fd34f3,centreconcrete.com,country,,US | United States,verified,,DragonForce address field,DLS-stated location,2026-09-27,high,"DragonForce address: 629 E. Rolling Ridge Drive, Bellefonte, PA 16823"
DragonForce,e5dab396-1e8a-4847-9a92-a6038bcf2a1e,liverpoolphil.com,country,,GB | United Kingdom,verified,,DragonForce address field,DLS-stated location,2026-09-27,high,DragonForce address: Liverpool Philharmonic Hall Hope Street Liverpool L1 9BP
DragonForce,b293017e-9b35-4a58-8a5c-fb9b6253e7a3,sopower.com,country,,US | United States,verified,,DragonForce address field,DLS-stated location,2026-09-27,high,"DragonForce address: 8501 Joor Road, Baton Rouge, LA 70818, United States"
DragonForce,5f148fe5-854b-48a8-917a-eb90dcaa734b,The Farese Group,country,,US | United States,verified,,DragonForce address field,DLS-stated location,2026-09-27,high,"DragonForce address: 140 Township Ave Ste 222, Ridgeland, Mississippi, 39157, United States"
DragonForce,a86fd3d3-d7c9-4c73-ac1c-2c9e865aed29,Edifice Design + Architecture,country,,US | United States,verified,,DragonForce address field,DLS-stated location,2026-09-27,high,"DragonForce address: 390 S Main St Ste B, Bountiful, Utah, 84..."
DragonForce,0d493c86-71da-42a0-89ee-8911b43c35f1,vatractor.com,country,,US | United States,verified,,DragonForce address field,DLS-stated location,2026-09-27,high,"DragonForce address: 12524 James Madison Hwy, Orange, VA 22960, USA"
DragonForce,43137bdf-5980-4ccc-b144-c703ea9169bd,Conrad Capital Management,country,,US | United States,verified,,DragonForce address field,DLS-stated location,2026-09-27,high,"DragonForce address: 1300 Veterans Hwy Ste 230, Hauppauge, New York, United States"
DragonForce,eb90fc30-a3f2-4abd-a4b7-353ede743bb2,bestgraphics.net,country,,US | United States,verified,,DragonForce address field,DLS-stated location,2026-09-27,high,"DragonForce address: Best Graphics, Inc. N17 W24340 Riverwood Drive Waukesha, WI 53188"
DragonForce,14eb8a86-549b-48c9-b18e-1efaaad4c079,phoenixlabs.com,country,,US | United States,verified,,DragonForce address field,DLS-stated location,2026-09-27,high,"DragonForce address: 587 Middle Tpke E, Manchester, CT 06040, USA"
DragonForce,42584b0f-4637-4d04-9366-03340cffbfc7,tazzetti.com,country,,IT | Italy,verified,,DragonForce address field,DLS-stated location,2026-09-27,high,"DragonForce address: Tazzetti S.p.A., Corso Europa 600/A, 10088 Volpiano, Torino, Italy."
DragonForce,da89a678-c23c-48a2-b005-d878a50a2bda,maa-architects.com,country,,GB | United Kingdom,verified,,DragonForce address field,DLS-stated location,2026-09-27,high,"DragonForce address: The Boathouse, 27 Ferry Rd, Teddington, Greater London, TW11 9NN, UK."
DragonForce,2f133f2f-3a52-4efa-8bd9-42fadf0d63d6,Northern Family Farms,country,,US | United States,verified,,DragonForce address field,DLS-stated location,2026-09-27,high,"DragonForce address: W10757 Jeffrey Road Merrillan, WI 54754"
DragonForce,5f1b0fc5-f63e-455d-945f-62600ce2b103,"R&C Fence, Inc.",country,,US | United States,verified,,DragonForce address field,DLS-stated location,2026-09-27,high,"DragonForce address: 3326 Engle Road, Fort Wayne, IN 46809"
DragonForce,8fd986b3-a624-47a9-8699-8a25b8a175f2,Graham County Electric Cooperative,country,,US | United States,verified,,DragonForce address field,DLS-stated location,2026-09-27,high,"DragonForce address: 9 W Center St, Pima, Arizona, 85543, United States"
DragonForce,f4f816cb-3775-4e04-9b57-adc716231dbb,Advanced Rehabilitation Technology,country,,US | United States,verified,,DragonForce address field,DLS-stated location,2026-09-27,high,"DragonForce address: 525 Winzeler Drive, Unit 1 Bryan, OH 43506"
DragonForce,c5f5dff0-ec33-40e4-b412-cb3fe1774967,The Delventhal Company,country,,US | United States,verified,,DragonForce address field,DLS-stated location,2026-09-27,high,"DragonForce address: 3796 Rockland Rd, Millbury, OH 43447"
DragonForce,d9ea51a7-c164-45be-a61a-42bcc2337168,C.A. LINDMAN Inc.,country,,US | United States,verified,,DragonForce address field,DLS-stated location,2026-09-27,high,"DragonForce address: 10401 Guilford Road, Jessup, MD 20794"
DragonForce,88339e7d-bc4e-42e1-9245-880c41d297ca,ICS Electrical Services,country,,US | United States,verified,,DragonForce address field,DLS-stated location,2026-09-27,high,"DragonForce address: 1355 Sebring Dr. Cincinnati, OH 45240"
DragonForce,f6241c85-a021-430e-bf37-4ff37c7d1025,A C Scott Electric,country,,US | United States,verified,,DragonForce address field,DLS-stated location,2026-09-27,high,"DragonForce address: 606 New York Ave Trenton, NJ 08648"
DragonForce,837baa36-cfa2-48f1-bb0a-b5e6be472df7,Pantomath Group,country,,IN | India,verified,,DragonForce address field,DLS-stated location,2026-09-27,high,DragonForce address: Madhava Premises co-op Soc Ltd 108 Bandra India
DragonForce,ebf6297c-a24f-49a2-978b-707ddca6585b,Environmental Air,country,,US | United States,verified,,DragonForce address field,DLS-stated location,2026-09-27,high,"DragonForce address: 1100 Mccartney St, Pittsburgh, Pennsylvania, United States"
DragonForce,fd825361-af2f-46e5-8541-21763f33eae9,Öztekin Group,country,,TR | Turkey,verified,,DragonForce address field,DLS-stated location,2026-09-27,high,"DragonForce address: Bilecik, Bilecik, 11000, Turkey"
DragonForce,8d6fde8f-40c0-43b3-a461-38709529f4a5,Bravo Electro Components,country,,US | United States,verified,,DragonForce address field,DLS-stated location,2026-09-27,high,"DragonForce address: 1990 Russell Ave Ste 1, Santa Clara, California, United States"
DragonForce,c463def4-0ffb-4045-baad-cb1f75c26876,Minogue Associates,country,,US | United States,verified,,DragonForce address field,DLS-stated location,2026-09-27,high,"DragonForce address: 5550 Merrick Rd Ste 200, Massapequa, New York, United States"
DragonForce,06160a3d-a88b-4896-a565-32391867f203,Lawrence Journal - World,country,,US | United States,verified,,DragonForce address field,DLS-stated location,2026-09-27,high,"DragonForce address: 1035 N 3rd St Ste 101B, Lawrence, Kansas, United States"
DragonForce,620f6390-ff67-46a5-b85c-05fcb65766ba,Huffman Insurance Agency,country,,US | United States,verified,,DragonForce address field,DLS-stated location,2026-09-27,high,"DragonForce address: 2302 2nd St, Richlands, Virginia, 24641, United States"
DragonForce,2e963f7c-7db8-4761-a258-1d3a78c0b543,Middlesex Transporters,country,,US | United States,verified,,DragonForce address field,DLS-stated location,2026-09-27,high,"DragonForce address: 130 Lincoln St Ste 5-7, Worcester, Massachusetts, United States"
DragonForce,2aa8b028-7f3f-4583-8d29-8e721e122aa2,Hudson Awning,country,,US | United States,verified,,DragonForce address field,DLS-stated location,2026-09-27,high,"DragonForce address: 27 Cottage St, Bayonne, New Jersey, 07002, United States"
DragonForce,61e30c7a-4903-4fd5-9fb4-8e72c0e2c4c3,Salvatori Group of Companies,country,,GB | United Kingdom,verified,,DragonForce address field,DLS-stated location,2026-09-27,high,"DragonForce address: 4 Covert Rd, Aylesham, Kent, CT3 3EQ, United Kingdom"
DragonForce,63e732ab-4cc9-47c7-8f0a-7ee856dcaef3,fivestates.com,country,,US | United States,verified,,DragonForce address field,DLS-stated location,2026-09-27,high,"DragonForce address: 4925 Greenville Avenue, Suite 1220, Dallas, TX 75206, USA"
DragonForce,654e90d7-78a4-4471-9b4e-1abb11bdb886,CCR Solutions,country,,CA | Canada,verified,,DragonForce address field,DLS-stated location,2026-09-27,high,"DragonForce address: 100a Belfield Rd, Toronto, Ontario CANADA. (416) 675-7502"
DragonForce,137feb32-c0e7-4c54-af29-5752b7c5a41b,hh2home.com,country,,US | United States,verified,,DragonForce address field,DLS-stated location,2026-09-27,high,"DragonForce address: 5111 Commerce Crossings Dr Ste 106, Louisville, KY 40229, USA"
DragonForce,018d4be8-8727-415e-80b8-81ae696d4a22,Bigso,country,,SE | Sweden,verified,,DragonForce address field,DLS-stated location,2026-09-27,high,"DragonForce address: Tallgölsgatan 4, Nybro, Kalmar, 382 36, Sweden"
DragonForce,b2a0613f-bea4-43f0-adb8-459d230b7aa0,Shining Labels,country,,HK | Hong Kong,verified,,DragonForce address field,DLS-stated location,2026-09-27,high,"DragonForce address: Unit 1-2, 1/F. Block A Vigor Ind Bldg., 14-20 Cheung Tat Rd., Tsing Yi, New Territories, Hong Kong"
DragonForce,9d9b3d37-4554-484a-80b7-50a11298e6b0,SPIR STAR Asia,country,,DE | Germany,verified,,DragonForce address field,DLS-stated location,2026-09-27,high,"DragonForce address: Mörlenbach, Hessen, Germany"
DragonForce,47cf6589-524d-47c0-9e4a-4167cdb43d2e,Elite Screens Inc.,country,,US | United States,verified,,DragonForce address field,DLS-stated location,2026-09-27,high,"DragonForce address: 12282 Knott St. Garden Grove, CA 92841"
DragonForce,42c7b8e9-46d9-435b-8b9f-eaa559b54d73,Empire Express,country,,US | United States,verified,,DragonForce address field,DLS-stated location,2026-09-27,high,"DragonForce address: 3710 Tulane Rd, Memphis, Tennessee, United States"
DragonForce,379c0612-a31d-45ff-9918-979583b42701,Atlantic Refinishing & Restoration,country,,US | United States,verified,,DragonForce address field,DLS-stated location,2026-09-27,high,"DragonForce address: Headquarters - DC, Maryland, & Virginia 6640 Ammendale Rd Beltsville, MD 20705"
DragonForce,e5469bc2-4711-4aa5-a1e6-0ff279a0734b,"R.J. Zavoral & Sons, Inc.",country,,US | United States,verified,,DragonForce address field,DLS-stated location,2026-09-27,high,"DragonForce address: 1706 Bygland Rd SE P.O. Box 435 East Grand Forks, Minnesota 56721-9258"
DragonForce,0c47ced9-95eb-41ac-8388-88b67778d657,Esposito Bros. Construction Ltd,country,,CA | Canada,verified,,DragonForce address field,DLS-stated location,2026-09-27,high,"DragonForce address: 290 Healey Rd Bolton Ontario, Canada. L7E 1C9"
DragonForce,8cd2902b-e56f-4b6f-91f0-4db888d55dcf,Heavy Motions Inc,country,,US | United States,verified,,DragonForce address field,DLS-stated location,2026-09-27,high,"DragonForce address: 2134 S. Green Privado, Ontario, CA 91761"
DragonForce,836f6ae1-7ea5-4212-9df9-4c6e7f823a96,Platinum Drywall Inc,country,,US | United States,verified,,DragonForce address field,DLS-stated location,2026-09-27,high,"DragonForce address: 5423 W 65th Street Little Rock, AR 72209"
DragonForce,ba05a922-3cf5-4f2c-968b-cc33e47349ac,Erickson Thorpe & Swainston,country,,US | United States,verified,,DragonForce address field,DLS-stated location,2026-09-27,high,"DragonForce address: 1885 S Arlington Ave Ste 205, Reno, Nevada, USA"
DragonForce,92245a48-2640-47a9-a611-3f54f314fd9f,T & M Electric LLC,country,,US | United States,verified,,DragonForce address field,DLS-stated location,2026-09-27,high,"DragonForce address: 200 College Drive, Orange Park, FL 32065"
DragonForce,8ba838e1-c373-4384-b8f8-217a377b7066,Mullinax Ford,country,,US | United States,verified,,DragonForce address field,DLS-stated location,2026-09-27,high,"DragonForce address: 1551 E Semoran Blvd, Apopka, Florida, 32..."
DragonForce,2f5a80ec-1f58-4876-8fb2-64da4dfbd2a6,www.hansemerkurintl.com,country,,DE | Germany,verified,,DragonForce address field,DLS-stated location,2026-09-27,high,"DragonForce address: Siegfried-Wedells-Platz 1, 20354 Hamburg, Germany"
DragonForce,61627972-2b73-484f-ae0d-b010ee8b9da5,Uinta Bank,country,,US | United States,verified,,DragonForce address field,DLS-stated location,2026-09-27,high,"DragonForce address: 695 Parkway Dr, Mountain View, Wyoming,"
DragonForce,a789f621-e9a1-46d6-afcb-1da852500d29,"SINBON Electronics Co., Ltd",country,,TW | Taiwan,verified,,DragonForce address field,DLS-stated location,2026-09-27,high,"DragonForce address: New Taipei City, Xizhi District, 4F-13, No 79, Sec. 1 Xin Tai Wu Rd221, Taiwan"
DragonForce,91f163ea-0108-48b3-b6ad-b5053c4991d5,JR Advertising Specialties,country,,US | United States,verified,,DragonForce address field,DLS-stated location,2026-09-27,high,"DragonForce address: 888 Beaver Grade Rd, Coraopolis, Pennsylvania, United States"
DragonForce,99191269-ff2d-44f7-a1d3-7809ab6aa32a,NWIMS IT Group,country,,GB | United Kingdom,verified,,DragonForce address field,DLS-stated location,2026-09-27,high,"DragonForce address: NWIMS IT Support Ltd, Whinfell Business Park, Longpool, Kendal LA9 6ER"
DragonForce,128f7e86-5543-41c1-a213-ac9d7f8581d5,UBS Office,country,,US | United States,verified,,DragonForce address field,DLS-stated location,2026-09-27,high,"DragonForce address: 302 Us Hwy 46, Fairfield, New Jersey, USA. +1 (973) 276-6299"
DragonForce,ca9647eb-67d9-47f5-a33e-49299d53b499,NK Technologies,country,,US | United States,verified,,DragonForce address field,DLS-stated location,2026-09-27,high,"DragonForce address: 3511 Charter Park Dr, San Jose, California, USA. +1 (408) 871-7510"
DragonForce,f46e177f-4a43-4cef-abea-2216f2ecf204,Burnex,country,,US | United States,verified,,DragonForce address field,DLS-stated location,2026-09-27,high,"DragonForce address: 5418 Business Pkwy, Ringwood, Illinois, USA. +1 (815) 728-1317"
DragonForce,ba78a599-b0fc-4d8b-bd21-6773d6a6bf65,Barnes & Jones,country,,US | United States,verified,,DragonForce address field,DLS-stated location,2026-09-27,high,"DragonForce address: 91 Pacella Park Dr, Randolph, Massachusetts, United States"
DragonForce,32370c72-e544-4420-b27c-bb59b1384a96,Tri-State Metal Roofing Supply,country,,US | United States,verified,,DragonForce address field,DLS-stated location,2026-09-27,high,"DragonForce address: 3113 E Deseret Dr, Saint George, Utah, 84790, United States"
DragonForce,4db829b9-a1b6-4d55-8187-c741ea49b5bf,Prime Label,country,,US | United States,verified,,DragonForce address field,DLS-stated location,2026-09-27,high,"DragonForce address: 536 7th St SE, Washington, +1 (202) 546-3333"
DragonForce,2e5c0b7e-a199-4a9a-b7a9-f38fc2145d43,Colonial Metals,country,,US | United States,verified,,DragonForce address field,DLS-stated location,2026-09-27,high,"DragonForce address: PO Box Triumph Industrial Parkpo, Maryland, USA. +1 (410) 398-7200"
DragonForce,b1dfa82e-1a25-4608-81c5-bc8e7f321d59,Edward J Kone,country,,US | United States,verified,,DragonForce address field,DLS-stated location,2026-09-27,high,"DragonForce address: 1499 W Palmetto Park Rd Ste 408, Boca, Florida, USA. +1 (561) 393-8722"
DragonForce,7d700afd-90b5-43c7-8cc3-714913337eac,Leger & Shaw,country,,US | United States,verified,,DragonForce address field,DLS-stated location,2026-09-27,high,"DragonForce address: Headquarters 935 Gravier St Ste 2150, New Orleans, USA. +1 (504) 588-9043"
DragonForce,fcbfaee3-c4ec-4e96-9b35-60f7139ffcf5,LiftPRO,country,,US | United States,verified,,DragonForce address field,DLS-stated location,2026-09-27,high,"DragonForce address: 5959 Seville Rd, Duluth, Minnesota, USA +1 (218) 729-9211"
DragonForce,5cc80f3b-a219-4c26-bdbe-e3f9736ea52c,Amla Commerce,country,,US | United States,verified,,DragonForce address field,DLS-stated location,2026-09-27,high,"DragonForce address: 10400 W Innovation Dr #210 Milwaukee, WI 53226"
DragonForce,d683b994-cc4d-41e3-81ce-646c31561a8d,Temple Shalom,country,,US | United States,verified,,DragonForce address field,DLS-stated location,2026-09-27,high,"DragonForce address: 8401 Grubb Rd, Chevy Chase, Maryland USA +1 (301) 587-2273"
DragonForce,1d4b0d06-355a-44cc-83b6-891bf19bcb07,HKR Architects,country,,GB | United Kingdom,verified,,DragonForce address field,DLS-stated location,2026-09-27,high,"DragonForce address: 55 High Holborn, London, Greater London, WC1V 6BX, United Kingdom"
DragonForce,987ba02c-df8b-4b3d-abd6-f1f53a14725b,A.S.A.P. Restoration,country,,US | United States,verified,,DragonForce address field,DLS-stated location,2026-09-27,high,"DragonForce address: 1805 S. Powerline Road Suite A106 Deerfield Beach, FL 33442"
DragonForce,c8fe1a05-5f5d-4503-9a1e-d40eab2be63a,VoiceTeam Call,country,,DO | Dominican Republic,verified,,DragonForce address field,DLS-stated location,2026-09-27,high,"DragonForce address: Santiago de los Caballeros, Santiago, Dominican Republic"
DragonForce,62ce9f7d-7c6b-4b89-a4bd-f262ce48d7e4,City of La Vergne,country,,US | United States,verified,,DragonForce address field,DLS-stated location,2026-09-27,high,"DragonForce address: 5093 Murfreesboro Rd, La Vergne, Tennessee, United States"
DragonForce,c7000ac0-ee16-47fb-afb0-05f0c7ea487d,"Smith Roberts Baldischwiler, LLC | OKC Engineering Firm",country,,US | United States,verified,,DragonForce address field,DLS-stated location,2026-09-27,high,"DragonForce address: Oklahoma City 100 NE 5th Street, OKC, OK 73104"
DragonForce,aaf5da75-2058-4665-a165-ecc67f45f32a,Jack Levine,country,,US | United States,verified,,DragonForce address field,DLS-stated location,2026-09-27,high,"DragonForce address: Headquarters 3050 Biscayne Blvd Ste 302, Miami, Florida. Phone Number (305) 912-0085"
DragonForce,fcdbea71-2987-42f0-8134-7ab17c890343,Precision Compounding,country,,US | United States,verified,,DragonForce address field,DLS-stated location,2026-09-27,high,"DragonForce address: 15722 W Center Rd, Omaha, Nebraska, 68130, United States"
DragonForce,4d38cb24-43ec-4ff5-8688-e717a2c27ed1,3S Software (Secured Smart Systems Overview Metrics),country,,EG | Egypt,verified,,DragonForce address field,DLS-stated location,2026-09-27,high,"DragonForce address: Building 8 Ahmed Fakhry Street, Nasr City, Cairo, Egypt. Building 54 Ahmed Fakhry Street, Nasr City, Cairo, Egypt"
DragonForce,37f2506e-c73b-45df-a5d9-fcd09873cf4b,Capo Brothers,country,,US | United States,verified,,DragonForce address field,DLS-stated location,2026-09-27,high,"DragonForce address: 1971 Lakeland Ave, Ronkonkoma, New York, United States"
DragonForce,e8cc066e-6a65-4e02-b3d6-116212e40517,Capital Star Oil & Gas Inc.,country,,US | United States,verified,,DragonForce address field,DLS-stated location,2026-09-27,high,"DragonForce address: 4400 Post Oak Parkway, Suite 2360 Houston, TX 77027"
DragonForce,4ccaed51-bb96-47b7-96f8-a21c6ca291fa,Mobilelink USA,country,,US | United States,verified,,DragonForce address field,DLS-stated location,2026-09-27,high,"DragonForce address: 575 Julie Rivers Drive, Sugar Land, TX, 77478 +1 832-532-7931"
DragonForce,fe1d8a54-a42d-46fa-bcd4-8e3d2aa48372,Division 10,country,,US | United States,verified,,DragonForce address field,DLS-stated location,2026-09-27,high,"DragonForce address: 7846 Trinity Rd Ste 110, Cordova, Tennessee"
DragonForce,c0e9a262-b5be-40b6-9da5-37fbf4532b99,Shelbra International,country,,CA | Canada,verified,,DragonForce address field,DLS-stated location,2026-09-27,high,"DragonForce address: Headquarters 51 Ave Nw, Edmonton, Alberta, T6E 6A5, Canada Phone Number (780) 439-5481"
DragonForce,c579fa0b-8ff8-4411-8aaf-96a4d3128973,Barr Trucking Inc.,country,,US | United States,verified,,DragonForce address field,DLS-stated location,2026-09-27,high,"DragonForce address: 4146 IL 154 Pinckneyville, IL 62274"
DragonForce,963cd978-7b55-4d0e-9b69-d236e97fd239,Healthcare & More,country,,US | United States,verified,,DragonForce address field,DLS-stated location,2026-09-27,high,"DragonForce address: 540 Pleasant Valley Rd Ste 103, Diamond Springs, California, 95619, United States"
DragonForce,a8d035d9-3c50-4b58-bfb3-1a4f1f4ef457,Fueling Solutions Inc.,country,,US | United States,verified,,DragonForce address field,DLS-stated location,2026-09-27,high,"DragonForce address: 4790 Irvine Blvd Ste 105-358, Irvine, California, 92620, United States"
DragonForce,709af1a8-5ee1-4f2d-8ea4-1763fc00dfb9,Nugent Supply,country,,US | United States,verified,,DragonForce address field,DLS-stated location,2026-09-27,high,"DragonForce address: 217 Colson Pl, Loveland, Colorado, 80537, United States"
DragonForce,24cbcf6d-f819-4417-8d60-fc60b63b717a,Summit Construction Supply,country,,US | United States,verified,,DragonForce address field,DLS-stated location,2026-09-27,high,"DragonForce address: 255 42nd St SW Unit E1, Loveland, Colorado, 80537, United States"
DragonForce,1f374b13-e11e-40ae-a487-3afccaed61f5,Parsirang,country,,IR | Iran,verified,,DragonForce address field,DLS-stated location,2026-09-27,high,"DragonForce address: Iran, Fars Province, Shiraz, Kilometer 10, Shiraz–Beyza Road, Melosjan Industrial Town"
DragonForce,5bbdd020-7091-4ab5-bd2f-5399ac74585a,C&M Software,country,,BR | Brazil,verified,,DragonForce address field,DLS-stated location,2026-09-27,high,"DragonForce address: 27 Alameda Rio Pardo, Barueri, Sao Paulo, 06400, Brazil"
DragonForce,b2302e3e-87fa-49b4-86ae-3393404e46f4,Gruenberg Kelly Della,country,,US | United States,verified,,DragonForce address field,DLS-stated location,2026-09-27,high,"DragonForce address: 700 Koehler Ave, Ronkonkoma, New York, 11779, United States"
DragonForce,d6df820c-216c-4da6-85ca-f16b318ef4f4,"Kettle, Sánchez & Co",country,,DO | Dominican Republic,verified,,DragonForce address field,DLS-stated location,2026-09-27,high,"DragonForce address: La Isabela Motocross Park, Av. Pdte. Jacobo Majluta Azar, Santo Domingo, Dominican Republic"
DragonForce,f1fe2c81-ac35-4b89-a448-8a20674dac32,West Welch Reed Engineers,country,,US | United States,verified,,DragonForce address field,DLS-stated location,2026-09-27,high,"DragonForce address: 5417 Ball Camp Pike, Knoxville, Tennessee 37921, United States"
DragonForce,f544f775-593c-4c36-b28e-ee9f3ffad595,Saturn Machine,country,,US | United States,verified,,DragonForce address field,DLS-stated location,2026-09-27,high,"DragonForce address: 223 N Willie Pride Rd, Sturgis, Kentucky, 42459, United States"
DragonForce,b124d528-fdd8-402a-a946-1121a6e08b8b,Latona Trucking,country,,US | United States,verified,,DragonForce address field,DLS-stated location,2026-09-27,high,"DragonForce address: 620 S Main St, Pittston, PA 18640, United States"
DragonForce,ef2d73ae-4b90-495a-a830-fba09de19937,Integra SAP,country,,GT | Guatemala,verified,,DragonForce address field,DLS-stated location,2026-09-27,high,"DragonForce address: Km 9.5 Highway to El Salvador, Everest Building Tower 3, Office 3AB, Level 3, Santa Catarina Pinula, Guatemala."
DragonForce,078e25d3-95e7-492f-8303-c9628c2a5592,José Guma S.A.,country,,AR | Argentina,verified,,DragonForce address field,DLS-stated location,2026-09-27,high,"DragonForce address: adre Marcos Perdia 579, Colonia Caroya, Córdoba, Argentina +54 9 3525 420659"
DragonForce,1eb43fe2-e402-4efe-81d7-be5394b66059,The Law Offices of Michael C George,country,,US | United States,verified,,DragonForce address field,DLS-stated location,2026-09-27,high,"DragonForce address: 3001 Broadway, West Palm Beach, Florida, 33407, United States"
DragonForce,49aae3cb-88b4-4610-a673-a32df94352b6,Autorotor,country,,IT | Italy,verified,,DragonForce address field,DLS-stated location,2026-09-27,high,"DragonForce address: Via Dell'industria 4, Vaiano Cremasco, Lombardy, 26010, Italy"
DragonForce,efaf7c86-bf78-47c4-915b-d2436ee81713,Fountains Condominium Operations,country,,US | United States,verified,,DragonForce address field,DLS-stated location,2026-09-27,high,"DragonForce address: 4615 Fountains Dr Ste B, Lake Worth, Florida, 33467, United States"
DragonForce,11feeb2f-afc5-407c-80b7-ad90a4a8d1a1,Grupo Serex,country,,VE | Venezuela,verified,,DragonForce address field,DLS-stated location,2026-09-27,high,DragonForce address: Venezuela
DragonForce,f8cf69c0-b804-496a-90b8-7e004948e67c,Cardinal Machinery,country,,US | United States,verified,,DragonForce address field,DLS-stated location,2026-09-27,high,"DragonForce address: 7535 Appling Center Dr, Memphis, Tennessee, 38133, United States"
DragonForce,0af20558-c8fd-443d-b42b-81789ebe63c7,Memphis Millwork,country,,US | United States,verified,,DragonForce address field,DLS-stated location,2026-09-27,high,"DragonForce address: 1049 Galloway Ave, Memphis, Tennessee, 38105, United States"
DragonForce,42b3bbc1-ade5-4738-924b-f9833724088c,FTCS Forage,country,,FR | France,verified,,DragonForce address field,DLS-stated location,2026-09-27,high,"DragonForce address: 5031, Chemin de Phalempin, 59273 Fretin, France"
DragonForce,caae0126-b202-4c4b-aad8-6ec07adfe449,Greenville Legal,country,,US | United States,verified,,DragonForce address field,DLS-stated location,2026-09-27,high,"DragonForce address: 1001 E Washington St, Greenville, SC 29601"
DragonForce,ff58a3ee-bdbc-4887-81ba-42cece7dffdc,Concord New Energy Group,country,,HK | Hong Kong,verified,,DragonForce address field,DLS-stated location,2026-09-27,high,DragonForce address: Hong Kong Room 390 139 F
DragonForce,7c13c128-0467-4993-b709-3904396c8706,Engineered Advantage,country,,PR | Puerto Rico,verified,,DragonForce address field,DLS-stated location,2026-09-27,high,"DragonForce address: 255 Calle Canals, San Juan, Puerto Rico, 00907"
DragonForce,8b14c088-5fd1-47d6-8e58-1d30fc34d837,Engineered Components,country,,US | United States,verified,,DragonForce address field,DLS-stated location,2026-09-27,high,"DragonForce address: 1100 Davis Rd, Elgin, Illinois, 60123, United States"
DragonForce,cf1cdfdc-590c-4edf-8f30-e024b3bcdaee,Park Country Club,country,,US | United States,verified,,DragonForce address field,DLS-stated location,2026-09-27,high,"DragonForce address: 4949 Sheridan Dr, Buffalo, New York, 14221, United States"
DragonForce,56a2264d-da76-40f4-8b10-38d91dbdcd7f,Hilco Metal Building & Roofing Supply,country,,US | United States,verified,,DragonForce address field,DLS-stated location,2026-09-27,high,"DragonForce address: 12503 Hwy 6, Navasota, Texas, 77868, United States"
DragonForce,f2bcbf64-414f-4993-93a9-78468e834d5a,ABM Wireless INC,country,,US | United States,verified,,DragonForce address field,DLS-stated location,2026-09-27,high,"DragonForce address: 205 Marcus Blvd, Hauppauge, New York, 11788, United States"
DragonForce,38ad9d7a-d7d8-4117-896b-040344ec7191,Grupo DIRIA,country,,CR | Costa Rica,verified,,DragonForce address field,DLS-stated location,2026-09-27,high,"DragonForce address: Diria Grand Boulevard, Tamarindo, Guanacaste, Costa Rica"
DragonForce,360b2eb6-67e7-439d-a407-00bf43bf8b9f,The Smile Spa,country,,US | United States,verified,,DragonForce address field,DLS-stated location,2026-09-27,high,"DragonForce address: 4450 Bluebonnet Blvd Ste C, Baton Rouge, Louisiana, United States"
DragonForce,44d516d4-e541-469b-9800-a9e9740ac5a2,Selartex,country,,FR | France,verified,,DragonForce address field,DLS-stated location,2026-09-27,high,"DragonForce address: Chemin du Pou de Las Coulobres 66100 Perpignan, France"
DragonForce,1c8f47cd-110c-4193-a810-9072ab752500,George Haney & Son,country,,US | United States,verified,,DragonForce address field,DLS-stated location,2026-09-27,high,"DragonForce address: 1260 Lincoln Ave Ste 1200, Pasadena, California, United States"
DragonForce,b8e14e1a-548f-4eec-bd6e-a590126e57c9,GEA Consulting Engineers,country,,US | United States,verified,,DragonForce address field,DLS-stated location,2026-09-27,high,"DragonForce address: 545 8th Ave Fl 11, New York City, New York, 10018, United States"
DragonForce,e6ee4044-3ac0-4cd3-b784-f6b8beb8a9ca,Fullcolour.com Limited,country,,GB | United Kingdom,verified,,DragonForce address field,DLS-stated location,2026-09-27,high,"DragonForce address: 2 Roe Street, Congleton, United Kingdom, CW12 1PS Company number: 11977545 (Active) Director: Andrew Warren (appointed 3 May 2019)"
DragonForce,d0191eda-0d3b-44cc-b550-a3eb8fd886f8,Sonitrol Security Solutions (SecureFL),country,,US | United States,verified,,DragonForce address field,DLS-stated location,2026-09-27,high,"DragonForce address: 1770 NW 64th St, Fort Lauderdale, FL, USA (954) 772-9700 info@securefl.com"
DragonForce,957a6ced-c93a-4f25-a3f6-32ae64c99d1f,TechSourceOne IT Solutions Provider,country,,US | United States,verified,,DragonForce address field,DLS-stated location,2026-09-27,high,DragonForce address: South Florida (877) 614-8324 Toll-Free (954) 372-5180 Local
DragonForce,9e9755d5-7fe7-472b-8f78-9fa72b421605,Diversified Project Services International,country,,US | United States,verified,,DragonForce address field,DLS-stated location,2026-09-27,high,"DragonForce address: 5351 Olive Dr Ste 100, Bakersfield, California"
DragonForce,cfaeb484-8b8b-436c-8d02-8223ae0c7c7f,Pitman Farms,country,,US | United States,verified,,DragonForce address field,DLS-stated location,2026-09-27,high,"DragonForce address: 909 Pitman Ave, Wentzville, Missouri, 63385, United States"
DragonForce,e68b3f39-daca-4507-8e46-f40aa4b1f36b,Clemens Construction,country,,US | United States,verified,,DragonForce address field,DLS-stated location,2026-09-27,high,"DragonForce address: 1435 Walnut St Fl 2, Philadelphia, Pennsylvania, United States"
DragonForce,89ca6401-52bd-4dce-b2cb-545f147a4e2c,Software Design Consulting Group,country,,LB | Lebanon,verified,,DragonForce address field,DLS-stated location,2026-09-27,high,"DragonForce address: Badaro City, Kfoury - Sabak L Khel Street Khatoun Building, 6th Floor, Lebanon"
DragonForce,faf6a782-2a66-4972-bf8e-430f60942c75,Votava Nantz & Johnson,country,,US | United States,verified,,DragonForce address field,DLS-stated location,2026-09-27,high,"DragonForce address: 9237 Ward Pkwy Ste 240, Kansas City, Missouri, United States"
DragonForce,9828cee0-e7f6-47d0-bc71-ce4e9c53d478,Emerson Chiropractic,country,,US | United States,verified,,DragonForce address field,DLS-stated location,2026-09-27,high,"DragonForce address: 7855 S. Emerson Ave, Suite Q Indianapolis, IN 46237"
DragonForce,058f4b92-ae99-45c7-bf35-5d2d6754b3de,5àSec,country,,CH | Switzerland,verified,,DragonForce address field,DLS-stated location,2026-09-27,high,"DragonForce address: Route De Jussy 1-3, Chêne-Bourg, Geneva, 1225, Switzerland"
DragonForce,c99b43f7-3ed6-4e81-86a6-46681b360be8,Burnett and Son Meat,country,,US | United States,verified,,DragonForce address field,DLS-stated location,2026-09-27,high,"DragonForce address: 1420 S Myrtle Ave, Monrovia, California, 91016, United States"
DragonForce,644c3960-89db-42f0-9104-fcd9df0238a1,Waverly Cabinets,country,,US | United States,verified,,DragonForce address field,DLS-stated location,2026-09-27,high,"DragonForce address: 345 Enterprise Way, Pittston, Pennsylvania, 18640, United States"
DragonForce,1e7b54cb-a346-42a4-8530-e563f02cd80a,DA Whitacre Construction,country,,US | United States,verified,,DragonForce address field,DLS-stated location,2026-09-27,high,"DragonForce address: 1108 Greenfield Dr, El Cajon, California, 92021, United States"
DragonForce,554dc9f3-5c62-42ec-aab1-776ae9ed9c8d,Joni L Janecki & Associates,country,,US | United States,verified,,DragonForce address field,DLS-stated location,2026-09-27,high,"DragonForce address: 515 Swift St, Santa Cruz, California, 95060, United States"
DragonForce,2d671fb1-5c39-4a97-a272-d6cac4d51c3e,Home Solutions of Iowa,country,,US | United States,verified,,DragonForce address field,DLS-stated location,2026-09-27,high,"DragonForce address: 16180 SE Laurel St, Waukee, Iowa, 50263, United States"
DragonForce,01dc8359-1370-49e7-8f27-7fd2d21e18ba,Greeniverse,country,,US | United States,verified,,DragonForce address field,DLS-stated location,2026-09-27,high,"DragonForce address: 5101 E University Dr Ste 605, Denton, Texas, United State"
DragonForce,7aac09ef-2133-4d9b-80be-7ea1194b42d7,Belk,country,,US | United States,verified,,DragonForce address field,DLS-stated location,2026-09-27,high,"DragonForce address: 2801 W Tyvola Rd, Charlotte, North Carolina"
DragonForce,05f724f8-906e-4739-8177-815852cc2c3f,PPC Mechanical Seals,country,,US | United States,verified,,DragonForce address field,DLS-stated location,2026-09-27,high,"DragonForce address: 2769 Mission Dr, Baton Rouge, Louisiana, 70805, United States"
DragonForce,ac195db9-3752-4efb-b115-5c2ae11e58d3,Silver Lining Herbs,country,,US | United States,verified,,DragonForce address field,DLS-stated location,2026-09-27,high,"DragonForce address: 1208 Burley Ave, Buhl, Idaho, 83316, United States"
DragonForce,4d26296c-31be-45d0-be6b-807ac461b8aa,JCC Rockland,country,,US | United States,verified,,DragonForce address field,DLS-stated location,2026-09-27,high,"DragonForce address: 450 W Nyack Rd, West Nyack, New York, 10994, United States"
DragonForce,22a111c8-93b7-42c7-9305-b916e1d3929a,HKG Duty Free,country,,US | United States,verified,,DragonForce address field,DLS-stated location,2026-09-27,high,"DragonForce address: 821 S Stanton St, El Paso, Texas, 79901, United States"
DragonForce,2a71edba-c2c0-4388-af40-1617cec23f98,Allegheny Answering Service,country,,US | United States,verified,,DragonForce address field,DLS-stated location,2026-09-27,high,"DragonForce address: PO Box 115, Ingomar, Pennsylvania, 15127, United States"
DragonForce,bec9e701-5704-4bab-8e54-39ac7f4571a7,Cahill Seeds,country,,US | United States,verified,,DragonForce address field,DLS-stated location,2026-09-27,high,"DragonForce address: 669 Hwy 5, Flaxville, Montana, 59222, United States"
DragonForce,c73c5785-3fac-4338-bc57-bda6f63d1e17,Dealmed Medical Supplies,country,,US | United States,verified,,DragonForce address field,DLS-stated location,2026-09-27,high,"DragonForce address: 3512 Quentin Rd Ste 200, Brooklyn, New York, United States"
DragonForce,5e45838d-5efe-4e1d-a355-ded1452cdcba,Antigo Construction,country,,US | United States,verified,,DragonForce address field,DLS-stated location,2026-09-27,high,"DragonForce address: 2520 Clermont St, Antigo, WI 54409, United States"
DragonForce,2868cd8c-2c6d-4a5d-98ff-265288ec37f3,Johnstone Supply Dallas-Fort Worth,country,,US | United States,verified,,DragonForce address field,DLS-stated location,2026-09-27,high,"DragonForce address: 9050 Autobahn Dr Ste 100, Dallas, Texas, 75237, United States"
DragonForce,14ac7d8c-ad09-49de-a203-b1a672e5333f,Brown & Brown PC,country,,US | United States,verified,,DragonForce address field,DLS-stated location,2026-09-27,high,"DragonForce address: 110 Great Rd Ste 100, Bedford, Massachusetts, United States"
DragonForce,ad8c0bbf-bf7d-4d19-a4af-851d50529785,Brown & Winters,country,,US | United States,verified,,DragonForce address field,DLS-stated location,2026-09-27,high,"DragonForce address: 2533 S. Coast Highway 101 Suite 270 Cardiff-by-the-Sea, California, 92007-2133"
DragonForce,63c3e10c-955c-4d19-b5ae-e7fbb8c7c44a,Hilliard Enterprises,country,,US | United States,verified,,DragonForce address field,DLS-stated location,2026-09-27,high,"DragonForce address: 25221 AR-365 North, North Little Rock, AR 72113, Arkansas, United States"
DragonForce,2868ef55-01be-4ccd-aa3b-3776b9132bde,Agganis Driving School,country,,US | United States,verified,,DragonForce address field,DLS-stated location,2026-09-27,high,"DragonForce address: 580 Main St Ste 208, Reading, Massachusetts, United States"
DragonForce,35e2388d-dda3-4542-8d53-80bf548943df,Strait Steel,country,,US | United States,verified,,DragonForce address field,DLS-stated location,2026-09-27,high,"DragonForce address: 8400 Molly Pitcher Hwy, Greencastle, Pennsylvania, United States"
DragonForce,c0f09458-3d19-4774-83e8-e12cb026df2b,Clayton Construction,country,,US | United States,verified,,DragonForce address field,DLS-stated location,2026-09-27,high,"DragonForce address: 121 Venture Blvd Ste A, Spartanburg,South Carolina, United States"
DragonForce,eb7facea-6cbe-4a24-8b4d-b9086ef8e089,Trackside Services,country,,US | United States,verified,,DragonForce address field,DLS-stated location,2026-09-27,high,"DragonForce address: 5045 N 35th St, Milwaukee, Wisconsin, 53209, United States"
DragonForce,fb407350-db86-4359-bc29-73c362a6014b,Pressure Dynamics International,country,,AU | Australia,verified,,DragonForce address field,DLS-stated location,2026-09-27,high,"DragonForce address: 58 Tarlton Cres, Perth Airport, Western Australia, Australia"
DragonForce,65ec0970-249c-4b6f-bc03-cd9d787c275f,Huesman Schmid Insurance Agency,country,,US | United States,verified,,DragonForce address field,DLS-stated location,2026-09-27,high,"DragonForce address: 5670 Cheviot Rd, Cincinnati, Ohio, 45247, United States"
DragonForce,46271db4-44fd-4d2a-978d-0d9635daa2b4,TN CPA,country,,US | United States,verified,,DragonForce address field,DLS-stated location,2026-09-27,high,"DragonForce address: 202 Industrial Blvd Ste 504, Sugar Land, Texas, United States"
DragonForce,6ab94f22-ba55-46e7-abb0-4f93e56ddd3f,TSE Industries & WHK Biosystems,country,,US | United States,verified,,DragonForce address field,DLS-stated location,2026-09-27,high,"DragonForce address: 5180 113th Ave N, Clearwater, Florida, 33760, United States"
DragonForce,671601fe-aefd-4c35-948d-b45106c6a225,Alaffia,country,,US | United States,verified,,DragonForce address field,DLS-stated location,2026-09-27,high,"DragonForce address: 6230 Capitol Blvd SE, Tumwater, Washington, 98501, United States"
DragonForce,6c97690a-fc8c-4d3e-9bfe-c6b5bbd60fcf,Technology Consultants Group,country,,US | United States,verified,,DragonForce address field,DLS-stated location,2026-09-27,high,"DragonForce address: 424a Boston St, Topsfield, Massachusetts, 01983, Massachusetts, United States"
DragonForce,82a1de86-1075-45e8-a0ae-ac7c70de8f8f,coBuilder,country,,NO | Norway,verified,,DragonForce address field,DLS-stated location,2026-09-27,high,"DragonForce address: Strandveien 12, Lysaker, Akershus, 1366, Norway"
DragonForce,43e4697d-6f59-4f1e-bc82-0e6981aa335e,Equip'LaboFROID,country,,FR | France,verified,,DragonForce address field,DLS-stated location,2026-09-27,high,"DragonForce address: 3 Rue de la Combe d'Enfer, 21850 Saint-Apollinaire, France"
DragonForce,564e5bf1-e583-4a5d-89fd-2d36e4354e0f,Metropolis Country Club,country,,US | United States,verified,,DragonForce address field,DLS-stated location,2026-09-27,high,"DragonForce address: 289 Dobbs Ferry Rd, White Plains, New York, 10607, United States"
DragonForce,feec2605-03c9-4eb7-bbce-63a25b1e0785,Ess Brothers & Sons,country,,US | United States,verified,,DragonForce address field,DLS-stated location,2026-09-27,high,"DragonForce address: 9350 County Road 19 Unit 1, Loretto, Minnesota, United States"
DragonForce,9370c522-cc0b-4a53-8d97-5f2f7b1b99ea,AXT,country,,US | United States,verified,,DragonForce address field,DLS-stated location,2026-09-27,high,"DragonForce address: 4281 Technology Dr, Fremont, California, 94538,United States"
DragonForce,d6ddd9b2-6d7d-41db-ade4-497fc20f893f,Statesman Business Advisors,country,,US | United States,verified,,DragonForce address field,DLS-stated location,2026-09-27,high,"DragonForce address: 1900 West Loop South, Suite 850 Houston, TX 77027-3238, Texas, United States, 512-372-1000"
DragonForce,ab0404e0-4951-4b50-b659-b817fa2bc3de,Beaumont Products,country,,US | United States,verified,,DragonForce address field,DLS-stated location,2026-09-27,high,"DragonForce address: 1560 Big Shanty Dr NW, Kennesaw, Georgia, 30144, United States"
DragonForce,7a313d13-eb6b-4e58-b774-34f1c657f22d,RRS Foodservice,country,,US | United States,verified,,DragonForce address field,DLS-stated location,2026-09-27,high,"DragonForce address: 201 Haley Rd, Ashland, Virginia, 23005, United States"
DragonForce,c311eca0-65d5-4000-a613-4bce06108111,City of Grove,country,,US | United States,verified,,DragonForce address field,DLS-stated location,2026-09-27,high,"DragonForce address: 104 W 3rd St Rm 5, Grove, Oklahoma, 74344, United States"
DragonForce,8eb9b1f8-f124-4dfc-8e5f-19fb437f2585,Iris ID,country,,US | United States,verified,,DragonForce address field,DLS-stated location,2026-09-27,high,"DragonForce address: 8 Clarke Dr, Cranbury, New Jersey, 08512, United States"
DragonForce,816d47f3-8966-41b4-9475-3c1d00afd396,Setpoint Systems,country,,US | United States,verified,,DragonForce address field,DLS-stated location,2026-09-27,high,"DragonForce address: 8167 Southpark Cir Ofc Ext 238, Littleton, Colorado, United States"
DragonForce,c70a4dd5-52f8-4f36-9e69-1f701744f65b,Pratt Homes,country,,US | United States,verified,,DragonForce address field,DLS-stated location,2026-09-27,high,"DragonForce address: 3500 Willow Lake Blvd Ste 100, Vadnais Heights,Minnesota, United States"
DragonForce,c0be1d83-9493-4d6a-8730-90f3e043af47,Pryor Morrow,country,,US | United States,verified,,DragonForce address field,DLS-stated location,2026-09-27,high,"DragonForce address: 102 Rosecrest Dr, Columbus, MS 39701, United States"
DragonForce,df7682c7-edcf-4067-9ace-eff479755b98,Harris Steel,country,,US | United States,verified,,DragonForce address field,DLS-stated location,2026-09-27,high,"DragonForce address: 1223 S 55th Ct, Cicero, Illinois, 60804, United States"
DragonForce,b74f165d-5701-4c03-a9b4-490e69e0591a,Miller & Caggiano,country,,US | United States,verified,,DragonForce address field,DLS-stated location,2026-09-27,high,"DragonForce address: 1 Old Country Rd Ste 265, Carle Place, New York, United States"
DragonForce,d051a873-45a4-4099-9e5f-4f8e5f1ac1ad,Coulter & Tateoka,country,,US | United States,verified,,DragonForce address field,DLS-stated location,2026-09-27,high,"DragonForce address: 11576 S State St Ste 503, Draper, Utah, 84020, United States"
DragonForce,10142b98-67a7-4d87-bdb4-341c445d18b3,Precision Textiles,country,,US | United States,verified,,DragonForce address field,DLS-stated location,2026-09-27,high,"DragonForce address: 200 Maltese Dr, Totowa, New Jersey, 07512, United Sates"
DragonForce,08cbb8f1-7f20-41d4-9723-3df3fbdf2caf,Texla Energy Management,country,,US | United States,verified,,DragonForce address field,DLS-stated location,2026-09-27,high,"DragonForce address: 1100 Louisiana St Ste 4700, Houston, Texas, 770."
DragonForce,078042f8-10cf-4064-98b5-838d5f42301f,IACC Holdings,country,,EG | Egypt,verified,,DragonForce address field,DLS-stated location,2026-09-27,high,"DragonForce address: Plot (45b) 4th Floor, North 90 Street, 5th Settlement, New Cairo, Egypt, 11835"
DragonForce,c87cc477-9ded-44db-898a-f68ff3a42713,Condista,country,,US | United States,verified,,DragonForce address field,DLS-stated location,2026-09-27,high,"DragonForce address: 2105 NW 102nd Ave Ste 3, Miami, Florida, 33172, United States"
DragonForce,8d18c198-7943-4296-9340-7b29d674fb09,Altara,country,,US | United States,verified,,DragonForce address field,DLS-stated location,2026-09-27,high,"DragonForce address: 3430 American River Drive, Suite 200 Sacramento, CA 95864 US Contact: Gregory Kaeser (877) 374-4377 x3712"
DragonForce,bdac5791-13f7-4292-95b1-86939129e8fe,National Electronic Transit (N.E.T),country,,US | United States,verified,,DragonForce address field,DLS-stated location,2026-09-27,high,"DragonForce address: 230 Clay Ave, Lyndhurst, NJ 07071, USA +1 201-939-6500"
DragonForce,dce64b94-35eb-4556-8953-a02f816ec76e,Dermatology Solutions,country,,US | United States,verified,,DragonForce address field,DLS-stated location,2026-09-27,high,"DragonForce address: 14071 Metropolis Ave, Fort Myers, Florida, 3391 United States"
DragonForce,437fcffe-3a59-475c-9266-f43e7422973b,Industrial Dynamics,country,,US | United States,verified,,DragonForce address field,DLS-stated location,2026-09-27,high,"DragonForce address: 405 Gordon Dr, Exton, Pennsylvania, 19341, United States"
DragonForce,66a7f780-8c85-4024-93fc-094d5f43b967,Southern Avionics,country,,US | United States,verified,,DragonForce address field,DLS-stated location,2026-09-27,high,"DragonForce address: 5055 Belmont St, Beaumont, Texas, 77707, United States"
DragonForce,1d42c65c-a4f8-4282-8f66-eb107cc99767,Talley Metal Fabrication,country,,US | United States,verified,,DragonForce address field,DLS-stated location,2026-09-27,high,"DragonForce address: 989 W 7th St, San Jacinto, California, 92582, United States"
DragonForce,37322c2a-bdec-49a0-b56e-3cd2d2884f63,Atlanta Plastic & Reconstructive Specialists,country,,US | United States,verified,,DragonForce address field,DLS-stated location,2026-09-27,high,"DragonForce address: 5673 Peachtree Dunwoody Rd Ste 870, Atlanta, Georgia, United States"
DragonForce,c54d3491-9047-448a-b6bc-348694e74e35,Phil Smith Automotive Group,country,,US | United States,verified,,DragonForce address field,DLS-stated location,2026-09-27,high,"DragonForce address: 4250 N Federal Hwy, Lighthouse Point, Florida, United States"
DragonForce,7ed871f8-ec9a-459a-8712-8d9ccded941a,Colemanmaterials,country,,US | United States,verified,,DragonForce address field,DLS-stated location,2026-09-27,high,"DragonForce address: 3702 W Dora Ave, Wichita, Kansas, 67213, United States"
DragonForce,31e94519-8c96-4b1e-8a85-699e7bc27ea4,Yadea Group Holdings Ltd,country,,HK | Hong Kong,verified,,DragonForce address field,DLS-stated location,2026-09-27,high,"DragonForce address: 31/F, Tower Two, Times Square, 1 Matheson Street, Causeway Bay, Hong Kong"
DragonForce,b17de842-bd2c-4870-b9af-0711f49a6d0e,Moncaro,country,,IT | Italy,verified,,DragonForce address field,DLS-stated location,2026-09-27,high,"DragonForce address: Via Madonna del Piano, 7/a, 60036 Montecarotto AN, Italy"
DragonForce,f94b5aaf-fd88-4f58-b3ba-d3c630ed0a7c,Kleen-Pak Products,country,,SG | Singapore,verified,,DragonForce address field,DLS-stated location,2026-09-27,high,"DragonForce address: 2 Loyang Ln, #04-03 Loyang Industrial Estate 508913, Singapore"
DragonForce,05d81a7c-9831-4358-8dd0-db42a218011b,E Leet Woodworking,country,,US | United States,verified,,DragonForce address field,DLS-stated location,2026-09-27,high,"DragonForce address: 10175 3 Mile Rd, Plainwell, Michigan, 49080, United States"
DragonForce,e9a82c5d-58fa-47f7-826d-5baebe0b70fc,Al Bawani,country,,SA | Saudi Arabia,verified,,DragonForce address field,DLS-stated location,2026-09-27,high,"DragonForce address: Prince Sultan Street, Olaya, Riyadh, Saudi Arabia"
DragonForce,dd3fba24-8aca-4b9d-b33e-7d2f37157dc0,O&S Associates,country,,US | United States,verified,,DragonForce address field,DLS-stated location,2026-09-27,high,"DragonForce address: 145 Main St, Hackensack, New Jersey, 07601"
DragonForce,7b5e236b-a264-40bf-8190-f1fbd26e6237,Engineering Design Initiative,country,,US | United States,verified,,DragonForce address field,DLS-stated location,2026-09-27,high,"DragonForce address: 1112 N 5th St, Minneapolis, Minnesota, 55411"
DragonForce,49c72bc9-1dfa-43cc-8812-1c40e3f5591f,USGlobeCorp,country,,US | United States,verified,,DragonForce address field,DLS-stated location,2026-09-27,high,"DragonForce address: 2115 Jericho Turnpike Garden City Park, NY 11040"
DragonForce,cb0b1dba-8b83-47be-9bf7-b5363d11fbb8,Farrar Corporation,country,,US | United States,verified,,DragonForce address field,DLS-stated location,2026-09-27,high,"DragonForce address: 301 Levee Drive Manhattan, KS 66502"
DragonForce,de73353b-97c8-493b-bf57-52793f345b02,North American Spares,country,,US | United States,verified,,DragonForce address field,DLS-stated location,2026-09-27,high,"DragonForce address: 10777 Sherman Way, Sun Valley, CA 91352, United State"
DragonForce,0f770de8-09dd-4e54-88a4-1c320667d7e1,Mapping Solutions,country,,US | United States,verified,,DragonForce address field,DLS-stated location,2026-09-27,high,"DragonForce address: Michigan, United States, 124 Merriweather Rd, Suite 200 Grosse Pointe Farms, MI 48236"
DragonForce,c2f8b989-3ca8-46b6-856b-298fb4bc8771,Asheville Eye Associates,country,,US | United States,verified,,DragonForce address field,DLS-stated location,2026-09-27,high,"DragonForce address: 1196 Skyland Dr, Sylva, North Carolina"
DragonForce,a08ed349-eb89-4e22-9eef-62ce068604ff,Ikav Global Energy,country,,LU | Luxembourg,verified,,DragonForce address field,DLS-stated location,2026-09-27,high,"DragonForce address: 9 Pl De Clairefontaine, Luxembourg"
DragonForce,7d05370d-bd3a-4dc2-af7c-9984e262cd28,Marine Floats,country,,US | United States,verified,,DragonForce address field,DLS-stated location,2026-09-27,high,"DragonForce address: 313 E F St, Tacoma, Washington, 98421"
DragonForce,898ada9b-c215-4022-beeb-cfe66c7c72ee,Engineered Tower Solutions,country,,US | United States,verified,,DragonForce address field,DLS-stated location,2026-09-27,high,"DragonForce address: 3227 Wellington Ct, Raleigh, North Carolina"
DragonForce,dc6e6587-0b9a-450c-99e7-ca6584775618,Williams Tank Lines,country,,US | United States,verified,,DragonForce address field,DLS-stated location,2026-09-27,high,"DragonForce address: 1477 Tillie Lewis Dr, Stockton, California"
DragonForce,d1c44cb7-efca-44ae-8d00-0fe4f0c590bd,FINN,country,,US | United States,verified,,DragonForce address field,DLS-stated location,2026-09-27,high,"DragonForce address: 9281 Le Saint Dr, Fairfield, Ohio, 45014"
DragonForce,7750802a-80d9-4211-ae62-57f55a285aba,Precision Walls,country,,US | United States,verified,,DragonForce address field,DLS-stated location,2026-09-27,high,"DragonForce address: 1230 NE Maynard Rd, Cary, North Carolina, 27513, United States"
DragonForce,f2d191c8-b144-42cf-9548-97e29c4a36e0,Mobigator Technology Group,country,,HK | Hong Kong,verified,,DragonForce address field,DLS-stated location,2026-09-27,high,"DragonForce address: 11/F, KPP, 55 King Yip St Kwun Tong, Kowloon, Hong Kong"
DragonForce,088092cd-bca5-4b18-a258-e29b6a0ebb20,SUSTA S.r.l.,country,,IT | Italy,verified,,DragonForce address field,DLS-stated location,2026-09-27,high,"DragonForce address: Zona Industriale Villa Zaccheo, 64020 Castellalto (TE), Italy"
DragonForce,c2e55826-0539-4805-b127-ca1cbc5e74ec,Scolari,country,,IT | Italy,verified,,DragonForce address field,DLS-stated location,2026-09-27,high,"DragonForce address: 2 Via Romiglia, Paderno Franciacorta, Lombardy, Italy"
DragonForce,61f8563d-b42b-4b79-b12c-e4d4ad39b33a,Accuracy International,country,,GB | United Kingdom,verified,,DragonForce address field,DLS-stated location,2026-09-27,high,"DragonForce address: PO Box 81, Portsmouth, Hampshire, PO3 5SJ, United Kingdom"
DragonForce,4c4d3f84-fb54-4145-855d-f093849afea8,Mastery Schools,country,,US | United States,verified,,DragonForce address field,DLS-stated location,2026-09-27,high,"DragonForce address: 5700 Wayne Ave, Philadelphia, Pennsylvania, 19144, United States"
DragonForce,19c3acd0-fdfa-4fe3-9935-63a3d5e4bc10,"Orbit Software, Inc.",country,,US | United States,verified,,DragonForce address field,DLS-stated location,2026-09-27,high,"DragonForce address: 424 King Street Pottstown, PA 19464-5610, USA"
DragonForce,e60e5846-5886-4d8e-863b-9351c7448ba4,Lyomark Pharma,country,,DE | Germany,verified,,DragonForce address field,DLS-stated location,2026-09-27,high,"DragonForce address: 17 Keltenring, Oberhaching, Bavaria, 82041, Germany"
DragonForce,bfbb7d00-7412-478b-bd47-b53520c101cb,Zimmerman & Walsh,country,,US | United States,verified,,DragonForce address field,DLS-stated location,2026-09-27,high,"DragonForce address: 1707 E State St 1, Rockford, Illinois, 61104, United States"
DragonForce,d2e316d0-4888-42d0-beb3-f74be2ad67c7,KGK Group,country,,US | United States,verified,,DragonForce address field,DLS-stated location,2026-09-27,high,"DragonForce address: 20w 47th St Suite#1101, New York City, New York, United States"
DragonForce,3df59348-489d-4187-9910-1073afc3e46d,Graminex,country,,US | United States,verified,,DragonForce address field,DLS-stated location,2026-09-27,high,"DragonForce address: Michigan, United States"
DragonForce,25e98027-334a-4d9f-97f5-dbf793dda9e2,Arc-Com,country,,US | United States,verified,,DragonForce address field,DLS-stated location,2026-09-27,high,"DragonForce address: 33 Ramland Road South Orangeburg, NY 10962, United States"
DragonForce,ff352216-adf4-480b-a44d-866a42ca2063,Controlled Power,country,,US | United States,verified,,DragonForce address field,DLS-stated location,2026-09-27,high,"DragonForce address: 17909 Bothell Everett Hwy SE Suite 102 Bothell, Washington 98012, United States"
DragonForce,5066e404-9247-4b73-8aee-92faef8cb064,PhD Services,country,,US | United States,verified,,DragonForce address field,DLS-stated location,2026-09-27,high,"DragonForce address: 519 Abington St, Peoria, Illinois, 61603, United States"
DragonForce,0f6d0d05-b1fd-4528-9436-7faafdb264d7,Deane Roofing and Cladding,country,,CA | Canada,verified,,DragonForce address field,DLS-stated location,2026-09-27,high,"DragonForce address: 5920 Macleod Trl SW Ste 705, Calgary, Alberta"
DragonForce,335698b8-86e1-4921-8fdd-37925dbc17cd,Igloo Cellulose,country,,CA | Canada,verified,,DragonForce address field,DLS-stated location,2026-09-27,high,"DragonForce address: 1485 Transcanada, Dorval, Quebec, H9P 2V3"
DragonForce,47be096a-f93f-412d-8415-cdd0e9c9853e,Carver Companies,country,,US | United States,verified,,DragonForce address field,DLS-stated location,2026-09-27,high,"DragonForce address: 494 Western Tpke Ste 1, Altamont, New York"
DragonForce,6b9b8f42-cbb8-4a94-9a1d-16dae0a4f457,Yang Enterprises,country,,US | United States,verified,,DragonForce address field,DLS-stated location,2026-09-27,high,"DragonForce address: 1420 Alafaya Trl Ste 200, Oviedo, Florida"
DragonForce,29454024-5e01-4fc9-a5ff-c6b69fd6edd4,Hayes Beer Distributing,country,,US | United States,verified,,DragonForce address field,DLS-stated location,2026-09-27,high,"DragonForce address: 12160 S Central Ave, Alsip, Illinois, 60803, United States"
DragonForce,87ab4093-3164-4fd6-9802-19a854657ee4,David E Shambach Architect,country,,US | United States,verified,,DragonForce address field,DLS-stated location,2026-09-27,high,"DragonForce address: 261 N Court Ave, Tucson, Arizona, 85701, United States"
DragonForce,77314f8f-ee47-4b7e-a121-7a78d9803394,BK Aerospace,country,,US | United States,verified,,DragonForce address field,DLS-stated location,2026-09-27,high,"DragonForce address: 100 Technology Park, Arab, Alabama, 35016"
DragonForce,a48dd706-263d-4ea5-8a43-052943c394a6,Dimbleby Funeral Homes,country,,US | United States,verified,,DragonForce address field,DLS-stated location,2026-09-27,high,"DragonForce address: 40 Main St, Whitesboro, New York, 13492, United States"
DragonForce,499ddf76-6f3a-45a1-a6d7-7845587a24cd,John Gallin & Son,country,,US | United States,verified,,DragonForce address field,DLS-stated location,2026-09-27,high,"DragonForce address: 102 Madison Avenue, 9th Floor, New York, NY 10016"
DragonForce,8c52fef0-180e-44a8-abb5-7fa693b0752d,SBRPCA,country,,US | United States,verified,,DragonForce address field,DLS-stated location,2026-09-27,high,"DragonForce address: 4440 W Broadway, Hawthorne, California, 90250, United States"
DragonForce,709b7dae-c020-456a-a736-bf3b4ffa91fd,Mainland Machinery,country,,CA | Canada,verified,,DragonForce address field,DLS-stated location,2026-09-27,high,"DragonForce address: 2255 Townline Road, Abbotsford, British Columbia, Canada"
DragonForce,adf86d09-3d2b-44d2-9a63-66f2b0bba9d5,Vermont Panurgy,country,,US | United States,verified,,DragonForce address field,DLS-stated location,2026-09-27,high,"DragonForce address: 21 Gregory Dr Ste 3, South Burlington, Vermont"
DragonForce,ce31e7c9-a127-4a2b-99d4-d6cdc01b7ffe,Grand Rapids Gravel,country,,US | United States,verified,,DragonForce address field,DLS-stated location,2026-09-27,high,"DragonForce address: 2700 28th St SW, Wyoming, Michigan, 49519"
DragonForce,5a51914c-554d-4650-be48-f4f3e37be0e8,Oahu Transit Services,country,,US | United States,verified,,DragonForce address field,DLS-stated location,2026-09-27,high,"DragonForce address: 811 Middle St Rm 225, Honolulu, Hawaii, 96819"
DragonForce,dd864f9c-0ba5-4ae7-9ef3-fd9bf04f7708,Parrish-McCall Constructors,country,,US | United States,verified,,DragonForce address field,DLS-stated location,2026-09-27,high,"DragonForce address: 3455 SW 42nd Ave, Gainesville, Florida, 32608"
DragonForce,657fe035-7175-4358-bfa9-c86dc2a161f6,Barrett Eye Care,country,,US | United States,verified,,DragonForce address field,DLS-stated location,2026-09-27,high,"DragonForce address: 11450 N Meridian St Ste 120, Carmel, Indiana"
DragonForce,5a055199-ce5d-41ce-b85e-f8a485350b43,Davis & Young,country,,US | United States,verified,,DragonForce address field,DLS-stated location,2026-09-27,high,"DragonForce address: 1960 The Alameda Ste 210, San Jose, California"
DragonForce,6b4720a1-5c8e-4eab-a3e9-b4303f0799c0,I.L.A. Local 1964,country,,US | United States,verified,,DragonForce address field,DLS-stated location,2026-09-27,high,"DragonForce address: 11 Teaneck Rd Ridgefield Park, NJ 07660"
DragonForce,bb318143-698b-42d6-9f7c-cc98a8ab26fa,WindCom,country,,US | United States,verified,,DragonForce address field,DLS-stated location,2026-09-27,high,"DragonForce address: 5151 World Houston Pkwy Ste 100, Houston, Texas"
DragonForce,181137ec-2591-42e5-884c-2eec0b45510a,Dean Lumber & Supply,country,,US | United States,verified,,DragonForce address field,DLS-stated location,2026-09-27,high,"DragonForce address: 24425 Three Notch Rd, Hollywood, Maryland"
DragonForce,53354aff-a980-42ab-8c6e-cad15ac3befa,Watt Carmichael,country,,CA | Canada,verified,,DragonForce address field,DLS-stated location,2026-09-27,high,"DragonForce address: 365 Bay St Ste 1200, Toronto, Ontario, M5H 2V1"
DragonForce,257e3a8c-35fa-4668-b444-80e1f02b2678,Accurate Lock and Hardware,country,,US | United States,verified,,DragonForce address field,DLS-stated location,2026-09-27,high,"DragonForce address: 1 Annie Pl 1, Stamford, Connecticut, 06902, US"
DragonForce,a8d90c8c-8384-4a7b-8d94-577e70baeded,Altipal,country,,CO | Colombia,verified,,DragonForce address field,DLS-stated location,2026-09-27,high,"DragonForce address: 69 Cra. B 19 A 47, Cundinamarca, Colombia"
DragonForce,f76edaf0-8889-4786-9704-a53a477b1573,Fullington Trailways,country,,US | United States,verified,,DragonForce address field,DLS-stated location,2026-09-27,high,"DragonForce address: PO Box 211, Clearfield, Pennsylvania, 16830"
DragonForce,56b3878e-a7fd-4efb-b23a-67a23de209a3,Deacon Jones,country,,US | United States,verified,,DragonForce address field,DLS-stated location,2026-09-27,high,"DragonForce address: 1109 N Brightleaf Blvd, Smithfield, North Carolina, United States"
DragonForce,6890a3e9-4533-420a-8533-ce6e58880e81,New Production Concept,country,,IT | Italy,verified,,DragonForce address field,DLS-stated location,2026-09-27,high,DragonForce address: Via Errico Malatesta 27/29 40026 Imola (BO) - Italy
DragonForce,4f2505f5-4ee5-41f3-b145-9db8d42e0094,Team Locum,country,,GB | United Kingdom,verified,,DragonForce address field,DLS-stated location,2026-09-27,high,"DragonForce address: 1st Floor, 3 Regal Court 8, Sovereign Road Kings Norton Business Centre Birmingham B30 3FJ"
DragonForce,e7265254-8242-4c1a-b072-f5a641eba40f,Swansea & South Wales,country,,GB | United Kingdom,verified,,DragonForce address field,DLS-stated location,2026-09-27,high,"DragonForce address: Cambrian House, Cambrian Place, Swansea, SA1 1RH"
DragonForce,64f6a44b-a987-4741-b0b9-47baf3c09710,Saint Cecilia's Church of England School,country,,GB | United Kingdom,verified,,DragonForce address field,DLS-stated location,2026-09-27,high,"DragonForce address: Sutherland Grove, London, SW18 5JR"
DragonForce,a5e9be96-0f8e-4d6b-8e2c-3a639312db20,Kadushisoft,country,,CW | Curaçao,verified,,DragonForce address field,DLS-stated location,2026-09-27,high,"DragonForce address: 61 Kaya Heldu, Willemstad, Curacao"
DragonForce,af747cd1-c71b-4784-8478-2843e157ca10,Teton Orthopaedics,country,,US | United States,verified,,DragonForce address field,DLS-stated location,2026-09-27,high,"DragonForce address: 555 E Broadway Ave, Jackson, Wyoming, 83001"
DragonForce,2db362e6-090e-40f0-b039-82670e600e7c,Dunbier Boat Trailers,country,,AU | Australia,verified,,DragonForce address field,DLS-stated location,2026-09-27,high,"DragonForce address: 124 Lahrs Rd, Ormeau, Queensland, 4208, Australia"
DragonForce,bf105b70-1557-4197-8a2a-dc9078ae06ee,Greenline Service,country,,US | United States,verified,,DragonForce address field,DLS-stated location,2026-09-27,high,"DragonForce address: 11417 Tidewater Trl, Fredericksburg, Virginia"
DragonForce,d284b10b-fe54-4839-b51b-7188d80469a2,Ward Transport & Logistics,country,,US | United States,verified,,DragonForce address field,DLS-stated location,2026-09-27,high,"DragonForce address: 1436 Ward Trucking Dr, Altoona, PA 16602"
DragonForce,55743c0c-64b3-4531-85c2-76d125b93473,Crystal Window & Door Systems,country,,US | United States,verified,,DragonForce address field,DLS-stated location,2026-09-27,high,"DragonForce address: 3110 Whitestone Expy, Flushing, New York"
DragonForce,caa66938-5d12-450b-b9d7-c4c1a30247a1,Artissimo Designs,country,,US | United States,verified,,DragonForce address field,DLS-stated location,2026-09-27,high,"DragonForce address: 2100 E Grand Ave Ste 400, El Segundo, California"
DragonForce,cc813868-782c-479b-b4e0-7605f8492ce7,Westward 360,country,,US | United States,verified,,DragonForce address field,DLS-stated location,2026-09-27,high,"DragonForce address: 129 E Calhoun St, Woodstock, Illinois, 60098, United States"
DragonForce,7526b86e-27b1-4fe2-b19c-13e20b90bf56,Compression Leasing Services,country,,US | United States,verified,,DragonForce address field,DLS-stated location,2026-09-27,high,"DragonForce address: 1935 N Loop Ave, Casper, Wyoming, 82601, United States"
DragonForce,24a55869-7d28-4aa0-b26d-bf0355ef7426,Ohio Lottery,country,,US | United States,verified,,DragonForce address field,DLS-stated location,2026-09-27,high,"DragonForce address: 7462 Webster St, Dayton, Ohio, 45414, United States"
DragonForce,39d955e7-2396-44c2-9025-1ba0d8d09d85,Geologics,country,,US | United States,verified,,DragonForce address field,DLS-stated location,2026-09-27,high,"DragonForce address: 5500 Cherokee Ave Ste 400, Alexandria, Virginia, 22312, United States"
DragonForce,e31fb13a-e949-4e99-a41a-c112291878c2,Kinetic Leasing,country,,US | United States,verified,,DragonForce address field,DLS-stated location,2026-09-27,high,"DragonForce address: 2575 41st St S Ste 1, Fargo, North Dakota, 58104, United States"
DragonForce,922b0d9d-597d-4139-a1b1-b59fcea0534d,ACE Air Cargo,country,,US | United States,verified,,DragonForce address field,DLS-stated location,2026-09-27,high,"DragonForce address: 5901 Lockheed Ave, Anchorage, Alaska, 99502, United States"
DragonForce,a790f2ce-42c2-499b-a8b8-518d3ff3d876,Greater Cincinnati Behavioral Health,country,,US | United States,verified,,DragonForce address field,DLS-stated location,2026-09-27,high,"DragonForce address: 1501 Madison Rd Ste 3, Cincinnati, Ohio, 45206, United States"
DragonForce,ce561de6-afa6-4f0a-99dc-e170a48db8ba,Seven Seas,country,,US | United States,verified,,DragonForce address field,DLS-stated location,2026-09-27,high,"DragonForce address: 8207 N Loop East Suit 100, Houston, Texas, 77029, United States"
DragonForce,da9d4551-b697-4bc8-a394-1047e79ac9a6,Tglt,country,,AR | Argentina,verified,,DragonForce address field,DLS-stated location,2026-09-27,high,"DragonForce address: 2177 Miñones, Buenos Aires, Buenos Aires F.D., 1428, Argentina"
DragonForce,9bee2409-a7bd-4446-8e4e-43e027a8af94,Lunacon Construction Group,country,,US | United States,verified,,DragonForce address field,DLS-stated location,2026-09-27,high,"DragonForce address: 16890 S Dixie Hwy, Miami, Florida, 33157, United States"
DragonForce,9f42ba09-9723-46c8-b120-6945dec3cdc2,The GBUAHN,country,,US | United States,verified,,DragonForce address field,DLS-stated location,2026-09-27,high,"DragonForce address: 564 Niagara St Bldg 2, Buffalo, New York, 14201, United States"
DragonForce,5e12b738-2647-45de-9535-78940f4d61f1,World Emblem International,country,,US | United States,verified,,DragonForce address field,DLS-stated location,2026-09-27,high,"DragonForce address: 4601 Sheridan St Ste 300, Hollywood, Florida, 33021, United States"
DragonForce,ce6eafd9-0845-4fca-b7f3-6d44133e0e24,Shorts,country,,GB | United Kingdom,verified,,DragonForce address field,DLS-stated location,2026-09-27,high,"DragonForce address: 2 Ashgate Rd, Chesterfield, South Yorkshire, S40 4AA, United Kingdom"
DragonForce,14bc00ee-5fbd-432c-9ff0-fc3e8c37df1b,Grayhill,country,,US | United States,verified,,DragonForce address field,DLS-stated location,2026-09-27,high,"DragonForce address: 561 W Hillgrove Ave, La Grange, Illinois, 60525, United States"
DragonForce,905b86e8-e12e-44b2-a9c5-b26a972a16c0,Agl Welding Supply,country,,US | United States,verified,,DragonForce address field,DLS-stated location,2026-09-27,high,"DragonForce address: 600 Us Hwy 46 Ste 1, Clifton, New Jersey, 07013, United States"
DragonForce,2225bd06-00d2-4c32-b558-84f8039ec4ef,PCTEL,country,,US | United States,verified,,DragonForce address field,DLS-stated location,2026-09-27,high,"DragonForce address: 471 Brighton Ct, Bloomingdale, Illinois, 60108, United States"
DragonForce,172d1161-42f6-4f69-89a0-d401a2be2b54,GB Group S.A,country,,HT | Haiti,verified,,DragonForce address field,DLS-stated location,2026-09-27,high,"Manually verified from DragonForce address: Route de l'Aéroport, BP 2493 Port au Prince."
DragonForce,c19d8971-6581-4a3b-9dec-76e53794edc1,ID engineering,country,,DE | Germany,verified,,DragonForce address field,DLS-stated location,2026-09-27,high,Manually verified from DragonForce address: Vasco-da-Gama-Str. 8 D-53881 Euskirchen
DragonForce,2cef3ae9-229a-4e1b-9434-9abfe97ba161,Baicizhan,country,,CN | China,verified,,DragonForce address field,DLS-stated location,2026-09-27,high,Manually verified from DragonForce address: www.baicizhan.com
DragonForce,6f4e3a42-0adb-422b-ba3e-5bd972e17938,NewNet,country,,CO | Colombia,verified,,DragonForce address field,DLS-stated location,2026-09-27,high,"Manually verified from DragonForce address: 52d-19 Calle 79, Medellin, Antioquia"
DragonForce,639ab14a-fdcd-4e32-be98-d16c626fbebe,SITAV SpA,country,,IT | Italy,verified,,DragonForce address field,DLS-stated location,2026-09-27,high,Manually verified from DragonForce address: Viale Bianca Maria 35 20122 Milano (MI)
DragonForce,cba47217-b041-44c5-8c3f-f2edf6cee00a,vipimaging,country,,US | United States,verified,,DragonForce address field,DLS-stated location,2026-09-27,high,"Manually verified from DragonForce address: 1061 N Shepard St Ste L, Anaheim"
DragonForce,0fe755b6-1c08-4a19-8e89-bd90699bcfc7,agroprime,country,,CL | Chile,verified,,DragonForce address field,DLS-stated location,2026-09-27,high,"Manually verified from DragonForce address: Av. Santa Maria 2880, Of 303, Providencia, Santiago"
DragonForce,7bc6a138-2d17-464b-bb0e-a332c9869097,Copamex,country,,MX | Mexico,verified,,DragonForce address field,DLS-stated location,2026-09-27,high,Manually verified from DragonForce address: 300 Avenida El Roble Fl 2
DragonForce,43da4c92-6bbb-400e-9a2d-a5ea3982d41b,pieralisi.com,country,,IT | Italy,verified,,DragonForce address field,DLS-stated location,2026-09-27,high,"Manually verified from DragonForce address: Via Don Battistoni, 160035 Jesi (AN)"
DragonForce,115f5c2c-ab9e-4104-913c-560ad31fa9fe,rolser.com,country,,ES | Spain,verified,,DragonForce address field,DLS-stated location,2026-09-27,high,"Manually verified from DragonForce address: Polígono Industrial Les Galgues, Calle Metalúrgia 603750 Pedreguer, Alicante"
DragonForce,06c26b79-4599-4008-8434-79fb6415c22e,Empower Group,country,,US | United States,verified,,DragonForce address field,DLS-stated location,2026-09-27,high,"Manually verified from DragonForce address: 3718 Northern Blvd Ste 409, Long Island"
DragonForce,407fd775-a942-4759-ab2b-ddd81b5932cc,tulsachamber.com,country,,US | United States,verified,,DragonForce address field,DLS-stated location,2026-09-27,high,"Manually verified from DragonForce address: Williams Center Tower I One West Third Street, Suite 100 Tulsa"
DragonForce,0e0a1b30-8f0b-44b1-a928-fb8321133556,Lift,country,,CH | Switzerland,verified,,DragonForce address field,DLS-stated location,2026-09-27,high,Manually verified from DragonForce address: www.liftag.ch
DragonForce,1943c262-5b17-4140-98c5-6acd3e4386f3,Mercedes-Benz of Arlington,country,,US | United States,verified,,DragonForce address field,DLS-stated location,2026-09-27,high,Manually verified from DragonForce address: justmercedes.com
DragonForce,0e64a450-0c5f-43d6-911e-81456466f406,singita.com,country,,ZA | South Africa,verified,,DragonForce address field,DLS-stated location,2026-09-27,high,"Manually verified from DragonForce address: 1 Oakdale Newlands Rd, Cape Town, Western Cape 7700, ZA"
DragonForce,3ee4bbb2-0ac1-4a17-ac6e-4fcfbb332aff,Fountain,country,,BE | Belgium,verified,,DragonForce address field,DLS-stated location,2026-09-27,high,Manually verified from DragonForce address: www.fountain.be
DragonForce,29c4e797-5fdf-45e5-9511-664bba4ba74e,Betesan,country,,TR | Turkey,verified,,DragonForce address field,DLS-stated location,2026-09-27,high,"Manually verified from DragonForce address: No 17 Rauf Orbay Cad., Tersaneler, Istanbul"
DragonForce,0157607d-e39c-4cf6-90f1-ef593096b366,adelphi.uk.com,country,,GB | United Kingdom,verified,,DragonForce address field,DLS-stated location,2026-09-27,high,Manually verified from DragonForce address: https://www.adelphi.uk.com/
DragonForce,ef8272e9-70a8-4792-8d5f-df9d413d1676,"1171 Rue Notre Dame O, Victoriaville, QC G6P 7L1, Canada. (819) 758-0313",country,,CA | Canada,verified,,DragonForce address field,DLS-stated location,2026-09-27,high,Manually verified from DragonForce address: soteck
DragonForce,44ed4b5e-3685-4805-ad36-519a2804faed,Basra Transports,country,,IQ | Iraq,verified,,DragonForce address field,DLS-stated location,2026-09-27,high,Manually verified from DragonForce address: basratransports.com
DragonForce,fd82aab3-62b6-4b02-848a-025a0c9324a9,Enerre Pharma Lda,country,,PT | Portugal,verified,,DragonForce address field,DLS-stated location,2026-09-27,high,"Manually verified from DragonForce address: Contactos Lourenço Rosa Diretor comercial +351 918 650 000 Morada Rua Nº 2 - Zona de Arruamentos da Matinha. Edificio Verde., R/C Dto. 1950-073 Lisboa"
DragonForce,732b675f-7f96-437e-af81-062d03e02774,PAN,country,,AE | United Arab Emirates,verified,,DragonForce address field,DLS-stated location,2026-09-27,high,"Manually verified from DragonForce address: West Corniche Road, Al Marina, Abu Dhabi"
DragonForce,dc4305db-8f03-4025-bce2-8314953878b0,Persians - Cortinas - Todos - Alfombrass,country,,CR | Costa Rica,verified,,DragonForce address field,DLS-stated location,2026-09-27,high,Manually verified from DragonForce address: TELÉFONO: +506 2280-1050 whatsapp
DragonForce,98ce10bf-c523-4612-b6d5-f7408fdf7a18,Egaraset,country,,ES | Spain,verified,,DragonForce address field,DLS-stated location,2026-09-27,high,"Manually verified from DragonForce address: Carrer De Berga 41, Terrassa, Catalonia"
DragonForce,9ee41bdb-76fa-47b6-bc0d-842ed6e6cd35,Wedlich,country,,DE | Germany,verified,,DragonForce address field,DLS-stated location,2026-09-27,high,Manually verified from DragonForce address: WEDLICH.Umzug & Service Karl-von-Linde Straße 6 95447
DragonForce,2a6d2184-8871-4fe7-982f-4e743cf4fa55,GS Floor Designs,country,,US | United States,verified,,DragonForce address field,DLS-stated location,2026-09-27,high,"Manually verified from DragonForce address: 855 W University Dr, Arlington Heights"
DragonForce,d82fcc09-b431-4b68-adbd-a38f0a6d0059,Land and Lakes,country,,US | United States,verified,,DragonForce address field,DLS-stated location,2026-09-27,high,"Manually verified from DragonForce address: 123 N Northwest Hwy Fl 2, Park Ridge"
DragonForce,7835f4f8-eb93-48ce-b2e3-cdeda6690cb6,Angotti & Reilly,country,,US | United States,verified,,DragonForce address field,DLS-stated location,2026-09-27,high,"Manually verified from DragonForce address: 2200 Jerrold Ave Ste E, San Francisco"
DragonForce,ea6bc755-a185-4bbc-8859-2c5058d6e8e9,"Kats, Jamison & Associates",country,,US | United States,verified,,DragonForce address field,DLS-stated location,2026-09-27,high,"Manually verified from DragonForce address: 1 Bustleton Pike, Feasterville Trevose"
DragonForce,2b22345b-68e2-463f-8c68-2cce43382c07,BENASSI IMMOBILIARE SAS DI BENASSI ROBERTO E C.,country,,IT | Italy,verified,,DragonForce address field,DLS-stated location,2026-09-27,high,"Manually verified from DragonForce address: Via Prampolini, 58, 42023 Cadelbosco di Sopra RE, Italia"
DragonForce,d4d7b8d8-c122-49bf-b9ee-6283abccd760,Sherwood Stainless & Aluminium,country,,GB | United Kingdom,verified,,DragonForce address field,DLS-stated location,2026-09-27,high,"Manually verified from DragonForce address: The Science Park Mammoth Dr, Wolverhampton"
DragonForce,a4115d40-cd69-458f-9179-635428b0c9d4,Gray & Adams,country,,GB | United Kingdom,verified,,DragonForce address field,DLS-stated location,2026-09-27,high,"Manually verified from DragonForce address: Head Office South Rd, Fraserburgh"
DragonForce,0a72d1a7-aa9d-4770-bf11-2f89e2086240,Seafrigo,country,,FR | France,verified,,DragonForce address field,DLS-stated location,2026-09-27,high,"Manually verified from DragonForce address: 58 Rue Du Général Chanzy, Le Havre, Normandy"
DragonForce,86dd4253-f483-4bee-9ae4-b49e151d2712,Hoppecke,country,,DE | Germany,verified,,DragonForce address field,DLS-stated location,2026-09-27,high,"Manually verified from DragonForce address: 1 Bontkirchener St, Brilon, Nordrhein-Westfalen"
DragonForce,c2718e25-cb27-49f3-a1a0-a0e9fa08f919,biremote.net,country,,PR | Puerto Rico,verified,,DragonForce address field,DLS-stated location,2026-09-27,high,"Manually verified from DragonForce address: URB. LAS AMERICAS CALLE 8 #H7, BAYAMON, PR 00959"
DragonForce,5cfed9d5-4ef3-4fd4-bdbd-98de7635be5d,Motor Munich,country,,ES | Spain,verified,,DragonForce address field,DLS-stated location,2026-09-27,high,"Manually verified from DragonForce address: 133 Costa I Germany, Sabadell, Catalonia"
DragonForce,279cc5c7-1b46-4707-bb00-c5d2b329074a,Hardings Transport,country,,GB | United Kingdom,verified,,DragonForce address field,DLS-stated location,2026-09-27,high,"Manually verified from DragonForce address: 22 Industrial Estate Reg's Way, Coalville, US"
DragonForce,5364b3d9-347b-4beb-aa18-c5bf874fd001,Monocon International Refractory,country,,GB | United Kingdom,verified,,DragonForce address field,DLS-stated location,2026-09-27,high,"Manually verified from DragonForce address: Old Denaby, Doncaster, South Yorkshire"
DragonForce,e18dc36b-cc21-495e-ab1f-e4e0df33305c,Rigcon,country,,AU | Australia,verified,,DragonForce address field,DLS-stated location,2026-09-27,high,Manually verified from DragonForce address: rigcom.com.au
DragonForce,8f41eb99-5550-4d17-bc46-74ae5089fe44,Aussizz Group,country,,AU | Australia,verified,,DragonForce address field,DLS-stated location,2026-09-27,high,"Manually verified from DragonForce address: Block Court 288-290 Collins St L 1, Melbourne"
DragonForce,73836c43-1b08-4801-80bb-7f454c952b09,Leedarson Lighting,country,,CN | China,verified,,DragonForce address field,DLS-stated location,2026-09-27,high,"Manually verified from DragonForce address: no.1511 2nd Fanghu North Rd, Xiamen, Guangxi Zhuang Autonomous Region"
Qilin,720904f5-211e-43d9-812e-f8ae0cea4b5a,pratthomes.com,country,,US | United States,verified,,Matching DragonForce victim record,cross-source match,2026-09-27,high,Exact match_key has United States stated in DragonForce source c70a4dd5-52f8-4f36-9e69-1f701744f65b
DragonForce,dbdc4732-e361-4834-a8bf-52778bae559f,Community Property Management,country,,US | United States,verified,https://www.socalcpm.com/get-in-touch,Community Property Management contact page,official website or corporate record,2026-09-27,high,"Official contact page identifies Camarillo, California"
DragonForce,13482e3f-7d7f-4b88-b6bd-b0e8468b7498,QPC Global,country,,GB | United Kingdom,verified,https://www.qpcglobal.com/contact-us,QPC Global contact page,official website or corporate record,2026-09-27,high,"Official contact page identifies Manchester, United Kingdom"
DragonForce,872e1a75-79c6-4adf-b533-bc796676b244,Northeast Rescue Systems,country,,US | United States,verified,https://polytechamerica.com/find-a-dealer/,Northeast Rescue Systems dealer listing,official website or corporate record,2026-09-27,high,"Dealer listing identifies Massachusetts, United States"
DragonForce,5aad2e55-7159-4395-a911-fdef0ed82f58,Henry Molded Products Likely to Engage tag.,country,,US | United States,verified,https://www.henrymolded.com/contact-us/,Henry Molded Products contact page,official website or corporate record,2026-09-27,high,"Official contact page identifies Lebanon, Pennsylvania"
DragonForce,a4fba6c4-17ac-4c49-9f6f-8efbd2415629,Shoreline Sightseeing,country,,US | United States,verified,https://shorelinesightseeing.com/contact/,Shoreline Sightseeing contact page,official website or corporate record,2026-09-27,high,Official contact page identifies the victim as a Chicago operator
DragonForce,4d26baa3-099b-41f5-984d-38dc3a5b7778,President Container Group,country,,US | United States,verified,https://www.presidentcontainergroup.com/contact-us/,President Container Group contact page,official website or corporate record,2026-09-27,high,Official contact page identifies the United States
DragonForce,68eb47ac-f8c0-44ee-9298-0bf2ba533756,Delbrook Capital Advisors,country,,CA | Canada,verified,https://lei.report/LEI/54930064IEVZ8C4XZC46,Delbrook Capital Advisors LEI record,official website or corporate record,2026-09-27,high,"LEI record identifies Vancouver, British Columbia, Canada"
DragonForce,b25fda73-0916-4b09-8de1-6a2ae9ac5f26,Greenway Technologies,country,,US | United States,verified,https://greenway-technologies.com/contact/,Greenway Technologies contact page,official website or corporate record,2026-09-27,high,"Official contact page identifies Phoenix, Arizona"
DragonForce,a1dccd4b-e34d-4c85-9e31-b5daa4ca41aa,Heartland Growers,country,,US | United States,verified,https://www.heartlandgrowers.com/about-us/,Heartland Growers about page,official website or corporate record,2026-09-27,high,"Official page identifies Westfield, Indiana"
DragonForce,b4d29f61-59ef-4ca0-9bff-959c292d6225,Le Pain Quotidien US,country,,US | United States,verified,https://www.lepainquotidien.com/us/en/contact,Le Pain Quotidien US contact page,official website or corporate record,2026-09-27,high,Victim name and official regional contact page identify the US entity
DragonForce,235ea5ca-db75-4e61-ba9b-02289478af59,TAURUS INVESTMENT HOLDINGS,country,,US | United States,verified,https://www.tiholdings.com/contact/,Taurus Investment Holdings contact page,official website or corporate record,2026-09-27,high,Official contact page identifies Boston headquarters
DragonForce,ec01828f-e044-43f5-8005-9dbf3dd71654,Plan,country,,IM | Isle of Man,verified,https://www.plan.com/downloads/terms/general-terms-and-conditions.pdf,Plan.com general terms,official website or corporate record,2026-09-27,high,Official terms identify incorporation and registration in the Isle of Man
DragonForce,7a4fcb02-4195-4311-a773-c0c5c89ed8a8,Ingelan,country,,ES | Spain,verified,https://www.ingelan.com/contacto/ingelan-contacto-2/,Ingelan contact page,official website or corporate record,2026-09-27,high,"Official contact page identifies Barcelona, Spain"
DragonForce,a733ec48-7b77-4593-8c68-af15bd455910,LeRoy Surveyors & Engineers,country,,US | United States,verified,https://www.lseinc.com/contact-us/,LeRoy Surveyors & Engineers contact page,official website or corporate record,2026-09-27,high,"Official contact page identifies Puyallup, Washington"
DragonForce,2558ad00-e293-441a-b326-9bedc8fcb40a,Curtis Design Group,country,,US | United States,verified,https://curtisdesigngroup.com/,Curtis Design Group website,official website or corporate record,2026-09-27,high,"Official website identifies Spanish Fork, Utah"
DragonForce,e7ef8335-38df-4e5b-a03f-0fb95c4e0f74,rudolf-med.com,country,,DE | Germany,verified,https://rudolf-med.com/en/imprint/,RUDOLF Medical imprint,official website or corporate record,2026-09-27,high,"Official imprint identifies Fridingen, Germany"
DragonForce,359e6804-203a-4e08-977f-05638002dcaf,Travel of America,country,,US | United States,verified,https://www.travelofamerica.com/,Travel of America website,official website or corporate record,2026-09-27,high,Official website identifies a California travel seller registration; business listing confirms California address
DragonForce,b6165216-5c83-4743-aa5b-d26f47af293a,edtg.com,country,,US | United States,verified,https://www.edtg.com/contact.aspx,El Dorado Trading Group contact page,official website or corporate record,2026-09-27,high,"Official contact page identifies Mountain View, California, United States"
DragonForce,14fb8686-9317-496b-b9af-d674002cd614,Elara Engineering,country,,US | United States,verified,https://elaraeng.com/contact/,Elara Engineering contact page,official website or corporate record,2026-09-27,high,Official contact page identifies Illinois offices
DragonForce,174bc965-9627-47d9-9ef8-76b59d115634,Alliance Select Foods International,country,,PH | Philippines,verified,https://corporate.allianceselectfoods.com/wp-content/uploads/2025/05/SEC-Form-20-IS-Definitive-Information-Statement-2025.pdf,Alliance Select Foods SEC filing,official website or corporate record,2026-09-27,high,Official corporate filing identifies the Philippine entity
DragonForce,a4413b32-f2f8-460b-9e74-587d5344a629,M3 Group,country,,US | United States,verified,https://m3group.biz/,M3 Group website,official website or corporate record,2026-09-27,high,Official website identifies Michigan offices
DragonForce,d692cde6-2430-44da-b73a-ea6915106b18,Construction Equipment Parts,country,,US | United States,verified,https://ceparts.com/contact-us/,Construction Equipment Parts contact page,official website or corporate record,2026-09-27,high,"Official contact page identifies Chesapeake, Virginia"
DragonForce,0a55f8e8-d1c2-40ab-a7dd-d50f8ef13651,gasteiger.design,country,,AT | Austria,verified,https://gasteiger.design/impressum/,Gasteiger imprint,official website or corporate record,2026-09-27,high,"Official imprint identifies Aurach bei Kitzbuehel, Austria"
DragonForce,f6f5fb28-de88-4f94-8735-b1e63761fcf7,Dynex/Rivett,country,,US | United States,verified,https://www.dynextechnologies.com/contact-us,Dynex Technologies contact page,official website or corporate record,2026-09-27,high,"Official contact page identifies Chantilly, Virginia headquarters"
DragonForce,61e8d563-1b2b-423f-add3-1b967492af86,Encompass,country,,US | United States,verified,https://encompass-inc.com/contact-us/,Encompass Solutions contact page,official website or corporate record,2026-09-27,high,"Official contact page identifies Greensboro, North Carolina headquarters"
DragonForce,35757642-d38d-4eb3-9616-966e5fc7713b,Aegis Project Controls,country,,US | United States,verified,https://www.consultaegis.com/contact/,Aegis contact page,official website or corporate record,2026-09-27,high,"Official contact page identifies Silver Spring, Maryland headquarters"
DragonForce,6d6a1271-80b5-43d4-82fe-fefebc089d5c,Zelenkofske Axelrod,country,,US | United States,verified,https://zallc.org/subpage.php?link=contactus,Zelenkofske Axelrod contact page,official website or corporate record,2026-09-27,high,Official contact page identifies Pennsylvania-based offices
DragonForce,2824472f-f90e-4d10-99e1-d39c02a6438a,mapsweb.com,country,,US | United States,verified,https://www.mapsweb.com/,MAPS website,official website or corporate record,2026-09-27,high,"Official website identifies Leavenworth, Kansas headquarters"
DragonForce,f9fde2c7-00dc-44e5-9096-5b2943c6e395,traceenv.com,country,,US | United States,verified,https://www.traceenv.com/wp-content/uploads/2019/09/Trace_WebDAS2K.pdf,TRACE Environmental product document,official website or corporate record,2026-09-27,high,"Official document identifies Sparta, New Jersey headquarters"
DragonForce,2c740bbf-6650-422e-bee7-f04df28a3e92,Wayco Inc,country,,US | United States,verified,https://waycoinc.com/contact-us,Wayco contact page,official website or corporate record,2026-09-27,high,"Official contact page identifies Waymart, Pennsylvania"
DragonForce,143fe1cb-0391-4b13-8e04-2bcd514f463e,Perpetuuiti,country,,SG | Singapore,verified,https://www.ptechnosoft.com/contact/,Perpetuuiti contact page,official website or corporate record,2026-09-27,high,Official contact page identifies Singapore headquarters
DragonForce,19f33588-d8bc-490e-bf95-80ee856cef6a,MicroMarketing,country,,US | United States,verified,https://order.micromarketing.org/ContactUs.aspx,MicroMarketing contact page,official website or corporate record,2026-09-27,high,"Official contact page identifies Old Lyme, Connecticut"
DragonForce,3ecf1364-50e5-4ebb-86d0-5fcf71e54979,Oriska Insurance,country,,US | United States,verified,https://oriskainsurance.com/privacy-policy/,Oriska Insurance privacy policy,official website or corporate record,2026-09-27,high,"Official privacy policy identifies Oriskany, New York"
DragonForce,2e34ddb0-f34d-4565-bd63-ba3dc3c85282,wiproferretto.com,country,,IT | Italy,verified,https://www.wiproferretto.com/index.cfm/en/contact-us/,Wipro Ferretto contact page,official website or corporate record,2026-09-27,high,"Official contact page identifies San Polo d'Enza, Italy"
