group,victim,industry,company_url,post_date,photos,status,countdown_hours_left,uuid,source_file
qilin,The Gran Hotel Ingles,Hospitality,http://www.granhotelingles.com,2026-09-17,0,published,,3343be57-81f3-4d30-9288-164ff3e08a4c,2026-09-17_onion_page001.html
qilin,Techwise,Business Services,http://www.techwise.com.ar,2026-09-17,0,published,,cb9f4dc6-aaa4-4f2e-bd06-1ed0bcadf0c5,2026-09-17_onion_page001.html
qilin,In The Company of Huskies,Advertising & Marketing,http://www.inthecompanyofhuskies.com,2026-09-16,0,published,,ec979c95-ef83-4795-bd28-0f493f2488ca,2026-09-17_onion_page001.html
qilin,Reddrop Group,Grocery Retail,http://www.reddrop.com.au,2026-09-16,0,published,,c394bf70-d7e3-4abc-a1ee-75daf9e0992c,2026-09-17_onion_page001.html
qilin,Thema Foundries,Business Services,http://www.thema-foundries.com,2026-09-16,7,pending,216,37cc9331-88ba-48f1-ab5c-a4636f8fbd84,2026-09-17_onion_page001.html
qilin,Aarsleff,Construction,http://www.aarsleff.se,2026-09-16,13,published,,6670e26d-3391-43e8-bcb6-f00c2ba10bc7,2026-09-17_onion_page001.html
qilin,Thorndale Foundation,Non-Profit & Charitable Organizations,https://www.thorndale.com.au/,2026-09-15,6,published,,37d18455-0338-497c-a8dd-0897783de757,2026-09-17_onion_page001.html
qilin,Taurus Ibérica,Real Estate,http://www.taurusiberica.com,2026-09-15,9,pending,192,e736dba2-53b9-47d9-ab90-d0323a16d52c,2026-09-17_onion_page001.html
qilin,Montana Civil Contractors,Civil Engineering Construction,http://www.montanacivil.com,2026-09-15,0,published,,d65e87f6-87ac-4c71-9a14-28a43dac92a0,2026-09-17_onion_page001.html
qilin,Resolve Law Group,Law Firms & Legal Services,http://www.resolvelawgroup.com,2026-09-15,22,pending,72,6ad7379f-bc30-496b-97dd-cf671089f9ad,2026-09-17_onion_page001.html
qilin,ADM,Food & Beverage,http://www.adm.com,2026-09-15,0,published,,139dec8c-f16d-4463-8545-768524251858,2026-09-17_onion_page001.html
qilin,Bravo Group,Freight & Logistics Services,http://www.bravotankers.com,2026-09-15,0,published,,915681b7-127a-4db5-a18a-952d77b7e01f,2026-09-17_onion_page001.html
qilin,Incrys,Business Services,http://www.incrys.com,2026-09-15,0,published,,d4f33d3a-df92-4eed-9c31-9d38f2c19774,2026-09-17_onion_page001.html
qilin,Geieg,Fitness & Dance Facilities,http://www.geieg.cat,2026-09-15,17,pending,59,2ef6fb03-1fbe-4abd-a5fe-a426aa536a01,2026-09-17_onion_page001.html
qilin,Foremost Mfg,Building Materials,http://www.foremost-mfg.com,2026-09-14,0,pending,72,8c383a4f-657f-492e-b53f-2c8e1f7e969f,2026-09-17_onion_page001.html
qilin,Minmer Global,Freight & Logistics Services,http://www.minmerglobal.com,2026-09-14,0,pending,144,b0a73afa-8691-486a-993f-e8ee4f7b9708,2026-09-17_onion_page001.html
qilin,RoadEx America,Freight & Logistics Services,https://www.roadexamerica.com,2026-09-14,0,pending,338,c2ad6e8b-c40f-4eae-adc9-a5af23fe3a1c,2026-09-17_onion_page001.html
qilin,"Winston Contracting, LLC",Business Services,http://winstoncontracting.com,2026-09-14,0,published,,9c77bb42-e3c4-49d5-8fdb-a097b73fb156,2026-09-17_onion_page001.html
qilin,Vitar Group,Electronics,http://www.vitargroup.com,2026-09-14,0,pending,96,1d29235a-7712-4e5a-a994-c4f62ec7831d,2026-09-17_onion_page001.html
qilin,Alicotrans,Freight & Logistics Services,http://www.alicotrans.com,2026-09-14,17,published,,3c7074c9-ccce-42c3-99a3-8bd348be3be2,2026-09-17_onion_page001.html
qilin,Gilco Scaffolding,Construction,http://www.gilcoscaffolding.com,2026-09-13,0,published,,1533a709-2f85-43a0-a314-83dcdd269b2f,2026-09-17_onion_page002.html
qilin,CARIDRO VAL DE LOIRE,Business Services,http://caridrovaldeloire.fr,2026-09-13,0,published,,224e65b0-92cc-464a-871e-518f88a99685,2026-09-17_onion_page002.html
qilin,Imperial Healthcare Solutions,Healthcare Services,http://Imperial Healthcare Solutions,2026-09-11,11,pending,28,c696224e-7b55-42fd-975d-523482859420,2026-09-17_onion_page002.html
qilin,Bcfpers,Insurance,http://www.bcfpers.org,2026-09-10,0,published,,1671bafb-3a12-471f-ab16-870a1f47257e,2026-09-17_onion_page002.html
qilin,"Mitsuwa Trading Co., Ltd",Business Services,http://e-mitsuwa.com/,2026-09-09,0,published,,84596ac3-df07-4e54-9c58-c25effad7e42,2026-09-17_onion_page002.html
qilin,Jet Specialty,Industrial Machinery & Equipment,http://www.jetspecialty.com,2026-09-09,11,published,,503493c0-dba3-40f5-89ff-e0c9c0619fbf,2026-09-17_onion_page002.html
qilin,Alaska Electrical Apprenticeship,Education,http://www.alaskaelectricalapprenticeship.org,2026-09-08,0,published,,70fa650d-b9a1-4f47-89cb-9551f5266355,2026-09-17_onion_page002.html
qilin,Partners Group SK,Finance,http://www.partnersgroup.sk,2026-09-07,10,published,,ec038569-39b2-414e-bd92-45f99e174f42,2026-09-17_onion_page002.html
qilin,Jbc,"Hand, Power & Lawn-care Tools",http://www.jbctools.com,2026-09-07,9,published,,c2e31628-1690-4103-bed1-43a28ade6e0d,2026-09-17_onion_page002.html
qilin,Bauman Law Group,Law Firms & Legal Services,http://www.baumanlawgroup.com,2026-09-05,0,published,,e46fa1b8-8412-4232-9d35-bec750d2f148,2026-09-17_onion_page002.html
qilin,Philippine Ports Authority,Business Services,http://www.ppa.com.ph,2026-09-05,0,published,,65f2d9fb-d508-4c18-84e1-14defac537bb,2026-09-17_onion_page002.html
qilin,The Big Table,Hospitality,http://www.bigtablegroup.com,2026-09-05,0,published,,58349bee-bd7c-491c-ae26-f8d92e517b40,2026-09-17_onion_page002.html
qilin,Colonial Hyundai,Automotive Parts,http://www.colonialhyundai.com,2026-09-05,0,published,,05e13c6e-47a3-4022-abf1-06eae70f1662,2026-09-17_onion_page002.html
qilin,Nolan Consulting Group,Business Services,http://www.nolancg.com,2026-09-05,0,published,,407b8f19-2224-49bc-8b77-b75fc879d2eb,2026-09-17_onion_page002.html
qilin,G&S Technologies,"Energy, Utilities & Waste",http://www.gstechnologies.com,2026-09-05,0,published,,443343d0-78e2-4240-833c-478a6c9bc3c2,2026-09-17_onion_page002.html
qilin,Jouvet SAS,Construction,http://www.jouvet-sas.fr,2026-09-05,0,published,,ee0464c8-913c-4fec-bf54-04737c76b065,2026-09-17_onion_page002.html
qilin,AP CAPITAL PARTNERS LIMITED,Business Services,http://www.apcapitalpartners.com,2026-09-04,0,published,,1494ea59-5072-4eaa-a7ec-92aa902485ad,2026-09-17_onion_page002.html
qilin,Commission de la construction du Quebec (CCQ),Government,http://www.ccq.org,2026-09-03,17,published,,a2710463-aa0e-4555-be9c-57188ff6434c,2026-09-17_onion_page002.html
qilin,Tanner,Finance,http://www.tanner.cl,2026-09-02,11,published,,285a4356-5f48-45b3-b1ce-a250aab638a8,2026-09-17_onion_page002.html
qilin,Stryker,Manufacturing,http://www.stryker.com,2026-09-02,13,pending,26,848bef28-f46d-4b0d-a680-695fe326d2dd,2026-09-17_onion_page002.html
qilin,Uak University,Education,http://www.usak.edu.tr,2026-09-02,0,published,,759965bf-44b5-4772-93e8-cbd8e8be702b,2026-09-17_onion_page003.html
qilin,Grayson Rural Electric Cooperative,"Electricity, Oil & Gas",http://www.graysonrecc.com,2026-09-02,6,published,,678d1dd9-022a-4521-8317-67e56329d10e,2026-09-17_onion_page003.html
qilin,Inmac,"Architecture, Engineering & Design",http://www.inmac.com.ar,2026-08-31,0,published,,e4d6313d-31ac-4c53-a057-78763996a847,2026-09-17_onion_page003.html
qilin,Allied Recycling,"Energy, Utilities & Waste",http://www.alliedrecycling.ie,2026-08-31,3,published,,e7223d63-284f-41ed-92ad-ff78a88d557a,2026-09-17_onion_page003.html
qilin,Complete Packaging Solutions,Business Services,http://www.completepackaginggroup.com,2026-08-31,6,published,,adec1c55-2d8f-4001-b107-5bc6e3433690,2026-09-17_onion_page003.html
qilin,AFSARD,Finance,http://ipardpa.gov.mk,2026-08-30,0,published,,9136a394-e1a1-47ce-8fe6-16ed813a5d23,2026-09-17_onion_page003.html
qilin,Black Cat Engineering Construction Wll,Civil Engineering Construction,http://www.blackcat.com.qa,2026-08-30,25,published,,9b7d483d-aaa7-4da7-8724-a96e7005d141,2026-09-17_onion_page003.html
qilin,Absolute Consultancy Services,Business Services,http://www.absolutecs.co.uk,2026-08-30,15,published,,633d975c-e73f-462e-95fb-a372b53b600a,2026-09-17_onion_page003.html
qilin,Crystalpharmatech,Business Services,http://www.crystalbiosolutions.com,2026-08-30,17,pending,28,9cc2365a-5fb6-4668-a614-7e65684bb18b,2026-09-17_onion_page003.html
qilin,LAPoco Architects,"Architecture, Engineering & Design",http://www.laparchitects.com,2026-08-29,0,published,,2affb033-7e6a-48cc-be6d-8b0bcb395750,2026-09-17_onion_page003.html
qilin,Neumaticos Corral S.A.,Automotive Parts,http://www.neumaticoscorral.com.ar,2026-08-29,0,published,,5396431c-0700-4548-bcec-1ec417e29773,2026-09-17_onion_page003.html
qilin,CareClinics,0,http://www.careclinics.com.my,2026-08-29,0,published,,d1947ee4-7210-4bf1-8c59-28faa9ac8495,2026-09-17_onion_page003.html
qilin,BLISS 1041,Accounting Services,http://www.bliss1041.com,2026-08-29,0,published,,b03ebcee-148c-41f8-ba2e-30817cb3b4bb,2026-09-17_onion_page003.html
qilin,La Maison Des Travaux,Business Services,http://www.lamaisondestravaux.com,2026-08-29,0,published,,fcb05123-2685-418f-8dd5-4c29a26ce6cb,2026-09-17_onion_page003.html
qilin,The Frame Group,Business Services,http://www.framegroup.com.au,2026-08-29,0,published,,0b334ebb-408d-4b05-ba69-806e10a05580,2026-09-17_onion_page003.html
qilin,AUM Construction,"Electricity, Oil & Gas",http://www.auminc.us,2026-08-29,0,published,,8124695c-39b4-49fa-9835-d01eb7aa9cbb,2026-09-17_onion_page003.html
qilin,Alter Consultores Legales,Law Firms & Legal Services,http://www.alterconsultores.es,2026-08-28,4,published,,f1ab8b65-49c7-48f8-896a-75042a82c095,2026-09-17_onion_page003.html
qilin,Newton County School System,Education,http://www.newtoncountyschools.org,2026-08-28,11,published,,d30bf640-c3c0-4fd8-a03f-1f4a9daf7726,2026-09-17_onion_page003.html
qilin,Cosmocolor SA de CV,Business Services,http://www.cosmocolor.com.mx,2026-08-28,0,published,,920d72a2-e450-4ab2-9540-9fef193bf438,2026-09-17_onion_page003.html
qilin,Tramigo,Software,http://www.tramigo.com,2026-08-28,0,published,,8d83fa74-d33c-47dc-a5a6-c95d5fbabcd5,2026-09-17_onion_page003.html
qilin,DigiGround,Business Services,http://www.digiground.com.au,2026-08-28,0,published,,0cbc2586-f3cd-44fb-9de7-8867f181aac0,2026-09-17_onion_page004.html
qilin,Whitehouse,Accounting Services,http://www.whitehouseandco.com,2026-08-28,0,published,,f570d277-341f-44c6-b130-aa34613d0869,2026-09-17_onion_page004.html
qilin,Infinnium,Law Firms & Legal Services,http://www.infinnium.com,2026-08-28,0,published,,3cdde6d5-319e-44d3-b122-150e36bab273,2026-09-17_onion_page004.html
qilin,Globalport Terminals,Business Services,http://www.globalports.com.ph,2026-08-27,0,published,,c7669cd1-2ccb-423c-b143-1cde8f5b9ebf,2026-09-17_onion_page004.html
qilin,Dotlines,Software,http://www.dotlines.com.sg,2026-08-27,0,published,,87f7f4ad-285e-46b8-9a42-afc956fccac7,2026-09-17_onion_page004.html
qilin,Kling Automaten,Gambling & Gaming,http://www.kling-gmbh.de,2026-08-27,0,published,,53842717-9218-4879-bfe2-2a902c5969d6,2026-09-17_onion_page004.html
qilin,GPS Grothkopp und Partner,Business Services,http://www.gps-stb.de,2026-08-27,0,published,,c7521025-9199-4fb7-90ee-525c06e05792,2026-09-17_onion_page004.html
qilin,Crystalpharmatech,Business Services,http://www.crystalpharmatech.com,2026-08-27,12,pending,28,8417a826-180d-4dfc-8763-09ba335b1c77,2026-09-17_onion_page004.html
qilin,Open Sports,Retail · Pennsylvania,http://www.opensports.com.ar,2026-08-27,0,published,,f47c0dbd-4012-4282-905e-bd9ed4427463,2026-09-17_onion_page004.html
qilin,LGG Advisors,Business Services,http://www.lggadvisors.com,2026-08-27,0,published,,d741e592-139a-4048-95c3-ad4498fc54a2,2026-09-17_onion_page004.html
qilin,Providence Investments,Finance,http://www.providenceinvestments.com,2026-08-27,0,published,,dd0f8be9-ac24-420c-80ec-d928241b7a66,2026-09-17_onion_page004.html
qilin,Displaydata,Electronics,http://www.displaydata.com,2026-08-27,0,published,,b023a9b8-01ac-4305-8c15-a37fe44350ab,2026-09-17_onion_page004.html
qilin,DAB Investments,Construction,http://www.dabinvestments.com,2026-08-27,0,published,,bbfd0a40-ca67-4852-9ba4-4857e21402ff,2026-09-17_onion_page004.html
qilin,KenEp Resources,"Architecture, Engineering & Design",http://www.kenep.com.my,2026-08-26,0,published,,6c38b5e8-23c9-4fe7-973c-fb814e146598,2026-09-17_onion_page004.html
qilin,Sanatorio Modelo de Caseros,0,http://www.sanatoriomodelo.com.ar,2026-08-26,0,published,,a367490f-d9fa-4df8-b65e-4eac8955ed12,2026-09-17_onion_page004.html
qilin,California Truck Equipment,Business Services,http://www.ctec-truckbody.com,2026-08-26,0,published,,788a7784-f1c2-48d4-beae-bcdbf5973de0,2026-09-17_onion_page004.html
qilin,Metal Conversions,Building Materials,http://www.metalconversions.com,2026-08-26,0,published,,857e639e-329d-4ba8-919e-44a56704733a,2026-09-17_onion_page004.html
qilin,WireCo,Manufacturing,http://www.wireco.com,2026-08-26,37,published,,9462bcb7-b908-424f-b0c4-8e7c4a075eb4,2026-09-17_onion_page004.html
qilin,ATF,Government,http://www.atf.gov,2026-08-26,0,published,,a661af42-3110-4893-bd9f-2e8a29190dc9,2026-09-17_onion_page004.html
qilin,Air International Thermal Systems,Automotive Parts,http://www.ai-thermal.com,2026-08-26,3,published,,8f547a67-d984-4212-bfb2-ac38b169df36,2026-09-17_onion_page004.html
qilin,Brazosport College,Education,http://www.brazosport.edu,2026-08-25,13,published,,f9fc3799-af50-49d0-86b2-1fae5094aa91,2026-09-17_onion_page005.html
qilin,SC PaderTeG Cabluri Electrice,Manufacturing,http://www.paderteg.ro,2026-08-25,,published,,67b118f1-0db6-4685-95b4-8dcd8bff0d5d,2026-09-17_onion_page005.html
qilin,STRUCTURED SETTLEMENT CAPITAL LLC,Finance,http://www.123lumpsum.com,2026-08-25,19,published,,355e0d6d-19fd-4e02-9f70-da6666795de4,2026-09-17_onion_page005.html
qilin,AGROLAND S.A.,Agriculture,http://www.agroland.com,2026-08-25,0,published,,5e373bb8-3007-4974-b346-3c9f49b365ea,2026-09-17_onion_page005.html
qilin,Consultores de Seguros,Insurance,http://www.consegsa.com,2026-08-24,5,published,,3d339ba7-a05c-4817-aea1-650ff6ea3a3f,2026-09-17_onion_page005.html
qilin,A&E + SMA Design,"Architecture, Engineering & Design",http://www.ae.design,2026-08-24,0,published,,a856aee8-ed3d-46cd-9bb3-4927bb0fc8d2,2026-09-17_onion_page005.html
qilin,S.E.M.P. s.r.l.,Business Services,http://www.semp.it,2026-08-23,10,published,,8324d05a-396f-4f6f-8364-6458f90564f5,2026-09-17_onion_page005.html
qilin,Tecnici Associati STP,"Architecture, Engineering & Design",http://www.Tecnici Associati STP.it,2026-08-23,17,published,,605bcb17-be93-4198-b9bd-989d66c1d7e9,2026-09-17_onion_page005.html
qilin,Euroflora srl,Business Services,http://www.euroflorasrl.it,2026-08-23,0,published,,d84a7b03-b1cb-4442-998a-29759d96f560,2026-09-17_onion_page005.html
qilin,Studio BOLDRIN PAOLO,Real Estate,http://www.paoloboldrin.it,2026-08-23,17,published,,81079a29-ab55-4c4e-a6ce-317fca6ccb5c,2026-09-17_onion_page005.html
qilin,Aurore Development S.p.A.,Business Services,http://www.auroredevelopment.it,2026-08-23,12,published,,3f4a1190-8da1-4306-9b22-1bf89595987e,2026-09-17_onion_page005.html
qilin,Difor,Automotive Parts,http://www.difor.cl,2026-08-23,0,published,,3906c9b9-afdc-4de4-ac47-043e4f4ee09b,2026-09-17_onion_page005.html
qilin,Clear Align,Manufacturing,http://www.clearalign.com,2026-08-23,0,published,,98f70590-55ac-4fc0-ad26-54d18c01461d,2026-09-17_onion_page005.html
qilin,Coldfish Seafood,Food & Beverage,http://www.coldfish.ca,2026-08-21,0,published,,cbcc63b7-5003-454b-a04f-47906c90802a,2026-09-17_onion_page005.html
qilin,iPic,Hospitality,http://www.ipic.com,2026-08-21,0,published,,769179b7-db54-45e8-b3ba-9d7c94951e5d,2026-09-17_onion_page005.html
qilin,Quaker State Mexico,Chemicals & Related Products,http://www.quakerstate.com.mx,2026-08-21,0,published,,59a43842-d0d8-41db-ab38-2cd125d91db2,2026-09-17_onion_page005.html
qilin,Cinépolis,Hospitality,http://www.cinepolis.com,2026-08-21,4,published,,01be5eca-c028-47e8-add2-46a852dccda7,2026-09-17_onion_page005.html
qilin,Professional,Accounting Services,http://www.wwccpa.com,2026-08-21,0,published,,86a79d53-e85b-47ba-8ae4-bb869cad0dac,2026-09-17_onion_page005.html
qilin,Gindre India,Manufacturing,http://www.gindre.com,2026-08-21,11,published,,a4a0d54e-27c5-45ec-a3aa-39184e012167,2026-09-17_onion_page005.html
qilin,Blake Services,Accounting Services,http://www.blakeservices.us,2026-08-20,0,published,,dab4ef20-3fbb-4db3-a653-66247f20272f,2026-09-17_onion_page005.html
qilin,The Pendas Law Firm,Law Firms & Legal Services,https://www.pendaslaw.com/,2026-08-20,0,published,,9859bcba-a0f1-4b0a-9653-a68d5327e833,2026-09-17_onion_page006.html
qilin,Trends And Concepts,Construction,http://www.trendsandconceptsinteriors.com,2026-08-20,0,published,,2bfe5896-59d5-44f2-8311-d2be2f67209f,2026-09-17_onion_page006.html
qilin,Provite,Business Services,http://www.provite.nl,2026-08-20,0,published,,941da7fa-6ff3-452c-9127-15fa05660c79,2026-09-17_onion_page006.html
qilin,Questronix,Business Services,http://www.questronix.com.ph,2026-08-20,0,published,,33182c8f-74a1-4af9-ba49-b7efdffd6217,2026-09-17_onion_page006.html
qilin,Semana,Advertising & Marketing,http://www.semana.es,2026-08-19,2,published,,398be48d-63a4-4708-9788-1ff935ef6de5,2026-09-17_onion_page006.html
qilin,Movitecnica,Industrial Machinery & Equipment,http://www.movitecnica.com.pe,2026-08-19,0,published,,9432f6c7-5205-4a05-a773-8ee39868e21b,2026-09-17_onion_page006.html
qilin,Constructora Jimenez,Construction,http://www.constructorajimenez.com,2026-08-19,0,published,,b0791915-9158-4565-adc6-3ffa3b4588d3,2026-09-17_onion_page006.html
qilin,Estech,Business Services,http://www.estech-design.com,2026-08-19,0,published,,7d12c129-ab3f-4b31-8d27-168dc88a06f7,2026-09-17_onion_page006.html
qilin,Thrifty Building Supply,Home Improvement & Hardware Retail,http://www.thriftybuilding.com,2026-08-19,0,published,,f9c78af5-da6e-409e-8916-f40601f00a99,2026-09-17_onion_page006.html
qilin,Philippe Hottinguer Finance,Finance,http://www.philippehottinguer.com,2026-08-19,0,published,,576ca72f-43d1-4fa7-83e2-78db0524ab3f,2026-09-17_onion_page006.html
qilin,InVentry,Software,http://www.inventry.co.uk,2026-08-19,0,published,,ac23046b-ae6c-4f3e-a882-a07d0bf2ae6e,2026-09-17_onion_page006.html
qilin,WIS LOGISTICS,Freight & Logistics Services,http://www.wislogistics.com,2026-08-19,0,published,,c5c36680-2816-4e3c-af6d-270e02802938,2026-09-17_onion_page006.html
qilin,Smart Energies,"Electricity, Oil & Gas",http://www.smart-energies.eu,2026-08-19,0,published,,cf78de2d-e2cc-4ec1-9100-42954ad8060f,2026-09-17_onion_page006.html
qilin,Medochemie,Manufacturing,http://www.medochemie.com,2026-08-19,0,published,,36ee3678-0869-4855-84d6-6c24da6b0595,2026-09-17_onion_page006.html
qilin,Berlin Brandenburgische Wohnungsbaugenossenschaft,Real Estate,http://www.bbwbg.de,2026-08-18,0,published,,e32521d0-321e-4489-9db8-5a937a8d9fce,2026-09-17_onion_page006.html
qilin,EmpireWorks,Construction,http://www.empireworks.com,2026-08-17,0,published,,f2aec5e0-95f3-4ad9-8856-594786b67984,2026-09-17_onion_page006.html
qilin,"White-Daters & Associates, Inc",Construction,https://www.whitedaters.com/,2026-08-17,0,published,,2fb4586b-aa0e-43f6-9032-4674e0ec567e,2026-09-17_onion_page006.html
qilin,GSW Gemeinschaftsstadtwerke GmbH,"Electricity, Oil & Gas",http://www.gsw-kamen.de,2026-08-17,0,published,,deca91c9-6f89-4a66-8100-9c70cd25f8f1,2026-09-17_onion_page006.html
qilin,Spoonful of Comfort,Grocery Retail,http://www.spoonfulofcomfort.com,2026-08-16,0,published,,217d66b0-ffa4-4bf9-b90a-92571dd1ff70,2026-09-17_onion_page006.html
qilin,Coface,Insurance,http://www.coface.it,2026-08-16,0,published,,6a247e78-b643-4a64-b2fb-c884d66e3249,2026-09-17_onion_page006.html
qilin,AGUNSA,Freight & Logistics Services,http://www.agunsa.com,2026-08-16,0,published,,deff5c6c-c54e-48fe-aedf-d9f90a9e9c12,2026-09-17_onion_page007.html
qilin,WEBA Meubelen,Business Services,http://www.weba.be,2026-08-16,20,published,,66e54324-f0ab-4773-9d5e-ebbeb662fa59,2026-09-17_onion_page007.html
qilin,Mulino Padano,Food & Beverage,http://www.mulinopadano.it,2026-08-16,14,published,,2360c1a5-999d-480c-92a7-9867370a8051,2026-09-17_onion_page007.html
qilin,Megawide,Construction,http://www.megawide.com.ph,2026-08-16,0,published,,452339ce-71d9-40e3-9af4-95eb820a0be8,2026-09-17_onion_page007.html
qilin,INVENSITY,Business Services,http://www.invensity.com,2026-08-16,0,published,,e449b4d8-017b-4884-9798-2fe7da3cf0a1,2026-09-17_onion_page007.html
qilin,Desatera Sdn Bhd,Business Services,http://www.desatera.com.my,2026-08-16,0,published,,573d5082-4973-4a85-ba93-a924bcb1f03c,2026-09-17_onion_page007.html
qilin,Stade Francais,Business Services,http://www.stadefrancais.com,2026-08-15,18,published,,cf92d143-33d6-4dde-99d8-9550eee4ef74,2026-09-17_onion_page007.html
qilin,DELTA WAYS,Healthcare Services,http://www.deltaways.de,2026-08-15,0,published,,36fd56c5-beb5-4603-a83d-e57f7033a1c5,2026-09-17_onion_page007.html
qilin,ASCII Group,Business Services,http://www.asciigroup.com,2026-08-15,0,published,,ed7ed937-727c-4371-9d4d-4502c16433b2,2026-09-17_onion_page007.html
qilin,Arnall Golden Gregory,Law Firms & Legal Services,http://www.agg.com,2026-08-15,0,published,,d9559304-65e3-4e4a-bd09-1458a353040a,2026-09-17_onion_page007.html
qilin,Jone Précision,Manufacturing,http://www.joneprecision.com,2026-08-15,0,published,,40c19069-fd91-4f43-846b-71806c93607a,2026-09-17_onion_page007.html
qilin,FERRARI MANGIMI SRL,Business Services,https://lavoroperte.regione.emilia-romagna.it/offerte-lavoro/piacenza/meccanico-auto-sarmato/507478,2026-08-14,0,published,,20b0f435-7e06-4b3f-a805-8a8739b3eaab,2026-09-17_onion_page007.html
qilin,MOSAID Technologies,Finance,http://www.mosaid.com,2026-08-14,25,published,,d8c30b26-e682-4a35-9f0b-ba5d89532a10,2026-09-17_onion_page007.html
qilin,Connections,Hospitality,http://www.connections.be,2026-08-14,7,published,,bd697a46-b40e-465b-bb87-3be33c8047e0,2026-09-17_onion_page007.html
qilin,Aletex Group,Manufacturing,http://www.aletex.net,2026-08-14,0,published,,26737f12-4b99-468b-8106-1127bd7f98a5,2026-09-17_onion_page007.html
qilin,Radiant,Software,http://www.radiants.com,2026-08-14,0,published,,cc2f4575-21b9-4a39-911f-ff46b675f64c,2026-09-17_onion_page007.html
qilin,Urban Worldwide,Business Services,http://www.urbanworldwide.com,2026-08-14,0,published,,72327559-ff5b-4769-99b2-5c59365f99f3,2026-09-17_onion_page007.html
qilin,Lercher Werkzeugbau,Industrial Machinery & Equipment,http://www.lercher.at,2026-08-14,0,published,,0a89537d-3153-43ab-818b-ea2994bb5459,2026-09-17_onion_page007.html
qilin,Grupo ABC,Building Materials,http://www.grupoabc.mx,2026-08-13,0,published,,7b7cc53e-70de-441b-b8b6-cc942dfdc76a,2026-09-17_onion_page007.html
qilin,D & J Beverage Service,Grocery Retail,http://www.dandjbeverage.com,2026-08-13,0,published,,775c1b28-1eb6-4ee7-b14f-277932b229d4,2026-09-17_onion_page007.html
qilin,United Association Local Union 345,Membership Organizations,http://www.ua345.org,2026-08-12,3,published,,6ab8ea48-5461-4614-a76a-a70fd3a42589,2026-09-17_onion_page008.html
qilin,Miller Stratvert,Law Firms & Legal Services,http://www.mstlaw.com,2026-08-12,,published,,0f40bc6a-9087-4410-b655-bdece4af8959,2026-09-17_onion_page008.html
qilin,Wanted,Business Services,http://www.teamwanted.nl,2026-08-12,0,published,,fb9a3982-5863-4b3f-8621-5ffe07df3847,2026-09-17_onion_page008.html
qilin,Crown Group,Business Services,http://www.crowngroup.com.pk,2026-08-11,12,published,,6072235c-e4c9-4151-b086-8e83ed5b9fd7,2026-09-17_onion_page008.html
qilin,G.M.A. GRANDI MARCHE AUTOMOBILI - S.R.L,Business Services,http://autogma.it,2026-08-11,17,published,,4e83e92f-9bdd-4f12-907b-e98a783774fe,2026-09-17_onion_page008.html
qilin,Service Evaluation Concepts,Advertising & Marketing,http://www.serviceevaluation.com,2026-08-11,7,published,,801161a8-5902-4a46-bebb-0162cc2d2990,2026-09-17_onion_page008.html
qilin,tommer construction,Civil Engineering Construction,http://www.tommerconstruction.com,2026-08-11,0,published,,9e4c0161-1011-4c9a-88f7-412512a69477,2026-09-17_onion_page008.html
qilin,HIGEN MOTOR(critical data),Industrial Machinery & Equipment,http://www.higen.co.kr,2026-08-10,0,published,,42480710-90bb-40d8-a036-99178d61af50,2026-09-17_onion_page008.html
qilin,Seufert Construction,Construction,http://www.seufertconstruction.com,2026-08-10,0,published,,12f33cc7-8c08-4056-86a7-61bf4ced8aab,2026-09-17_onion_page008.html
qilin,B Wright Drywall,Construction,http://www.bwrightdrywall.com,2026-08-10,0,published,,c579404e-4bb7-4cee-b62a-e7119942263a,2026-09-17_onion_page008.html
qilin,pm-energy Die Solarexperten,Business Services,http://pm-energy.de,2026-08-09,9,published,,bc867830-0246-450d-bbae-f93b24ef345d,2026-09-17_onion_page008.html
qilin,Harplast SRL,Business Services,http://www.HARPLAST.ro,2026-08-09,0,published,,9b358bc3-8762-4521-8745-6f84463cf078,2026-09-17_onion_page008.html
qilin,Naval Interior Team,Business Services,http://www.nit.fi,2026-08-09,0,published,,ab374723-8098-489f-b410-22f166d857f1,2026-09-17_onion_page008.html
qilin,Price Shoes,Retail · Pennsylvania,http://www.priceshoes.com,2026-08-09,0,published,,7628b972-0301-4538-b81f-b05da191a574,2026-09-17_onion_page008.html
qilin,Service d'usinage 9002,Industrial Machinery & Equipment,http://www.usinage9002.com,2026-08-09,20,published,,7c0be3ef-a162-4795-8fb1-9d4375a743bd,2026-09-17_onion_page008.html
qilin,Impact Centre Chrétien,Business Services,http://www.impactcentrechretien.com,2026-08-08,8,published,,beeeda5d-f120-4c05-8e03-78c2d8785c59,2026-09-17_onion_page008.html
qilin,CLLS Co Ltd,Industrial Machinery & Equipment,http://CLLS.com.sg,2026-08-08,0,published,,519326ff-4372-4dd4-82d5-a11cc4270a2f,2026-09-17_onion_page008.html
qilin,Clausing,Food & Beverage,http://www.clausing-tiefbau.com,2026-08-08,0,published,,6a51158d-1290-4eb0-884a-597a8ffd28a0,2026-09-17_onion_page008.html
qilin,City of Winchester,Government,http://www.winchesterky.com,2026-08-07,,published,,3df43ee6-1240-49b4-beaa-0711e332d8e1,2026-09-17_onion_page008.html
qilin,Depona,Hospitality,http://www.depona.se,2026-08-07,11,published,,2a00e647-2aa5-4227-97f8-73df2d6bf8e4,2026-09-17_onion_page008.html
qilin,Nikan Awasisak Agency,Government,http://www.nikanaa.ca,2026-08-07,0,published,,63e7d7e4-5f75-4113-9b47-10bf1b87fd57,2026-09-17_onion_page009.html
qilin,EISNER ZT GMBH,Construction,http://www.zteisner.at,2026-08-07,0,published,,974b106a-a203-4569-b4e4-a567d7e21946,2026-09-17_onion_page009.html
qilin,Filtronic,Manufacturing,http://www.filtronic.com,2026-08-07,0,published,,c75881ec-b0e7-4099-aee0-caef7b261b65,2026-09-17_onion_page009.html
qilin,Astro Electroplating,Industrial Machinery & Equipment,http://www.astroelectroplating.com,2026-08-07,0,published,,4906fb28-6622-49df-9338-73f4b4e91a86,2026-09-17_onion_page009.html
qilin,Jakle & Alexander,Law Firms & Legal Services,http://www.jaklelaw.com,2026-08-06,0,published,,72242ba7-5d40-4846-aaa2-074acda345bc,2026-09-17_onion_page009.html
qilin,ALIZE (alize-sud.fr),Business Services,https://alize-sud.fr,2026-08-06,0,published,,26abaf2b-fb11-4a68-a1cb-1cd418b7e57b,2026-09-17_onion_page009.html
qilin,AmSpec,Business Services,http://www.amspecgroup.com,2026-08-06,13,published,,4dc4bd1c-9916-4149-a82b-642a9e23b294,2026-09-17_onion_page009.html
qilin,J&T Bank and Trust,Banking,http://www.jtbanktrust.com,2026-08-06,0,published,,6ff6f42f-5a9e-47f9-8466-1920875d8b0e,2026-09-17_onion_page009.html
qilin,Akuur Law Firm,Law Firms & Legal Services,http://www.akugurlaw.com,2026-08-06,0,published,,37b6cd2d-889f-4ab4-8b97-0d8528ae86ab,2026-09-17_onion_page009.html
qilin,Mera Metal,Furniture,http://www.merametal.pl,2026-08-05,22,published,,02b04460-11bf-4f5e-b8a8-025127a60601,2026-09-17_onion_page009.html
qilin,STADLER Sensorik CNC-Technik,Industrial Machinery & Equipment,http://www.stadlercnc.at,2026-08-05,16,published,,5b9da671-b54b-4836-970a-d34ef5c6e054,2026-09-17_onion_page009.html
qilin,RUPP Spritzguss,Manufacturing,http://www.rupp-spritzguss.de,2026-08-04,0,published,,7d3f7328-c23f-4a74-a9ec-35bfe6c4cfc7,2026-09-17_onion_page009.html
qilin,WD Masonry & Concrete,Construction,http://www.wdmandc.com,2026-08-04,0,published,,27ce89ea-880f-403b-b134-77994baad834,2026-09-17_onion_page009.html
qilin,Bloom Financials,Accounting Services,http://www.bloomfinancials.com,2026-08-04,6,published,,8c155e5e-9652-4932-bacf-267584f65001,2026-09-17_onion_page009.html
qilin,Freedom Claims Management,Insurance,http://www.freedomclaimsinc.com,2026-08-03,17,published,,1715db25-1d32-4f22-913e-fbe4456fd271,2026-09-17_onion_page009.html
qilin,Asset Flooring Group Australia,Construction,http://www.assetflooring.com.au,2026-08-02,0,published,,8c1cae19-8a40-4d7b-a6d2-20f5561aa01e,2026-09-17_onion_page009.html
qilin,Mairie de Drancy,Government,http://www.drancy.fr,2026-08-02,0,published,,1277b405-d795-4d1d-bae9-7bd745f18c79,2026-09-17_onion_page009.html
qilin,Wire Products,Manufacturing,http://www.wireproducts.us,2026-08-02,0,published,,e529c84d-7dce-4795-b526-693855deb497,2026-09-17_onion_page009.html
qilin,Schreiner Trockenbau GmbH,Home Improvement & Hardware Retail,http://www.schreiner-trockenbau.at,2026-08-01,0,published,,30dd3e3c-d83d-4280-8a86-bccef8e6853a,2026-09-17_onion_page009.html
qilin,Pointe Property Group,Real Estate,http://www.pointecre.com,2026-08-01,0,published,,24a692b3-a6f9-4abe-9e03-c357aabb3bfe,2026-09-17_onion_page009.html
qilin,Ceragres,Home Improvement & Hardware Retail,http://www.ceragres.ca,2026-08-01,0,published,,c9850007-22b0-48d2-8a78-21b36119ee59,2026-09-17_onion_page010.html
qilin,Dienst Pack Systems,Industrial Machinery & Equipment,http://www.dienst-packsystems.de,2026-08-01,0,published,,9d3a16a9-ade9-48b6-a574-a211eb8cb600,2026-09-17_onion_page010.html
qilin,Commercial Furniture Interiors,"Architecture, Engineering & Design",http://www.cfioffice.com,2026-08-01,0,published,,b5dfe996-d5bf-462e-933e-ed2a10d33da9,2026-09-17_onion_page010.html
qilin,The Saturday Evening Post,Advertising & Marketing,http://www.saturdayeveningpost.com,2026-08-01,0,published,,23bddd4e-4fd9-41f4-8326-e9feb3b80bc5,2026-09-17_onion_page010.html
qilin,The Dcoop,Agriculture,http://www.dcoop.es,2026-07-31,0,published,,2288dc0c-2790-4376-a244-14ca03334646,2026-09-17_onion_page010.html
qilin,Hawaii Family Dental,Healthcare Services,http://www.hawaiifamilydental.com,2026-07-31,4,published,,cba56701-ff57-4242-b845-62b40bcf937d,2026-09-17_onion_page010.html
qilin,"Audio Precision, Inc",Manufacturing,https://www.ap.com/,2026-07-30,5,published,,f37de6ed-24ab-4da1-b31f-9d1ea5fd2727,2026-09-17_onion_page010.html
qilin,TenSparrows,Software,http://www.tensparrows.com,2026-07-30,0,published,,208dc842-462f-4698-8012-4c775d4230af,2026-09-17_onion_page010.html
qilin,Db Tarimsal Enerji,Chemicals & Related Products,http://www.dbtarimsalenerji.com.tr,2026-07-30,0,published,,307ffce1-021d-4e41-88d8-2e860203c0d0,2026-09-17_onion_page010.html
qilin,Affinity Capital,Finance,http://www.affinitycorp.net,2026-07-30,0,published,,64f4ee06-03dc-4857-a00d-db3d4fc4c9ab,2026-09-17_onion_page010.html
qilin,Excel Consultores,Business Services,http://www.excel.com.mx,2026-07-30,0,published,,2d747df3-258f-4cf7-bb51-bac84535c9d5,2026-09-17_onion_page010.html
qilin,Prenisac,Construction,http://www.prenisac.com,2026-07-30,0,published,,66939367-d4ce-4eb0-aee7-8b5f105e1a1e,2026-09-17_onion_page010.html
qilin,Byonyks,Manufacturing,http://www.byonyks.com,2026-07-30,0,published,,a87b7c7e-0b27-4645-ab95-af9452a79966,2026-09-17_onion_page010.html
qilin,Indian Motos Inmot,Automotive Parts,http://www.inmot.com.ec,2026-07-30,0,published,,1c576d86-ae95-48bb-8449-5bb196395dfd,2026-09-17_onion_page010.html
qilin,Orimar,Business Services,http://www.orimar.be,2026-07-30,0,published,,7447e2a7-f4db-466f-9f95-5b57cd5ae6d0,2026-09-17_onion_page010.html
qilin,servitelco,Business Services,http://www.servitelco.com,2026-07-30,0,published,,2e7b30b3-0b77-4c92-81f7-9cc3aedee74e,2026-09-17_onion_page010.html
qilin,Hoc,Freight & Logistics Services,http://www.hocltd.com,2026-07-28,12,published,,7c2d8a4e-d317-43bb-9d60-257266a55f49,2026-09-17_onion_page010.html
qilin,Gran valle negocios,Real Estate,http://www.granvallenegocios.com.ar,2026-07-28,0,published,,a830d214-9f13-4708-8f06-bf1c3021c973,2026-09-17_onion_page010.html
qilin,Groupe Fenwick,Business Services,http://www.fenwick.fr,2026-07-27,0,published,,6dc203a9-ec65-4df7-9c50-b58f1a1d1d10,2026-09-17_onion_page010.html
qilin,Wilbert's,Automotive Parts,http://www.wilberts.com,2026-07-27,0,published,,af6a747d-1fc7-42e2-a953-0c198cf49576,2026-09-17_onion_page010.html
qilin,Contacto Garantido,Finance,http://www.contactogarantido.com,2026-07-26,15,published,,c80be6d9-9f48-4983-8d7d-a66e4387bdac,2026-09-17_onion_page011.html
qilin,Universitatea de Vest „Vasile Goldiș” din Arad,Education,http://www.uvvg.ro,2026-07-26,5,published,,1f231bbf-689b-4a64-be81-ee0b50e736ba,2026-09-17_onion_page011.html
qilin,The Myers Y Cooper,Real Estate,http://www.cooper-co.com,2026-07-25,0,published,,b98eaa24-6c8f-42d6-995b-a76643ad14f8,2026-09-17_onion_page011.html
qilin,Jubilee Jobs,Non-Profit & Charitable Organizations,http://www.jubileejobs.org,2026-07-25,0,published,,c9ce6a7a-10db-4411-b267-a236127da0e2,2026-09-17_onion_page011.html
qilin,Guntert & Zimmerman,Industrial Machinery & Equipment,http://www.guntert.com,2026-07-25,0,published,,fe0866f0-5661-4013-be19-98c2a0c1dfc6,2026-09-17_onion_page011.html
qilin,Principle Diagnostics Laboratory,Healthcare Services,http://www.principlediagnostics.com,2026-07-25,0,published,,5179ba1b-2046-4654-854b-eafbce6e6029,2026-09-17_onion_page011.html
qilin,GURR Abdichtungstechnik GmbH,Construction,http://www.gurr-abdichtungstechnik.de,2026-07-25,0,published,,51da3302-0532-4b68-b3ba-e2e281c1f263,2026-09-17_onion_page011.html
qilin,Highline Community College,Education,http://www.highline.edu,2026-07-24,0,published,,67e53658-cf53-4b9d-a2df-a6b7a9361416,2026-09-17_onion_page011.html
qilin,Kean University,Education,http://www.kean.edu,2026-07-24,0,published,,9f76650e-5eea-4165-9e20-b375488e9ec6,2026-09-17_onion_page011.html
qilin,Ejército Argentino,Government,http://www.argentina.gob.ar/defensa/ejercito,2026-07-24,0,published,,757f6332-ec5a-48e7-8be4-25d31d651506,2026-09-17_onion_page011.html
qilin,ABM Enviro,Industrial Machinery & Equipment,http://www.abmenviro.ca,2026-07-23,17,published,,9f71de4a-ee6f-4382-8148-85ab3c440fc4,2026-09-17_onion_page011.html
qilin,Machinerie P&W,Industrial Machinery & Equipment,http://www.machineriepw.com,2026-07-23,14,published,,68dd90a8-fe7d-405a-87c8-b8d660c18154,2026-09-17_onion_page011.html
qilin,Maui Divers Jewelry,Manufacturing,http://www.mauidivers.com,2026-07-23,12,published,,1d525214-bd75-4cd9-bc4d-0718003410ab,2026-09-17_onion_page011.html
qilin,WellPerf,"Energy, Utilities & Waste",http://www.wellperf.com,2026-07-23,0,published,,e03a3141-5643-405c-98b0-29735f95c049,2026-09-17_onion_page011.html
qilin,AppleOne Properties,Construction,http://www.api.com.ph,2026-07-23,0,published,,b270fcbc-a829-4d7e-8261-079a785eb8c6,2026-09-17_onion_page011.html
qilin,Triton Trading,Industrial Machinery & Equipment,http://www.triton.com.pe,2026-07-23,0,published,,4e3a4d8c-18f4-4c90-9ae8-f0ce5e5b4240,2026-09-17_onion_page011.html
qilin,Cano Industrial,Chemicals & Related Products,http://www.canoindustrial.com,2026-07-23,0,published,,ac01a7e7-945f-4740-b07a-3218ec95cf4a,2026-09-17_onion_page011.html
qilin,Assos Pharmaceuticals,Manufacturing,http://www.assospharma.com,2026-07-23,0,published,,8c8cccb7-9d6a-4de1-9d66-15e6d05003a1,2026-09-17_onion_page011.html
qilin,Corporate 360 Business Solutions,Business Services,http://www.corporate360.ca,2026-07-23,0,published,,4f767c19-c479-4511-899e-576a437a7409,2026-09-17_onion_page011.html
qilin,Sunway Berhad,Real Estate,http://www.sunway.com.my,2026-07-23,14,published,,29c74989-187f-43cd-a8bf-c3d3adfd8b78,2026-09-17_onion_page011.html
qilin,P & A Construction,Civil Engineering Construction,http://www.paconst.com,2026-07-22,0,published,,e3c69462-969a-4bfd-8992-06497d92921c,2026-09-17_onion_page012.html
qilin,Power Funding,Finance,http://www.powerfundingltd.com,2026-07-22,6,published,,2bc4c5e5-464a-43e9-91d6-0b83d1a14000,2026-09-17_onion_page012.html
qilin,Salida Union School District,Education,http://www.salida.k12.ca.us,2026-07-22,9,published,,faf2030b-b0df-4f52-98f9-3931b91b2ad1,2026-09-17_onion_page012.html
qilin,Recsa,Business Services,http://www.recsa.com,2026-07-22,13,published,,78113ab7-502b-474e-b2fc-50a62d9ecf5b,2026-09-17_onion_page012.html
qilin,Primeline Logistics,Freight & Logistics Services,http://www.primeline.ie,2026-07-22,0,published,,165c4546-86f3-4ac8-a44f-3e5c9c4b8862,2026-09-17_onion_page012.html
qilin,Infina Health,Ambulance Services,http://www.infinahealth.com,2026-07-22,0,published,,ae1065e8-9247-4660-8f32-4e7d25fc4f10,2026-09-17_onion_page012.html
qilin,EFU Life Assurance,Insurance,http://www.efulife.com,2026-07-22,7,published,,70799fe1-ba67-406c-bebb-226b73e2c1fc,2026-09-17_onion_page012.html
qilin,Cpcg,Business Services,http://www.cpcgr.com,2026-07-22,0,published,,d5db2e06-b2a3-405f-8354-3783d5e308a1,2026-09-17_onion_page012.html
qilin,Evergreen Title,Insurance,http://www.evergreentitlecompany.com,2026-07-21,14,published,,3a2be923-3c7d-48b9-aa44-380fc15b5215,2026-09-17_onion_page012.html
qilin,RehaVital Gesundheitsservice GmbH,0,http://www.rehavital.de,2026-07-21,10,published,,0a73be27-9f34-45d8-b63d-c4a0a0157f9d,2026-09-17_onion_page012.html
qilin,Postres Reina,Food & Beverage,http://www.postresreina.com,2026-07-21,0,published,,48655caf-4585-42fd-9ab0-386475bc0c00,2026-09-17_onion_page012.html
qilin,Five Star Sheets,Manufacturing,http://www.fivestarsheets.com,2026-07-20,8,published,,46c034cd-c4a3-4124-b93a-35c73f21abdf,2026-09-17_onion_page012.html
qilin,Bolt & Nut Manufacturing,Industrial Machinery & Equipment,http://www.bnml.co.uk,2026-07-20,10,published,,055bff03-344a-4bdb-901b-6b98520d47cd,2026-09-17_onion_page012.html
qilin,Synergy Products,Home Improvement & Hardware Retail,http://www.synergy-trt.com,2026-07-19,0,published,,1b6eeb3c-9231-44bf-ab8b-16c3eb7e2284,2026-09-17_onion_page012.html
qilin,Eana,Business Services,http://www.eana.com.ar,2026-07-19,0,published,,ea827c06-3e50-4215-b031-385307e23c22,2026-09-17_onion_page012.html
qilin,Associated Theatrical Contractors,Hospitality,http://www.associatedtheatrical.com,2026-07-19,0,published,,d5df444b-e533-4535-9797-08f40baf4f0b,2026-09-17_onion_page012.html
qilin,Don Tortaco Mexican Grill,Hospitality,http://www.dontortaco.com,2026-07-19,0,published,,41fcdb99-7cf5-4296-9690-fc9938f213c0,2026-09-17_onion_page012.html
qilin,Famesa,Business Services,http://www.famesa.com.pe,2026-07-19,3,published,,319f4978-5d69-49df-a821-e9debceb58af,2026-09-17_onion_page012.html
qilin,City Ambulance Service,Healthcare Services,http://www.cityambu.com,2026-07-19,5,published,,9a5b2562-d3a3-4b7a-b2fa-2624534ed258,2026-09-17_onion_page012.html
qilin,The Nueva School,Education,http://www.nuevaschool.org,2026-07-18,,published,,f5d63ec4-a191-4de4-a6d1-f0fa52fba59e,2026-09-17_onion_page012.html
qilin,St Martha Catholic Church,Non-Profit & Charitable Organizations,http://www.stmartha.com,2026-07-18,0,published,,be920d01-1289-47d4-a4da-8ebf156a33ad,2026-09-17_onion_page013.html
qilin,Salina Supply,Home Improvement & Hardware Retail,http://www.salinasupply.com,2026-07-18,0,published,,336e1eea-cc38-4572-938d-8f80895e769e,2026-09-17_onion_page013.html
qilin,AK Preparedness,Building Materials,http://www.akpreparedness.com,2026-07-18,0,published,,ce1a0a64-9560-4bbf-8489-b0af28ec8fad,2026-09-17_onion_page013.html
qilin,Droguería Martorani,Drug Stores & Pharmacies,http://www.martorani.com,2026-07-17,14,published,,cddad5ee-72f3-48fd-9310-4858484d5f59,2026-09-17_onion_page013.html
qilin,Mountain Rheumatology,0,http://www.mountainrheumatology.com,2026-07-17,29,published,,7bd70b1f-0098-4b3e-9863-acf22e1cf1f2,2026-09-17_onion_page013.html
qilin,Powder River Heating & Air Conditioning,Construction,http://www.powderriverheating.com,2026-07-17,4,published,,7e150d05-bd34-404d-8824-a10358840d67,2026-09-17_onion_page013.html
qilin,Acosol,"Energy, Utilities & Waste",http://www.acosol.es,2026-07-17,0,published,,06db273a-dad1-49d1-98ea-f59c947de0b6,2026-09-17_onion_page013.html
qilin,Feliubadaló,Grocery Retail,http://www.feliubadalo.com,2026-07-15,11,published,,cd9a8829-4c6d-4835-82c5-58dedb507d9a,2026-09-17_onion_page013.html
qilin,Levin Furniture,Furniture,http://www.levinfurniture.com,2026-07-15,14,published,,21fe1d79-9687-4b3e-8646-659c19380a51,2026-09-17_onion_page013.html
qilin,THL,Finance,http://www.thl.com,2026-07-14,0,published,,725b3a94-7ea7-46f1-bba6-64aebadbe876,2026-09-17_onion_page013.html
qilin,Retelit SpA PIVA,Accounting Services,https://www.retelit.it/,2026-07-14,11,published,,6c4fcaba-e200-43ea-b48b-6e4c03337b27,2026-09-17_onion_page013.html
qilin,Sedemi,Civil Engineering Construction,http://www.sedemi.com,2026-07-14,0,published,,44c613b3-9f46-4e31-a76b-0af290178914,2026-09-17_onion_page013.html
qilin,Busscar de Colombia,Manufacturing,http://www.busscar.com.co,2026-07-13,0,published,,739597b2-88ff-44af-aa22-97024c934e43,2026-09-17_onion_page013.html
qilin,Cemoi,Food & Beverage,http://www.cemoi.fr,2026-07-13,10,published,,e8b95ada-bcb2-4c2b-b537-2f74f12972bd,2026-09-17_onion_page013.html
qilin,Jakub A.S.,Business Services,http://www.jakub.cz,2026-07-13,0,published,,95e521da-d152-4254-b3a5-d5446ff557c0,2026-09-17_onion_page013.html
qilin,Centro Científico e Cultural de Macau,Hospitality,http://www.cccm.gov.pt,2026-07-13,19,published,,0ed24c43-1ad9-440f-acb4-4e2703aa4523,2026-09-17_onion_page013.html
qilin,Counts & Dobyns,Civil Engineering Construction,http://www.countsanddobyns.com,2026-07-13,11,published,,b473596d-9864-4a3e-b518-848362cbcb4f,2026-09-17_onion_page013.html
qilin,Hillebrand Home Health,0,http://www.hillebrandhomehealth.com,2026-07-13,0,published,,8e67cc56-c717-453f-b94c-f1a6b99766a7,2026-09-17_onion_page013.html
qilin,URH Hoteliers,Hospitality,http://www.urh-hoteliers.com,2026-07-13,0,published,,184d06d6-c5b8-4ac9-82f0-b7febaf5eb0f,2026-09-17_onion_page013.html
qilin,"TitanTV, Inc.",Business Services,http://www.titantvinc.com,2026-07-13,0,published,,bc461bc1-70b4-4976-b6e6-6c0c4bf8cc8e,2026-09-17_onion_page013.html
qilin,Danone (International Delights),Food & Beverage,http://www.idelights.com,2026-07-13,6,published,,2a85afa5-7c66-4fe2-a552-df3f6954cb9c,2026-09-17_onion_page014.html
qilin,TeleTronic,Consumer Services,http://www.teletronic.es,2026-07-11,0,published,,d5152f36-9281-4b50-9136-837e59866db4,2026-09-17_onion_page014.html
qilin,Navana Real Estate,Construction,http://www.navana-realestate.com,2026-07-10,0,published,,9acf3fe5-90ad-4918-93fc-4988ca91df8a,2026-09-17_onion_page014.html
qilin,Promotora Zacapu,Manufacturing,http://www.promotorazacapu.com,2026-07-10,0,published,,e5e2fa00-1d2c-4921-bc64-005bac006c8f,2026-09-17_onion_page014.html
qilin,Red Planet Hotels,Hospitality,http://www.redplanethotels.com,2026-07-10,0,published,,242a6cc9-5e6c-4cda-8a28-6bb684772df9,2026-09-17_onion_page014.html
qilin,CRZ Construcciones,Civil Engineering Construction,http://www.crzconstrucciones.com,2026-07-10,0,published,,53072cde-abae-4f7b-b8de-de51d5d95d98,2026-09-17_onion_page014.html
qilin,Global Strategic Business Process Solutions,Business Services,http://www.globalstrategic.com,2026-07-10,0,published,,b0f5ac07-c0fe-4311-a395-078bc298ca8f,2026-09-17_onion_page014.html
qilin,SPACElogic,Hospitality,http://www.spacelogic.com.sg,2026-07-10,0,published,,1b5dabef-3604-486e-a4bb-a6b218d64794,2026-09-17_onion_page014.html
qilin,Inter Power Engineering,Electronics,http://www.interpower-engrg.com,2026-07-09,0,published,,0b1629e6-c218-435b-83ba-ce19b7048191,2026-09-17_onion_page014.html
qilin,Alan F Burke,Accounting Services,http://www.alanburkecpa.com,2026-07-09,0,published,,07a5e6aa-5323-4336-8d8d-7d0f5d12a676,2026-09-17_onion_page014.html
qilin,Bronken's Dist,Business Services,http://www.bronkens.com,2026-07-09,0,published,,f6f03176-3b5f-47fc-b3d6-7128fc0b6931,2026-09-17_onion_page014.html
qilin,Sun Dolphin Boats,Business Services,http://www.sundolphin.com,2026-07-09,0,published,,d645d1da-4301-4b9b-a13f-23ca4e1a712c,2026-09-17_onion_page014.html
qilin,Hum & Jacoby,Accounting Services,http://www.hhjcpas.com,2026-07-09,0,published,,050cc3bc-db0d-470c-a7ff-f9dd5fa3e39e,2026-09-17_onion_page014.html
qilin,Sintax,Law Firms & Legal Services,http://www.sintax.be,2026-07-09,6,published,,09042649-52aa-4c66-9826-ca49ed5c7da0,2026-09-17_onion_page014.html
qilin,Peligro Sports,Retail · Pennsylvania,http://www.peligrosportsnyc.com,2026-07-09,0,published,,55e65e6a-8abe-400a-af69-a5afda4c8eca,2026-09-17_onion_page014.html
qilin,Lechner Massivhaus GmbH,Building Materials,http://www.lechner-massivhaus.de,2026-07-07,0,published,,baa73f69-c924-4036-8d91-9c3e3682228d,2026-09-17_onion_page014.html
qilin,Next Clinics,0,http://www.next-clinics.cz,2026-07-07,5,published,,6496d6c3-7afe-4b66-a9d3-b9a903624ce3,2026-09-17_onion_page014.html
qilin,Accelirate,Business Services,http://www.accelirate.com,2026-07-07,0,published,,8490a0ae-f21b-4277-ad81-80308770ada6,2026-09-17_onion_page014.html
qilin,S.J. Louis,Civil Engineering Construction,http://www.sjlouis.com,2026-07-06,0,published,,0894a7b6-f612-4096-bc99-8ecafeaa427e,2026-09-17_onion_page014.html
qilin,Precision Steel Services,Building Materials,http://www.precisionsteel.org,2026-07-06,0,published,,4a6e9256-83bb-4db4-ab7a-b866120a0bdd,2026-09-17_onion_page014.html
qilin,Keystone Homes,Construction,http://www.gokeystone.com,2026-07-06,0,published,,a2c11fdc-d4e1-48ba-b8f0-439de73aae5a,2026-09-17_onion_page015.html
qilin,Grupo Inteca,Business Services,http://grupointeca.com,2026-07-06,0,published,,59e55ef5-d4ce-4f6a-9aaf-65a9b661b286,2026-09-17_onion_page015.html
qilin,Wood Ellis & Wood CPA,Accounting Services,http://www.woodelliswoodcpa.com,2026-07-06,0,published,,fa10d64c-e114-45c1-9bf5-d7b00fec0578,2026-09-17_onion_page015.html
qilin,Sisint,"Architecture, Engineering & Design",http://www.sisint.pt,2026-07-03,0,published,,dc445be0-dece-4603-88e8-b7578daaabf5,2026-09-17_onion_page015.html
qilin,Sitmatic,Furniture,http://www.sitmatic.com,2026-07-03,0,published,,59fa35e9-0cf8-4178-b372-617f08a8b622,2026-09-17_onion_page015.html
qilin,Goodwill Manasota,Business Services,http://www.experiencegoodwill.org,2026-07-03,0,published,,20de175e-9b1b-48a2-b953-827c18de8aef,2026-09-17_onion_page015.html
qilin,Natural Energy Laboratory of Hawaii Authority,Business Services,http://www.nelha.hawaii.gov,2026-07-03,0,published,,0593aadb-41b1-4205-89d2-b4c476545be4,2026-09-17_onion_page015.html
qilin,Pennant Hills Golf Club,Advertising & Marketing,http://www.pennanthillsgolfclub.com.au,2026-07-02,0,published,,58f96ce6-c718-4160-9b1e-9a4653f88936,2026-09-17_onion_page015.html
qilin,Dixie Beverage,"Electricity, Oil & Gas",http://www.dixiebeverage.com,2026-07-01,0,published,,a9bf0d58-3647-4639-9619-21dbf58dd83c,2026-09-17_onion_page015.html
qilin,Dynamic Laser Solutions Ltd.,Industrial Machinery & Equipment,http://www.dynamiclasersolutions.com,2026-07-01,0,published,,34b7e3d1-82ce-4455-9944-ea6c2ede92fc,2026-09-17_onion_page015.html
qilin,Laughlin Nunnally Hood & Crum,Law Firms & Legal Services,http://www.greenevillelaw.com,2026-07-01,0,published,,2895dd71-2d77-4c70-badf-cd39e1ae9992,2026-09-17_onion_page015.html
qilin,Mattatuck Industrial Scrap Metal,"Energy, Utilities & Waste",http://www.mattatuckscrap.com,2026-07-01,0,published,,2f884907-4973-409e-92dd-5ef8c7f3431a,2026-09-17_onion_page015.html
qilin,Dennis Waters Rental Properties,Business Services,http://Dennis Waters Rental Properties,2026-07-01,0,published,,ba701696-1c93-417d-a1cb-c69e714cc3f2,2026-09-17_onion_page015.html
qilin,Hemmersbach GmbH & Co. KG,Software,http://www.hemmersbach.com,2026-06-30,0,published,,9a9add5c-96a6-46b9-8d94-1b9f29f0dc35,2026-09-17_onion_page015.html
qilin,Chamco,Manufacturing,http://www.chamco.com,2026-06-30,5,published,,e10a7d15-361e-45ad-ba34-0167aa8f7ecf,2026-09-17_onion_page015.html
qilin,Taubensee Steel & Wire,Building Materials,http://www.taubensee.com,2026-06-29,9,published,,2f4db6f0-8327-4987-98ff-2891e4e17bea,2026-09-17_onion_page015.html
qilin,Kunert Fashion,Manufacturing,http://www.kunert.de,2026-06-29,20,published,,4e1db28d-1fa6-4d7c-b4cf-4477b4db7a5e,2026-09-17_onion_page015.html
qilin,Musashino University,Education,http://www.musashino-u.ac.jp,2026-06-29,15,published,,8eb0e50b-2e9b-4229-8d9b-8a2fa8262c00,2026-09-17_onion_page015.html
qilin,Metal Sur Famin,Industrial Machinery & Equipment,http://www.metalsurfamin.com,2026-06-29,8,published,,cac189ac-d526-4846-bb5b-30664bf942be,2026-09-17_onion_page015.html
qilin,KALIACT ANCHETA et Associs,Law Firms & Legal Services,http://www.ancheta-associes.fr,2026-06-29,0,published,,ccddb420-de65-4577-8d05-f1c349e15103,2026-09-17_onion_page015.html
qilin,Gsma,"Architecture, Engineering & Design",http://www.gsmarchitects.net,2026-06-29,12,published,,04d80cd8-9c4d-472a-87b4-3c29c3d85bb5,2026-09-17_onion_page016.html
qilin,Bristol Place,0,http://www.bristolplace.net,2026-06-29,13,published,,23638b37-efe6-4aac-9206-160607d09b29,2026-09-17_onion_page016.html
qilin,Lam Soon,Food & Beverage,http://www.lamsoon.co.th,2026-06-29,16,published,,b8094546-2286-4db0-aa25-4c12fc65e1be,2026-09-17_onion_page016.html
qilin,Transcore,"Architecture, Engineering & Design",http://www.transcore.com,2026-06-28,0,published,,7a16da08-fd95-4288-931c-49f334ca12ca,2026-09-17_onion_page016.html
qilin,1-800-dentist,Business Services,http://www.1800dentist.com,2026-06-28,23,published,,764d68f8-7f13-45c1-99f9-c8d5ac187a12,2026-09-17_onion_page016.html
qilin,Premier Medical Group,0,http://www.premiermedicalhv.com,2026-06-26,30,published,,2080c2f3-9cfb-4476-a9f2-71a8ad09c124,2026-09-17_onion_page016.html
qilin,Cash Canada,Business Services,http://www.cashcanada.com,2026-06-23,17,published,,3d397a59-749d-4cc5-a06b-83c21549eae2,2026-09-17_onion_page016.html
qilin,Schumacher Homes,Construction,http://www.schumacherhomes.com,2026-06-22,13,published,,2f47ce8d-8f40-49d9-8e70-d7d4e7b877c8,2026-09-17_onion_page016.html
qilin,Central Bank of Libya,Banking,http://www.cbl.gov.ly,2026-06-22,0,published,,7c1bd27c-bdf7-46e1-9aa7-3652fa370f25,2026-09-17_onion_page016.html
qilin,Tri-tec,Business Services,http://www.tri-tec.com,2026-06-21,0,published,,82904dd5-6ccd-4761-8ce6-0ced7832d2e9,2026-09-17_onion_page016.html
qilin,Belz Institutions,Education,http://www.worldofbelz.org,2026-06-21,0,published,,7dad382b-86a3-485d-8467-04ded073949e,2026-09-17_onion_page016.html
qilin,Florida Engineering Services,"Architecture, Engineering & Design",http://www.florida-engineering-services.com,2026-06-21,0,published,,2ec671d4-73db-487a-b84b-cdd8c34d9c61,2026-09-17_onion_page016.html
qilin,Pacific Lamp & Supply,Furniture,http://www.pacificlamp.com,2026-06-20,4,published,,ddab2106-0a8f-42c7-b603-0902afe07626,2026-09-17_onion_page016.html
qilin,FIRMENGRUPPE APPL Holding GmbH,Accounting Services,https://www.appl.de/,2026-06-18,17,published,,49e05aaa-52a8-47cb-9d45-7d3bd4d4c1ce,2026-09-17_onion_page016.html
qilin,Homes By J Anthony,Construction,http://www.homesbyjanthony.com,2026-06-18,0,published,,77f7cac4-5373-48fc-94f2-681e1b7f711d,2026-09-17_onion_page016.html
qilin,ATCOM Outsourcing,Business Services,http://www.atcom.cl,2026-06-18,16,published,,9675a9d6-195d-452e-8110-5952b5cdf7bb,2026-09-17_onion_page016.html
qilin,Makel Companies Group,Electronics,http://www.makel.com.tr,2026-06-18,8,published,,14ac9d80-81f2-4563-a59c-2d835c918589,2026-09-17_onion_page016.html
qilin,Skupina Don Don - GRUPO BIMBO,Food & Beverage,http://www.dondon.si,2026-06-17,10,published,,0e8fef36-3e08-4921-abbd-08a017cb7aca,2026-09-17_onion_page016.html
qilin,MAVA Healthcare,0,http://www.mavamedical.com,2026-06-15,0,published,,8b3c2a08-c4bd-4e1c-9540-43255f5f76a7,2026-09-17_onion_page016.html
qilin,Cng Ty Cp T Vn Xd Tng Hp,"Architecture, Engineering & Design",http://www.nagecco.com,2026-06-15,0,published,,58e310a4-96df-4b40-8f68-c672d84340d8,2026-09-17_onion_page016.html
qilin,Can Healthcare Group,0,http://www.izmircanhastanesi.com,2026-06-15,13,published,,943cd6e8-cb55-4fc7-924e-4e9653fd438e,2026-09-17_onion_page017.html
qilin,Grupo Indi,Civil Engineering Construction,http://www.grupoindi.mx,2026-06-15,0,published,,bc056cc8-657b-4671-8239-82ed5d55952e,2026-09-17_onion_page017.html
qilin,DISTINET MURCIA SL,Business Services,http://www.distinetmurcia.es,2026-06-12,15,published,,1207ed2f-999e-484e-9818-36c88c5b4ec4,2026-09-17_onion_page017.html
qilin,The Banyans Health and Wellness,Healthcare Services,http://www.thebanyans.com.au,2026-06-08,0,published,,ef60ef22-903f-4645-95eb-68ec523e25c9,2026-09-17_onion_page017.html
qilin,Kinetic Education,Education,https://www.kineticeducation.com.au/,2026-06-08,0,published,,048ffcd7-1174-4fb2-986b-fefa9ed83935,2026-09-17_onion_page017.html
qilin,SatCom CX,Business Services,https://www.satcommarketing.com/,2026-06-08,0,published,,3028fcdd-559c-483a-a7e6-3a34914e7096,2026-09-17_onion_page017.html
qilin,Opera Comique,Hospitality,http://www.opera-comique.com,2026-06-08,13,published,,3dd2edca-3ce3-4245-97d4-79dd78b7347b,2026-09-17_onion_page017.html
qilin,Isuzu Motors,Manufacturing,http://www.isuzu-motors.co.th,2026-06-08,12,published,,d8f1fcdc-8f3f-4a6c-b81c-429c0fca2757,2026-09-17_onion_page017.html
qilin,Jay's Catering,Business Services,http://www.myjayscatering.com,2026-06-05,0,published,,3b1d5a52-c0e5-4b60-8a62-914ac986e3db,2026-09-17_onion_page017.html
qilin,Swim-Mor Pools,Civil Engineering Construction,http://www.swimmor.com,2026-06-05,0,published,,33ba9ef2-4761-4501-a216-a4bca21f4382,2026-09-17_onion_page017.html
qilin,Ontario Home Builders' Association,Membership Organizations,http://www.ohba.ca,2026-06-05,0,published,,889c0174-5e2d-4529-b3d8-573c3e53bc5a,2026-09-17_onion_page017.html
qilin,Trican,"Energy, Utilities & Waste",http://www.tricanwellservice.com,2026-06-04,,published,,db9b88e4-dbf1-48ff-99c8-06be32a96a0f,2026-09-17_onion_page017.html
qilin,Eat Salad,Hospitality,http://www.eatsalad.com,2026-06-03,0,published,,9477bb5a-f81e-49b2-8db0-d7b8c1013df5,2026-09-17_onion_page017.html
qilin,MarketJoy,Advertising & Marketing,http://www.marketjoy.com,2026-06-03,0,published,,a8f53c6e-52a8-4a96-a634-2ead5addcca4,2026-09-17_onion_page017.html
qilin,JNP ENG,Industrial Machinery & Equipment,http://www.jnpeng.co.kr,2026-06-03,0,published,,aee7cde8-9c42-42ee-b869-d48cd1a6f7bb,2026-09-17_onion_page017.html
qilin,MEISA - Sines,Business Services,http://www.meisa-e.com,2026-06-03,0,published,,90c319ad-cdab-4d2c-8a5e-e84e0d8242d0,2026-09-17_onion_page017.html
qilin,Commune d'Eyguires,Government,http://www.eyguieres.org,2026-06-02,0,published,,28145869-f2d7-4dc2-9171-a26b63fbd83b,2026-09-17_onion_page017.html
qilin,Nova Medical Products,Retail · Pennsylvania,http://www.novajoy.com,2026-06-02,0,published,,cfb76db3-4ec5-4022-9ab7-60baf6523f09,2026-09-17_onion_page017.html
qilin,Clinica Maitenes,0,http://www.clinicamaitenes.cl,2026-06-02,12,published,,d3ce86e4-82ae-4556-804a-a3da7631e290,2026-09-17_onion_page017.html
qilin,Otthon Centrum,Real Estate,http://www.oc.hu,2026-05-27,0,published,,f9273b15-aa73-467c-9abd-a2fc87d51f05,2026-09-17_onion_page017.html
qilin,William Davis Homes,Construction,http://www.williamdavis.co.uk,2026-05-27,0,published,,4732c352-14af-432f-8a3b-328e5e0d69bc,2026-09-17_onion_page018.html
qilin,Shocco Springs,Hospitality,http://www.shocco.org,2026-05-27,0,published,,1c8ccc14-5830-4052-83e2-ec12c0e5e95c,2026-09-17_onion_page018.html
qilin,Mainstreet Organization of REALTORS,Membership Organizations,http://www.mainstreethomesearch.com,2026-05-27,0,published,,02d6b208-5db6-43ce-bbe7-a72aabbc82b1,2026-09-17_onion_page018.html
qilin,Hamister Group,Holding Companies & Conglomerates,http://www.hamistergroup.com,2026-05-26,0,published,,3a5f1ef5-7aec-4f4e-8f12-f36f57f7008c,2026-09-17_onion_page018.html
qilin,"THOMAS JORDAN, P.A",Manufacturing,http://www.zoominfo.com/p/Thomas-Jordan/7980268,2026-05-24,4,published,,ad79efcf-ab01-4af3-b20e-b291f196740f,2026-09-17_onion_page018.html
qilin,Branded Products,Retail · Pennsylvania,http://www.brandedproducts.com.au,2026-05-24,0,published,,3ef128e0-b18d-46df-88c1-ff2a51ff206f,2026-09-17_onion_page018.html
qilin,Sponseller Group,"Architecture, Engineering & Design",http://www.sponsellergroup.com,2026-05-24,0,published,,6b72489c-ce4c-47c6-a7dd-174e050d9f6e,2026-09-17_onion_page018.html
qilin,ExpoCredit,Finance,http://www.expocredit.com,2026-05-24,0,published,,aeca2b02-d09c-4e56-b06c-8f0b6c06f6c4,2026-09-17_onion_page018.html
qilin,P & G Trading,Grocery Retail,http://www.pgtradingco.com,2026-05-24,0,published,,c796bb04-e35a-429e-aef0-16f8f3d58ed1,2026-09-17_onion_page018.html
qilin,Alpert Slobin & Rubenstein,Law Firms & Legal Services,http://www.asrllp.com,2026-05-24,0,published,,81ae1ad0-8735-4f3a-b3a0-6e8ad72994f1,2026-09-17_onion_page018.html
qilin,Semgrep,Software,http://semgrep.dev,2026-05-22,0,published,,67045d50-5347-4ae2-a610-38593d71994d,2026-09-17_onion_page018.html
qilin,ROTO Immobilien,Real Estate,http://www.roto-immobilien.at,2026-05-21,0,published,,723469f2-6713-46a5-a07c-99f446fd6148,2026-09-17_onion_page018.html
qilin,Vernon & Ginsburg,Law Firms & Legal Services,http://www.vernonginsburg.com,2026-05-21,0,published,,b5d7cd8d-5f29-4f49-b180-326eee4e6ddc,2026-09-17_onion_page018.html
qilin,Snyder Packaging,Manufacturing,http://www.snyderpkg.com,2026-05-21,0,published,,b473a74f-5a6a-404b-956c-aac8458821ca,2026-09-17_onion_page018.html
qilin,Hamer Childs,Law Firms & Legal Services,http://www.hamerchilds.co.uk,2026-05-20,18,published,,c5d607cc-33aa-4006-a808-599dc0997a32,2026-09-17_onion_page018.html
qilin,CJ Architects,"Architecture, Engineering & Design",http://www.cjarchitects.net,2026-05-20,0,published,,b643f9eb-7e30-4836-8955-415480cfe9a6,2026-09-17_onion_page018.html
qilin,Cz Collections,Software,http://www.czcollections.com,2026-05-20,0,published,,7703e181-abfd-4df1-8dfa-42b24cfcae3d,2026-09-17_onion_page018.html
qilin,Zachary Confections,Food & Beverage,http://www.zacharyconfections.com,2026-05-19,0,published,,d6e801e2-91f2-40df-a088-e2cbead6e1aa,2026-09-17_onion_page018.html
qilin,RCR Industrial Flooring,Construction,http://www.rcrindustrialflooring.com,2026-05-18,0,published,,a536837c-3ebd-46d6-bdc4-a3685fe8d6df,2026-09-17_onion_page018.html
qilin,Musée du Bas-Saint-Laurent,Hospitality,http://www.mbsl.qc.ca,2026-05-17,0,published,,7d9b817e-24da-4d8f-a7e2-0b573e3403d4,2026-09-17_onion_page018.html
qilin,The Taylor Provisions,Food & Beverage,http://www.originaltaylorporkroll.com,2026-05-17,0,published,,753fc2a7-1e1a-48ba-aac9-3c5261b3b689,2026-09-17_onion_page019.html
qilin,PNSB Insurance Brokers Sdn Bhd,Insurance,http://www.pnsbinsbroker.com.my,2026-05-17,10,published,,c6ab8717-2893-43ec-bedd-2e47408a917c,2026-09-17_onion_page019.html
qilin,Comercial Echave Turri Limitada,Business Services,http://www.ajj.cl,2026-05-17,9,published,,4bfde194-c842-4903-93cb-68a9de8ba03a,2026-09-17_onion_page019.html
qilin,CLINICA AVELLANEDA MEDICAL CENTER,0,http://CLINICA AVELLANEDA MEDICAL CENTER,2026-05-16,4,published,,f5dd1c52-cb51-4535-a8ee-bfd7ed801e49,2026-09-17_onion_page019.html
qilin,Bangor Wholesale Laminates,Home Improvement & Hardware Retail,http://www.bangorwholesalelaminates.com,2026-05-16,0,published,,ccf753d0-cb74-4b6c-ba5d-fffb06b082bc,2026-09-17_onion_page019.html
qilin,Foot Solutions,Retail · Pennsylvania,http://www.footsolutions.com,2026-05-15,0,published,,e9f74cf9-f2ec-4dfe-882d-6139896b242c,2026-09-17_onion_page019.html
qilin,Cooperativa de Hospitales de Antioquia - COHAN,Government,http://www.cohan.org.co,2026-05-15,11,published,,bd0eebf4-e436-4f46-b7d8-0c21f8fff528,2026-09-17_onion_page019.html
qilin,Delta Electric Power Association,"Electricity, Oil & Gas",http://www.deltaepa.com,2026-05-14,5,published,,c054af1f-76e8-4498-a937-7b0b8b7a1869,2026-09-17_onion_page019.html
qilin,Schulte-Lindhorst GmbH & Co.,Business Services,http://www.schulte-lindhorst.de/impressum.html,2026-05-14,11,published,,fc4e2698-9dcc-4f1f-bc54-cd2ecacf3f68,2026-09-17_onion_page019.html
qilin,Fab-Masters,Industrial Machinery & Equipment,https://www.fabmastersinc.com/,2026-05-14,0,published,,04e96a4b-31cf-4ec4-bcc9-4316c3fb3383,2026-09-17_onion_page019.html
qilin,Bluize,Software,https://www.bluize.com.au/,2026-05-13,0,published,,8289980d-3796-40b2-b594-9f76da9e6380,2026-09-17_onion_page019.html
qilin,Mediapost Spain,Advertising & Marketing,https://www.mediapost.es,2026-05-12,13,published,,c4b65820-1312-4205-a363-068fba9d5828,2026-09-17_onion_page019.html
qilin,AppDirect,Software,http://www.appdirect.com,2026-05-11,0,published,,886cb38b-3505-490e-bc92-10e27a5f138c,2026-09-17_onion_page019.html
qilin,Pangolin Editions,Building Materials,https://www.pangolin-editions.com/,2026-05-11,18,published,,079c1f00-a839-4e03-8f1c-942a5ea058a9,2026-09-17_onion_page019.html
qilin,International Customer Care Services,Business Services,https://iccs.global/,2026-05-11,0,published,,826e3766-2e34-421e-bd2e-39bbf24e9f5d,2026-09-17_onion_page019.html
qilin,SHERIFF,Business Services,http://sheriff.com.ua,2026-05-09,11,published,,ce2b2565-40a3-44c9-8197-26e7524a309e,2026-09-17_onion_page019.html
qilin,Lindabury,Law Firms & Legal Services,http://www.lindabury.com,2026-05-08,11,published,,a3a02ff4-6ea5-4ca2-b31f-bac4da2a40b0,2026-09-17_onion_page019.html
qilin,Shipping Services,Business Services,http://www.ssa-shipping.com.ar,2026-05-08,14,published,,5e73092f-63f0-4de6-8e0d-e4685d4ba88c,2026-09-17_onion_page019.html
qilin,Imex International,Business Services,http://www.imexinter.com,2026-05-08,16,published,,8b23f095-b6b6-4ab4-9be8-07fa4cc59125,2026-09-17_onion_page019.html
qilin,Exco Technologies,Industrial Machinery & Equipment,http://www.excocorp.com,2026-05-08,19,published,,12342335-f1a3-4d9c-9fc1-5737b77cd64d,2026-09-17_onion_page019.html
qilin,BMTP,Business Services,https://bmtp.co.th/,2026-05-06,0,published,,d4384fb9-f35a-4aff-87a8-97cff99398f7,2026-09-17_onion_page020.html
qilin,Time-Cap Labs,Manufacturing,https://www.timecaplabs.com/,2026-05-06,0,published,,ae7d25a0-f7c7-4501-9333-106187fd4c6e,2026-09-17_onion_page020.html
qilin,Asphalt Specialists,Civil Engineering Construction,https://www.asipaving.com/,2026-05-06,11,published,,27c7dd70-6534-4e2c-b794-168ccf525eb7,2026-09-17_onion_page020.html
qilin,Sysco,Grocery Retail,http://www.sysco.com,2026-05-05,3,published,,fab840ed-52a9-4bd6-acf1-c38b4554a845,2026-09-17_onion_page020.html
qilin,Ahorramas,Grocery Retail,https://www.ahorramas.com/,2026-05-05,6,published,,d9c05d3b-e059-44fd-b5ff-e542020cd69b,2026-09-17_onion_page020.html
qilin,Seagate Capital Construction,Construction,https://www.seagatecapitalconstruction.com/,2026-05-04,0,published,,fad3eb9c-b440-44c4-a87a-cb6a6376843b,2026-09-17_onion_page020.html
qilin,Lexus,Automotive Parts,http://www.lexus.ua,2026-05-04,3,published,,cd437699-bc88-4ee5-b912-ccf5cd27dd96,2026-09-17_onion_page020.html
qilin,North Star Signs,Industrial Machinery & Equipment,http://www.northstarsign.com,2026-05-02,0,published,,647579d2-391a-4782-b29c-eef23aaa4bd4,2026-09-17_onion_page020.html
qilin,Martinez & Shanken,Finance,http://www.aztaxcpa.com,2026-05-02,7,published,,6da18069-9099-4633-872f-0fd641e1cd93,2026-09-17_onion_page020.html
qilin,Zinkan & Barker Development,Real Estate,https://www.zinkanandbarker.com/,2026-04-30,0,published,,aa3c8f2e-6d5b-477f-b636-f9440c94ab04,2026-09-17_onion_page020.html
qilin,Jayeff Construction,Construction,https://www.jayeff.com/,2026-04-30,0,published,,70cc7835-9389-4749-9fc3-e9c3d76fc876,2026-09-17_onion_page020.html
qilin,See's Candies,Food & Beverage,https://www.sees.com/,2026-04-30,0,published,,c328ef12-08a6-4fb3-bf54-e441d87d1ced,2026-09-17_onion_page020.html
qilin,Abazia SpA,Industrial Machinery & Equipment,http://www.abazia.com,2026-04-30,0,published,,b2aee6c8-1fce-497b-953f-d84e078c5195,2026-09-17_onion_page020.html
qilin,Philex Mining,Manufacturing,http://www.philexmining.com.ph/,2026-04-30,18,published,,51dc3041-8999-40a5-8651-789673f3481e,2026-09-17_onion_page020.html
qilin,Osool Poultry,Food & Beverage,https://osoolpoultry.com/,2026-04-30,6,published,,b5974ad0-ec65-440d-ace4-77ddeb5cf891,2026-09-17_onion_page020.html
qilin,Jgb,Healthcare Services,https://www.jgb.com.co/,2026-04-30,20,published,,7a7eff3e-4452-42e4-a651-c390bce9e89f,2026-09-17_onion_page020.html
qilin,Eduporium,Business Services,https://www.eduporium.com/,2026-04-29,0,published,,8f6b7088-4865-4606-b73d-1a61073fa27a,2026-09-17_onion_page020.html
qilin,Construction Sciences,"Architecture, Engineering & Design",https://www.constructionsciences.net/,2026-04-28,0,published,,369a1f91-b7bb-4c43-9760-ce8e73a49d91,2026-09-17_onion_page020.html
qilin,HBX Group,Hospitality,https://www.hbxgroup.com/,2026-04-28,5,published,,eb002efc-c6f0-4c5f-9dfe-03ac9bc52bc9,2026-09-17_onion_page020.html
qilin,Lifeline PCS,0,http://www.lifelinepcs.com,2026-04-27,4,published,,9e2a4ac9-7864-4fdb-b2e8-649d1eecc9d0,2026-09-17_onion_page020.html
qilin,Leone Film Group SpA,Broadcasting,http://www.leonefilmgroup.com,2026-04-27,11,published,,3b718f63-7722-4cb9-a8d1-bb32347609c8,2026-09-17_onion_page021.html
qilin,Jens Jensen,Consumer Services,http://jensjensen.dk,2026-04-27,8,published,,64ff6ba5-8399-4e42-a0eb-ba3b77340b6d,2026-09-17_onion_page021.html
qilin,Blantyre Capital,Credit Cards & Transaction Processing,https://www.blantyrecapital.com/,2026-04-27,17,published,,96112ccf-0ed6-4048-b6a5-f909872628e2,2026-09-17_onion_page021.html
qilin,Inspira,0,https://www.inspirapr.com/,2026-04-27,16,published,,5d32509c-b974-483a-ac47-fc04e74e3583,2026-09-17_onion_page021.html
qilin,﻿﻿Muller Technology,Industrial Machinery & Equipment,https://www.muller-technology.com/,2026-04-26,0,published,,f92a2b79-707b-42e4-9335-cfa02313d037,2026-09-17_onion_page021.html
qilin,Longwood Engineering Company,Manufacturing,https://www.longwoodengineering.co.uk/,2026-04-26,0,published,,de45ff0e-e9b3-4b0f-b711-664acc7bb31f,2026-09-17_onion_page021.html
qilin,Istarpal,Education,https://www.istarpal.com/,2026-04-26,0,published,,53b52d91-047d-4b1d-9561-d2c44f340510,2026-09-17_onion_page021.html
qilin,Chase Cooper Limited (RiskLogix Solutions),Software,http://Chase Cooper Limited (RiskLogix Solutions),2026-04-25,0,published,,9653e175-0e80-495b-91f8-78eb6e684399,2026-09-17_onion_page021.html
qilin,Mid Florida Dermatology & Plastic Surgery,0,https://www.midflmed.com/,2026-04-25,0,published,,a1361397-7377-41c6-a91c-0144f3c9374e,2026-09-17_onion_page021.html
qilin,SanCor,Food & Beverage,https://www.sancor.com/,2026-04-25,0,published,,120bce78-580e-4d21-a9b8-b47d01cb5937,2026-09-17_onion_page021.html
qilin,Leistritz Turbine Technology,Business Services,https://turbines.leistritz.com/,2026-04-25,0,published,,de499d1b-c806-4643-befa-6780cfcb1244,2026-09-17_onion_page021.html
qilin,Cahbo Produkter,Building Materials,https://www.cahbo.se/,2026-04-25,0,published,,234117e4-a04b-481d-94d4-a22c68d1c635,2026-09-17_onion_page021.html
qilin,Buckley Powder,Manufacturing,https://www.buckleypowder.com/,2026-04-25,0,published,,ad6e7758-9aed-447e-84c4-3f6a8e3e0b6e,2026-09-17_onion_page021.html
qilin,Marc Cain,Retail · Pennsylvania,https://www.marc-cain.com/,2026-04-24,0,published,,14354888-e288-4bfa-98c1-9a0a1827a06a,2026-09-17_onion_page021.html
qilin,Denso,Automotive Parts,https://www.denso-ts.com/,2026-04-24,0,published,,5cbe8c15-ab75-4cd4-b593-f8e4b70cbcb4,2026-09-17_onion_page021.html
qilin,Priests for Life,Non-Profit & Charitable Organizations,https://www.priestsforlife.org/,2026-04-24,0,published,,95a2e088-2df7-4459-9bf4-9c1635272582,2026-09-17_onion_page021.html
qilin,"City of Napoleon, Ohio",Government,https://www.napoleonohio.com/,2026-04-23,19,published,,60cf33bb-d84a-4ebb-91fa-91199cd5df61,2026-09-17_onion_page021.html
qilin,The FAFS,Business Services,https://www.fafscorp.com/,2026-04-23,0,published,,bad35319-6d38-4e59-958f-8cc3c6546df3,2026-09-17_onion_page021.html
qilin,LA Woodworks,Furniture,https://www.lawoodworksinc.com/,2026-04-22,11,published,,96e2f88b-cd48-4cb7-b6a3-1457ab554fb9,2026-09-17_onion_page021.html
qilin,Dillon Family Medicine,0,https://www.dillonfamilymedicine.com/,2026-04-21,7,published,,23559922-26fd-496f-94cf-6261dc9d58e6,2026-09-17_onion_page021.html
qilin,Ferguson Timar,Finance,https://www.fergusontimar.com/,2026-04-21,0,published,,1bbcec82-5c8c-46ec-9639-20f7c1a47db0,2026-09-17_onion_page022.html
qilin,Safety Engineering Laboratories,Business Services,https://www.safetyengineeringlabs.com/,2026-04-21,0,published,,5151f924-dd51-4654-96ee-4f251051c958,2026-09-17_onion_page022.html
qilin,STERIMED,Manufacturing,http://sterimed.fr,2026-04-21,0,published,,afa2db4c-b35b-40aa-9812-82a35ab9c6bf,2026-09-17_onion_page022.html
qilin,Avitrans,Freight & Logistics Services,https://www.avitrans.com/,2026-04-21,0,published,,630d6424-b8e2-4d05-b67f-1d0e9054c16b,2026-09-17_onion_page022.html
qilin,ruskcountywi.us,Government,https://www.ruskcountywi.us/,2026-04-21,0,published,,52fc0d7f-7cf9-4c90-9519-d886e27197a8,2026-09-17_onion_page022.html
qilin,SafeRain,Industrial Machinery & Equipment,https://www.saferain.com/,2026-04-20,0,published,,6be18f50-6056-4ec9-809e-9ee8e59680dc,2026-09-17_onion_page022.html
qilin,The Go Solution,Business Services,https://www.thegosolution.com/,2026-04-20,0,published,,90ebc9a6-cf80-4514-a4a7-4282a2a56223,2026-09-17_onion_page022.html
qilin,GUEGUEN Avocats,Law Firms & Legal Services,https://www.gueguenavocats.com/,2026-04-20,0,published,,bfe4f5a0-89c7-4751-bce6-b2fb8a332f39,2026-09-17_onion_page022.html
qilin,City'Pro,Education,https://www.city-pro.info/,2026-04-20,0,published,,eedd0eaa-5cd6-4450-b165-24877fb4124d,2026-09-17_onion_page022.html
qilin,Henley,Finance,https://www.henleyandcompany.com/,2026-04-19,15,published,,58b388ea-37db-4113-870f-16d1eb041d0b,2026-09-17_onion_page022.html
qilin,Nanometrics,Manufacturing,https://www.nanometrics.ca/,2026-04-19,0,published,,762b5171-94c3-4331-89b6-75515cad5217,2026-09-17_onion_page022.html
qilin,Tripod Farmers,Agriculture,https://www.tripodfarmers.com.au/,2026-04-17,7,published,,790886be-4286-41dd-827a-4a3cb76bda56,2026-09-17_onion_page022.html
qilin,Roman Catholic Archdiocese of St John,Business Services,https://www.rcsj.org/,2026-04-16,0,published,,88cda16d-bafe-4998-9ff5-ec969afed76a,2026-09-17_onion_page022.html
qilin,Netalia,Business Services,https://netalia.it/,2026-04-16,9,published,,72a08d8f-b2e4-455a-869a-30388525d733,2026-09-17_onion_page022.html
qilin,Clearwater Marine Aquarium,Hospitality,https://www.cmaquarium.org/,2026-04-15,4,published,,90434527-36d5-4890-bc47-ade1576181f9,2026-09-17_onion_page022.html
qilin,Providence Medical Group,0,https://www.provmedgroup.com/,2026-04-15,19,published,,6105bf1b-6bbb-4894-b9fa-fb754442dbbb,2026-09-17_onion_page022.html
qilin,Limkon,Food & Beverage,https://www.limkon.com/,2026-04-15,0,published,,4e1f976e-b3b1-4430-adad-16760a3258c9,2026-09-17_onion_page022.html
qilin,Gruppo ICM SPA,Construction,https://www.gruppoicm.com,2026-04-15,6,published,,ab4ee3d3-82fe-4625-be83-2568706af625,2026-09-17_onion_page022.html
qilin,Després Mécanique Mobile,Business Services,https://www.despresmecanique.ca/,2026-04-13,9,published,,59913704-81a1-4569-84d6-a2d0664db454,2026-09-17_onion_page022.html
qilin,Herth+Buss,Automotive Parts,https://www.herthundbuss.com/,2026-04-13,23,published,,a81a01e9-efa8-46e7-996d-5d89d4395d27,2026-09-17_onion_page022.html
qilin,Sadtek,"Architecture, Engineering & Design",https://www.sadtek.com/,2026-04-10,6,published,,c7d2effa-013e-4fd7-9e49-454cafd5adbe,2026-09-17_onion_page023.html
qilin,Peuker & Alexander,Building Materials,https://www.peuker.com.au/,2026-04-10,0,published,,1d286816-83f6-4c7f-8b72-829a5da94749,2026-09-17_onion_page023.html
qilin,"HIGASHIYAMA INDUSTRIES Co.,Ltd.",Accounting Services,https://www.higashiyama.com/,2026-04-09,22,published,,0e64e426-a68f-4810-9d19-b4f312f0645f,2026-09-17_onion_page023.html
qilin,Guerin Glass,"Architecture, Engineering & Design",https://www.gueringlass.com/,2026-04-09,9,published,,7dfc8f7d-e2c9-4367-ac9a-0f168458508a,2026-09-17_onion_page023.html
qilin,TIS,Construction,https://www.tis.co.uk/,2026-04-09,0,published,,d4410619-b365-4ac1-b2c5-a68bfb90a9d1,2026-09-17_onion_page023.html
qilin,Sonn Law Group,Law Firms & Legal Services,https://www.sonnlaw.com/,2026-04-09,0,published,,ee4211c0-a5fb-4a04-91ab-f3d8bd96f50a,2026-09-17_onion_page023.html
qilin,Autogalerie Heister,Business Services,https://www.heistergruppe.de/,2026-04-09,0,published,,32ace852-0f05-4ef9-904d-74c45b5f4584,2026-09-17_onion_page023.html
qilin,SAAM Towage,Business Services,https://www.saamtowage.com/,2026-04-09,7,published,,9330bbb4-f93a-4624-8ea7-7e846a2721bb,2026-09-17_onion_page023.html
qilin,Nan Liu Enterprises,Manufacturing,https://www.nanliugroup.com/,2026-04-09,15,published,,a634ccc7-f3e7-4772-ba1d-ef6c3ad4f8d8,2026-09-17_onion_page023.html
qilin,HumanEdge,Business Services,https://www.humanedge.com/,2026-04-08,14,published,,5d8ff0bc-58d2-43e8-be7e-20e97609ca42,2026-09-17_onion_page023.html
qilin,Pacific Building Solutions (PBS),Construction,https://www.pacificbuildingsolutions.com/,2026-04-06,9,published,,b32ef175-d8cf-422c-a8ee-4a9fdf4a9aab,2026-09-17_onion_page023.html
qilin,Operinter,Freight & Logistics Services,http://operinter.com,2026-04-06,0,published,,2ed824fa-0fbf-4270-ae75-4bebe51ccc45,2026-09-17_onion_page023.html
qilin,Aroostook Mental Health Services,0,https://www.amhc.org/,2026-04-02,6,published,,ad203a2a-ef60-48ba-880e-f783c593cb7b,2026-09-17_onion_page023.html
qilin,Alamo Heights School District,Education,https://www.ahisd.net/,2026-04-01,10,published,,2c58d92c-4bb2-4101-9644-30386683c86f,2026-09-17_onion_page023.html
qilin,SERAM SpA,Business Services,https://www.seram-fco.it/,2026-03-31,0,published,,0b21b21c-76bd-4913-9c9e-832b3a25c790,2026-09-17_onion_page023.html
qilin,Service Star Freightways,Freight & Logistics Services,https://www.servicestar.ca/,2026-03-31,0,published,,026b52d6-0b11-4451-8800-71456d677c13,2026-09-17_onion_page023.html
qilin,Chickasaw Holding,Accounting Services,https://www.ctsiok.com,2026-03-31,0,published,,acdb26b5-0902-4fca-9e9e-f68560880bf6,2026-09-17_onion_page023.html
qilin,Q-Lab,Manufacturing,https://www.q-lab.com/,2026-03-31,0,published,,8bcf2825-cb6c-47e8-8c77-b9513a4a0371,2026-09-17_onion_page023.html
qilin,Miles Electric,Construction,https://www.mileselectric.com/,2026-03-30,0,published,,730d14af-e2df-46f0-a6c7-c4e3a0596439,2026-09-17_onion_page023.html
qilin,TR Construya,Construction,http://www.trconstruya.es,2026-03-28,0,published,,a177b82f-3a8f-4ba3-8a6a-69c5c8ee24a2,2026-09-17_onion_page023.html
qilin,Fondation Boghossian,"Architecture, Engineering & Design",https://villaempain.com,2026-03-27,2,published,,22fdeee2-3d1a-4070-ac47-101cb9f2ad98,2026-09-17_onion_page024.html
qilin,ACR1.COM Commercial Roofing,Construction,https://www.acr1.com/,2026-03-27,0,published,,84e289c7-b2b6-4cc3-8ad2-a62224940373,2026-09-17_onion_page024.html
qilin,Kerjaya Prospek Group,Construction,https://www.kerjayagroup.com/,2026-03-26,15,published,,089f684d-dbae-4a5d-a167-5d40a161c821,2026-09-17_onion_page024.html
qilin,"Living in green, s. r. o.",Home Improvement & Hardware Retail,https://www.livingingreen.cz/,2026-03-26,18,published,,2eb1ec0e-30e9-4341-b284-872b0db8e4bc,2026-09-17_onion_page024.html
qilin,LP Kolding,Building Materials,https://www.lp-kolding.dk/,2026-03-26,16,published,,6d198bb8-5404-4a22-9451-6995e6392860,2026-09-17_onion_page024.html
qilin,Noi Hotels,Hospitality,https://www.noihotels.com/,2026-03-26,20,published,,e68d5aa2-9e23-4aa1-aab8-bd5d0d0d668f,2026-09-17_onion_page024.html
qilin,Retail Centenario,Business Services,http://Retail Centenario,2026-03-24,0,published,,f3f88409-168a-483f-adf3-630f4d2e128c,2026-09-17_onion_page024.html
qilin,ITWAL,Grocery Retail,https://www.itwal.com/,2026-03-23,8,published,,ffa81e50-6d21-4219-aca0-ddb47f742fea,2026-09-17_onion_page024.html
qilin,"Kennedy, McLaughlin & Associates",Building Materials,https://www.kennedymclaughlin.com.au/,2026-03-22,11,published,,e1bee1d5-f038-45f1-8c46-1da39c682223,2026-09-17_onion_page024.html
qilin,Southern Commercial Real Estate,Real Estate,https://www.svn-scre.com/,2026-03-22,0,published,,18965790-4733-48f9-bc70-2d67589760dc,2026-09-17_onion_page024.html
qilin,nPower Technologies,Software,https://www.npowertech.com/,2026-03-22,0,published,,e86e7f5a-1980-466a-864d-748d5e256710,2026-09-17_onion_page024.html
qilin,Grupo Coril,Banking,https://www.grupocoril.com/,2026-03-21,15,published,,c7993505-6987-4c43-ab9d-788d9f8961f4,2026-09-17_onion_page024.html
qilin,Gallun Snow Associates,Business Services,https://www.gallunsnow.com/,2026-03-20,17,published,,14d457b1-0e52-40bf-b987-ac289e2b2180,2026-09-17_onion_page024.html
qilin,WAL Consultant,"Architecture, Engineering & Design",https://www.walconsultant.com/,2026-03-20,25,published,,09d68a23-3a88-49c7-98a8-3a3d436f6bdc,2026-09-17_onion_page024.html
qilin,AGENCAVI SRL,Industrial Machinery & Equipment,http://www.agencavi.com/,2026-03-20,0,published,,33d671d3-1c7b-450e-a75c-868a43a3e592,2026-09-17_onion_page024.html
qilin,VirtualExpo Group,Accounting Services,https://www.virtual-expo.com/,2026-03-20,11,published,,5df76bda-86b7-4707-a68c-a7e8195d01f7,2026-09-17_onion_page024.html
qilin,CST Coal,Manufacturing,https://www.cstcoal.ca/,2026-03-20,14,published,,1cc28981-abdd-48ff-bca5-80562ae64756,2026-09-17_onion_page024.html
qilin,PoindexterHill,Law Firms & Legal Services,https://www.poindexterhill.com/,2026-03-20,8,published,,162ae6f5-61cf-41dd-a4b7-e02a5e4e730d,2026-09-17_onion_page024.html
qilin,Carton Craft Supply,Office Products Retail & Distribution,https://www.cartoncraftsupply.com/,2026-03-19,6,published,,7e580087-eeff-40e6-a572-42b9c34c9dff,2026-09-17_onion_page024.html
qilin,Enviaseo ESP,Industrial Machinery & Equipment,https://www.enviaseo-envigado-antioquia.gov.co/,2026-03-19,5,published,,4a296c00-8dcf-41ea-b61e-8207bd23fd29,2026-09-17_onion_page024.html
qilin,Jacobs & Sons,Retail · Pennsylvania,https://www.rjuniform.com/,2026-03-18,0,published,,3e2272ce-b898-4e6e-a097-ca91b7c66c3f,2026-09-17_onion_page025.html
qilin,Shwapno,Retail · Pennsylvania,http://www.shwapno.com/,2026-03-17,0,published,,dc05169c-2c2d-4e41-b8cd-e06337698835,2026-09-17_onion_page025.html
qilin,Sinomax USA,Home Improvement & Hardware Retail,https://www.sinomax-usa.com/,2026-03-17,10,published,,3a5f68da-4f3d-4567-8fbf-97b9dfe89caa,2026-09-17_onion_page025.html
qilin,Saiful Bouquet,"Architecture, Engineering & Design",https://www.saifulbouquet.com/,2026-03-17,13,published,,0e26e5eb-57e3-4d4e-9c87-cfd5e865ab89,2026-09-17_onion_page025.html
qilin,Von Weise Associates,"Architecture, Engineering & Design",https://www.vonweiseassociates.com/,2026-03-16,8,published,,19cabe35-d400-4823-aba1-e143d0dac617,2026-09-17_onion_page025.html
qilin,MCC Economics,Business Services,http://mcceconomics.co.uk,2026-03-16,0,published,,4e6873ac-4d13-492c-a306-080e66474107,2026-09-17_onion_page025.html
qilin,Ruhnau Clarke,"Architecture, Engineering & Design",https://www.ruhnauclarke.com/,2026-03-16,18,published,,87ad2f2f-c042-4bc2-9c2e-fe7dd7cbe66c,2026-09-17_onion_page025.html
qilin,Duffy's Sports Grill,Hospitality,https://www.duffysmvp.com/,2026-03-14,0,published,,e7051963-f068-4602-999a-2d8b0002d8d1,2026-09-17_onion_page025.html
qilin,RMZ Oilfield Engineering,Industrial Machinery & Equipment,https://www.rmzoilfield.com/,2026-03-13,9,published,,ae31bd7f-9817-449b-be3c-fb33d67eacb5,2026-09-17_onion_page025.html
qilin,Millard Manufacturing,Industrial Machinery & Equipment,https://www.millardmfg.com/,2026-03-13,0,published,,cd9d8543-5757-4312-8098-1034378bd22b,2026-09-17_onion_page025.html
qilin,Salag,Home Improvement & Hardware Retail,https://www.salag.com/,2026-03-12,10,published,,728ad631-7d93-4dc6-b5ce-b5837a2d1915,2026-09-17_onion_page025.html
qilin,Hochschule Worms,Education,https://www.hs-worms.de/,2026-03-12,0,published,,ba6313fd-5c9d-4a02-a8e4-d8b4c7c6aa2e,2026-09-17_onion_page025.html
qilin,Alarmco,Business Services,http://www.alarmco.com,2026-03-12,12,published,,d1dbb44d-19e5-47fe-9cfe-891807f0d3bc,2026-09-17_onion_page025.html
qilin,"Alef Realty, LLC",Real Estate,https://www.dnb.com/business-directory/company-profiles.alef_realty_mgt_co_l_l_c.945e7298a551f7c7e37e4f6b6c681148.html,2026-03-11,17,published,,031b149b-f52a-47a3-994f-e812d77cb7c8,2026-09-17_onion_page025.html
qilin,Omega Optical,Manufacturing,https://www.omegafilters.com/,2026-03-11,8,published,,0d66fc5b-603c-436c-b9a1-1051ee0571b9,2026-09-17_onion_page025.html
qilin,Jadtec Security Services,Business Services,https://www.jadtec.com/,2026-03-11,0,published,,5cfdbe14-a573-4b28-8eb2-951c72f32af3,2026-09-17_onion_page025.html
qilin,Powers HVAC,Construction,https://www.powers-hvac.com/,2026-03-11,0,published,,9a61c6e7-61be-475d-bf78-458fbb2d459e,2026-09-17_onion_page025.html
qilin,Yuma Sun,Advertising & Marketing,https://www.yumasun.com/,2026-03-11,0,published,,97e150d7-114b-4d8a-ac1e-4406fe85d4cb,2026-09-17_onion_page025.html
qilin,A-Fast Tile & Coping,Construction,https://www.afaststone.com/,2026-03-10,9,published,,7e1568f8-f3fc-4eba-b4f5-fe4f036a545b,2026-09-17_onion_page025.html
qilin,Advanced Animations,Broadcasting,https://www.advancedanimations.com/,2026-03-10,0,published,,8e7aa4c3-abdb-4ed1-8bb1-d8840acc5017,2026-09-17_onion_page025.html
qilin,RWB Consulting Engineers,"Architecture, Engineering & Design",https://www.rwb.net/,2026-03-09,0,published,,cd738627-1f25-4c7c-a69e-a06ef7be1b3a,2026-09-17_onion_page026.html
qilin,Serviceplan Group (Korea branch),Advertising & Marketing,https://www.house-of-communication.com/,2026-03-09,11,published,,63aa9310-d11f-4d4a-9e71-bb4b07ab7b78,2026-09-17_onion_page026.html
qilin,McKenna Pro,Consumer Services,https://www.mckennapro.com/,2026-03-09,10,published,,587d120b-aa05-4db7-93de-36ca27a6dd00,2026-09-17_onion_page026.html
qilin,Kuzco Lighting,Home Improvement & Hardware Retail,https://www.kuzcolighting.com/,2026-03-07,0,published,,6c653101-b63b-4b01-ba48-7bb2c997f463,2026-09-17_onion_page026.html
qilin,Geotec Surveys,Software,https://www.geotecsurveys.com/,2026-03-07,0,published,,41927d65-0e34-4961-bbc5-accd03bf5c79,2026-09-17_onion_page026.html
qilin,Brothers Produce,Grocery Retail,https://www.brothersproduce.com/,2026-03-07,10,published,,7f6d0991-7143-4fb4-bc1c-1705eb31bd8a,2026-09-17_onion_page026.html
qilin,AFDL,Law Firms & Legal Services,https://www.afdl.law/,2026-03-07,0,published,,91640e54-09cc-45e4-a0a4-3736525de287,2026-09-17_onion_page026.html
qilin,Orange Madagascar,Software,https://www.orange.mg,2026-03-06,15,published,,1f115398-a0bb-4878-9132-2966655619d9,2026-09-17_onion_page026.html
qilin,Abutriek,Construction,https://www.abutriek.be/,2026-03-05,0,published,,48ed6e1e-5282-41f2-9a48-e1b4386feb5c,2026-09-17_onion_page026.html
qilin,A Lococo Wholesale,Grocery Retail,https://www.lococos.ca/,2026-03-05,0,published,,233d0c8c-5d66-4eb8-adc4-8094869c6b8c,2026-09-17_onion_page026.html
qilin,Tennessee Valley Electric Cooperative,"Electricity, Oil & Gas",https://www.tvec.com/,2026-03-05,0,published,,227c1c5e-17c6-4e6e-b1fd-d7ecb9fb5054,2026-09-17_onion_page026.html
qilin,Nopa Industriearmaturen,"Architecture, Engineering & Design",https://www.nopa-valves.de/,2026-03-05,12,published,,29e2b087-24e9-4447-8f7a-9a04e87e1ed2,2026-09-17_onion_page026.html
qilin,Michelle Accesorios,Business Services,https://www.michelle.com.mx/,2026-03-05,0,published,,add9ba4e-4000-4fe1-be50-d2d2eb09d465,2026-09-17_onion_page026.html
qilin,"K & S Company, Inc",Real Estate,https://www.kands.com/,2026-03-05,0,published,,fb524428-2168-4fee-882b-14f05b0770d4,2026-09-17_onion_page026.html
qilin,Lucky Union Foods,Food & Beverage,https://www.luf-euro.pl/,2026-03-05,10,published,,f9989b5e-4ccd-4389-a573-97548ca962cf,2026-09-17_onion_page026.html
qilin,CJL Engineering,"Architecture, Engineering & Design",https://www.cjlengineering.com/,2026-03-04,15,published,,4cd86008-9572-4f76-8f14-4d62757ce1f2,2026-09-17_onion_page026.html
qilin,Diversified Supply Inc.,"Electricity, Oil & Gas",https://www.diversifiedsupply.com/,2026-03-04,12,published,,74977d64-1c4a-40d0-b7ae-b2b21460bc31,2026-09-17_onion_page026.html
qilin,ATS Group,Business Services,https://www.theatsgroup.com/,2026-03-04,0,published,,0e6807ec-9ced-47eb-9885-59aee478c5d5,2026-09-17_onion_page026.html
qilin,Golden Clay Industries Sdn Bhd,Manufacturing,https://www.gci.com.my/,2026-03-04,11,published,,9f404c85-4af9-4042-81e4-e1349355b74a,2026-09-17_onion_page026.html
qilin,Luro,Manufacturing,https://www.luro.fr/,2026-03-03,10,published,,e34c30c6-f5b3-4ff8-8c7d-669904622841,2026-09-17_onion_page026.html
qilin,Omesti Berhad,Business Services,https://www.omesti.com/,2026-03-03,12,published,,1f3ae315-0694-47a2-8534-3c368149a282,2026-09-17_onion_page027.html
qilin,Aluthea Group,Industrial Machinery & Equipment,https://www.aluthea.com/,2026-03-03,10,published,,43fd60da-a650-4fd6-b709-4f47d941a9c8,2026-09-17_onion_page027.html
qilin,Conklin Office Furniture,Furniture,https://www.conklinoffice.com/,2026-03-03,0,published,,ba6fd2b4-d8cb-41db-87e4-faebf9620120,2026-09-17_onion_page027.html
qilin,Gericke,Industrial Machinery & Equipment,https://www.gericke-spedition.de/,2026-03-03,0,published,,e1a027b6-5256-4bdc-9fed-77b6d4cacc85,2026-09-17_onion_page027.html
qilin,Les Oliviers,Hospitality,https://www.hotel-les-oliviers.eu/,2026-03-03,0,published,,1817c599-f041-4259-8652-2ece4a5cfcf3,2026-09-17_onion_page027.html
qilin,Lam Soon Group,Consumer Services,https://www.lamsoon.com.my/,2026-03-03,0,published,,3b73c3c1-2d6c-448d-81bc-5e0cc245b423,2026-09-17_onion_page027.html
qilin,SMF & E.D.Etnyre & BearCat Mfg (3 companies),Industrial Machinery & Equipment,"https://www.smf-inc.com/, https://www.etnyre.com/, https://www.bearcatmfg.com/",2026-03-03,7,published,,07bf064c-687e-47aa-8e4d-48e941b772c2,2026-09-17_onion_page027.html
qilin,Bayshore Ford Truck Sales,Automotive Parts,https://www.bayshoreford.com/,2026-03-02,0,published,,e50280ec-ec12-42ec-aa22-907abc7a7b87,2026-09-17_onion_page027.html
qilin,Fusion Superplex,Software,https://www.fusionsuperplex.com/,2026-03-02,9,published,,4fe7135b-791d-4f7e-a21f-9bac55a0dacb,2026-09-17_onion_page027.html
qilin,Lundeen Consulting,Construction,https://www.lundeen-consulting.com/,2026-03-02,0,published,,64c8fb6d-6919-4a8a-a0fc-ed1094fe30d0,2026-09-17_onion_page027.html
qilin,Akkök Holding,Business Services,https://www.akkok.com.tr/,2026-03-02,0,published,,95ff022e-f8d1-4534-81fb-424e5b421834,2026-09-17_onion_page027.html
qilin,Payne & Brockway,"Architecture, Engineering & Design",https://www.payne-brockway.com/,2026-03-02,12,published,,9c2b11ae-139b-4b59-ac70-1b097fcb7957,2026-09-17_onion_page027.html
qilin,Grupo D'arc,Automotive Parts,https://www.grupodarc.com.ar/,2026-03-02,0,published,,79206d69-9e9d-4218-bf40-60387f059a6b,2026-09-17_onion_page027.html
qilin,Klevorn,Accounting Services,https://www.klevornco.com/,2026-03-01,12,published,,700674ab-4967-42d0-a1ac-21bb47868722,2026-09-17_onion_page027.html
qilin,Enterprise Network Group of Indiana,Electronics,https://www.engofinllc.com/,2026-03-01,5,published,,4cfd9fb0-ff07-4ca2-956e-ae222c5136b7,2026-09-17_onion_page027.html
qilin,Riach Gese Jacobs,Law Firms & Legal Services,https://www.riachgese.com/,2026-03-01,0,published,,311988a0-0cd4-48ef-b090-fff3782d5af3,2026-09-17_onion_page027.html
qilin,Pro-Plastics,Manufacturing,https://www.proplastics.com/,2026-02-28,0,published,,78334b8f-1bd0-4028-9bbb-2c30e7917cc2,2026-09-17_onion_page027.html
qilin,Unibros Shipping,Business Services,https://www.unibros.gr/,2026-02-28,0,published,,c0d4dd4b-b909-4e95-bd10-7fe227e6e550,2026-09-17_onion_page027.html
qilin,Golden GBC,Office Products Retail & Distribution,https://www.goldengbc.com/,2026-02-27,0,published,,397483d6-7e02-4049-bb42-45f96fab21b0,2026-09-17_onion_page027.html
qilin,Rocky Mountain Care,Healthcare Services,http://rockymountaincare.com,2026-02-23,3,published,,5339390f-bfc1-4a61-a9c3-43dbe59270e5,2026-09-17_onion_page027.html
qilin,GENERON,Industrial Machinery & Equipment,https://www.generon.com/,2026-02-23,0,published,,fcbb99c7-24b8-4468-8d02-d79ecbf94166,2026-09-17_onion_page028.html
qilin,Spire Payments,Credit Cards & Transaction Processing,https://www.spirepayments.com/,2026-02-23,0,published,,4fe48834-4d91-4c55-a871-97982d38d6cf,2026-09-17_onion_page028.html
qilin,Plan-IT Office Solutions,Business Services,https://www.plan-itos.com/,2026-02-23,0,published,,e028f8a4-b9fb-4194-964b-48120a6956e4,2026-09-17_onion_page028.html
qilin,TWU Local 100,Membership Organizations,https://www.twulocal100.org/,2026-02-23,0,published,,01d5ee8d-3e5c-4ea1-983a-f1b69396a949,2026-09-17_onion_page028.html
qilin,FAMILY EYECARE LLC,0,http://lindeneyecare.com/,2026-02-23,0,published,,774fbfdf-5633-4ad2-834c-72744b187237,2026-09-17_onion_page028.html
qilin,CYMOT,Automotive Parts,https://www.cymot.com/,2026-02-22,0,published,,8e403122-190c-4462-b8c4-48cf79fad7c8,2026-09-17_onion_page028.html
qilin,Cumberland International Trucks,Business Services,https://www.cumberland-companies.com/,2026-02-21,14,published,,d670f6a4-c762-45f6-8c1c-57f260ff2f2d,2026-09-17_onion_page028.html
qilin,Esperance Metaland,Manufacturing,https://espmetaland.com.au/,2026-02-21,6,published,,3fab33fd-196d-46a5-b10e-8069b9006eb8,2026-09-17_onion_page028.html
qilin,Brm,Finance,https://www.brmcompany.com/,2026-02-19,14,published,,5e2a3d5e-4532-4ce0-a72c-bae2016eaae5,2026-09-17_onion_page028.html
qilin,Kroll International,"Architecture, Engineering & Design",https://www.krollcorp.com/,2026-02-19,0,published,,730231da-3d66-4084-8e9c-09cfcdfcd67c,2026-09-17_onion_page028.html
qilin,Telecare,Healthcare Services,http://telecarecorp.com,2026-02-19,7,published,,050d3724-d9ec-4ab5-8f6f-ba88931656e7,2026-09-17_onion_page028.html
qilin,The Corradino Group,"Architecture, Engineering & Design",http://corradino.com,2026-02-19,3,published,,998437a3-c015-4a92-bba3-c959f81a79eb,2026-09-17_onion_page028.html
qilin,Park Printing,Business Services,https://www.parkprint.com/,2026-02-19,7,published,,c478ae89-4f7d-4560-b413-dd18ebff5caa,2026-09-17_onion_page028.html
qilin,Kensington HPP,Building Materials,https://www.kensingtonhpp.com/,2026-02-19,0,published,,80fb26e5-1242-4bce-9c1b-6a38f9ef7888,2026-09-17_onion_page028.html
qilin,Graneles de Chile,Business Services,https://www.granelesdechile.com/,2026-02-19,0,published,,d3f559aa-233f-4e15-a09c-9d9ab8b190f4,2026-09-17_onion_page028.html
qilin,O.Berk,Manufacturing,https://www.oberk.com/,2026-02-18,0,published,,3f18f197-b19c-4657-91a9-dcec46473528,2026-09-17_onion_page028.html
qilin,LaBaguette,Software,http://www.labaguette.com.kw,2026-02-17,10,published,,89045eb2-f422-4117-bd4e-b9d3369d2450,2026-09-17_onion_page028.html
qilin,Castle Group,Real Estate,https://www.castlegroup.com/,2026-02-16,3,published,,6ed9cd95-cb66-461f-9150-b7da1f905c3a,2026-09-17_onion_page028.html
qilin,SCC MediaServer,Business Services,https://www.sccmediaserver.com/,2026-02-16,4,published,,54118b6e-c284-45c6-912f-c2ef4cdca09f,2026-09-17_onion_page028.html
qilin,Cheltenham Orthodontics,Healthcare Services,https://www.cheltenhamorthodontics.co.uk/,2026-02-16,5,published,,febf932e-0f20-455e-a6e5-5ce5596617df,2026-09-17_onion_page028.html
qilin,BECKER CADCAMCAST,"Architecture, Engineering & Design",https://www.beckerccc.com/,2026-02-16,5,published,,23a455ad-26f3-49fc-b18a-b5d6da4a5ff9,2026-09-17_onion_page029.html
qilin,Housing Authority of The City of Elizabeth,Government,https://www.hacenj.com/,2026-02-16,5,published,,9a707e4b-9a45-495b-ad9f-22deba8414f9,2026-09-17_onion_page029.html
qilin,Borough of State College,Education,https://www.statecollegepa.us/,2026-02-16,5,published,,4bc23466-20b5-442b-938e-12efed228746,2026-09-17_onion_page029.html
qilin,Johnson Tractor,Agriculture,https://www.johnsontractor.com/,2026-02-16,5,published,,c58ef3cf-ada5-4eae-89f9-45892f38bf17,2026-09-17_onion_page029.html
qilin,REIC,Business Services,https://reicorporation.com/,2026-02-16,16,published,,badf7ee6-3bc5-4912-9870-38b103d05a6f,2026-09-17_onion_page029.html
qilin,Cooperativa de Hostelería de Navarra,Food & Beverage,https://www.coope.com/,2026-02-14,7,published,,06413a3a-ba71-4dbb-9817-e025b8624b12,2026-09-17_onion_page029.html
qilin,Carrera Casting,Accounting Services,https://www.carreracasting.com/,2026-02-13,12,published,,b4fc7c45-5af6-4c42-8039-8bc67c7efbe8,2026-09-17_onion_page029.html
qilin,Midwest Wheel,Automotive Parts,https://www.midwestwheel.com/,2026-02-12,20,published,,a83f0030-cf49-42b4-84af-4112ee30763f,2026-09-17_onion_page029.html
qilin,Regie Libanaise,Agriculture,https://www.regie.com.lb,2026-02-12,14,published,,659030c9-4606-4fc6-832b-a217af352e6a,2026-09-17_onion_page029.html
qilin,Joyce Manufacturing,Building Materials,https://www.joycemfg.com/,2026-02-11,15,published,,3e44fb0e-fd5a-40dc-8d47-46283bd808bc,2026-09-17_onion_page029.html
qilin,On-Point Defense Technologies,Manufacturing,https://onpoint-dt.com/,2026-02-11,5,published,,2a8b1b30-0faa-48f2-a73e-728e486e0754,2026-09-17_onion_page029.html
qilin,Topkin & Partlow,Law Firms & Legal Services,https://www.topkinlaw.com/,2026-02-11,5,published,,0a745c2d-587e-4ba9-a724-63945e771ec7,2026-09-17_onion_page029.html
qilin,JC Resorts,Hospitality,https://www.jcresorts.com/,2026-02-11,19,published,,6965f4fb-b70c-4fc0-8022-e1575f544bfc,2026-09-17_onion_page029.html
qilin,Mt Barker Co-Operative,Home Improvement & Hardware Retail,https://www.mtbarkercoop.com.au/,2026-02-11,0,published,,9fbe80cb-a15d-4a72-8727-cbe8a36ff764,2026-09-17_onion_page029.html
qilin,Korsmo Construction,Construction,https://www.korsmo.com,2026-02-10,15,published,,1b608189-59a9-428a-89dc-00e195ae4662,2026-09-17_onion_page029.html
qilin,Hunter-Kelsey of Texas,Government,https://www.propertytaxloansfortexas.com/,2026-02-10,9,published,,06d1a7f0-117b-478d-b5ac-f40a13f34618,2026-09-17_onion_page029.html
qilin,Anabuki Kosan,Real Estate,https://anabuki.ne.jp/,2026-02-10,19,published,,1ae4474d-55d4-4c79-8652-abb423364da2,2026-09-17_onion_page029.html
qilin,uniquegas,Business Services,http://www.ugs.com.sg,2026-02-09,0,published,,7e7029e9-4639-45ef-9174-d0332a49b420,2026-09-17_onion_page029.html
qilin,Tech Environmental,Business Services,https://www.techenv.com/,2026-02-09,0,published,,24ad0447-e4bd-4472-bccb-25c73cf8740b,2026-09-17_onion_page029.html
qilin,iQ NetSolutions,Business Services,https://www.iqnetsolutions.com/,2026-02-09,0,published,,21cd3e4d-7c6d-4472-bd54-7fcaf3ab37d0,2026-09-17_onion_page029.html
qilin,Gradient Wind Engineering,"Architecture, Engineering & Design",https://www.gradientwind.com/,2026-02-09,0,published,,b4439246-89c6-4bb9-83b8-0c90df580609,2026-09-17_onion_page030.html
qilin,Body By Fisher,Consumer Services,https://www.bodybyfishernow.com/,2026-02-09,0,published,,8d9e47bb-2511-4368-948d-6dc568d1e36f,2026-09-17_onion_page030.html
qilin,AMR PEMCO,Industrial Machinery & Equipment,https://www.amrpemco.com/,2026-02-07,0,published,,344a7996-0224-475d-96b5-818e0be37cd6,2026-09-17_onion_page030.html
qilin,KV Final,Automotive Parts,https://www.kvfinal.cz/,2026-02-07,18,published,,d21f74ca-393f-4fdf-abe6-b1147a8b5692,2026-09-17_onion_page030.html
qilin,Parente Fireworks,Consumer Services,https://www.parente.it/,2026-02-06,0,published,,ccaff669-cdcf-455f-9092-fcd8e7206b3b,2026-09-17_onion_page030.html
qilin,Florida Retina Center,0,https://www.floridaretinacenter.com/,2026-02-05,5,published,,abce4fd3-0fd5-43df-a826-a45c47114e07,2026-09-17_onion_page030.html
qilin,PowerON Services,Finance,https://www.poweron.com/,2026-02-05,3,published,,85022176-c247-432b-a526-cc8d87409cb6,2026-09-17_onion_page030.html
qilin,ZeroEnergy Design,"Architecture, Engineering & Design",https://www.zeroenergy.com/,2026-02-05,5,published,,6a7bf644-0636-4505-a2ad-cf7e4c74f10a,2026-09-17_onion_page030.html
qilin,Mississippi Market,Consumer Services,https://www.msmarket.coop/,2026-02-05,14,published,,12cc1143-5c59-43e4-a252-69cf13d6b993,2026-09-17_onion_page030.html
qilin,Lindenhurst Fire Department,Government,https://www.lindenhurstfd.org/,2026-02-05,4,published,,febec772-9005-4095-b30e-69395847ce0a,2026-09-17_onion_page030.html
qilin,Grand Manor Nursing & Rehabilitation Center,0,https://www.grandmanor.org/,2026-02-05,6,published,,6c8ad647-a426-4020-aced-e9ed5e4426d1,2026-09-17_onion_page030.html
qilin,Conpet S.A. (COTE.RO),"Electricity, Oil & Gas",https://www.conpet.ro/,2026-02-05,16,published,,6bcad991-448f-4326-9ce1-433614b7f9ad,2026-09-17_onion_page030.html
qilin,Kopas Cosmetics,Business Services,https://www.kopas.com/,2026-02-04,0,published,,2cd44911-148e-4c9c-866a-017d2c123398,2026-09-17_onion_page030.html
qilin,Chèvre & Rutsch & Herren Notariatsbüro,Construction,https://www.schwarztorstrasse31.ch/,2026-02-04,0,published,,235f94f5-88a8-44bc-b1e4-5d7967445034,2026-09-17_onion_page030.html
qilin,RENAFAN,0,https://www.renafan.de/,2026-02-04,0,published,,b017eb2c-1fc9-4293-bfa1-14e0c1bf12a3,2026-09-17_onion_page030.html
qilin,RC Collecting,Automotive Parts,https://www.rccollecting.com/,2026-02-04,0,published,,5623ed73-31c7-4453-949a-1efcdc2ba929,2026-09-17_onion_page030.html
qilin,"Jingchang Enterprise Co., Ltd",Business Services,https://www.jcep.com.tw/,2026-02-03,0,published,,3b858083-55d5-4ae7-bc03-6dbf358d513a,2026-09-17_onion_page030.html
qilin,Hovde Group,Finance,https://www.hovdegroup.com/,2026-02-03,5,published,,953d2942-bce3-461c-ad6d-a5e6948d9d97,2026-09-17_onion_page030.html
qilin,Mmca,Business Services,https://www.mmca.com/,2026-02-03,14,published,,c6380636-454d-4672-8085-b27129d2fc39,2026-09-17_onion_page030.html
qilin,Kinsman,Home Improvement & Hardware Retail,https://www.kinsmanwholesale.com/,2026-02-03,5,published,,d36d57c9-3e8f-4e29-8136-f902721b4ad5,2026-09-17_onion_page030.html
qilin,Scranton Label,Business Services,https://www.scrantonlabel.com/,2026-02-03,5,published,,13f54146-3fcc-44e1-b4c8-57f3cecdb21e,2026-09-17_onion_page031.html
qilin,The Rosenthal Agency,Insurance,https://www.therosenthalagency.com/,2026-02-03,5,published,,6ea84507-e9a0-4444-a265-6e865b3b7dee,2026-09-17_onion_page031.html
qilin,Dunn & Associates,"Architecture, Engineering & Design",https://www.dunneng.com/,2026-02-03,5,published,,f368d6fd-af57-4091-bc58-4786991658c0,2026-09-17_onion_page031.html
qilin,Utah Olympic Legacy Foundation,Non-Profit & Charitable Organizations,https://www.utaholympiclegacy.org/,2026-02-03,,published,,86391cb9-3f63-41c1-8d97-90daf2466845,2026-09-17_onion_page031.html
qilin,Medasa,Furniture,http://medasa.mx,2026-02-03,16,published,,b3e83b5b-32e9-4579-9f18-1bcb84b4de74,2026-09-17_onion_page031.html
qilin,P&B Textiles,Manufacturing,https://www.pbtex.com/,2026-02-03,5,published,,93720132-7f2b-4a9f-925c-b67c8179d77b,2026-09-17_onion_page031.html
qilin,Muebles Dico,Furniture,https://www.dico.com.mx/,2026-02-02,0,published,,81b7d072-ef7f-4b60-bda1-db9c79defefb,2026-09-17_onion_page031.html
qilin,Medinah School District 11,Education,https://www.medinah11.org/,2026-02-02,0,published,,407f9568-7269-4505-ab9a-a1e9d5958f9a,2026-09-17_onion_page031.html
qilin,KOUEI,Business Services,https://www.kabkouei.co.jp/en/,2026-02-02,18,published,,e12bcf3a-f92d-49d1-9eed-52970f57e3d7,2026-09-17_onion_page031.html
qilin,Chu & Yang Dental,Healthcare Services,https://www.chuyangdental.com/,2026-01-28,0,published,,f0cbf185-5d88-494e-bd9d-dcb1e3fbb3ef,2026-09-17_onion_page031.html
qilin,Jay's Sporting Goods,Consumer Services,https://www.jayssportinggoods.com/,2026-01-27,0,published,,6323f0b8-fc07-4441-84f4-b96ef0bd26cb,2026-09-17_onion_page031.html
qilin,Westin Automotive,Business Services,https://www.westinautomotive.com/,2026-01-27,11,published,,9c5f5f23-1ec9-4da8-bf53-113c6cb7c072,2026-09-17_onion_page031.html
qilin,Centrotherm International,Industrial Machinery & Equipment,https://www.centrotherm.de/,2026-01-25,0,published,,44f6f906-3bd5-4ff5-8ac2-394fdb105c8e,2026-09-17_onion_page031.html
qilin,OKIN GROUP,Business Services,https://www.okin.eu/,2026-01-25,0,published,,62272c78-2767-4fd2-abb5-7297d7a77aa6,2026-09-17_onion_page031.html
qilin,Borg Argentina,Agriculture,https://www.borgargentina.com.ar/,2026-01-24,0,published,,e9b72a27-d013-4703-895b-93a03c32cfe0,2026-09-17_onion_page031.html
qilin,Proleasing,Business Services,https://www.provincialeasing.com.ar,2026-01-22,0,published,,68e0693a-eefb-4189-a5b4-4eb3a22a86d5,2026-09-17_onion_page031.html
qilin,Farmacias Vilela,Drug Stores & Pharmacies,https://www.farmaciasvilela.com.ar/,2026-01-22,0,published,,326f9d90-a49f-41e2-af86-95a5addf85c9,2026-09-17_onion_page031.html
qilin,EDF Group,Electronics,https://www.theedfgroup.com/,2026-01-22,0,published,,953d0360-2948-4d5a-8cf0-38a9a52b52ee,2026-09-17_onion_page031.html
qilin,Copetrol,Industrial Machinery & Equipment,https://www.copetrol.com.py/,2026-01-22,0,published,,086e9769-989b-4533-baf6-cfb8bce5f92c,2026-09-17_onion_page031.html
qilin,County Contractors,Hospitality,https://www.countycontractors.co.uk/,2026-01-22,11,published,,06b44192-b370-4c62-9703-e0b964a99f63,2026-09-17_onion_page031.html
qilin,Milott Laboratories,Consumer Services,https://www.milott.co.th/,2026-01-22,4,published,,b2f76b3a-93bb-4ce8-8c38-4ecabb6e0065,2026-09-17_onion_page032.html
qilin,Mills Products,Business Services,https://www.millsproducts.com/,2026-01-21,9,published,,52d5c639-935d-4b4d-85ca-20c651d9c8be,2026-09-17_onion_page032.html
qilin,Kontena Nasional Berhad,Business Services,https://www.kn.com.my/,2026-01-20,24,published,,3e247db1-d1e1-4e8a-a4db-8039e2c2a723,2026-09-17_onion_page032.html
qilin,Altius Geotecnia y Obras Especiales,Civil Engineering Construction,https://www.altiusvertical.com/,2026-01-19,12,published,,843312ee-6c69-4404-8583-447cc1cf8b84,2026-09-17_onion_page032.html
qilin,Dreher Law Firm,Law Firms & Legal Services,https://www.dreherlawfirm.com/,2026-01-18,14,published,,f1cb79d0-5395-4aa5-adfb-be61f1e24f15,2026-09-17_onion_page032.html
qilin,Orthopaedic Specialists of Massachusetts,0,https://www.orthomass.com/,2026-01-17,22,published,,998de0c5-8e28-4ebf-8e60-1399fee36dfc,2026-09-17_onion_page032.html
qilin,Ilumno,Software,https://www.ilumno.com/,2026-01-17,0,published,,d10956ea-320d-4393-ab91-37a017903ffd,2026-09-17_onion_page032.html
qilin,Central Roofing South Wales,Construction,https://www.crsw.co.uk/,2026-01-17,8,published,,054e7959-d8a2-41a3-bf9b-9be7815ce4bc,2026-09-17_onion_page032.html
qilin,Fluorsid Spa,Business Services,https://www.fluorsid.com/,2026-01-17,0,published,,ba2eef4a-5501-4c36-b9c5-3bcfa2d2bc9a,2026-09-17_onion_page032.html
qilin,CFM Mozambique,Business Services,https://www.cfm.co.mz/,2026-01-16,0,published,,2f5cf600-e0a2-42ef-a08a-55b587c40ed0,2026-09-17_onion_page032.html
qilin,Cary Pediatric Center,0,https://carypediatriccenter.com/,2026-01-15,12,published,,622e5c05-a3a7-46da-9cbe-32e15c2c15d5,2026-09-17_onion_page032.html
qilin,Lunsford Capital,Finance,https://www.lunsfordcapital.com/,2026-01-14,11,published,,56335247-29ba-4d9c-963b-081336aa46cb,2026-09-17_onion_page032.html
qilin,Gtech,Consumer Services,https://www.gtech.co.uk/,2026-01-14,13,published,,02d1f5a6-6416-40b2-8f76-b5d43c5a52b3,2026-09-17_onion_page032.html
qilin,Pre-Con Builders,Construction,https://www.preconbuilders.com/,2026-01-14,0,published,,61999057-9c1f-4a00-b853-794980f2899a,2026-09-17_onion_page032.html
qilin,Hayden Safe & Lock,Business Services,https://www.haydenlock.com/,2026-01-12,0,published,,a216c6b3-0b88-4fee-b819-9f9e503ced58,2026-09-17_onion_page032.html
qilin,GDZ Computer Services,Software,https://www.gdz.com/,2026-01-08,10,published,,7266e346-8da6-4dfc-b289-06bce11a7988,2026-09-17_onion_page032.html
qilin,Retrofit Service,Business Services,https://www.retrofitsc.com/,2026-01-08,0,published,,18c658f7-8178-431d-b200-4509f62c8873,2026-09-17_onion_page032.html
qilin,Softlab SpA,Business Services,https://www.soft.it/,2026-01-08,0,published,,4f4a8605-760b-43aa-bc56-617a59f81b96,2026-09-17_onion_page032.html
qilin,TriVector Services,Manufacturing,https://www.trivector.us/,2026-01-08,0,published,,8e395ce6-8d2d-4fcb-a8e0-60ea5f96d140,2026-09-17_onion_page032.html
qilin,Anteriad,Business Services,https://www.anteriad.com/,2026-01-08,18,published,,736ce7a2-68ff-489c-8a47-0950e36d94c3,2026-09-17_onion_page032.html
qilin,PTS Goldkist Industries Sdn Bhd,Banking,https://www.hyfresh.com.my/,2026-01-08,0,published,,31ed9b26-4dd9-4fef-9b7f-293ae43d5f21,2026-09-17_onion_page033.html
qilin,USArt,Hospitality,https://www.usart.com/,2026-01-06,0,published,,abc73b74-3eca-4921-8b03-84f41722d84a,2026-09-17_onion_page033.html
qilin,Medical Asset Management,0,https://www.medicalassetmanagement.com/,2026-01-06,0,published,,3252422c-f3d2-4c9c-94ee-35a9d1ce655f,2026-09-17_onion_page033.html
qilin,Ellison Educational Equipment,Industrial Machinery & Equipment,https://www.ellisoneducation.com/,2026-01-02,0,published,,1bd033dd-6287-4644-8ad1-0f330b8cab6c,2026-09-17_onion_page033.html
qilin,Sai Oral SurgeryOral,Healthcare Services,https://www.saioralsurgery.com/,2026-01-02,0,published,,cdfc2b51-8dfd-4932-9a8e-34676ac557c6,2026-09-17_onion_page033.html
qilin,Supreme Group,Electronics,https://www.supreme.com.tw/,2026-01-02,12,published,,49ebaf51-9bd0-44eb-959f-ec7254401be0,2026-09-17_onion_page033.html
qilin,Quasar,Business Services,https://www.quasardata.com/,2025-12-31,0,published,,ff7f3c80-8041-4679-b42b-6bf36406163b,2026-09-17_onion_page033.html
qilin,Z-Tronix,Manufacturing,https://www.z-tronix.com/,2025-12-31,0,published,,d4220ae6-7b5f-438d-8e67-d6a932d1a957,2026-09-17_onion_page033.html
qilin,Auforum AG,Business Services,https://www.auforum.ch/,2025-12-30,0,published,,34a54ce8-3850-4271-9506-7c784e2957fc,2026-09-17_onion_page033.html
qilin,Goodwin College,Education,https://www.goodwin.edu/,2025-12-28,0,published,,79d8342f-f258-48f3-91db-157a2de67d0a,2026-09-17_onion_page033.html
qilin,Arnold & Blevins Electric,Construction,https://www.arnoldblevins.com/,2025-12-28,0,published,,f698161a-d670-4f7c-a607-79bca90dafa8,2026-09-17_onion_page033.html
qilin,GITSolutions,Software,https://gitsolutions.es/,2025-12-27,0,published,,be6771d4-a71f-4b2c-a9f2-bd925b7cbd62,2026-09-17_onion_page033.html
qilin,Madera County Superintendent of Schools,Education,https://www.mcsos.org/,2025-12-25,0,published,,ddbbc5f4-d94e-4cf3-ab6d-1b8f83ce3866,2026-09-17_onion_page033.html
qilin,SEIMITSU THAI COMPANY LIMITED,Industrial Machinery & Equipment,https://nttoolthai.com/,2025-12-25,0,published,,fc6dbfc2-aa17-45ef-8443-1522ccbfbf67,2026-09-17_onion_page033.html
qilin,LogicVein,Manufacturing,https://www.lvi.co.jp/,2025-12-24,0,published,,320d2df1-7977-4531-8e36-9090087e7d5c,2026-09-17_onion_page033.html
qilin,loginport,Business Services,http://loginport.com,2025-12-23,0,published,,28d6ef85-3e2a-4edb-9dca-f35fe96734c6,2026-09-17_onion_page033.html
qilin,Lasercomb,Industrial Machinery & Equipment,https://www.lasercomb.com/,2025-12-22,0,published,,093fcbea-bd3e-4933-bdeb-349014ba546b,2026-09-17_onion_page033.html
qilin,Acme Electric,Commercial & Residential Construction,https://www.acmeelectriccompany.com/,2025-12-22,0,published,,915bec52-cf46-4374-b585-3bcb853ff8b9,2026-09-17_onion_page033.html
qilin,Eastern Townships School Board,Education,https://www.etsb.qc.ca/,2025-12-22,5,published,,40fb5361-ae75-49e6-9f29-c81d3bb7ff76,2026-09-17_onion_page033.html
qilin,socalroc.com,Education,https://www.socalroc.com/,2025-12-22,4,published,,39ccb2ec-a716-4afe-a6ba-2473796dc1ac,2026-09-17_onion_page033.html
qilin,Jaf Gifts,Accounting Services,https://www.jafgifts.com/,2025-12-22,5,published,,292c26b4-23af-4db8-8c68-2b1794e12095,2026-09-17_onion_page034.html
qilin,The Sonnenschein Groupe,Business Services,https://www.sonnenscheingroupe.com/,2025-12-22,5,published,,7029b10a-d23c-4c23-a449-8d46345f29b9,2026-09-17_onion_page034.html
qilin,Shore Gardens Rehabilitation & Nursing Center,Healthcare Services,https://www.shoregardensrehab.com/,2025-12-22,5,published,,6165d23f-6ca0-4484-b1cb-9592d1f8e7e2,2026-09-17_onion_page034.html
qilin,CoreHQ,Software,https://www.corehq.io/,2025-12-22,5,published,,6f198d50-451f-4a9e-91fb-02eaa284fd15,2026-09-17_onion_page034.html
qilin,SW/WC Service Cooperative,Education,https://www.swwc.org/,2025-12-22,4,published,,7f859167-cfb3-4e58-a2f9-d8ec1b243c98,2026-09-17_onion_page034.html
qilin,daispa.it,Industrial Machinery & Equipment,https://dai.it/,2025-12-22,10,published,,863018c6-e223-42f3-8c79-04bd7fde7417,2026-09-17_onion_page034.html
qilin,Niradia Enterprises,Civil Engineering Construction,https://www.niradia.com/,2025-12-22,5,published,,20f67c62-5e22-4edb-897e-8c346a05dad3,2026-09-17_onion_page034.html
qilin,St Pius X Catholic High School,Education,https://www.spx.org/,2025-12-22,7,published,,941deeff-8290-4d3d-8460-e68335ee86d7,2026-09-17_onion_page034.html
qilin,Eanes ISD schools,Education,https://www.eanesisd.net/,2025-12-22,10,published,,78c9e089-71ce-4b38-accb-fe916bf1e652,2026-09-17_onion_page034.html
qilin,Hongfa America,Industrial Machinery & Equipment,https://www.hongfaamerica.com/,2025-12-22,5,published,,7fecb63a-86f0-45ed-9f15-4403048c075e,2026-09-17_onion_page034.html
qilin,GOOD+ Foundation,Non-Profit & Charitable Organizations,https://www.goodplusfoundation.org,2025-12-22,5,published,,9c615bec-b575-4747-9683-2b3c4e70c8a2,2026-09-17_onion_page034.html
qilin,Brisson & Massie Mechanical,Commercial & Residential Construction,http://brissonmassie.com,2025-12-22,0,published,,b27d494b-2c21-404d-a9b6-7285960dc548,2026-09-17_onion_page034.html
qilin,GIV SRL,Business Services,https://www.givsrl.com,2025-12-22,0,published,,3b965a5d-7b9f-4232-b9ce-56e8f887ce86,2026-09-17_onion_page034.html
qilin,Cedar Valley Services,Business Services,https://www.cedarvalleyservices.org/,2025-12-21,10,published,,dd0313a0-e440-48cd-9630-c4b0849c8b82,2026-09-17_onion_page034.html
qilin,Victoria Benelux,Business Services,https://www.victoria-benelux.com/,2025-12-20,22,published,,59fbda28-d8b1-4403-ac2a-c908ffb3651a,2026-09-17_onion_page034.html
qilin,Integrated Technology Group,Software,https://www.itgsolutions.com/,2025-12-20,0,published,,516ca4e0-94d7-46f6-b144-4879adcf2c8c,2026-09-17_onion_page034.html
qilin,IAPMO,Membership Organizations,https://www.iapmo.org/,2025-12-20,0,published,,02439cd4-a278-4b1b-924d-cf82bc764bc6,2026-09-17_onion_page034.html
qilin,Publicidad Sarmiento,Advertising & Marketing,https://www.sarmiento.net/,2025-12-19,15,published,,891ccefa-674f-4c02-a1e3-e611f9424ef1,2026-09-17_onion_page034.html
qilin,David Weekley Homes,Commercial & Residential Construction,https://www.davidweekleyhomes.com/,2025-12-19,16,published,,aaa74ef1-6a1c-41c0-b887-4e69e93665d4,2026-09-17_onion_page034.html
qilin,Club Atlético River Plate,Accounting Services,http://www.cariverplate.com.ar,2025-12-18,5,published,,8cdcbc8b-421a-4738-9066-7d06e27baf03,2026-09-17_onion_page034.html
qilin,LSO Inc,Freight & Logistics Services,https://www.lso.com/,2025-12-18,11,published,,847eb7d5-a714-42f5-87ff-d9c348ffa092,2026-09-17_onion_page035.html
qilin,Grandes Vinos,Food & Beverage,https://www.grandesvinos.com/en/,2025-12-18,8,published,,a2ce4ae3-71b6-444c-b1f8-6f430c5c7d2f,2026-09-17_onion_page035.html
qilin,PODOVIA,0,https://podovia.pl/,2025-12-17,0,published,,df54f559-94a1-4a8a-9bea-474d4638fe5f,2026-09-17_onion_page035.html
qilin,Ferreteria Scopazzo,Consumer Services,https://www.scopazzo.com.ar/,2025-12-17,7,published,,88817f05-63ba-4d3f-b2ae-c3a66aef073e,2026-09-17_onion_page035.html
qilin,Best Hotels Spain,Hospitality,https://www.besthotels.es/,2025-12-16,11,published,,d9caee4d-36e9-452d-a8e6-c3d0f0c9c81e,2026-09-17_onion_page035.html
qilin,Fujitsu Component (Malaysia) SDN. BHD,Consumer Electronics & Computers Retail,https://www.fcl-components.com/en,2025-12-15,0,published,,b62aeeb8-13b8-414e-9859-3bb3d6bddae2,2026-09-17_onion_page035.html
qilin,Region of Istria,Education,https://www.istra-istria.hr/,2025-12-15,0,published,,0ef76657-28f5-4256-8486-318a3352b6c5,2026-09-17_onion_page035.html
qilin,"Gadsden County, Florida",Government,https://www.gadsdencountyfl.gov/,2025-12-15,16,published,,0459f2a8-14b5-4dab-8505-0b9f8d7b2208,2026-09-17_onion_page035.html
qilin,Kier & Wright,Accounting Services,https://www.kierwright.com/,2025-12-14,0,published,,cc7500e9-4e10-4641-b1dd-0a080c3e70df,2026-09-17_onion_page035.html
qilin,Cinvestav,Business Services,https://www.cinvestav.mx/,2025-12-13,0,published,,09cecdf1-a6c0-4dd3-8e0f-cfcf71c34fdb,2026-09-17_onion_page035.html
qilin,Dan Technologies Group,Business Services,https://www.dantechnologies.com/,2025-12-11,0,published,,b14a8199-34f9-4ff4-afe7-be3a374667f3,2026-09-17_onion_page035.html
qilin,Atalian Overview Metrics,Business Services,https://atalian.com/,2025-12-10,24,published,,85d74cd4-8aa3-4d0d-8e48-a7668b8ba58e,2026-09-17_onion_page035.html
qilin,TopDest,Business Services,https://www.topdest.tur.ar/,2025-12-09,10,published,,0a0b370f-39f3-4a7d-af67-4ebdec71e11d,2026-09-17_onion_page035.html
qilin,West Quay,Manufacturing,https://www.westquay.com/,2025-12-09,0,published,,eb51b5f2-42ff-4578-90e2-a2f5d1ec8ce2,2026-09-17_onion_page035.html
qilin,Mainetti UK,Manufacturing,http://www.mainetti.com,2025-12-09,25,published,,e842c007-6ade-4da7-a460-0f8d9dcc5e61,2026-09-17_onion_page035.html
qilin,Cagayan Appliance Center,Business Services,https://www.facebook.com/cagappcen,2025-12-08,0,published,,1a0a346b-518c-4a4c-8b82-0c92f0284182,2026-09-17_onion_page035.html
qilin,Serratelli Hat,Manufacturing,https://www.serratellihatcompany.com/,2025-12-08,8,published,,4be140a0-a6a2-4b42-8565-00935a49c325,2026-09-17_onion_page035.html
qilin,Canno Design,Construction,https://www.cannodesign.com/,2025-12-08,8,published,,8cf64e54-f02c-439c-b2dc-a3f1334059a6,2026-09-17_onion_page035.html
qilin,Redi Carpet,Commercial & Residential Construction,https://www.redicarpet.com/,2025-12-08,0,published,,fec5182a-7bbc-4d98-8da9-7b77e586b74a,2026-09-17_onion_page035.html
qilin,Seipi,Industrial Machinery & Equipment,https://www.seipi.fr/,2025-12-08,7,published,,4a80187e-cd45-48e8-b115-6ffe55ec7d7f,2026-09-17_onion_page035.html
qilin,David M. Schwarz Architects,Accounting Services,https://www.dmsas.com/,2025-12-07,0,published,,e3b90c91-51c8-4d97-b641-c87d40f23395,2026-09-17_onion_page036.html
qilin,Acoustical Control,Industrial Machinery & Equipment,https://www.acousticalcontrol-llc.com/,2025-12-07,0,published,,6ad8c895-dbe5-4fbe-b30c-43ea17f2390e,2026-09-17_onion_page036.html
qilin,Beecher Walker Architects,Building Materials,https://www.beecherwalker.com/,2025-12-05,0,published,,546ac01c-993a-4f60-9699-6ebb7ea11f5b,2026-09-17_onion_page036.html
qilin,Shumate Mechanical,Commercial & Residential Construction,https://www.shumatemechanical.com/,2025-12-05,0,published,,46ed1129-2885-44a2-b5aa-215fa19b5ac4,2026-09-17_onion_page036.html
qilin,BUCKSWOOD,Education,https://www.buckswood.co.uk/,2025-12-05,,published,,910873a9-d6de-4e08-a890-882e11adaddc,2026-09-17_onion_page036.html
qilin,Kana Pipeline Inc,Civil Engineering Construction,https://www.kanapipeline.com/,2025-12-04,0,published,,0dd7b7d9-9d70-4642-81ea-635f6ed616d7,2026-09-17_onion_page036.html
qilin,Medisend,Education,https://www.medisend.org/,2025-12-04,0,published,,607de6f1-80d8-4965-b0b0-a32c3b8dded5,2026-09-17_onion_page036.html
qilin,Maset,Accounting Services,https://www.maset.com/,2025-12-04,0,published,,677c5026-4524-426c-86cf-1f231986f0ba,2026-09-17_onion_page036.html
qilin,Tensator,Manufacturing,https://www.tensator.com/,2025-12-04,0,published,,4f4d3e82-bf26-4823-a642-d248d713b738,2026-09-17_onion_page036.html
qilin,Northwest Iowa Community College,Education,https://www.nwicc.edu/,2025-12-04,5,published,,d7a897dd-c6f9-4780-b853-9bd55a21d4be,2026-09-17_onion_page036.html
qilin,Cap Cana,Hospitality,https://capcana.com/,2025-12-04,5,published,,b9c82f04-bfa9-426e-9c75-d7d8ee117baf,2026-09-17_onion_page036.html
qilin,Bigben Group,Consumer Services,https://bigben-group.com/,2025-12-04,5,published,,126fbc72-2723-49a9-b52b-0af5e52e53b0,2026-09-17_onion_page036.html
qilin,Mainz University of Applied Sciences,Education,https://www.hs-mainz.de/,2025-12-04,5,published,,b714bbd3-912f-42b2-b1de-15cd847babf6,2026-09-17_onion_page036.html
qilin,PureLogic IT Solutions,Consumer Electronics & Computers Retail,https://purelogicit.com/,2025-12-04,5,published,,c5490b52-b486-44fc-a65f-988f826b38e7,2026-09-17_onion_page036.html
qilin,Sonora Independent School District,Education,https://www.sonoraisd.net/,2025-12-04,5,published,,780731f7-e583-48c7-b555-5f2bef0c53f1,2026-09-17_onion_page036.html
qilin,Yellow Cab of Columbus,Business Services,http://www.yellowcabofcolumbus.com,2025-12-04,16,published,,70708962-a7f5-40f9-824b-0a18fbaa35f9,2026-09-17_onion_page036.html
qilin,IES Synergy,Electronics,https://www.ies-synergy.com/,2025-12-03,0,published,,de29cd65-91d2-4466-8a0d-e18b156bf0d0,2026-09-17_onion_page036.html
qilin,NUMALLIANCE,Industrial Machinery & Equipment,https://www.numalliance.com/,2025-12-03,9,published,,ad81e4f7-4b3a-4c22-a32f-6157026ebbd9,2026-09-17_onion_page036.html
qilin,City of Urbana,Government,https://www.urbanaohio.com/,2025-12-03,0,published,,50b3b3e2-8454-4df1-b6e4-0dd4f3bdc0d2,2026-09-17_onion_page036.html
qilin,LA Injury Attorneys,Law Firms & Legal Services,https://www.lainjuryattorneys.com/,2025-12-02,0,published,,b741825c-e3be-4bdd-b360-d1a4d09cfba5,2026-09-17_onion_page036.html
qilin,Mr Christmas,Advertising & Marketing,https://www.mrchristmas.com/,2025-12-02,10,published,,aa0c12b6-e4cc-4ec9-95c5-d65d7f25311a,2026-09-17_onion_page037.html
qilin,France terre d'asile,Education,https://www.france-terre-asile.org/,2025-12-01,9,published,,99c63824-4583-4976-81db-9c3dd7203cc8,2026-09-17_onion_page037.html
qilin,San Miguel,Food & Beverage,https://www.sanmiguelglobal.com/,2025-12-01,8,published,,f327469b-da9e-4167-a96f-9661c01a9e2d,2026-09-17_onion_page037.html
qilin,ILCA Targhe s.r.l.,Business Services,https://www.ilcatarghe.it/,2025-11-30,0,published,,42b2754b-4018-4a15-b6b9-489c659629ab,2026-09-17_onion_page037.html
qilin,Chenango Valley Technologies,Manufacturing,https://www.chenangovalleytech.com/,2025-11-29,0,published,,b6feb369-d456-48a9-817b-328eeeeef495,2026-09-17_onion_page037.html
qilin,TBC Consoles,Furniture,https://www.tbcconsoles.com/,2025-11-29,12,published,,43ac04d2-3cb4-4527-b2a2-971bc7f513c4,2026-09-17_onion_page037.html
qilin,Asia Condominium Association,Real Estate,https://www.asiamiamicondo.com/,2025-11-29,0,published,,5045bf8c-aaaf-48b9-a48e-cb472578411b,2026-09-17_onion_page037.html
qilin,Kleber and Associates,Advertising & Marketing,https://www.kleberandassociates.com/,2025-11-28,0,published,,6bb946bc-ed38-445c-994f-d76d7aacdeb3,2026-09-17_onion_page037.html
qilin,Aceros Ocotlán Group,Manufacturing,https://www.acerosocotlan.mx/,2025-11-28,9,published,,86533f37-fa5d-4671-9401-86eca4506fee,2026-09-17_onion_page037.html
qilin,Reynolds Logistics,Freight & Logistics Services,http://www.reynoldslogistics.com,2025-11-28,4,published,,b58092b3-3a2f-4471-a483-f4763c080939,2026-09-17_onion_page037.html
qilin,Bcfpers,Insurance,https://www.bcfpers.org/,2025-11-27,0,published,,13ab68d5-ec41-4f48-b000-e09638592d4c,2026-09-17_onion_page037.html
qilin,ERR Raumplaner,Civil Engineering Construction,https://www.err.ch/,2025-11-27,10,published,,0b1d2489-ca1f-47cd-8a9a-46d1af49b0a4,2026-09-17_onion_page037.html
qilin,The American School Foundation,Non-Profit & Charitable Organizations,https://www.asf.edu.mx/,2025-11-26,9,published,,cf8b70de-b290-4efd-a8c0-c0a0fcccf001,2026-09-17_onion_page037.html
qilin,Trolec,Building Materials,https://www.trolec.com/,2025-11-26,0,published,,35c5b4de-2721-48bf-8c42-e649ce816a65,2026-09-17_onion_page037.html
qilin,Disston,Building Materials,https://disstontools.com/,2025-11-25,5,published,,3f0732e2-7255-436c-bfd4-b98dd3723bfc,2026-09-17_onion_page037.html
qilin,BioPharma Services,0,https://www.biopharmaservices.com/,2025-11-25,5,published,,e01ae247-c56d-42ba-8999-c875cd479282,2026-09-17_onion_page037.html
qilin,Workflow Concepts,Business Services,https://workflowconcepts.com/,2025-11-25,0,published,,f2c32f2a-385f-45de-b951-d58ffd8475cb,2026-09-17_onion_page037.html
qilin,Burnham Brown,Law Firms & Legal Services,https://burnhambrown.com/,2025-11-25,5,published,,aefcaf87-0a80-4300-8245-165a7981ffeb,2026-09-17_onion_page037.html
qilin,Animart Pet Stores,Food & Beverage,https://www.animartpet.com/,2025-11-25,4,published,,15d2d41f-b1e3-4212-9965-17cb224ed6d8,2026-09-17_onion_page037.html
qilin,Christofle,Advertising & Marketing,https://www.christofle.com/,2025-11-25,5,published,,30a77f75-2f3c-455e-adec-6f0c3cb1b2cf,2026-09-17_onion_page037.html
qilin,New England Tractor Trailer Training School,Education,https://nettts.com/,2025-11-25,5,published,,cbc0210b-a0f1-4352-b684-f4af930b1cba,2026-09-17_onion_page038.html
qilin,Manassas City Public Schools,Education,https://www.mcpsva.org/,2025-11-25,4,published,,01d5c70d-2b24-430e-8e20-c97fde138a14,2026-09-17_onion_page038.html
qilin,Lake Superior State University,Education,https://www.lssu.edu/,2025-11-25,5,published,,b92464da-4809-4355-ac48-f8f7146b0fa7,2026-09-17_onion_page038.html
qilin,Columbia Medical Practice,0,https://www.cmpractice.com/,2025-11-25,8,published,,ddf7c9f4-c492-4ce3-83ce-38594844b2e1,2026-09-17_onion_page038.html
qilin,Nottingham Village,Hospitality,https://www.nottinghamvillage.org/,2025-11-25,0,published,,baa435e1-13c2-434f-90c3-afbf32c83728,2026-09-17_onion_page038.html
qilin,AWIN Group of Dealerships,Business Services,https://www.awin.ca/,2025-11-24,8,published,,0ba402c0-2778-4733-a04b-4540947d751e,2026-09-17_onion_page038.html
qilin,Maheu&Maheu,Business Services,https://www.maheu-maheu.com/,2025-11-23,10,published,,8d12710d-39f9-4516-b115-9f6e8ebf3b82,2026-09-17_onion_page038.html
qilin,Nissan Capital,Business Services,https://www.nissancapital.com/,2025-11-23,6,published,,2c0b1b91-9393-4cd6-9689-429941f45e3c,2026-09-17_onion_page038.html
qilin,HYTORC,Industrial Machinery & Equipment,https://www.hytorc.com/,2025-11-22,0,published,,b58af9e3-f7f3-4ce8-a94e-b2b63ce496ab,2026-09-17_onion_page038.html
qilin,Kajima Europe,Civil Engineering Construction,https://www.kajimaeurope.com/,2025-11-22,17,published,,f6da4b3a-da4f-4d87-aa71-431ecf0b8ad2,2026-09-17_onion_page038.html
qilin,Interlink Trade Services,Banking,https://www.interlinktrade.com/,2025-11-22,0,published,,33510118-b736-4388-b170-325618b36bc9,2026-09-17_onion_page038.html
qilin,Hotaling Insurance Services,Insurance,https://www.hotalinginsurance.com/,2025-11-21,19,published,,5fe4fc3d-1cd9-4f3b-a32b-2a9980bd1144,2026-09-17_onion_page038.html
qilin,Cimertex,Banking,http://www.cimertex.pt,2025-11-20,8,published,,5abd89ed-dc16-4039-807e-3a2d02733904,2026-09-17_onion_page038.html
qilin,IGT,Gambling & Gaming,https://www.igt.com/,2025-11-19,0,published,,3a5a00f4-fd40-4a7d-95d1-7a4df9495f1d,2026-09-17_onion_page038.html
qilin,Mmlk,Law Firms & Legal Services,https://www.mmlkadvantage.com/,2025-11-19,78,published,,9e1bde7b-a696-44c4-a8a6-5ebce4228d7c,2026-09-17_onion_page038.html
qilin,Marine Foods Express LTD,Food & Beverage,https://www.marinefoodsexpress.com/,2025-11-19,0,published,,90af725d-39cc-46af-8f19-ff7c473343e4,2026-09-17_onion_page038.html
qilin,Spark Power,Business Services,https://www.sparkpowercorp.com/,2025-11-19,0,published,,a09fb476-4922-4eec-9d37-0cbf7378f6b0,2026-09-17_onion_page038.html
qilin,Spark Innovation,Business Services,https://www.sparkinnovations.com/,2025-11-18,0,published,,1d215b2b-b927-4118-ad28-bc7a034f735a,2026-09-17_onion_page038.html
qilin,Alma Realty,Real Estate,https://www.almarealty.com/,2025-11-18,18,published,,00a26981-aaff-494b-bdfb-07dd99e14915,2026-09-17_onion_page038.html
qilin,Regional Business Systems,Business Services,https://www.regionalbusinesssystems.com/,2025-11-18,0,published,,3872d0dc-9f80-4c75-81ab-fed9e5a453bb,2026-09-17_onion_page038.html
qilin,QuaLex Manufacturing,Industrial Machinery & Equipment,https://qualexmanufacturing.com/,2025-11-18,0,published,,ff026c5f-a914-4777-ac1d-f1eba8f49c3e,2026-09-17_onion_page039.html
qilin,Kdr Real Estate Services,Real Estate,https://www.kdrrealestateservices.com/,2025-11-17,0,published,,dd9f5e85-7e7a-410a-a875-273eeeaca761,2026-09-17_onion_page039.html
qilin,FREEDL GROUP s.r.l.,Grocery Retail,https://freedl.it/,2025-11-15,10,published,,004a0ad5-f83d-4f57-af7a-211fc7415397,2026-09-17_onion_page039.html
qilin,SES Société Energies Services,"Energy, Utilities & Waste",https://www.ses-energies-services.fr/,2025-11-15,0,published,,c8c64625-9370-4bd7-93bd-be71309bc7aa,2026-09-17_onion_page039.html
qilin,Sol Trading,Grocery Retail,https://soltradingusa.com/,2025-11-14,0,published,,7e63ef46-fce0-4581-9b35-971c8da2d833,2026-09-17_onion_page039.html
qilin,"Fundidora de Cananea, S.A",Business Services,http://www.fucasa.com,2025-11-13,0,published,,97cd9755-f927-4244-a262-fd550e3fba5c,2026-09-17_onion_page039.html
qilin,Doha British School,Education,https://www.dohabritishschool.com/,2025-11-13,0,published,,05a88a62-c2ae-4896-be3c-9a2ada392c4f,2026-09-17_onion_page039.html
qilin,Cornerstone Staffing Solutions,Business Services,https://www.cornerstone-staffing.com/,2025-11-13,13,published,,86eafe4e-9c56-4042-82f7-728d2c16884c,2026-09-17_onion_page039.html
qilin,Brian-Kyles Construction,Commercial & Residential Construction,https://www.briankyles.com/,2025-11-11,0,published,,c93ced41-1827-4bb5-9ecb-bac05d56bdd2,2026-09-17_onion_page039.html
qilin,Dublin Medical Center,0,https://www.dublinmedicalcenter.com/,2025-11-09,6,published,,748b46ea-c36d-4cc0-9527-b7ab216dd668,2026-09-17_onion_page039.html
qilin,Gullco International,Consumer Services,https://www.gullco.com/,2025-11-09,0,published,,14f0eae3-6763-4a4d-96fc-2d6844268c35,2026-09-17_onion_page039.html
qilin,Gadge USA,Manufacturing,https://www.gadgeusa.com/,2025-11-08,0,published,,4d7fca95-181e-4319-8d00-cdf55d1b652b,2026-09-17_onion_page039.html
qilin,Advanced Delivery Services,Freight & Logistics Services,https://www.advanceddeliveryservices.co.uk/,2025-11-08,5,published,,91785a2e-2e75-4cfb-bfe0-cf2dd09c8586,2026-09-17_onion_page039.html
qilin,Marine Turbine Technologies,Industrial Machinery & Equipment,https://www.marineturbine.com/,2025-11-07,0,published,,61c8f3f5-a1b4-46e3-8eed-e6a508f545bf,2026-09-17_onion_page039.html
qilin,Shollenberger Januzzi & Wolfe,Law Firms & Legal Services,https://www.sholljanlaw.com/,2025-11-07,0,published,,295d7391-f359-46ac-a3e8-0ade815d0877,2026-09-17_onion_page039.html
qilin,Klae Construction,Commercial & Residential Construction,https://www.klae.com/,2025-11-07,0,published,,899ba603-2c0b-42a1-a8cb-deb171921d7d,2026-09-17_onion_page039.html
qilin,Yaesu,Manufacturing,https://www.yaesu.com/,2025-11-07,7,published,,deba5f7f-31e2-44af-bc0f-674e8285a26c,2026-09-17_onion_page039.html
qilin,Mecaplast,Manufacturing,http://www.mecaplast.ch,2025-11-07,8,published,,a4be1cce-11fa-41cf-adee-bc6a5bc46da0,2026-09-17_onion_page039.html
qilin,Club Blue Form,Non-Profit & Charitable Organizations,https://www.bgcmt.org/,2025-11-06,6,published,,84d9a9ea-4368-4472-ac52-8eda8d4d9bd5,2026-09-17_onion_page039.html
qilin,Sai Mai Hospital,Business Services,https://www.saimai.co.th/,2025-11-06,7,published,,6bb47199-9106-4452-984b-d006b2bbdfc4,2026-09-17_onion_page039.html
qilin,Egyptian Workspace Partners,Accounting Services,https://www.goegyptian.com/,2025-11-06,0,published,,5b05d31a-cb1d-43fa-bb2e-945ef35ea191,2026-09-17_onion_page040.html
qilin,Ketel Thorstenson,Accounting Services,https://www.ktllp.com,2025-11-06,8,published,,1fbf91e4-9073-4206-8dfa-3c543d077e14,2026-09-17_onion_page040.html
qilin,Ida Crown Jewish Academy,Education,https://www.icja.org/,2025-11-06,6,published,,853ad55a-5859-49d6-a7ad-b0d24a06f67b,2026-09-17_onion_page040.html
qilin,Atlantic City Housing Authority,Government,https://www.atlanticcityha.org/,2025-11-06,4,published,,f6f54372-bbf3-4ed4-887b-c1d88d4d786e,2026-09-17_onion_page040.html
qilin,Studio Corvo Parma,Business Services,https://studiocorvo.com/,2025-11-06,17,published,,b4be0757-9736-44d9-a2f6-6f91e628d769,2026-09-17_onion_page040.html
qilin,Toledo School for the Arts,Education,https://ts4arts.org/,2025-11-06,0,published,,414bfac8-832b-4762-abf3-7223e9334bda,2026-09-17_onion_page040.html
qilin,Dataprobe,Manufacturing,https://www.dataprobe.com/,2025-11-06,6,published,,171270c7-8944-4ab3-9be7-24a50cd9f2be,2026-09-17_onion_page040.html
qilin,Pims,Advertising & Marketing,https://pimsinc.com/,2025-11-06,5,published,,063f4b61-9b1d-4616-9620-b2248a5d24ac,2026-09-17_onion_page040.html
qilin,ATEK Access Technologies,Holding Companies & Conglomerates,https://atekcompanies.com/,2025-11-06,5,published,,0191d85f-d734-44f8-a9a6-2c218de4ec2a,2026-09-17_onion_page040.html
qilin,Ville de MontLaurier,Government,https://www.villemontlaurier.qc.ca,2025-11-06,0,published,,ec828210-81ff-49ed-99cf-5bba7638d33d,2026-09-17_onion_page040.html
qilin,southernpipe.com,Home Improvement & Hardware Retail,https://www.southernpipe.com/,2025-11-06,4,published,,dc8c2231-1179-4d12-a249-3636906ee862,2026-09-17_onion_page040.html
qilin,Thalheimer Brothers,Business Services,https://www.thalheimerbrothers.com/,2025-11-06,8,published,,a58b449a-45a2-4af5-980c-aefd514b7c08,2026-09-17_onion_page040.html
qilin,Shadow Wood Community Association,Membership Organizations,https://www.swcaonline.com/,2025-11-06,5,published,,997876c7-f8a3-489c-a856-75b787b90d7b,2026-09-17_onion_page040.html
qilin,BMG Of Kansas,Industrial Machinery & Equipment,https://www.bmgks.com/,2025-11-06,17,published,,d3f0f930-eb53-4cf0-9614-b4debc188c33,2026-09-17_onion_page040.html
qilin,Noble Compaña de Seguros,Insurance,https://www.nobleseguros.com/,2025-11-06,26,published,,9391c51f-bbde-48d6-912a-5a0d3b1ca59f,2026-09-17_onion_page040.html
qilin,Francehopital,Consumer Services,https://www.francehopital.com/,2025-11-05,0,published,,fb2734f8-5796-445a-bb59-fd8a5d3d7926,2026-09-17_onion_page040.html
qilin,"Enessance Holdings Co., Ltd","Electricity, Oil & Gas",https://www.enessance.co.jp/,2025-11-05,0,published,,46e3f56a-f2cb-4cd9-a1d6-e9b4d7a59f6d,2026-09-17_onion_page040.html
qilin,Durvet,Healthcare Services,https://www.durvet.com/,2025-11-05,12,published,,5df14ac6-e0e0-41d6-974b-bbb0da6ecbf5,2026-09-17_onion_page040.html
qilin,RBB Architects,Construction,https://www.rbbinc.com/,2025-11-04,7,published,,5d28a4e2-2fe8-4640-9adb-f78968f4b421,2026-09-17_onion_page040.html
qilin,Maine Course Hospitality Group,Hospitality,http://mchg.com,2025-11-04,7,published,,1565b601-fff7-40b0-bf7d-770c7c3de352,2026-09-17_onion_page040.html
qilin,Mango's Tropical Cafe,Hospitality,https://www.mangos.com/,2025-11-04,16,published,,467456b9-a90b-43f3-a186-8135e127bfc6,2026-09-17_onion_page041.html
qilin,Centro de Formación San Nicolás,Education,https://www.cfsannicolas.com/,2025-11-04,18,published,,ee2ab9c8-8d25-46f6-b0bd-246fdc49313d,2026-09-17_onion_page041.html
qilin,Jason Finch & Associates,Law Firms & Legal Services,https://www.jasonfinchlaw.com/,2025-11-03,14,published,,a33cb6ff-e2cc-4d74-8801-1a78bb6f9c0f,2026-09-17_onion_page041.html
qilin,Deco Dental,Healthcare Services,https://www.decodental.com/,2025-11-02,13,published,,30412835-1e7e-4f36-9bef-86705bca4e5f,2026-09-17_onion_page041.html
qilin,ANCO,Business Services,https://anco.es/,2025-11-02,39,published,,5334d23b-f6a3-4b9f-990c-e6d7de5221aa,2026-09-17_onion_page041.html
qilin,Red Phoenix Construction,Construction,https://www.redphoenixconstruction.com/,2025-11-01,9,published,,1052dce8-44d1-438a-b326-e439bbb01349,2026-09-17_onion_page041.html
qilin,Gun Accessory Supply,Business Services,https://www.gunaccessorysupply.com/,2025-10-31,0,published,,8fa9f65c-8027-4b19-abfb-ffd39f84c9d4,2026-09-17_onion_page041.html
qilin,Disseny Dental,Healthcare Services,https://dissenydental.com,2025-10-30,0,published,,d194b7d6-d9ca-46b8-bf35-d02cbd4f13d1,2026-09-17_onion_page041.html
qilin,FA Servers,Consumer Electronics & Computers Retail,http://www.faserver.ca,2025-10-30,0,published,,422ec053-9de4-44c9-9f6d-779151d260fc,2026-09-17_onion_page041.html
qilin,Magicline,Commercial & Residential Construction,https://www.magicline.com/,2025-10-30,8,published,,3564aebc-faf8-49b9-814e-1984fd55b707,2026-09-17_onion_page041.html
qilin,Price & Ramey Insurance,Insurance,https://www.priceramey.com/,2025-10-29,0,published,,820deceb-4de5-42fa-ad45-5bf26fb66859,2026-09-17_onion_page041.html
qilin,Malibu Boats Australia,Manufacturing,https://www.malibuboats.com.au/,2025-10-29,0,published,,359c448e-6adf-41a4-a015-80cf67a6440c,2026-09-17_onion_page041.html
qilin,Altimedia,Broadcasting,https://www.altimedia.com/,2025-10-29,12,published,,00c23434-053a-4592-9628-6d6b0ec7c8f4,2026-09-17_onion_page041.html
qilin,alissco.com,Accounting Services,http://alissco.com/,2025-10-29,5,published,,63ae3706-250a-4084-b2f9-8b611820ed93,2026-09-17_onion_page041.html
qilin,chirhochiropractic.com,0,https://www.chirhochiropractic.com/,2025-10-29,7,published,,bcabb48c-481b-47c8-80d1-2412b77e220e,2026-09-17_onion_page041.html
qilin,"Kaufman County, Texas",Government,https://kaufmancounty.net/,2025-10-29,5,published,,80d92a68-694e-479f-8413-7a10818f40fe,2026-09-17_onion_page041.html
qilin,upea.com,Civil Engineering Construction,https://www.upea.com/,2025-10-29,5,published,,d3e3466b-f69e-4827-ab55-afe86962f8d2,2026-09-17_onion_page041.html
qilin,renrns.com,Consumer Electronics & Computers Retail,https://renrns.com/,2025-10-29,4,published,,69ad87b8-ff29-47f3-b7e8-34684d2d2e32,2026-09-17_onion_page041.html
qilin,Truro Cannabis,Grocery Retail,http://www.trurocannabis.ca,2025-10-29,18,published,,1a3c205a-5e8f-451d-8f81-bcfa432250bf,2026-09-17_onion_page041.html
qilin,Super Value,Hospitality,https://www.supervalue.jp/,2025-10-29,17,published,,63727177-a039-40d5-a0e6-19ade2574808,2026-09-17_onion_page041.html
qilin,Tanya Creations,Business Services,https://www.tanyacreations.com/,2025-10-29,4,published,,07138e3b-6c56-4817-8099-9dccb2d91fa5,2026-09-17_onion_page042.html
qilin,Southern Specialty & Supply,Civil Engineering Construction,https://www.southernspecialtysupply.com,2025-10-29,5,published,,e40df567-75ee-4807-95de-68ff490994c1,2026-09-17_onion_page042.html
qilin,Ndi Engineering,Civil Engineering Construction,https://ndieng.com/,2025-10-29,4,published,,09c8a25a-08d3-4ab6-a88f-3faa59e07dd7,2026-09-17_onion_page042.html
qilin,reesegroupinc.com,Food & Beverage,https://reesegroupinc.com/,2025-10-29,5,published,,ebc9e8cb-b3e4-4b1a-8ebf-4039c1fbc11f,2026-09-17_onion_page042.html
qilin,Fairfield City Council,Government,http://fairfieldcity.nsw.gov.au,2025-10-29,6,published,,6c896ee2-5e0e-4e04-8996-ac213d54c12d,2026-09-17_onion_page042.html
qilin,"Lorber, Greenfield & Polito, LLP",Law Firms & Legal Services,https://www.lorberlaw.com/,2025-10-28,0,published,,c3b8c3c5-b9ae-451d-920b-d90c5f4354f8,2026-09-17_onion_page042.html
qilin,Microbix Biosystems,Manufacturing,https://www.microbix.com/,2025-10-28,14,published,,eebe0d72-fb5b-49d3-b5ce-4895bbe44de8,2026-09-17_onion_page042.html
qilin,Productive Tool Products,Commercial & Residential Construction,https://www.ptpsystems.com/,2025-10-28,8,published,,cd7c550c-b306-415e-9a86-5a16a4740088,2026-09-17_onion_page042.html
qilin,Double Oak Construction,"Electricity, Oil & Gas",https://www.doubleoakinc.com/,2025-10-27,8,published,,603db284-2c5e-49cb-8651-471cb93dbff1,2026-09-17_onion_page042.html
qilin,COTTAGE,0,https://www.cottagehospital.org/,2025-10-27,16,published,,25e313b0-c0bb-4478-be94-e1cbce34df7c,2026-09-17_onion_page042.html
qilin,Valley Eye Associates,0,https://www.valleyeye.com/,2025-10-26,4,published,,307b9733-972a-47c9-a8ad-6e798d26d1b7,2026-09-17_onion_page042.html
qilin,Gandía Palace Hotel,Hospitality,https://www.gandiapalace.com/,2025-10-26,8,published,,799441b4-0702-4803-8752-b74d05875357,2026-09-17_onion_page042.html
qilin,South Alabama Regional Planning Commission,Accounting Services,https://www.sarpc.org/,2025-10-26,0,published,,aa3cde2c-dddc-4cc8-af18-cf725652fdc8,2026-09-17_onion_page042.html
qilin,Warrnambool Bus Lines,Accounting Services,https://www.warbus.com.au/,2025-10-25,7,published,,5ae2f93f-2f0d-4050-b792-fffa19cd2ffa,2026-09-17_onion_page042.html
qilin,Essential Cabinetry Group,Accounting Services,https://www.essentialcabinetrygroup.com/,2025-10-25,0,published,,056b1740-8e7b-4fc2-a8fd-89a822f29c07,2026-09-17_onion_page042.html
qilin,Omrin,Non-Profit & Charitable Organizations,https://www.omrin.nl/,2025-10-25,11,published,,801b0d0f-5979-4868-abb8-3d16dba1756d,2026-09-17_onion_page042.html
qilin,Malgor,Grocery Retail,http://malgorpr.com,2025-10-24,11,published,,94359f30-723d-4063-901f-982abde90f1e,2026-09-17_onion_page042.html
qilin,Grupo Promasa,Building Materials,http://promasa.hn,2025-10-24,8,published,,5247019b-8810-413f-89b7-5eea587ecf16,2026-09-17_onion_page042.html
qilin,Doha British School,Accounting Services,http:// www.dohabritishschool.com,2025-10-24,18,published,,9cac1757-c2f7-4ede-b30a-727277248558,2026-09-17_onion_page042.html
qilin,SIGN Fracture Care International,Accounting Services,http://www.signfracturecare.org,2025-10-23,18,published,,0b0c2690-6588-49dd-8ef1-77231c4187de,2026-09-17_onion_page042.html
qilin,Winholt Equipment Group,Accounting Services,http://www.winholt.com,2025-10-23,20,published,,9f6de434-157a-4aa8-85d6-7e19a25b2c6c,2026-09-17_onion_page043.html
qilin,Kudela & Weinheimer,Accounting Services,http://www.kwtexas.com,2025-10-23,16,published,,f1027fef-497d-4b1d-87c1-7f8d8e2f2d35,2026-09-17_onion_page043.html
qilin,IREM companies,Membership Organizations,https://www.irem.org/,2025-10-23,0,published,,b0fdae30-55f1-4248-8e50-acbdf0461fad,2026-09-17_onion_page043.html
qilin,Gericke AG,Industrial Machinery & Equipment,https://www.gerickegroup.com,2025-10-23,10,published,,a2f0b84a-8d2e-4dfa-9cf6-1eb22c7cc39c,2026-09-17_onion_page043.html
qilin,Clayco Electric,Accounting Services,http://www.claycoelectric.com,2025-10-22,16,published,,696171a4-3986-4c69-ae81-bf2fa09f0339,2026-09-17_onion_page043.html
qilin,More Than Gourmet,Food & Beverage,http://www.morethangourmet.com,2025-10-22,16,published,,81743365-2771-40b6-afd2-2c86361a0dc8,2026-09-17_onion_page043.html
qilin,Magna Hospitality Group,Real Estate,http://www.magnahospitality.com,2025-10-22,16,published,,65690307-27ab-43e6-96ab-67f7254c02cf,2026-09-17_onion_page043.html
qilin,Applied Technology Resources,Accounting Services,http://www.appliedtechres.com,2025-10-22,27,published,,bbba1d8e-7bb7-4265-b021-dda328e777dc,2026-09-17_onion_page043.html
qilin,GURBAG,Banking,http://www.gurbag.com,2025-10-21,26,published,,d73eff61-9b55-4167-bca1-df31b8922250,2026-09-17_onion_page043.html
qilin,Gainesville Regional Airport,Accounting Services,http://www.flygainesville.com,2025-10-19,,published,,b8cd05d6-6e62-4825-b075-c3546859ab88,2026-09-17_onion_page043.html
qilin,Stowaway Storage,Accounting Services,https://www.stowawaystoragect.com/,2025-10-19,3,published,,6f27a276-4f0f-4e3d-94fb-c43568bbc9dc,2026-09-17_onion_page043.html
qilin,Integrasoft,Software,http://www.integrasoft.com,2025-10-19,17,published,,30f9c08c-cadb-4647-b29b-fa90a9a5b0da,2026-09-17_onion_page043.html
qilin,Long Island Weight Loss Institute,Accounting Services,http://www.liwli.com,2025-10-19,12,published,,9f76de2a-502b-4670-a94a-d5c296994226,2026-09-17_onion_page043.html
qilin,Packaging Concepts + Design,Business Services,https://spgpackaging.com/,2025-10-16,5,published,,cbfe46b9-9d77-486a-ae3d-fa5e5ada44e0,2026-09-17_onion_page043.html
qilin,Rex Md,0,https://rexmd.com/,2025-10-16,5,published,,876c516d-5404-4062-9fef-a9283eacaf63,2026-09-17_onion_page043.html
qilin,stmg.org,Accounting Services,https://stmg.org/,2025-10-16,5,published,,2623982a-42e9-41d5-b7d1-bfbfaf32da1b,2026-09-17_onion_page043.html
qilin,arizonafireplaces.com,Accounting Services,https://arizonafireplaces.com/,2025-10-16,5,published,,cf6dfaf8-f176-459c-9ab9-87a30061c481,2026-09-17_onion_page043.html
qilin,Halifax County Public Schools,Education,https://halifax.k12.va.us/,2025-10-16,5,published,,75ab8007-0433-4179-86b0-71c0d1fe61f9,2026-09-17_onion_page043.html
qilin,Appalachian Community Federal Credit Union,Banking,https://www.myacfcu.org/,2025-10-16,7,published,,a7c4373e-3fdf-4fef-8df8-3c46d509fa82,2026-09-17_onion_page043.html
qilin,Standard Sales Company,Grocery Retail,https://www.standardsalescompanylp.com/,2025-10-16,5,published,,90d09d06-89f4-4e1d-8018-fdf6e00716cb,2026-09-17_onion_page043.html
qilin,GS Long,Home Improvement & Hardware Retail,https://www.gslong.com/,2025-10-16,4,published,,32262464-f300-44f9-a4fc-9811459e464f,2026-09-17_onion_page044.html
qilin,bmcinnovation.com,Advertising & Marketing,https://bmcinnovation.com/,2025-10-16,5,published,,1ffc8a28-9098-4882-9257-d567baf64044,2026-09-17_onion_page044.html
qilin,bagnoles.nl,Banking,https://bagnoles.nl/en/,2025-10-16,5,published,,78d669de-28b7-4c68-80e7-5a1d76c6e48d,2026-09-17_onion_page044.html
qilin,vericore.com,Finance,https://vericore.com/,2025-10-16,5,published,,c1be9c1d-87f4-4068-971c-8829ab5fff86,2026-09-17_onion_page044.html
qilin,Dalton Pharma Services,Manufacturing,https://www.dalton.com/,2025-10-16,5,published,,2e7f7cfe-262a-4f72-bead-8688dbcb4e17,2026-09-17_onion_page044.html
qilin,Montship,Business Services,https://www.montship.ca/,2025-10-16,4,published,,05d7dfb4-7646-4362-9af7-ae2a94fb2958,2026-09-17_onion_page044.html
qilin,pandarose.ca,Advertising & Marketing,https://pandarose.ca/,2025-10-16,5,published,,7d232326-dd47-4ccb-9413-1210c187c509,2026-09-17_onion_page044.html
qilin,Beta Dyne,Consumer Electronics & Computers Retail,http://betadynepower.com,2025-10-16,12,published,,262b4fd1-1d5f-4ab3-8761-ec37c84cb635,2026-09-17_onion_page044.html
qilin,Sprague & Jackson,Accounting Services,http://www.sprjac.com,2025-10-15,12,published,,d9ca962c-1697-4c09-971b-fb41f3e2dc5d,2026-09-17_onion_page044.html
qilin,Middlesex Appraisal Associates,Real Estate,http://middlesexappraisal.com,2025-10-15,13,published,,c76c1874-cb2f-451d-a2db-acb141739a60,2026-09-17_onion_page044.html
qilin,Bengal Industries,Freight & Logistics Services,http://www.bengaltransport.com,2025-10-15,17,published,,e1c07855-baac-4f35-bf8b-a75034b419f3,2026-09-17_onion_page044.html
qilin,Rasi Laboratories,Drug Stores & Pharmacies,http://rasilabs.com,2025-10-15,25,published,,0839f987-5d93-4a16-a33a-3bfe8479abeb,2026-09-17_onion_page044.html
qilin,Richmond Behavioral Health Authority,0,http://www.rbha.org,2025-10-15,14,published,,e5beb2fd-b440-4634-8290-75f1771a415a,2026-09-17_onion_page044.html
qilin,Buanderie Blanchelle,Business Services,http://www.blanchelle.net,2025-10-15,6,published,,1c626f84-13d9-4321-b271-6b61181e6e62,2026-09-17_onion_page044.html
qilin,WebCut Converting,Business Services,http:// www.webcutconverting.com,2025-10-15,7,published,,f565a098-5ed6-4655-bc55-8c0ea61487f7,2026-09-17_onion_page044.html
qilin,Agencia Tributaria,Accounting Services,http://sede.agenciatributaria.gob.es,2025-10-15,16,published,,a538d222-a043-46b6-ac15-93de026ed469,2026-09-17_onion_page044.html
qilin,Centurion Family Office Services LLC,Accounting Services,https://centurionfos.com/,2025-10-15,7,published,,54a988f8-7653-4650-9bdf-90ef0532c772,2026-09-17_onion_page044.html
qilin,Wheale Law Firm,Law Firms & Legal Services,http://www.whealelaw.com/,2025-10-15,17,published,,ba7f5d00-b8a9-45c3-ac5b-2dfabd5255ea,2026-09-17_onion_page044.html
qilin,Charles River Properties,Real Estate,https://charlesriver.properties/,2025-10-14,10,published,,8c0b60a6-4520-480a-b0e1-5098d7550f98,2026-09-17_onion_page044.html
qilin,Suarez & Menendez,Finance,http://www.suarez-menendez.com,2025-10-14,17,published,,79b1fc4d-56f5-4b40-9fcc-6995150e0922,2026-09-17_onion_page044.html
qilin,All Truck Transportation,Accounting Services,http://www.alltruck.com,2025-10-14,16,published,,d33b3950-8335-4efa-aab8-5753000f6395,2026-09-17_onion_page045.html
qilin,New Jersey Property-Liability Insurance Guaranty Association,Insurance,http://www.njguaranty.org,2025-10-14,13,published,,56439085-b439-4510-afd5-9ae7ac6ec534,2026-09-17_onion_page045.html
qilin,HMP Global,Accounting Services,https://www.hmpglobal.com/,2025-10-14,0,published,,2f3c2860-773a-4b87-9eba-ae28ef76a26c,2026-09-17_onion_page045.html
qilin,DV Hardwoods,Home Improvement & Hardware Retail,http://www.boisdv.ca,2025-10-14,10,published,,8b320b18-6ddf-46f8-857f-9d64acc64417,2026-09-17_onion_page045.html
qilin,Force Marketing,Advertising & Marketing,http://www.forcemktg.com,2025-10-14,7,published,,e39df26d-083a-4798-b8c0-9a1d78e267cb,2026-09-17_onion_page045.html
qilin,M&E Global Group,Furniture,http://www.megroupinc.com,2025-10-14,19,published,,05bb5845-4f06-4a89-b216-4086646d6a26,2026-09-17_onion_page045.html
qilin,Bank3,Banking,http://www.bank3.com,2025-10-13,19,published,,651b6bef-e8f6-48ec-99db-bd29c0801fa6,2026-09-17_onion_page045.html
qilin,"BHI Co., Ltd.",Manufacturing,http:// www.bhi.co.kr,2025-10-13,32,published,,a3a03931-a97a-4ca3-a54c-bb6791bcf341,2026-09-17_onion_page045.html
qilin,San Bernard Electric Cooperative,Accounting Services,http://www.sbec.org,2025-10-13,13,published,,03db3ef2-530a-4dbf-abd1-bad7df1e0aaf,2026-09-17_onion_page045.html
qilin,Imperial Glazing Concepts,Commercial & Residential Construction,http://imperialgc.com,2025-10-13,17,published,,50191ede-08be-4317-804d-5e6cd01c9b22,2026-09-17_onion_page045.html
qilin,SourceOne Corporation,"Energy, Utilities & Waste",http:// www.sourceonecorp.com,2025-10-13,18,published,,9e0b728b-1048-4e9f-9cfa-6d7a23327f06,2026-09-17_onion_page045.html
qilin,hautsdefrance.fr,Banking,https://www.hautsdefrance.fr/,2025-10-13,3,published,,1141dc73-6517-4245-8ea7-0a988b3c0611,2026-09-17_onion_page045.html
qilin,Frisquet,Building Materials,http://www.frisquet.com,2025-10-12,22,published,,478ec313-2337-4292-b35f-7bd76b065c75,2026-09-17_onion_page045.html
qilin,Dynamic Precision Sverige,"Electricity, Oil & Gas",http://www.dpnorge.no,2025-10-12,23,published,,d5a6abba-c69b-47ca-82bf-bfe682bfa48d,2026-09-17_onion_page045.html
qilin,Valtorta,Industrial Machinery & Equipment,http://valtortagru.com,2025-10-12,12,published,,763b5238-f39b-4efa-a9ac-169b8c6b4172,2026-09-17_onion_page045.html
qilin,Team Schierl Companies,Holding Companies & Conglomerates,http://www.teamschierl.com,2025-10-12,17,published,,6d955e3f-7810-4d79-8ca1-852aed7acde2,2026-09-17_onion_page045.html
qilin,Atarfil,Consumer Services,https://www.atarfil.com/,2025-10-11,13,published,,1969a051-624d-4621-b8c5-ec7a49c732ab,2026-09-17_onion_page045.html
qilin,Karnes Electric Cooperative,"Electricity, Oil & Gas",http://www.karnesec.org,2025-10-10,15,published,,018f306b-4bb5-4e11-98d7-a082e0ad30b1,2026-09-17_onion_page045.html
qilin,Artan Holding,Accounting Services,http://artanholding.com,2025-10-10,11,published,,7934c37b-99b8-4905-8466-4773d3c5a94d,2026-09-17_onion_page045.html
qilin,Midsun Group,"Energy, Utilities & Waste",http://www.midsungroup.com,2025-10-09,14,published,,f0226845-2882-4abc-9e25-e502bc47dfd3,2026-09-17_onion_page045.html
qilin,Bay West,"Energy, Utilities & Waste",http://www.baywest.com,2025-10-09,15,published,,7ae5b93c-06b6-454a-a9e7-fe3cea2a5755,2026-09-17_onion_page046.html
qilin,MBS Secure,Business Services,http://www.ntiva.com,2025-10-09,15,published,,49d48409-4dc6-41c1-9030-6c2fb14f7eff,2026-09-17_onion_page046.html
qilin,ePayData,Banking,http://www.epaydata.com,2025-10-09,13,published,,7d2280ed-2805-488d-bbfa-a760de2a9911,2026-09-17_onion_page046.html
qilin,www.datamaxx.com,Software,http://www.datamaxx.com,2025-10-08,,published,,4f2edc0f-9267-404f-b7af-eedf21463087,2026-09-17_onion_page046.html
qilin,Spectra Logic+DATA,Accounting Services,http://www.spectralogic.com,2025-10-08,27,published,,2df12fe8-ac3a-497f-b9c6-dc60689e6423,2026-09-17_onion_page046.html
qilin,cameronhodges.com,Law Firms & Legal Services,http://www.cameronhodges.com,2025-10-07,10,published,,71720b05-7efb-40f1-bca9-59b164929af3,2026-09-17_onion_page046.html
qilin,Massachusetts Bay Community College,Education,http://www.massbay.edu,2025-10-07,0,published,,37188ba3-1ebf-458f-9da8-15053fd9fb5d,2026-09-17_onion_page046.html
qilin,"Asahi Group Holdings, Ltd.",Food & Beverage,http://www.asahigroup-holdings.com,2025-10-07,29,published,,cd6d5240-f1d9-42e6-ae5e-57b1cb765e8b,2026-09-17_onion_page046.html
qilin,Property Tax Consultants,Accounting Services,http://www.propertytaxconsulting.com,2025-10-07,6,published,,d3ebb994-2363-49d5-abbf-4b9829b58652,2026-09-17_onion_page046.html
qilin,Clifford Paper Inc,Construction,http://www.cliffordpaper.com/,2025-10-06,20,published,,98829b44-a52b-472c-82a5-1feab2767ac8,2026-09-17_onion_page046.html
qilin,Uvalde Consolidated Independent School District,Education,http://www.ucisd.net,2025-10-06,16,published,,8ea59149-9e5e-43b0-8d8b-f0a3f602ec73,2026-09-17_onion_page046.html
qilin,Landmark Management,Accounting Services,http://www.landmarkmgtinc.com,2025-10-06,16,published,,15fde1bd-0968-41fd-8e05-044612a3d551,2026-09-17_onion_page046.html
qilin,bms.bsd-ri.net,Accounting Services,http://bms.bsd-ri.net,2025-10-06,17,published,,b9d17a87-9108-4a40-b46f-98efb23c289b,2026-09-17_onion_page046.html
qilin,ville-saintclaude.fr,Government,http://www.ville-saintclaude.fr,2025-10-06,17,published,,5eae67e3-d296-466d-b11c-41f2cfd5dedb,2026-09-17_onion_page046.html
qilin,Lipapromet,Manufacturing,http://www.lipapromet.hr,2025-10-06,22,published,,18978bf3-b0b7-44de-91d4-ec1e4ae91007,2026-09-17_onion_page046.html
qilin,Uhl,Business Services,http://uhlcompany.com,2025-10-04,23,published,,3cc232ee-74a3-4e86-b136-fb5f87884222,2026-09-17_onion_page046.html
qilin,Rihatec.de,Manufacturing,http://Rihatec.de,2025-10-04,28,published,,eed3b953-582d-48ca-a007-dd96259521e1,2026-09-17_onion_page046.html
qilin,kecymetals.com,Manufacturing,http://kecymetals.com,2025-10-04,29,published,,0299e47e-1ea4-4076-95c7-26c642ec3903,2026-09-17_onion_page046.html
qilin,kanzlei-schramm.com,Accounting Services,http://kanzlei-schramm.com,2025-10-04,24,published,,fb7ccef9-0412-4372-8581-0a14a22927ef,2026-09-17_onion_page046.html
qilin,McGeorge Architecture Interiors,Construction,http://mcgeorgeai.com,2025-10-04,17,published,,b675b744-a449-4e84-a93f-df6127af5743,2026-09-17_onion_page046.html
qilin,AIP Asset Management,Finance,https://www.aipassetmanagement.com/,2025-10-04,8,published,,de0d4316-f859-4d18-9bd8-ad2dbec7ed82,2026-09-17_onion_page047.html
qilin,BCR Recouvrement,Banking,https://bcr-recouvrement.com,2025-10-04,18,published,,7dc45efa-1c6e-489f-a1a6-6cee3598b5d9,2026-09-17_onion_page047.html
qilin,Cooptech.hu,0,https://cooptech.hu/,2025-10-02,22,published,,7f7a2f1c-6fa5-4881-9325-6b0f21b646ab,2026-09-17_onion_page047.html
qilin,Saginaw Chippewa Indian Tribe,Government,http://sagchip.org,2025-10-02,,published,,15519ea0-e055-4430-ad27-bf2e7263a5cd,2026-09-17_onion_page047.html
qilin,Corporate Services,Business Services,https://www.basis.software/,2025-10-02,15,published,,ade1b42d-c599-4cfd-b159-ccc2c0562ede,2026-09-17_onion_page047.html
qilin,pratthomes.com,Commercial & Residential Construction,https://pratthomes.com/,2025-10-01,0,published,,720904f5-211e-43d9-812e-f8ae0cea4b5a,2026-09-17_onion_page047.html
qilin,Auto Bernhard,Business Services,http://www.auto-bernhard.at,2025-09-30,12,published,,b82972c4-ad89-400c-92b8-6dc22318823c,2026-09-17_onion_page047.html
qilin,Foremost Asset Management,Accounting Services,http://www.foremostasset.com/,2025-09-30,20,published,,d4cb6582-0f48-4fd8-b2c7-090ac32d1508,2026-09-17_onion_page047.html
qilin,Vienneau Insurance,Insurance,https://govienneau.com/,2025-09-30,13,published,,00679903-083c-4761-a7d4-86a12681aabf,2026-09-17_onion_page047.html
qilin,Petraville Asset Management,Accounting Services,https://petraville.gabia.io,2025-09-30,20,published,,1e29c12b-c319-445e-93a7-17b1d652a388,2026-09-17_onion_page047.html
qilin,Mobidic Asset Management,Accounting Services,http://mobydickam.com/,2025-09-30,12,published,,492de336-158e-4849-abb0-f92e10691df5,2026-09-17_onion_page047.html
qilin,TRAUM Investment Co.,Accounting Services,http:// http://traumamc.com/,2025-09-30,16,published,,6290768f-de96-4017-8221-b260dc702688,2026-09-17_onion_page047.html
qilin,Mecklenburg County Public Schools,Education,http:// ww.mcpsweb.org,2025-09-29,19,published,,7d5cd382-96f4-4a0a-9757-a1fc894c5933,2026-09-17_onion_page047.html
qilin,"Development Services Group, Inc.",Business Services,http:// https://dsgonline.com/,2025-09-28,19,published,,95c3e198-0064-42f8-9d53-1a331f0ccae6,2026-09-17_onion_page047.html
qilin,PTR Asset Management,Accounting Services,http://www.ptrfund.com/,2025-09-28,,published,,b37b936d-8fb8-4658-bcc4-415496cce029,2026-09-17_onion_page047.html
qilin,carypeds.com,Accounting Services,https://carypediatriccenter.com/,2025-09-27,12,published,,8e38325a-8d11-45f0-829e-ca9c10789134,2026-09-17_onion_page047.html
qilin,Rectory School,Education,https://www.rectoryschool.org/,2025-09-27,27,published,,f35ce9af-d5fe-4b15-9248-e9f6bb204176,2026-09-17_onion_page047.html
qilin,Thomas M Hughes,Law Firms & Legal Services,https://www.thomasmhughes.com/,2025-09-26,18,published,,2aee250e-74aa-4de7-b644-ed7270dadb60,2026-09-17_onion_page047.html
qilin,Yooshin Engineering Corporation,Construction,https://yooshin.com/,2025-09-26,19,published,,8cc2a73c-f749-4eee-b4a3-504c8a08e1c4,2026-09-17_onion_page047.html
qilin,Podo Asset Management,Accounting Services,http://podoam.co.kr/,2025-09-25,32,published,,d2f6e3f8-f7e2-44d7-b4b5-32bf045ad068,2026-09-17_onion_page047.html
qilin,XCAssociates,Manufacturing,http://www.xcassociates.com,2025-09-25,10,published,,0a5ed356-5dce-4fa4-a402-661727e1d604,2026-09-17_onion_page048.html
qilin,WEST,Advertising & Marketing,https://west-az.com/,2025-09-25,10,published,,42e8bafd-e492-4bfa-9f46-c782ca1f8e21,2026-09-17_onion_page048.html
qilin,HUB ASSET MANAGEMENT Co,Accounting Services,http://www.hubasset.co.kr/,2025-09-25,17,published,,27a47134-c259-4c32-813c-bbdc193f0db3,2026-09-17_onion_page048.html
qilin,Summit Asset Management,Accounting Services,http:// http://summitam.co.kr/,2025-09-25,19,published,,c5a3a5a7-d139-40ea-8402-05cd7011a5e8,2026-09-17_onion_page048.html
qilin,Trustar Capital Management Co,Accounting Services,http://www.trustarmgt.com/,2025-09-25,27,published,,f4766ba8-cb92-4b99-a545-6cc4a924120c,2026-09-17_onion_page048.html
qilin,Lakehaven,"Energy, Utilities & Waste",https://lakehaven.org/,2025-09-25,5,published,,3d0b7d6c-a07a-4904-aa17-223bb8c40bfe,2026-09-17_onion_page048.html
qilin,Hale Makua Health Services,0,https://www.halemakua.org/,2025-09-25,4,published,,98b5c7a7-9633-40d6-b617-5d3164d3b01b,2026-09-17_onion_page048.html
qilin,Grupo Bocel,Grocery Retail,https://grupobocel.com/,2025-09-25,5,published,,91f8d30a-640f-4d1a-9eca-8bd866ca5cde,2026-09-17_onion_page048.html
qilin,sperispa.com,Accounting Services,https://www.sperispa.com/,2025-09-25,7,published,,d5b936cc-f014-49c1-9ed9-1e619d1760c4,2026-09-17_onion_page048.html
qilin,regalmold.com,Industrial Machinery & Equipment,https://www.regalmold.com/,2025-09-25,4,published,,c1996fea-4c74-48f2-b0a7-ffcf95fb9844,2026-09-17_onion_page048.html
qilin,Hawkins Electrical Service L.L.C Information,Accounting Services,https://www.hawkinselectricalservice.com/,2025-09-25,4,published,,39a66f01-ed52-4da4-9451-9b1bba01687d,2026-09-17_onion_page048.html
qilin,smpeurope.com,Industrial Machinery & Equipment,https://www.smpeurope.com/,2025-09-25,5,published,,0c3fd9cb-5136-4f0e-b647-e7b84ba0eea3,2026-09-17_onion_page048.html
qilin,Town of Waxhaw,Government,https://www.waxhaw.com/,2025-09-25,6,published,,6c02adb2-312f-44d6-ab84-b7494606e398,2026-09-17_onion_page048.html
qilin,O'Connor Capital Partners,Finance,https://oconnorcp.com/,2025-09-25,5,published,,be163b4a-ac29-4773-9126-59c7dddba2bd,2026-09-17_onion_page048.html
qilin,Turf Valley Resort Golf Club,Hospitality,https://www.turfvalley.com/,2025-09-25,4,published,,b6945a91-81e0-4721-a9a6-5a1ef2d0f6ea,2026-09-17_onion_page048.html
qilin,Hoffman Estates,Government,https://www.heparks.org/,2025-09-25,5,published,,eaaa7cf0-f690-4441-9b8e-5c865c896d84,2026-09-17_onion_page048.html
qilin,First Atlantic Capital,Real Estate,https://firstatlanticcapital.com/,2025-09-25,5,published,,8c1f903a-294f-4b5f-9cbb-e509251b0db5,2026-09-17_onion_page048.html
qilin,Pangea Travel Store,Hospitality,https://www.pangea.es,2025-09-25,14,published,,0f9af922-fe58-4e65-ae43-2e6e894b7991,2026-09-17_onion_page048.html
qilin,Officepro,Education,https://officepro.cl/,2025-09-24,0,published,,67c47c68-11b9-44c3-add9-eda4248d2247,2026-09-17_onion_page048.html
qilin,MPM Imports,Grocery Retail,http://www.mpmimports.com.cy,2025-09-24,0,published,,a32a3733-5ce9-4b19-8437-9ac6e5ef3a47,2026-09-17_onion_page048.html
qilin,Sistema Odontológico Privado,Business Services,https://www.sop.com.ar/,2025-09-24,0,published,,ac29332c-8e97-4ded-ad71-223ddaf70e14,2026-09-17_onion_page049.html
qilin,Chris Rodriguez Installers,Commercial & Residential Construction,http://www.cr-installers.com,2025-09-23,0,published,,cb44f357-047c-4bb4-bcbd-ad6dc0ba5744,2026-09-17_onion_page049.html
qilin,www.meduane-habitat.fr,Real Estate,http://www.meduane-habitat.fr,2025-09-23,0,published,,229d4142-ca64-4391-9647-7421f41d5dc4,2026-09-17_onion_page049.html
qilin,APM Finance,Banking,http://www.apm-finance.de,2025-09-23,0,published,,e8ba51ba-81ad-450c-8204-745d92cca0c3,2026-09-17_onion_page049.html
qilin,Apex Bulk,Accounting Services,https://www.apexbulk.com/,2025-09-22,16,published,,954876fd-991a-408e-b50b-f03c24fea3fb,2026-09-17_onion_page049.html
qilin,NFI North,Non-Profit & Charitable Organizations,https://www.nfinorth.com/,2025-09-22,25,published,,c63b4a09-b710-4297-b8ed-ce1c11b8fa30,2026-09-17_onion_page049.html
qilin,ZEF,Accounting Services,https://www.zef.de/,2025-09-21,10,published,,5622ace3-5d1e-4ae9-9a25-e5183a09e89d,2026-09-17_onion_page049.html
qilin,Goodcents,Accounting Services,http:// https://customfoodsinc.com/,2025-09-20,15,published,,9482e048-8aeb-4617-98bf-ce551d9c333c,2026-09-17_onion_page049.html
qilin,NV ELMAR,"Electricity, Oil & Gas",https://www.elmar.aw/,2025-09-20,25,published,,0fd2d1b4-c708-4522-870d-18e2b2d924e2,2026-09-17_onion_page049.html
qilin,cegconstruction.com,Commercial & Residential Construction,https://www.cegconstruction.com,2025-09-20,27,published,,db4ca62a-ee6d-465a-8561-05c3396fc403,2026-09-17_onion_page049.html
qilin,Edelman&Edelman,Law Firms & Legal Services,https://www.edelmanpclaw.com,2025-09-20,33,published,,67cf145b-253f-45d1-903b-4f4486f3c5f2,2026-09-17_onion_page049.html
qilin,EUM Asset Management,Accounting Services,http://www.eumasset.com/,2025-09-18,,published,,e18f9e24-4791-4800-9055-1574e9aa8ba3,2026-09-17_onion_page049.html
qilin,Broad High Asset Management,Accounting Services,https://www.bhasset.co.kr/,2025-09-18,28,published,,a1125c3d-3c47-48c2-872f-33387c2b7cfe,2026-09-17_onion_page049.html
qilin,ST Asset Management Co,Accounting Services,http://stasset.co.kr,2025-09-18,,published,,390f534f-8392-4e43-811b-8a9316b0338e,2026-09-17_onion_page049.html
qilin,EOS Asset management,Accounting Services,http://www.eosam.co.kr/,2025-09-18,25,published,,34ccf46d-1963-4859-bcc1-0ea9b88af332,2026-09-17_onion_page049.html
qilin,Orum Asset management,Accounting Services,http://orumam.com/kor/main/,2025-09-18,28,published,,cce45dab-2434-465b-881b-f053b9ff039a,2026-09-17_onion_page049.html
qilin,Dblock Asset Management Co,Accounting Services,http://dblocasset.com/,2025-09-18,30,published,,698c62a0-83ac-4182-9abf-8bc19efc4657,2026-09-17_onion_page049.html
qilin,SUNIQUE Asset Management Co,Accounting Services,http://suniqueam.co.kr/,2025-09-17,14,published,,3a62b1c7-a6b8-4a5e-9296-e5b12bec8297,2026-09-17_onion_page049.html
qilin,Zebra Asset Management Co,Accounting Services,https://zebraasset.com,2025-09-17,25,published,,0ae9b0dd-c9d8-4db7-a188-247dccaa45e4,2026-09-17_onion_page049.html
qilin,Saebom Asset Management,Accounting Services,http://newspringfund.com/,2025-09-17,12,published,,f0aac6fb-3d7c-4e5e-bb57-81a0230bb6e0,2026-09-17_onion_page049.html
qilin,"Spartanburg County, SC",Government,https://www.spartanburgcounty.org/,2025-09-17,17,published,,8ee89ba0-803e-4c8e-866d-e6c77bcc654f,2026-09-17_onion_page050.html
qilin,Prime Asset Fund,Banking,http://www.primeassetfund.com,2025-09-17,12,published,,cf3be356-5de9-42e2-b26b-e6ac37e11c0c,2026-09-17_onion_page050.html
qilin,BiznessHosting,Business Services,https://www.volico.com/,2025-09-16,18,published,,e94c3ebe-a290-49df-bb3d-af9cbf796ac4,2026-09-17_onion_page050.html
qilin,Vdyne,Manufacturing,https://www.vdyne.com/,2025-09-16,19,published,,9f8522e4-4837-402a-8087-f45cc2134c5b,2026-09-17_onion_page050.html
qilin,"Inotiv, Inc",Accounting Services,http://inotiv.com,2025-09-14,9,published,,1b8b16b7-c7fe-4c1d-8580-e21abf24c147,2026-09-17_onion_page050.html
qilin,Pollex Asset Management Co.,Accounting Services,http://www.pollexasset.co.kr/,2025-09-14,11,published,,e133da25-2d89-4df8-ac3c-93dbef66ffa7,2026-09-17_onion_page050.html
qilin,Awesome Asset Management Co,Accounting Services,http://www.awesomeasset.co.kr/,2025-09-14,10,published,,32772327-6461-4ad8-b10d-391691190b69,2026-09-17_onion_page050.html
qilin,Human and Bridge Asset Management,Accounting Services,http://www.hnbasset.com/,2025-09-14,18,published,,abb95cb5-44d0-4be4-8c0b-a4eaf759765d,2026-09-17_onion_page050.html
qilin,Klarman Asset Management,Accounting Services,https://www.klarmanasset.com/,2025-09-14,10,published,,54461e13-94f0-40b8-8fb3-ee664b39c71f,2026-09-17_onion_page050.html
qilin,Majesty Asset Management Co.,Accounting Services,http://www.majestyasset.co.kr/,2025-09-14,17,published,,58d68417-f783-4c6c-974a-211cf217c98d,2026-09-17_onion_page050.html
qilin,Orleans Parish Sheriff's Office,Government,https://www.opso.gov/,2025-09-13,4,published,,a3cbee4e-4b05-4b60-b133-59b79daea5ac,2026-09-17_onion_page050.html
qilin,bio3g.com,Manufacturing,https://www.bio3g.com/,2025-09-13,5,published,,8d600b16-a5a1-4444-824f-21c8e6fba89a,2026-09-17_onion_page050.html
qilin,trchealthcare.com,Accounting Services,https://trchealthcare.com/,2025-09-13,4,published,,29210024-7616-470e-ae99-aab7843409e5,2026-09-17_onion_page050.html
qilin,Volume Transportation,Freight & Logistics Services,https://www.volinc.com/,2025-09-13,5,published,,52ea8abe-ada0-453b-a827-e44b15b115aa,2026-09-17_onion_page050.html
qilin,Ashe,Business Services,https://ashe.com.co/,2025-09-12,17,published,,483c8084-c30a-439d-9104-04c57594ed75,2026-09-17_onion_page050.html
qilin,Eagle Excavation,Construction,https://eaglexinc.com/,2025-09-12,27,published,,5a835dbb-e92c-4cb9-9043-a64db6b6de2c,2026-09-17_onion_page050.html
qilin,UT HEALTH Austin,Accounting Services,https://uthealthaustin.org,2025-09-12,6,published,,36603fe6-4872-4169-8051-42d68143a5b5,2026-09-17_onion_page050.html
qilin,EURORDIS,Accounting Services,http://www.eurordis.org,2025-09-12,22,published,,80fcc90e-18e7-40a7-b1d4-f3c0519cd14d,2026-09-17_onion_page050.html
qilin,PQCNC Hospitals,Accounting Services,http://www.pqcnc.org,2025-09-12,7,published,,624d080d-bd19-4ef8-80f7-e8e6ccd4c583,2026-09-17_onion_page050.html
qilin,denali-industrial.com,Accounting Services,https://www.denali-industrial.com/,2025-09-12,22,published,,481827e1-d7eb-4440-a4d0-3862d53e29e3,2026-09-17_onion_page050.html
qilin,Spectra Logic,Accounting Services,http://www.spectralogic.com,2025-09-10,32,published,,00fba80a-6848-49b8-be51-88315c1d8ba6,2026-09-17_onion_page051.html
qilin,port-orange.org,Accounting Services,https://www.port-orange.org/,2025-09-09,18,published,,8fed3c77-84d5-4465-926a-f4fb2de97213,2026-09-17_onion_page051.html
qilin,Wouters France,Accounting Services,https://www.bloomberg.com/profile/company/7478956Z:FP,2025-09-09,14,published,,b1fe1c78-6a7e-456d-b0f6-8db6a2425ab9,2026-09-17_onion_page051.html
qilin,Plan B Die Fachanwaltskanzlei,Accounting Services,https://plan-b-rechtsanwälte.de/,2025-09-08,16,published,,53e2a0e2-9b54-405b-95a5-dfa35f8aaaaa,2026-09-17_onion_page051.html
qilin,runaces.com,Accounting Services,https://runaces.com/,2025-09-07,17,published,,8ae3dc5e-be57-44d9-bbd8-427afd2fb2f9,2026-09-17_onion_page051.html
qilin,Newcastle Communications,Accounting Services,https://nccomm.com/,2025-09-06,16,published,,715a5bfd-072c-479f-ac1e-f4def19032c2,2026-09-17_onion_page051.html
qilin,Mechatronics,Accounting Services,https://www.mechatronics.com/,2025-09-06,,published,,b51971ad-90a7-4fba-93a3-db8d7aa23173,2026-09-17_onion_page051.html
qilin,optometrics.com,Accounting Services,https://www.optometrics.com/,2025-09-06,18,published,,b18f3798-1773-4989-a45d-264f9d5500e3,2026-09-17_onion_page051.html
qilin,BKV Group,Furniture,https://bkvgroup.com/,2025-09-05,5,published,,16b42a8b-479b-425b-9f8d-ba5cf5cc918e,2026-09-17_onion_page051.html
qilin,follet-rivoire-avocats.com,Accounting Services,http://www.follet-rivoire-avocats.com,2025-09-04,32,published,,53e72b8e-a6a0-4d14-8a06-924ab5cc1dbf,2026-09-17_onion_page051.html
qilin,NPIAV,Accounting Services,http://www.npiav.com,2025-09-03,9,published,,e7df521a-be51-4460-af74-583bddb24446,2026-09-17_onion_page051.html
qilin,elche.es,Accounting Services,https://www.elche.es/,2025-09-03,5,published,,092c91c9-f460-4473-9450-73f9f0165fe1,2026-09-17_onion_page051.html
qilin,blytheco.com,Business Services,https://blytheco.com/,2025-09-03,5,published,,635b989a-ec8a-41fc-b90f-e500f6da08fd,2026-09-17_onion_page051.html
qilin,Osaki Medical,,https://www.osakimedical.co.jp/,2025-09-02,10,published,,cf160cbf-12e9-4d72-be25-a5dc6860fec0,2026-09-17_onion_page051.html
qilin,PathoQuest-Biotechnology Research,Accounting Services,https://pathoquest.com/,2025-09-01,7,published,,d5eab76f-db22-48d3-8105-8869713de153,2026-09-17_onion_page051.html
qilin,Tecnología Especializada Asociada de México,Accounting Services,https://www.teamnet.com.mx/,2025-08-30,12,published,,6cce96f5-bbbe-4b18-8d33-2af964dca080,2026-09-17_onion_page051.html
qilin,ESIC_TR,Accounting Services,https://www.esic.edu/,2025-08-30,8,published,,27c2b0e6-d401-4259-bb10-ff1abf9a7a69,2026-09-17_onion_page051.html
qilin,atlanta neighborhood charter school,Education,https://atlncs.org,2025-08-29,7,published,,3790a8c7-55f0-4d8e-ac64-ea711f9f32a9,2026-09-17_onion_page051.html
qilin,ogdenpubs.com,Accounting Services,https://www.ogdenpubs.com/,2025-08-28,10,published,,faa643ed-90b5-450c-a402-46895a74f03d,2026-09-17_onion_page051.html
qilin,ibew1547.org,Accounting Services,https://www.ibew1547.org/,2025-08-28,9,published,,f534988c-f7e4-4a92-8f9e-a3d43bb4de62,2026-09-17_onion_page051.html
qilin,allphaselandscape.net,Accounting Services,https://allphaselandscape.net/,2025-08-28,11,published,,8e0fa4c7-5cf5-44ea-a90f-6cb097278200,2026-09-17_onion_page052.html
qilin,Ekmanian Tax & Accounting,Accounting Services,https://www.ekmaniancpa.com/,2025-08-28,13,published,,7bb50d17-820b-42d2-b493-e04d9a2d78ef,2026-09-17_onion_page052.html
qilin,camaradealmeria.com,Accounting Services,https://www.camara.es/,2025-08-27,9,published,,d0f0b55b-7e5c-4c00-ac6f-70c0787a9a67,2026-09-17_onion_page052.html
qilin,brebeuf.org,Accounting Services,http://brebeuf.org,2025-08-26,9,published,,b9d3c056-9871-4218-b0ff-573ca991689c,2026-09-17_onion_page052.html
qilin,www.nuggetent.com,Accounting Services,http:// https://www.nuggetent.com/,2025-08-25,9,published,,535522d9-6045-48dc-b16d-f0ecf2f55a26,2026-09-17_onion_page052.html
qilin,hydrometrics.com,Accounting Services,https://www.hydrometrics.com/,2025-08-25,13,published,,ea4eb66e-5fdb-4184-b001-62ed59033890,2026-09-17_onion_page052.html
qilin,nrlassoc.com,Accounting Services,https://nrlassoc.com/,2025-08-25,10,published,,8bde7411-38de-483d-a4c8-adfbf40c5dce,2026-09-17_onion_page052.html
qilin,www.ecodemolizionisrl.com,Accounting Services,https://www.ecodemolizionisrl.com/,2025-08-22,11,published,,aba0c562-104e-438e-bac9-252e7dcb3852,2026-09-17_onion_page052.html
qilin,naturefresh.ca,Accounting Services,https://naturefreshfarms.com/,2025-08-21,16,published,,21e8f189-f52d-4a81-98f7-4fa8be357706,2026-09-17_onion_page052.html
qilin,www.gillette-ac.com,Accounting Services,https://gillette-ac.com/,2025-08-21,8,published,,62a53a17-6c50-46e8-8986-9b489aa145c7,2026-09-17_onion_page052.html
qilin,Spohn + Burkhardt GmbH & Co KG,Business Services,https://www.spobu.com/,2025-08-21,16,published,,cfbf30d9-fe57-4a11-8180-f0829d9b6e3d,2026-09-17_onion_page052.html
qilin,Fullerton Surgical Center (FSC),Accounting Services,https://fullerton-surgical.com/,2025-08-20,9,published,,b4abcb3e-6078-44b3-8541-bb57b16e6229,2026-09-17_onion_page052.html
qilin,Nissan CBI,Accounting Services,https://www.nissan-global.com,2025-08-20,26,published,,e316e49e-2933-45b3-8394-2491888d2ae7,2026-09-17_onion_page052.html
qilin,IDS Ingegneria Dei Sistemi SpA,Accounting Services,https://www.idscorporation.com/,2025-08-20,5,published,,0018439c-04aa-49a5-8480-61c1439c8d8d,2026-09-17_onion_page052.html
qilin,Garner Trucking,Freight & Logistics Services,https://www.garnertrucking.com/,2025-08-20,5,published,,cde20bb0-1f3b-4624-ab84-295431a16ce1,2026-09-17_onion_page052.html
qilin,ihrser.wpcomstaging.com,Accounting Services,https://ihrser.wpcomstaging.com/,2025-08-20,5,published,,5c6d2289-da90-4f31-9c8d-e12ab5c97b22,2026-09-17_onion_page052.html
qilin,Monson High School,Education,https://www.monsonschools.com/,2025-08-20,5,published,,4174ed6f-0718-4bb2-b060-80a7060f5fb1,2026-09-17_onion_page052.html
qilin,NetFusion Consulting,Business Services,https://www.netfusionconsulting.com/,2025-08-20,5,published,,669e30a7-7ef2-4094-b9d6-af2aa9f09734,2026-09-17_onion_page052.html
qilin,Incosa,"Energy, Utilities & Waste",https://insoca.es/,2025-08-20,5,published,,5c9eb925-84bd-4bbe-b963-c7d916d85244,2026-09-17_onion_page052.html
qilin,HERKER INDUSTRIES,Industrial Machinery & Equipment,https://herker.com/,2025-08-20,4,published,,cec57c44-d176-4361-945f-18c370e9745a,2026-09-17_onion_page052.html
qilin,Haaker Equipment,Business Services,https://haaker.com/,2025-08-20,5,published,,8d49fde1-2971-4c06-9621-24a43b6891c6,2026-09-17_onion_page053.html
qilin,Lee & Associates Irvine,Real Estate,https://lee-irvine.com/,2025-08-20,5,published,,1e91176c-e903-4a55-a15e-27cded7b4e84,2026-09-17_onion_page053.html
qilin,Logis-Tech,Manufacturing,https://www.logis-tech.com/,2025-08-20,4,published,,c39bbc44-a066-46ad-8124-cacb82d90b79,2026-09-17_onion_page053.html
qilin,Adult & Pediatric Dermatology,Home Improvement & Hardware Retail,https://www.apderm.com/,2025-08-20,4,published,,535182c8-303b-4298-a6e1-f2dfa6ccf81d,2026-09-17_onion_page053.html
qilin,Medosweet Farms,Grocery Retail,https://medosweet.com/,2025-08-20,5,published,,30ac8522-482d-408e-b5e4-71a45036a674,2026-09-17_onion_page053.html
qilin,AMSA,Accounting Services,https://amsainc.com/,2025-08-20,8,published,,d579c4d2-8ae8-4746-a334-75074add6ddd,2026-09-17_onion_page053.html
qilin,seabridge.eu+efico.com,,https://www.seabridge.eu/,2025-08-19,14,published,,613b05c6-a311-4f52-81b7-a5bdf6447b92,2026-09-17_onion_page053.html
qilin,www.canionsrl.com,Accounting Services,http://canionsrl.com/,2025-08-18,9,published,,d4e8dcea-79ff-4160-b57d-217bf5011780,2026-09-17_onion_page053.html
qilin,ARTAN,Accounting Services,https://www.artanholding.com/,2025-08-18,13,published,,308ddce0-352b-48de-a639-b39cda911fc9,2026-09-17_onion_page053.html
qilin,Wyong Rugby League Club,Hospitality,https://wyongleagues.com.au/,2025-08-17,7,published,,a77b4f24-64bd-4fd3-b81b-340a85770cd4,2026-09-17_onion_page053.html
qilin,Xperthair,Accounting Services,https://www.xpertpro.ie/,2025-08-16,8,published,,4ae648d1-fe04-4146-9903-52f93b335c68,2026-09-17_onion_page053.html
qilin,Ethical Packaging Solutions,Business Services,https://ethicalpackaging.co.uk/,2025-08-15,11,published,,a89604bb-3c3d-47eb-8863-2dbeb09d7f95,2026-09-17_onion_page053.html
qilin,Adult & Pediatric Dermatology,Hospitality,https://www.apderm.com/,2025-08-13,6,published,,26e3277c-6ea3-4080-86ca-3132b41b6f58,2026-09-17_onion_page053.html
qilin,The Paul Wilkinson Law Firm,Accounting Services,https://callpaul.com/,2025-08-13,9,published,,3aa1faff-8324-4cc9-8d58-d076c55ee1c9,2026-09-17_onion_page053.html
qilin,Flavor & Fragrance Specialties,Business Services,https://ffs.com/,2025-08-13,4,published,,3d92e711-32f3-49ca-8eb5-2840f8c101af,2026-09-17_onion_page053.html
qilin,Uganda Electricity Transmission Company Limited,"Electricity, Oil & Gas",https://uetcl.go.ug/,2025-08-12,8,published,,348f4aa9-dd12-4ed5-aaa2-56cd914a8cfc,2026-09-17_onion_page053.html
qilin,VENTURE Credit Union,Banking,http://www.venturecreditunion.com,2025-08-12,10,published,,0a9a0879-04cc-4573-be87-7ee497b7f4a0,2026-09-17_onion_page053.html
qilin,SYNCADD Systems,Business Services,https://syncadd.com/,2025-08-12,4,published,,21d75af4-9f50-4992-a1f7-c462ceb8abcb,2026-09-17_onion_page053.html
qilin,Northern Construction Service,Construction,https://www.northernconstruction.com/,2025-08-12,5,published,,4ba39790-b920-417b-927b-a745c948f172,2026-09-17_onion_page053.html
qilin,burmann.de,Accounting Services,https://www.burmann.de/,2025-08-11,12,published,,48c24fd6-9a2d-4048-9f2e-0de02f8048dc,2026-09-17_onion_page053.html
qilin,liabergamo.it,Education,http://www.liabergamo.it,2025-08-11,8,published,,8bc8c415-a067-46d4-9a90-538d8f726b0c,2026-09-17_onion_page054.html
qilin,Capital Trade,Law Firms & Legal Services,https://www.captrade.com/,2025-08-10,7,published,,0eff06ec-de85-4f5a-a207-e181666c2eca,2026-09-17_onion_page054.html
qilin,L-Pimenta (etdeletronics),Accounting Services,http://-,2025-08-10,14,published,,1adabc88-ee83-48d3-aff2-7e5a62dcdbec,2026-09-17_onion_page054.html
qilin,agrofair,Grocery Retail,https://www.agrofair.nl/,2025-08-10,6,published,,ffab0bd7-88d1-4d0a-938d-4578df556093,2026-09-17_onion_page054.html
qilin,formacompany,Accounting Services,https://www.formacompany.com/,2025-08-08,8,published,,f0464ade-39fa-463f-911b-b6bbb69144b8,2026-09-17_onion_page054.html
qilin,JTEKT,Accounting Services,https://www.jtekt.eu/,2025-08-08,9,published,,48d5e7eb-6639-41df-916c-42fa04c2b65e,2026-09-17_onion_page054.html
qilin,Metricon Homes,Real Estate,https://www.metricon.com.au/,2025-08-07,18,published,,d216d907-ca73-4136-b1d6-2ee150b878f4,2026-09-17_onion_page054.html
qilin,St Thomas More Catholic High School,Education,http://www.stmcougars.net,2025-08-07,8,published,,3728c25d-15dd-4a06-b746-f1bbaf75016e,2026-09-17_onion_page054.html
qilin,shinko plastics co. ltd,Furniture,https://www.shinkopla.co.jp/eng/,2025-08-07,7,published,,1db1950f-80c6-4c69-b332-69d6c3148ab8,2026-09-17_onion_page054.html
qilin,Belmont christian college,Accounting Services,https://bcc.nsw.edu.au/,2025-08-07,5,published,,f2f1aef6-7050-4670-b253-504cdd131c5a,2026-09-17_onion_page054.html
qilin,CIMEXSTEEL.CZ,Accounting Services,https://www.cssteel.cz/,2025-08-07,9,published,,1c908494-6dc5-4c1b-8769-59ed6d892ff1,2026-09-17_onion_page054.html
qilin,sotaconstruction.com,Accounting Services,https://sotaconstruction.com/,2025-08-07,4,published,,e09fd78a-3fa6-4a31-874c-92b01c08560c,2026-09-17_onion_page054.html
qilin,Studebaker Submetering,"Energy, Utilities & Waste",https://www.studebakersubmetering.com/,2025-08-07,4,published,,7bb3593e-71f6-451a-b48c-804185335085,2026-09-17_onion_page054.html
qilin,Çağrı Group,Accounting Services,https://www.cagrielektrik.com.tr/,2025-08-07,12,published,,b5bdf775-0628-4cff-ac77-fec35a9e1504,2026-09-17_onion_page054.html
qilin,CS Repair Services,Accounting Services,https://csrepair.com/,2025-08-07,4,published,,6c27d9c4-d3b9-4364-bc33-650677943179,2026-09-17_onion_page054.html
qilin,Lodi Police Department,Government,https://lodipd.org/,2025-08-07,7,published,,066a98fb-729e-4bef-a048-6eb20da65a54,2026-09-17_onion_page054.html
qilin,camdon.ca,Accounting Services,https://www.camdon.ca/,2025-08-07,4,published,,305c637e-11dc-4c29-b169-04fa8b4c95e5,2026-09-17_onion_page054.html
qilin,avosinamed.com,Accounting Services,https://www.avosinamed.com/,2025-08-07,5,published,,d8497d42-a61d-48ff-9325-f1e071cb9f90,2026-09-17_onion_page054.html
qilin,Lawrence Paper,Manufacturing,https://lpco.co/,2025-08-07,5,published,,a3dea14d-a63f-4f08-b30e-ec67de3a156d,2026-09-17_onion_page054.html
qilin,ryeco.com,Accounting Services,https://www.ryeco.com/,2025-08-07,5,published,,946233e9-c99d-421b-b42c-3a2e5e65c991,2026-09-17_onion_page054.html
qilin,Tape Ruvicha,Accounting Services,https://www.taperuvicha.com/,2025-08-06,6,published,,1d1798f2-012e-4179-aa9c-0bdc0f54fb62,2026-09-17_onion_page055.html
qilin,Moniz Silva international,Healthcare Services,http://www.monizsilva.co.ao,2025-08-06,8,published,,b5a0edb6-1502-4cc0-9f9f-fcfab9b48789,2026-09-17_onion_page055.html
qilin,ferrocortes,Accounting Services,http://www.ferrocortes.com.co,2025-08-06,7,published,,a8cb2c05-ada4-4277-a4ee-a7fe434b27fb,2026-09-17_onion_page055.html
qilin,Kengen,Accounting Services,http://www.kengen.co.ke,2025-08-06,9,published,,e9b30ba6-b5ef-42b7-b19b-d19360e8bf52,2026-09-17_onion_page055.html
qilin,Bricotech,Accounting Services,http://www.esd-bricotech.fr,2025-08-04,8,published,,d1443420-2e96-4d1c-b78d-6039e16c5389,2026-09-17_onion_page055.html
qilin,alpresor.se,Accounting Services,http://www.alpresor.se,2025-08-04,9,published,,bf2db7d1-40ee-482b-8533-92f46acb2436,2026-09-17_onion_page055.html
qilin,Ahtna Incorporated,Accounting Services,https://www.ahtna.com/,2025-07-31,33,published,,0c4c7e18-9d6c-4ec4-afe1-90b067e6141b,2026-09-17_onion_page055.html
qilin,www.afmco.jo,Accounting Services,https://www.aseza.jo/Default/Ar,2025-07-30,8,published,,baff235c-5528-4765-b097-db5bb19c0193,2026-09-17_onion_page055.html
qilin,Custom Food Ingredients,Accounting Services,https://cfigroup.com.my/,2025-07-29,13,published,,5790b852-865a-44ad-b029-6f7177dcf1ed,2026-09-17_onion_page055.html
qilin,Yapi Teknik Proje,Accounting Services,https://yapiteknikproje.com/,2025-07-28,8,published,,329008ac-45da-4242-9df6-2af621511f83,2026-09-17_onion_page055.html
qilin,Astro Industries Inc.,Accounting Services,https://www.astro-ind.com/,2025-07-25,9,published,,8945d698-420e-4838-88ab-b4f7ccdea959,2026-09-17_onion_page055.html
qilin,morgan911.org,0,https://www.morgan911.org,2025-07-24,10,published,,b98a6112-6788-4f2f-ac5e-0fe02275350d,2026-09-17_onion_page055.html
qilin,BALNEARIO DE MONDARIZ,Accounting Services,https://www.balneariomondariz.es/,2025-07-24,3,published,,f1e60fe5-5d2f-4931-a81b-1af1b424f656,2026-09-17_onion_page055.html
qilin,foiegrasespinet,Accounting Services,https://www.foiegrasespinet.com/,2025-07-24,5,published,,4e805732-51dd-4e64-940c-de472fdf37df,2026-09-17_onion_page055.html
qilin,moonsafari,Consumer Electronics & Computers Retail,https://www.moonsafari.archi/,2025-07-24,9,published,,7e4db425-8905-4658-9d20-d595ff418837,2026-09-17_onion_page055.html
qilin,jaegerndorfer.at,Accounting Services,http://jaegerndorfer.at,2025-07-23,4,published,,08c934aa-2d11-41a0-bb34-1da4b8248239,2026-09-17_onion_page055.html
qilin,www.barobinson.com,Accounting Services,https://www.barobinson.com/,2025-07-23,14,published,,6a7f328d-6014-4456-acc0-bb8f41315075,2026-09-17_onion_page055.html
qilin,DelCampo,Accounting Services,http://www.delcampo.com.mx,2025-07-23,9,published,,594610e4-2245-47b1-8202-5066d239edce,2026-09-17_onion_page055.html
qilin,Windsor Door,Accounting Services,https://windsordoor.com/,2025-07-21,8,published,,0880b3a8-472d-400f-a2b9-f432364307f8,2026-09-17_onion_page055.html
qilin,chainstoreguide.com,Accounting Services,https://www.chainstoreguide.com/,2025-07-21,5,published,,784821dc-d936-46cb-a17d-b6e9e22e2244,2026-09-17_onion_page055.html
qilin,Bronze Craft,,http://www.bronzecraft.com,2025-07-21,0,published,,5ce1086a-0fd8-4db5-a327-8bacc5619230,2026-09-17_onion_page056.html
qilin,Krusell,Business Services,https://adiantes.com/,2025-07-21,19,published,,0565c886-9a85-45ca-a32b-280ac0cbc951,2026-09-17_onion_page056.html
qilin,ARCTICGROUP,Accounting Services,https://arcticglacier.com/,2025-07-19,15,published,,141d3ba5-c8eb-46eb-b052-50c7fbfb3f6f,2026-09-17_onion_page056.html
qilin,WIBAIE,Accounting Services,https://www.wibaie.fr/,2025-07-18,9,published,,9202de7e-b7eb-4b12-86ba-af07e4e9c50a,2026-09-17_onion_page056.html
qilin,www.balkankalip.com,Accounting Services,http://www.balkankalip.com,2025-07-17,13,published,,732434ae-6edd-4050-b7d1-c0631232e57f,2026-09-17_onion_page056.html
qilin,KEP Credit Union KEP,Hospitality,http://www.kep.cw,2025-07-16,6,published,,bfdc90a7-e1bb-4c78-b346-7770656827ae,2026-09-17_onion_page056.html
qilin,Halvorsen Family Law Group,Accounting Services,https://halvorsenfamilylaw.com/index.php/partner-bios/,2025-07-15,9,published,,d31dd0c8-442e-4fd3-82f6-03ffee2c2349,2026-09-17_onion_page056.html
qilin,City of Green River,Accounting Services,http://www.greenriverutah.com,2025-07-15,6,published,,3ba9dc4a-ae09-4d14-9173-2720248597e6,2026-09-17_onion_page056.html
qilin,"Culver's Lawn & Landscape, Inc.",Accounting Services,https://culverslandscape.com,2025-07-14,12,published,,c4f1e58d-9a5b-4dee-9b87-43a816865d68,2026-09-17_onion_page056.html
qilin,Darien Telephone,Accounting Services,http://www.darientel.net,2025-07-11,9,published,,fa28af64-a470-4cba-ac1c-1cfbfa234f1c,2026-09-17_onion_page056.html
qilin,nexa.bb,Accounting Services,https://www.nexa.bb,2025-07-11,19,published,,22e7673e-c3e3-4117-8592-9d6eceae0c76,2026-09-17_onion_page056.html
qilin,Consorzio di Bonifica Adige Po,Accounting Services,https://www.adigepo.it/,2025-07-10,9,published,,77a7f4b4-b9e6-4a3e-bf9a-4e7084ea812b,2026-09-17_onion_page056.html
qilin,lawforpersonalinjury.com,Accounting Services,https://lawforpersonalinjury.com/,2025-07-09,18,published,,fbce0faa-f0ca-4bba-9dfd-9224f916a5c1,2026-09-17_onion_page056.html
qilin,Microf,Banking,http://www.microf.com,2025-07-09,5,published,,5dd057c0-8df6-419c-adea-bb1ec6b1741a,2026-09-17_onion_page056.html
qilin,ResourceEnergy,Accounting Services,http:// www.resourceenergy.com,2025-07-08,15,published,,b8be4d16-d6b1-48e7-9b68-b104daba657a,2026-09-17_onion_page056.html
qilin,volpatoindustrie.it,Accounting Services,https://www.volpatoindustrie.it/,2025-07-07,6,published,,f1174ba5-47b7-48ff-b598-2cbb748f239b,2026-09-17_onion_page056.html
qilin,knightknox,,https://knightknox.com/,2025-07-04,7,published,,d78e2e77-0418-406d-8868-3b59a901e5f1,2026-09-17_onion_page056.html
qilin,Cenomi Retail,,https://www.cenomiretail.com/sa-en/contact-us/,2025-07-03,18,published,,7f846597-a83b-4863-be05-cbe2b04c9dd7,2026-09-17_onion_page056.html
qilin,Punta Del Agua,Business Services,https://www.puntadelagua.com.ar/,2025-07-02,6,published,,6e454482-5ba7-4b84-9bce-cfd16cc27a9a,2026-09-17_onion_page056.html
qilin,conlonproducts.net,Accounting Services,https://conlonproducts.net/catalog/,2025-07-01,5,published,,7c61dedb-4455-461a-a9a9-b4ec3ab74b29,2026-09-17_onion_page056.html
qilin,corpdvs.com,Accounting Services,https://www.corpdvs.com/,2025-07-01,5,published,,219e7cca-d750-4d7b-9c9b-3f9a2736ff05,2026-09-17_onion_page057.html
qilin,capmark.org,Accounting Services,https://capmark.org/,2025-07-01,5,published,,5633eed6-fbb1-47a2-9a3b-8e9de4d0bf20,2026-09-17_onion_page057.html
qilin,mpark.net,Accounting Services,https://www.mpark.net/,2025-07-01,4,published,,42e03699-be08-496f-ba65-4b5a6cd575d3,2026-09-17_onion_page057.html
qilin,parsons-peebles.com,Industrial Machinery & Equipment,https://www.parsons-peebles.com/,2025-07-01,6,published,,d1303249-70ff-4693-930b-ec0891e507ec,2026-09-17_onion_page057.html
qilin,villagecoin.com,Accounting Services,https://www.villagecoin.com/,2025-07-01,2,published,,ac6fa9bf-f8fc-409b-939b-877948e18ec7,2026-09-17_onion_page057.html
qilin,steeplechasetool.com,Accounting Services,https://steeplechasetool.com/,2025-07-01,5,published,,7daf9e13-9f85-43a1-b234-ca7aed9d62fd,2026-09-17_onion_page057.html
qilin,Accu Reference Medical Lab,Accounting Services,http://www.accureference.com,2025-07-01,12,published,,af019572-d219-403c-8d03-d70f40cafa42,2026-09-17_onion_page057.html
qilin,"simmons-Boardman Publishing, Inc",Accounting Services,https://simmonsboardman.com,2025-06-30,8,published,,4d1b9e45-de77-4efe-8dd4-566c92177d2e,2026-09-17_onion_page057.html
qilin,Alert Medical Alarms,Accounting Services,https://alertmedicalalarms.com/,2025-06-30,8,published,,a7c790a5-c28a-4060-8850-a1e58da7538b,2026-09-17_onion_page057.html
qilin,exhibits-intl.com,Accounting Services,http://exhibits-intl.com,2025-06-29,34,published,,2ab232c6-a3c4-4ffc-aa37-7cd3de6f44c3,2026-09-17_onion_page057.html
qilin,slyfoxbeer.com,Accounting Services,http://www.slyfoxbeer.com,2025-06-28,4,published,,65ebb7d0-9230-45f8-8555-e70389ba8ceb,2026-09-17_onion_page057.html
qilin,SiloKing,Industrial Machinery & Equipment,https://www.siloking.com,2025-06-27,19,published,,04bbc82e-4c95-40ae-9cee-301258271e35,2026-09-17_onion_page057.html
qilin,schmitzmix.com,Accounting Services,https://schmitzmix.com/,2025-06-27,5,published,,865fa2b8-05fd-439c-aaf0-06041508913a,2026-09-17_onion_page057.html
qilin,buffalomarine.com,Accounting Services,https://www.buffalomarine.com/,2025-06-27,5,published,,e9801b4e-9a7f-46d8-b67c-fcc3202b5da9,2026-09-17_onion_page057.html
qilin,artexmanagement.com,Accounting Services,http://artexmanagement.com/,2025-06-27,5,published,,6b59742c-b2f4-493a-978e-2899dce39d0f,2026-09-17_onion_page057.html
qilin,broadleafgame.com,Accounting Services,https://broadleafgame.com/,2025-06-27,5,published,,547de0fb-81ef-4060-b099-90d67de3b5d5,2026-09-17_onion_page057.html
qilin,greatcdltraining.com,Accounting Services,https://greatcdltraining.com/,2025-06-27,5,published,,9da1241f-4f0d-4a10-a21a-30ebf9a14886,2026-09-17_onion_page057.html
qilin,elpasoglass.com,Accounting Services,https://elpasoglass.com/,2025-06-27,4,published,,15256888-43fa-43aa-98b8-5585e5c3ea38,2026-09-17_onion_page057.html
qilin,Airbus SLC México,Accounting Services,http://www.airbus-slc.com.mx,2025-06-26,18,published,,d56b692b-a525-42b9-95d0-71f61205af9e,2026-09-17_onion_page057.html
qilin,"Habitat for Humanity of Greater Sioux Falls, Inc.",Accounting Services,https://siouxfallshabitat.org,2025-06-25,8,published,,774fbca0-a204-4c6f-8179-852c6085607d,2026-09-17_onion_page057.html
qilin,gudeco.de,Accounting Services,https://www.gudeco.de,2025-06-25,13,published,,7efd3b69-b4b6-499d-ac2e-0ecbd41dd51b,2026-09-17_onion_page058.html
qilin,www.covenanthealth.net,Accounting Services,http://www.covenanthealth.net,2025-06-24,8,published,,43b5d83d-ebf2-4f3a-8f77-6f6c9b8ea23b,2026-09-17_onion_page058.html
qilin,Estes Forwarding Worldwide,Accounting Services,http://www.efwnow.com,2025-06-23,10,published,,2ddc558e-fe56-4d43-a9bf-83c3947a4692,2026-09-17_onion_page058.html
qilin,"Quaser Machine Tools, Inc",,https://www.quaser.com/,2025-06-23,8,published,,eaf6365e-c2ec-4aa5-99da-e8f950747a21,2026-09-17_onion_page058.html
qilin,fiestafranchise.com,Accounting Services,https://fiestafranchise.com,2025-06-18,4,published,,98341298-76b0-41d8-aad7-478e475acabc,2026-09-17_onion_page058.html
qilin,gmaxequine.com,Accounting Services,https://gmaxequine.com/,2025-06-18,4,published,,5aa75aed-743f-4f74-aeca-8e52d2b5fdcd,2026-09-17_onion_page058.html
qilin,accu-search.com,Accounting Services,https://www.accu-search.com/,2025-06-18,5,published,,bbda7083-384f-4327-84d6-a66235fe20e1,2026-09-17_onion_page058.html
qilin,KONTEK Systems,Electronics,https://www.kontek.com/,2025-06-18,7,published,,37c49a93-3af4-4e97-bcae-a17e41be8def,2026-09-17_onion_page058.html
qilin,Hartshorne Plunkard Architecture,"Energy, Utilities & Waste",https://hparchitecture.com/,2025-06-18,6,published,,8b13dd45-b649-4c81-80de-df544bb7da84,2026-09-17_onion_page058.html
qilin,springbrooksoftware.com,Software,https://springbrooksoftware.com/,2025-06-18,4,published,,32d66249-2037-4bee-a7d2-65721085bae3,2026-09-17_onion_page058.html
qilin,connexcu.org,Accounting Services,https://www.connexcu.org/home/home,2025-06-18,5,published,,5d538590-5fd8-4aa3-bd7d-cb0e44449eed,2026-09-17_onion_page058.html
qilin,realityfinance.com,Banking,https://www.realityfinance.com/,2025-06-18,7,published,,e7f25665-fb91-4313-adea-306f4929cb75,2026-09-17_onion_page058.html
qilin,infiniteservices.org,Accounting Services,https://infiniteservices.org/,2025-06-18,4,published,,4ad87c93-baa0-4315-801d-ff32e6ffc507,2026-09-17_onion_page058.html
qilin,windowmaster.com,Accounting Services,https://www.windowmaster.com/,2025-06-17,4,published,,ff4c461e-dd53-4d57-909c-5b6630e540a8,2026-09-17_onion_page058.html
qilin,www.skv.com,Accounting Services,http://www.skv.com,2025-06-16,0,published,,e01dde19-2922-476c-96fe-1df17095b2d1,2026-09-17_onion_page058.html
qilin,spg.net,Accounting Services,http://www.spg.net,2025-06-14,6,published,,a3cb203c-b15b-4323-a5cf-57c0c8730cb4,2026-09-17_onion_page058.html
qilin,talismancivil.com,Accounting Services,https://talismancivil.com/,2025-06-12,5,published,,1ceb9c48-499f-4836-8a19-8d7a227fa0f3,2026-09-17_onion_page058.html
qilin,garmonandcompany.com,Accounting Services,https://garmonandcompany.com/,2025-06-12,9,published,,242a932f-75d6-4d16-9aa0-5d304c0f4a02,2026-09-17_onion_page058.html
qilin,wilsonappliance.com,Accounting Services,https://wilsonappliance.com/,2025-06-12,4,published,,cedec785-34c7-4a00-aadc-a03194d8367f,2026-09-17_onion_page058.html
qilin,haydist.com,Accounting Services,https://haydist.com/,2025-06-12,5,published,,9620ef44-a524-411e-af89-026d55969c27,2026-09-17_onion_page058.html
qilin,dcinvestors.com,Accounting Services,https://dcinvestors.com/,2025-06-12,6,published,,eb71e971-b1a4-4351-9e7f-691e0e6d5ea4,2026-09-17_onion_page059.html
qilin,upstartpower.com,Accounting Services,https://www.upstartpower.com/,2025-06-12,5,published,,31aef410-f40a-4dfa-802d-55871b22852f,2026-09-17_onion_page059.html
qilin,550madison.com,Accounting Services,https://550madison.com/,2025-06-12,5,published,,79ba367e-ef9b-4eef-8dee-986a40bf29bb,2026-09-17_onion_page059.html
qilin,titantrailers.com,Accounting Services,https://titantrailers.com/,2025-06-11,6,published,,ac3d7d4a-51fb-4173-b942-845d23942817,2026-09-17_onion_page059.html
qilin,Eaton Babb & Smith,Accounting Services,http://www.ebs-cpa.com,2025-06-11,12,published,,c247ac95-0f48-4627-87c7-57bf1144ae88,2026-09-17_onion_page059.html
qilin,palawancoop hospital,,https://palawancoophospital.com/,2025-06-10,5,published,,296c63c8-a60f-441c-8bac-fb6c0874918f,2026-09-17_onion_page059.html
qilin,rmzoilfield.com,Accounting Services,https://www.rmzoilfield.com,2025-06-09,6,published,,52bdf679-09ce-4d88-8639-e40b2e6c53fb,2026-09-17_onion_page059.html
qilin,Asefa Insuarance,Accounting Services,http://www.asefa.es,2025-06-09,16,published,,aeb3fd76-2d45-48c3-b529-8f9e7dcc3887,2026-09-17_onion_page059.html
qilin,www.waveny.org,Accounting Services,http://www.waveny.org,2025-06-05,24,published,,d08fb638-bac4-44e6-8b91-2a18411ac6e4,2026-09-17_onion_page059.html
qilin,britteninc.com,,https://britteninc.com/,2025-06-05,4,published,,76c09363-cfc2-4795-a128-d08ac9d86480,2026-09-17_onion_page059.html
qilin,microman.com,Accounting Services,https://www.microman.com/,2025-06-05,4,published,,1c691328-8f9f-4fed-a163-6093814dd984,2026-09-17_onion_page059.html
qilin,cityofbelvedere.org,Accounting Services,https://www.cityofbelvedere.org/,2025-06-05,5,published,,b0617d8b-4e9e-41cc-9db9-7d747d6522ce,2026-09-17_onion_page059.html
qilin,regen.com,Accounting Services,https://www.regen.com/,2025-06-05,4,published,,e90349ec-37d9-453a-abdc-96caeb73b9fe,2026-09-17_onion_page059.html
qilin,frylite.com,Accounting Services,https://frylite.com/,2025-06-05,6,published,,4dda8376-15d5-4ac2-bfe4-85c9e0ed3d04,2026-09-17_onion_page059.html
qilin,FLOE International,Accounting Services,http://www.floeintl.com,2025-06-03,10,published,,80662d5b-494d-4f28-b1a4-c5cbe341aa82,2026-09-17_onion_page059.html
qilin,Alten Sakai & Company LLP,Accounting Services,https://www.altensakai.cpa/,2025-05-30,5,published,,9ac5c663-d7a1-4280-ba2a-1f169e24b230,2026-09-17_onion_page059.html
qilin,tmcousa.com,Accounting Services,https://tmcousa.com/,2025-05-29,5,published,,5526bf6b-d539-4b3b-9dce-eb0ae420ced8,2026-09-17_onion_page059.html
qilin,ControlPoint Surveying,Construction,https://www.cpshawaii.net/,2025-05-29,5,published,,3773a6d9-ada0-4c63-aa7e-2425c39b8988,2026-09-17_onion_page059.html
qilin,personalassistants.com,Accounting Services,https://www.personalassistants.com/,2025-05-29,5,published,,7cd6b053-fb55-4b89-855a-7048a763715f,2026-09-17_onion_page059.html
qilin,Botetourt County Public Schools,Accounting Services,https://www.bcps.k12.va.us/,2025-05-29,5,published,,17410c60-ff0c-49bf-b1cb-dca724e17a38,2026-09-17_onion_page059.html
qilin,Centralno grijanje Tuzla,Accounting Services,https://www.grijanjetuzla.ba/,2025-05-26,0,published,,ab9fda30-9f6e-4286-bdc2-459f35513681,2026-09-17_onion_page060.html
qilin,The Holiday:Adult Care Community & Retirement Homes,,https://www.holidayretirement.com,2025-05-21,4,published,,335f53fc-a941-4299-afd2-9f076c714aff,2026-09-17_onion_page060.html
qilin,gestionnaireimmobilier.ca,Accounting Services,https://www.gestionnaireimmobilier.ca/,2025-05-16,9,published,,5aeb3187-ef75-47ab-ae60-d07c6ef2a0c4,2026-09-17_onion_page060.html
qilin,cwcglobal.com,Accounting Services,https://cwcglobal.com/,2025-05-16,7,published,,346b214a-e1b6-4972-b862-b7cc435db66b,2026-09-17_onion_page060.html
qilin,chreynolds.com,Accounting Services,https://chreynolds.com/,2025-05-16,5,published,,4a032c64-b4f7-4cd9-af2e-95c286e4397f,2026-09-17_onion_page060.html
qilin,gmb.com,Accounting Services,https://gmb.com/,2025-05-16,4,published,,f1c0265d-71ff-4129-b74c-513b64da9078,2026-09-17_onion_page060.html
qilin,blainemn.gov,Accounting Services,https://www.blainemn.gov/4013/Parks-Recreation,2025-05-16,5,published,,c7c4e3ac-6d93-49a4-a358-9ab33a8e5a1f,2026-09-17_onion_page060.html
qilin,Lingkaran Trans Kota Holdings Berhad,Industrial Machinery & Equipment,http://www.litrak.com.my,2025-05-16,16,published,,fb96b296-75df-4808-8039-cbb9f7b04c5c,2026-09-17_onion_page060.html
qilin,ITinSell group,Accounting Services,https://itinsell.com,2025-05-15,13,published,,51812fbf-c473-4377-a123-e12f3d763149,2026-09-17_onion_page060.html
qilin,www.bestop.com,Accounting Services,http://www.bestop.com,2025-05-14,5,published,,8c58d2bb-381e-4dea-8c31-55101c209a96,2026-09-17_onion_page060.html
qilin,Southeastern Food Supplies,Accounting Services,https://www.sefoodsupplies.com,2025-05-13,0,published,,06177697-b2c3-4335-bb0a-998d1dd96efc,2026-09-17_onion_page060.html
qilin,bicicletasmilan.com,Accounting Services,http://www.bicicletasmilan.com,2025-05-12,4,published,,9544f758-6876-4cc1-83d9-ae6a4ac7b8f4,2026-09-17_onion_page060.html
qilin,www.ancc.org,Accounting Services,http://www.ancc.org,2025-05-01,0,published,,7c8e6ad9-2763-49ca-98a1-72c5d8c8e5a3,2026-09-17_onion_page060.html
qilin,rfsd13.org,Accounting Services,https://rfsd13.org/,2025-04-30,4,published,,02eed2a1-e0d3-4800-9552-77f342340bb1,2026-09-17_onion_page060.html
qilin,dlcid.com,Accounting Services,https://dlcid.com/,2025-04-30,3,published,,5c6faa94-fa98-4a30-99be-2343feacc724,2026-09-17_onion_page060.html
qilin,1sthealthinc.com,Accounting Services,http://www.1sthealthinc.com,2025-04-17,8,published,,a140508e-0c35-4658-8cfc-7377995cbf8f,2026-09-17_onion_page060.html
qilin,yankeetrails.com,Accounting Services,https://www.yankeetrails.com/,2025-04-17,7,published,,ac2d1d26-7c68-4c00-9f60-619be3203313,2026-09-17_onion_page060.html
qilin,www.clubcar.com,Accounting Services,http://www.clubcar.com,2025-04-15,2,published,,b2664901-822f-49ce-a3cd-0dfaa7807b21,2026-09-17_onion_page060.html
qilin,yuagam,Accounting Services,https://yuagam.yeditepe.edu.tr/,2025-04-04,0,published,,42f8ecff-d6b7-42d0-affd-ac29f954f857,2026-09-17_onion_page060.html
qilin,dgr.at,Accounting Services,https://www.dgr.at/dgr.at/home/1/24/,2025-04-04,5,published,,ae8a2f36-fdaf-42f7-961e-5b613212b423,2026-09-17_onion_page060.html
