group,victim,country_code,description,post_date,deadline_date,deadline_hours,status,views,detail_path,post_id,source_file,post_datetime,clicks,description_full
safepay,gob.pe,PE,"It serves as the country's primary online point of contact between public institutions and citizens, providing government information, administrative procedures, …",2026-09-15,2026-09-18,72.0,pending,3131,/blog/post/gobpe/,632,2026-09-17_page001.html,2026-09-15 18:57,,
safepay,ara-lyss.ch,CH,Its headquarters and main wastewater-treatment facility are located at Industriering 28 in Lyss. The organization also operates the ARA Messen …,2026-09-15,2026-09-18,72.0,pending,3164,/blog/post/ara-lyssch/,631,2026-09-17_page001.html,2026-09-15 18:55,,
safepay,ryomo.co.jp,JP,"Established in January 1970 as a regional computer-services center, the company has developed into a publicly listed systems integrator providing …",2026-09-15,2026-09-18,72.0,pending,3125,/blog/post/ryomocojp/,630,2026-09-17_page001.html,2026-09-15 18:53,,
safepay,stoecklin-kuechen.ch,CH,The company is based in Aesch near Basel and has developed from a traditional carpentry business founded by Ernst Stöcklin …,2026-09-15,2026-09-18,72.0,pending,3103,/blog/post/stoecklin-kuechench/,629,2026-09-17_page001.html,2026-09-15 18:51,,
safepay,meterex.com,DE,"The company is headquartered in Langenfeld, North Rhine-Westphalia, and is legally registered as Karl Kuntze (GmbH & Co.), HRA 16336 …",2026-09-15,2026-09-18,72.0,pending,3119,/blog/post/meterexcom/,628,2026-09-17_page001.html,2026-09-15 18:50,,
safepay,laconcepcion.com.mx,MX,The organization identifies itself as one of the principal private healthcare providers in the region and serves patients from Coahuila …,2026-09-15,2026-09-18,72.0,pending,3124,/blog/post/laconcepcioncommx/,627,2026-09-17_page001.html,2026-09-15 18:48,,
safepay,triniticaring.org,US,"The organization is jointly owned by Guardian Angels Senior Services of Elk River and Cassia, an Augustana/Elim affiliation. Its headquarters …",2026-09-15,2026-09-18,72.0,pending,3100,/blog/post/triniticaringorg/,626,2026-09-17_page001.html,2026-09-15 18:47,,
safepay,neumerkel-gmbh.de,DE,The business traces its origins to 1963 and has operated under the Neumerkel GmbH name since 1994. Its product portfolio …,2026-09-15,2026-09-18,72.0,pending,3120,/blog/post/neumerkel-gmbhde/,625,2026-09-17_page001.html,2026-09-15 18:42,,
safepay,marlinhvac.com,US,"Founded in 1989 by Michael and Richard Pellino, the company has developed more than three decades of experience in mechanical …",2026-09-15,2026-09-18,72.0,pending,3142,/blog/post/marlinhvaccom/,624,2026-09-17_page001.html,2026-09-15 18:40,,
safepay,hbpro.pt,PT,"Established in 1994, the company has more than three decades of experience providing technology products, infrastructure, consulting, maintenance, and technical …",2026-09-08,,,published,12395,/blog/post/hbpropt/,/blog/post/hbpropt/,2026-09-17_page002.html,2026-09-08 19:23,44,
safepay,gsngestion.es,ES,"The company is based in Villaviciosa de Odón, Madrid, and operates through the GSN Gestión brand. Its website states that …",2026-09-08,,,published,12205,/blog/post/gsngestiones/,/blog/post/gsngestiones/,2026-09-17_page002.html,2026-09-08 19:19,19,
safepay,cenmar-manila.com,,The company was registered with the Philippine Securities and Exchange Commission in 1997 and received authorization to operate as a …,2026-09-08,,,published,12038,/blog/post/cenmar-manilacom/,/blog/post/cenmar-manilacom/,2026-09-17_page002.html,2026-09-08 19:07,17,
safepay,gayafores.es,ES,"The company is headquartered in Onda, Castellón, one of Europe's most important ceramic manufacturing regions. Established in 1949, Gayafores has …",2026-09-08,,,published,12029,/blog/post/gayaforeses/,/blog/post/gayaforeses/,2026-09-17_page002.html,2026-09-08 19:03,12,
safepay,assiprime.it,IT,"The company provides insurance brokerage, risk-management, financial consulting, and related assistance services to private individuals, businesses, professionals, artisans, and commercial …",2026-09-08,,,published,12057,/blog/post/assiprimeit/,/blog/post/assiprimeit/,2026-09-17_page002.html,2026-09-08 19:00,12,
safepay,cannonpuntana.com,AR,"The company operated in Argentina and was historically connected with the manufacture and distribution of fragrances, toiletries, and personal-care products. …",2026-09-08,,,published,12079,/blog/post/cannonpuntanacom/,/blog/post/cannonpuntanacom/,2026-09-17_page002.html,2026-09-08 18:36,11,
safepay,reichenau.at,,"The official website, reichenau.at, serves as the municipality's central digital information and service platform for residents, businesses, and visitors. The …",2026-09-08,,,published,12134,/blog/post/reichenauat/,/blog/post/reichenauat/,2026-09-17_page002.html,2026-09-08 18:33,19,
safepay,palmettoeyeinstitute.com,US,"The practice was founded by Dr. Prat Itharat, a board-certified ophthalmologist who specializes in cataract surgery and comprehensive eye care. …",2026-09-08,,,published,12287,/blog/post/palmettoeyeinstitutecom/,/blog/post/palmettoeyeinstitutecom/,2026-09-17_page002.html,2026-09-08 18:29,35,
safepay,mcnishsteel.com,CA,"The company is headquartered in Edmonton, Alberta, and was founded in 1978 by William and Wallace McNish. It has developed …",2026-09-08,,,published,10350,/blog/post/mcnishsteelcom/,/blog/post/mcnishsteelcom/,2026-09-17_page002.html,2026-09-08 18:20,28,
safepay,recoverycafe.org,US,The organization was founded in 2003 and opened its first physical café in Seattle in 2004. Its approach is based …,2026-09-08,,,published,8175,/blog/post/recoverycafeorg/,/blog/post/recoverycafeorg/,2026-09-17_page003.html,2026-09-08 18:17,54,
safepay,industry.airliquide.kr,,"Air Liquide has operated in South Korea for several decades and supplies essential gases and related technologies to major industries, …",2026-08-25,,,published,27068,/blog/post/industryairliquidekr/,/blog/post/industryairliquidekr/,2026-09-17_page003.html,2026-08-25 20:33,171,
safepay,lagegepesca.it,IT,"Based in Lallio, near Bergamo in Lombardy, the company traces its origins to 1957, when Santo Gavazzi established a small …",2026-08-24,,,published,27359,/blog/post/lagegepescait/,/blog/post/lagegepescait/,2026-09-17_page003.html,2026-08-24 18:31,62,
safepay,granjarinya.com,ES,"Headquartered in Albal, Valencia, the family-owned company traces its origins to three generations of livestock farming. What began as a …",2026-08-14,,,published,40500,/blog/post/granjarinyacom/,/blog/post/granjarinyacom/,2026-09-17_page003.html,2026-08-14 17:01,55,
safepay,simonrack.com,ES,"Headquartered in Alfamén, Zaragoza, Spain, the company has been manufacturing metal shelving since 1964 and has become one of Europe's …",2026-08-03,,,published,52696,/blog/post/simonrackcom/,/blog/post/simonrackcom/,2026-09-17_page003.html,2026-08-03 18:01,71,
safepay,new-point.it,IT,"Headquartered in Signa, Florence, Italy, the company was founded in 2006 and has grown into one of Italy's established suppliers …",2026-08-03,,,published,49950,/blog/post/new-pointit/,/blog/post/new-pointit/,2026-09-17_page003.html,2026-08-03 17:57,51,
safepay,naskdoorinc.com,US,"Headquartered in West Chester, Pennsylvania, the company has served customers throughout southeastern Pennsylvania and northern Delaware for several decades. Although …",2026-08-03,,,published,49743,/blog/post/naskdoorinccom/,/blog/post/naskdoorinccom/,2026-09-17_page003.html,2026-08-03 17:50,93,
safepay,pradotuylaw.com,US,"The firm focuses on practice areas including personal injury, wrongful death, workplace harassment, business litigation, civil settlements, and environmental litigation. …",2026-08-03,,,published,49541,/blog/post/pradotuylawcom/,/blog/post/pradotuylawcom/,2026-09-17_page003.html,2026-08-03 17:48,72,
safepay,multiaqua.com,US,"Founded in 1999, the company specializes in the design, engineering, and production of air-cooled water chillers, heat pump chillers, hydronic …",2026-08-03,,,published,49236,/blog/post/multiaquacom/,/blog/post/multiaquacom/,2026-09-17_page003.html,2026-08-03 17:46,50,
safepay,cpu-ag.com,DE,"Founded in 1981 and headquartered in Friedberg, Bavaria, the company has more than four decades of experience developing specialized software …",2026-08-03,,,published,49191,/blog/post/cpu-agcom/,/blog/post/cpu-agcom/,2026-09-17_page004.html,2026-08-03 17:44,188,
safepay,southshorerecycling.com,US,"The company specializes in metal recycling, concrete and asphalt recycling, aggregate production, and construction waste processing for commercial, industrial, and …",2026-08-03,,,published,41918,/blog/post/southshorerecyclingcom/,/blog/post/southshorerecyclingcom/,2026-09-17_page004.html,2026-08-03 17:42,35,
safepay,azn.co.jp,JP,"Founded in 1991, the company specializes in comprehensive asset management, inheritance planning, business succession consulting, real estate advisory services, and …",2026-08-03,,,published,41553,/blog/post/azncojp/,/blog/post/azncojp/,2026-09-17_page004.html,2026-08-03 17:32,138,
safepay,bnpdist.com,US,"Headquartered in New York City, the company has been operating since 1979 and supplies restaurants, hotels, retailers, and wine merchants …",2026-07-27,,,published,46143,/blog/post/bnpdistcom/,/blog/post/bnpdistcom/,2026-09-17_page004.html,2026-07-27 18:40,89,
safepay,weier.org,DE,"The company specializes in representing manufacturers of plumbing, heating, water treatment, pumping, drainage, and building services equipment throughout western Germany. …",2026-07-27,,,published,39337,/blog/post/weierorg/,/blog/post/weierorg/,2026-09-17_page004.html,2026-07-27 18:38,36,
safepay,braywoodschool.co.uk,GB,"Founded in 1858, the school has more than 165 years of educational history and serves children from early years through …",2026-07-27,,,published,39241,/blog/post/braywoodschoolcouk/,/blog/post/braywoodschoolcouk/,2026-09-17_page004.html,2026-07-27 18:36,40,
safepay,hst.eu,DE,"Headquartered in Kressbronn am Bodensee, Germany, the company traces its mechanical engineering heritage back to 1950, while the original tea …",2026-07-27,,,published,39247,/blog/post/hsteu/,/blog/post/hsteu/,2026-09-17_page004.html,2026-07-27 18:34,38,
safepay,landesmuseum.de,DE,"Established in 1919, the museum preserves and presents more than 50,000 years of human cultural history, ranging from prehistoric artifacts …",2026-07-27,,,published,39408,/blog/post/landesmuseumde/,/blog/post/landesmuseumde/,2026-09-17_page004.html,2026-07-27 18:32,85,
safepay,haugbuersten.de,DE,"Although the company in its current industrial form was founded in 1962, its family-owned brush-making tradition dates back to 1836, …",2026-07-27,,,published,39250,/blog/post/haugbuerstende/,/blog/post/haugbuerstende/,2026-09-17_page004.html,2026-07-27 18:30,37,
safepay,paritaet-nrw.org,DE,"Headquartered in Wuppertal, the organization represents approximately 3,100 legally independent member organizations operating more than 7,000 social institutions and services …",2026-07-27,,,published,38986,/blog/post/paritaet-nrworg/,/blog/post/paritaet-nrworg/,2026-09-17_page005.html,2026-07-27 18:23,44,
safepay,moebelmayer.de,DE,"Founded in 1952 and headquartered in Ahrensburg, Schleswig-Holstein, the family-owned company has more than seventy years of experience serving customers …",2026-07-27,,,published,38782,/blog/post/moebelmayerde/,/blog/post/moebelmayerde/,2026-09-17_page005.html,2026-07-27 18:19,41,
safepay,zinorm.de,DE,"Founded in 1952 and headquartered in Ahrensburg, Schleswig-Holstein, the family-owned company has more than seventy years of experience serving customers …",2026-07-27,,,published,38359,/blog/post/zinormde/,/blog/post/zinormde/,2026-09-17_page005.html,2026-07-27 18:16,30,
safepay,gvsurgicalarts.com,US,"Founded in 2004 by Dr. Brian R. Chisdak, the practice has grown into one of Montana's leading surgical centers and …",2026-07-24,,,published,38999,/blog/post/gvsurgicalartscom/,/blog/post/gvsurgicalartscom/,2026-09-17_page005.html,2026-07-24 21:03,100,
safepay,upland.k12.ca.us,US,"The district provides comprehensive education from kindergarten through twelfth grade and operates 14 schools, including elementary, junior high, and high …",2026-07-24,,,published,37701,/blog/post/uplandk12caus/,/blog/post/uplandk12caus/,2026-09-17_page005.html,2026-07-24 21:00,65,
safepay,mende-grundbesitz.de,DE,"Founded in 1994, the company specializes in the professional administration of residential, commercial, and mixed-use real estate throughout the Berlin …",2026-07-20,,,published,46775,/blog/post/mende-grundbesitzde/,/blog/post/mende-grundbesitzde/,2026-09-17_page005.html,2026-07-20 18:34,66,
safepay,acsmallmaxwell.com.au,AU,"Founded in 1916 by Ambrose Cecil Small, the firm has provided professional accounting and financial services to businesses and individuals …",2026-07-20,,,published,43078,/blog/post/acsmallmaxwellcomau/,/blog/post/acsmallmaxwellcomau/,2026-09-17_page005.html,2026-07-20 18:32,231,
safepay,cenesco.de,DE,"Founded in 1998, the company provides comprehensive information technology solutions for small and medium-sized enterprises (SMEs), helping organizations modernize their …",2026-07-20,,,published,43144,/blog/post/cenescode/,/blog/post/cenescode/,2026-09-17_page005.html,2026-07-20 18:31,42,
safepay,industriesjaro.com,CA,"Over several decades, Jaro has evolved from manufacturing telephone booths into a supplier of advanced outdoor enclosures, interactive kiosks, bus …",2026-07-20,,,published,42806,/blog/post/industriesjarocom/,/blog/post/industriesjarocom/,2026-09-17_page005.html,2026-07-20 18:30,33,
safepay,stroebel-gruppe.de,DE,"Headquartered in Langenzenn, Bavaria, the company was founded in 1978 by Gerlinde and Gerhard Ströbel and has grown from a …",2026-07-20,,,published,42774,/blog/post/stroebel-gruppede/,/blog/post/stroebel-gruppede/,2026-09-17_page006.html,2026-07-20 18:28,33,
safepay,timetex.de,DE,"The company traces its origins to 1991, when the TimeTEX brand was acquired and expanded into a comprehensive supplier of …",2026-07-20,,,published,43513,/blog/post/timetexde/,/blog/post/timetexde/,2026-09-17_page006.html,2026-07-20 18:27,42,
safepay,lbb-treuhand.de,DE,"The company specializes in tax consulting, auditing, accounting, payroll administration, financial reporting, and business advisory services for private individuals, self-employed …",2026-07-20,,,published,42680,/blog/post/lbb-treuhandde/,/blog/post/lbb-treuhandde/,2026-09-17_page006.html,2026-07-20 18:25,41,
safepay,jaecklin-industrial.de,DE,"Founded in 1935 by Julius Jäcklin, the company has developed from a regional machine repair workshop into a globally recognized …",2026-07-20,,,published,41322,/blog/post/jaecklin-industrialde/,/blog/post/jaecklin-industrialde/,2026-09-17_page006.html,2026-07-20 18:23,34,
safepay,wdk.de,DE,"Founded in 1950 and headquartered in Frankfurt am Main, the organization serves as the central voice of German manufacturers of …",2026-07-20,,,published,40302,/blog/post/wdkde/,/blog/post/wdkde/,2026-09-17_page006.html,2026-07-20 18:20,23,
safepay,shw-fr.de,DE,"The company traces its origins to 1596, making it one of Germany's oldest industrial manufacturers, although its current corporate structure …",2026-07-06,,,published,57107,/blog/post/shw-frde/,/blog/post/shw-frde/,2026-09-17_page006.html,2026-07-06 19:06,70,
safepay,lh-wohnverbund-wohnen-nrw.de,DE,"They specialize in providing residential care, supported living, and social assistance for children, adolescents, and adults with intellectual and developmental …",2026-07-06,,,published,55176,/blog/post/lh-wohnverbund-wohnen-nrwde/,/blog/post/lh-wohnverbund-wohnen-nrwde/,2026-09-17_page006.html,2026-07-06 19:03,118,
safepay,stedwardscatholicfirstschool.co.uk,GB,The school provides education for children aged 5 to 9 years and operates as a Voluntary Aided School under the …,2026-07-06,,,published,54556,/blog/post/stedwardscatholicfirstschoolcouk/,/blog/post/stedwardscatholicfirstschoolcouk/,2026-09-17_page006.html,2026-07-06 19:02,51,
safepay,rtngmbh.de,DE,"Founded in 2015, the company specializes in the construction, installation, maintenance, and rehabilitation of underground utility networks and civil engineering …",2026-07-06,,,published,54292,/blog/post/rtngmbhde/,/blog/post/rtngmbhde/,2026-09-17_page006.html,2026-07-06 18:59,36,
safepay,knobel-bau.de,DE,"Founded in 1947, the company has grown from a small sand and gravel business established after the Second World War …",2026-07-06,,,published,54260,/blog/post/knobel-baude/,/blog/post/knobel-baude/,2026-09-17_page007.html,2026-07-06 18:56,27,
safepay,caritas-koblenz.de,DE,"Headquartered in Koblenz, the association was founded in 1918 and has provided charitable and community-based services for more than a …",2026-07-06,,,published,54212,/blog/post/caritas-koblenzde/,/blog/post/caritas-koblenzde/,2026-09-17_page007.html,2026-07-06 18:52,94,
safepay,bmiprojects.de,DE,"Originally operating under the name Bez Marine Interiors GmbH, the company built on decades of experience in the maritime industry …",2026-07-06,,,published,54205,/blog/post/bmiprojectsde/,/blog/post/bmiprojectsde/,2026-09-17_page007.html,2026-07-06 18:50,41,
safepay,matrixwebagency.com,US,"The company specializes in providing integrated digital solutions that help businesses improve their online visibility, customer engagement, and revenue growth. …",2026-07-06,,,published,53713,/blog/post/matrixwebagencycom/,/blog/post/matrixwebagencycom/,2026-09-17_page007.html,2026-07-06 18:48,92,
safepay,hahn-airport.de,DE,"Originally developed as a United States military air base, the facility began civilian operations in 1993 and has since become …",2026-07-06,,,published,52975,/blog/post/hahn-airportde/,/blog/post/hahn-airportde/,2026-09-17_page007.html,2026-07-06 18:41,308,
safepay,eaglecrestlife.org,US,"Operating under Bethany Lutheran Homes, Inc., the organization has served the region since 1946 and is recognized as the largest …",2026-07-01,,,published,55150,/blog/post/eaglecrestlifeorg/,/blog/post/eaglecrestlifeorg/,2026-09-17_page007.html,2026-07-01 19:12,90,
safepay,dia179.com,DE,"Founded in 2007, the firm specializes in industrial architecture, logistics facilities, research centers, production plants, and corporate office buildings. Unlike …",2026-07-01,,,published,53715,/blog/post/dia179com/,/blog/post/dia179com/,2026-09-17_page007.html,2026-07-01 19:10,35,
safepay,awo-suedost.de,DE,"Established in 1994, it is one of the regional branches of the Arbeiterwohlfahrt (AWO), one of Germany's six largest independent …",2026-07-01,,,published,53760,/blog/post/awo-suedostde/,/blog/post/awo-suedostde/,2026-09-17_page007.html,2026-07-01 19:08,88,
safepay,harcourts.net,AU,"Founded in 1888 in Wellington, New Zealand, the company has grown from a local real estate agency into a global …",2026-06-29,,,published,54783,/blog/post/harcourtsnet/,/blog/post/harcourtsnet/,2026-09-17_page007.html,2026-06-29 20:37,1056,
safepay,hellmold-plank.de,DE,"Founded in 1904 by Heinrich Hellmold and Heinrich Plank, the company has evolved from a local cartage business into a …",2026-06-27,,,published,57696,/blog/post/hellmold-plankde/,/blog/post/hellmold-plankde/,2026-09-17_page008.html,2026-06-27 18:08,43,
safepay,ehg.bayern,DE,"Founded in 1991, the company has evolved from a regional waste management enterprise into a specialized provider of infrastructure operations, …",2026-06-22,,,published,64544,/blog/post/ehgbayern/,/blog/post/ehgbayern/,2026-09-17_page008.html,2026-06-22 20:57,63,
safepay,gut-heckenhof.de,DE,"Established in 1992, the company operates a four-star hotel and one of the largest golf facilities in the region. The …",2026-06-17,,,published,70013,/blog/post/gut-heckenhofde/,/blog/post/gut-heckenhofde/,2026-09-17_page008.html,2026-06-17 19:46,117,
safepay,brscappuccio.it,IT,"Headquartered in Casandrino, near Naples in the Campania region, the company specializes in the distribution and supply of medical devices, …",2026-06-17,,,published,70602,/blog/post/brscappuccioit/,/blog/post/brscappuccioit/,2026-09-17_page008.html,2026-06-17 19:44,74,
safepay,zaunsysteme.de,DE,"Operating within Germany’s construction materials and perimeter security sector, the company provides a wide range of products, including double-wire mesh …",2026-06-17,,,published,69331,/blog/post/zaunsystemede/,/blog/post/zaunsystemede/,2026-09-17_page008.html,2026-06-17 19:43,53,
safepay,seinordovest.it,IT,"Headquartered in the Piedmont region, the company operates as a public utility serving numerous municipalities in northwestern Italy. Its mission …",2026-06-17,,,published,64446,/blog/post/seinordovestit/,/blog/post/seinordovestit/,2026-09-17_page008.html,2026-06-17 19:40,119,
safepay,hoodriversheriff.com,US,"Headquartered in Hood River, the organization provides a broad range of services, including patrol operations, criminal investigations, emergency communications, search …",2026-06-15,,,published,70084,/blog/post/hoodriversheriffcom/,/blog/post/hoodriversheriffcom/,2026-09-17_page008.html,2026-06-15 18:58,102,
safepay,aquaclean.com,ES,The company operates as part of Interfabrics S.L. and has more than 50 years of experience in the textile industry. …,2026-06-15,,,published,69800,/blog/post/aquacleancom/,/blog/post/aquacleancom/,2026-09-17_page008.html,2026-06-15 18:57,77,
safepay,bautz-maschinenbau.de,DE,"Founded in 1960 by Alfred Bautz, the family-owned enterprise has developed over three generations into a specialized supplier of precision …",2026-06-15,,,published,69162,/blog/post/bautz-maschinenbaude/,/blog/post/bautz-maschinenbaude/,2026-09-17_page008.html,2026-06-15 18:56,43,
safepay,musenet.co.jp,JP,"Founded in the twentieth century, the company serves as an intermediary between publishers and music retailers throughout Japan. Its online …",2026-06-15,,,published,65363,/blog/post/musenetcojp/,/blog/post/musenetcojp/,2026-09-17_page009.html,2026-06-15 18:53,87,
safepay,kawaius.com,US,"Founded in Japan in 1927 by Koichi Kawai, the company has established a reputation for combining traditional Japanese craftsmanship with …",2026-06-15,,,published,62622,/blog/post/kawaiuscom/,/blog/post/kawaiuscom/,2026-09-17_page009.html,2026-06-15 18:52,75,
safepay,tokyocivil.co.jp,JP,"Established in 2020, the company specializes in public infrastructure and civil engineering projects, serving primarily the Tokyo metropolitan area and …",2026-06-15,,,published,61639,/blog/post/tokyocivilcojp/,/blog/post/tokyocivilcojp/,2026-09-17_page009.html,2026-06-15 18:50,52,
safepay,hughstirling.co.uk,DE,"Headquartered in Goslar, Lower Saxony, the firm has been operating since 1975 and has expanded its presence through additional offices …",2026-06-15,,,published,61143,/blog/post/hughstirlingcouk/,/blog/post/hughstirlingcouk/,2026-09-17_page009.html,2026-06-15 18:49,41,
safepay,iql-nog.com,ES,"Founded in 1947, the company specializes in the production of oleochemical products, particularly fatty acid esters and specialty chemicals derived …",2026-06-02,,,published,79845,/blog/post/iql-nogcom/,/blog/post/iql-nogcom/,2026-09-17_page009.html,2026-06-02 16:14,93,
safepay,tavolaspa.com,IT,"Over more than seventy years of operation, the company has evolved from an import-export business into a diversified manufacturer, distributor, …",2026-06-01,,,published,78705,/blog/post/tavolaspacom/,/blog/post/tavolaspacom/,2026-09-17_page009.html,2026-06-01 19:09,73,
safepay,compactmould.com,CA,"Founded in 1978 and headquartered in Woodbridge, Ontario, the company has grown into one of North America’s major suppliers of …",2026-06-01,,,published,78744,/blog/post/compactmouldcom/,/blog/post/compactmouldcom/,2026-09-17_page009.html,2026-06-01 19:07,66,
safepay,verzolla.com,IT,"Founded in 1958 (with the current corporate structure established in 2007), the company specializes in supplying industrial components, automation systems, …",2026-06-01,,,published,77536,/blog/post/verzollacom/,/blog/post/verzollacom/,2026-09-17_page009.html,2026-06-01 19:02,86,
safepay,lcnet.eu,DE,"The network was established to provide integrated cross-border transport solutions, allowing member companies to coordinate freight movements efficiently throughout Europe. …",2026-06-01,,,published,76719,/blog/post/lcneteu/,/blog/post/lcneteu/,2026-09-17_page009.html,2026-06-01 18:59,55,
safepay,soraris.it,IT,"Founded in 1983, the company specializes in the collection, transportation, treatment, and management of municipal solid waste and recyclable materials. …",2026-06-01,,,published,75769,/blog/post/sorarisit/,/blog/post/sorarisit/,2026-09-17_page010.html,2026-06-01 18:52,68,
safepay,vdmtrucking.com,CA,"Headquartered in Edmonton, Alberta, the company has operated for more than 40 years and has developed into a significant regional …",2026-05-25,,,published,83140,/blog/post/vdmtruckingcom/,/blog/post/vdmtruckingcom/,2026-09-17_page010.html,2026-05-25 18:33,73,
safepay,cyuou.com,JP,"Founded in 2000, the company specializes in website development, digital advertising, graphic design, Wi-Fi infrastructure projects, and online business support …",2026-05-25,,,published,86651,/blog/post/cyuoucom/,/blog/post/cyuoucom/,2026-09-17_page010.html,2026-05-25 18:31,102,
safepay,tme-rusta.de,DE,"The company was originally founded in Munich in 1966 as an artistic metalworking workshop and later expanded into woodworking, plastics …",2026-05-25,,,published,80491,/blog/post/tme-rustade/,/blog/post/tme-rustade/,2026-09-17_page010.html,2026-05-25 18:29,176,
safepay,eitecpro.co.jp,JP,"Founded in 1988 and headquartered in Osaka, the company operates multiple regional offices across Japan, including Tokyo, Yokohama, Nagoya, Sendai, …",2026-05-25,,,published,80967,/blog/post/eitecprocojp/,/blog/post/eitecprocojp/,2026-09-17_page010.html,2026-05-25 18:27,59,
safepay,olipes.com,ES,"Founded in 1993 and headquartered in Campo Real, Madrid, the company has become an important independent manufacturer in the European …",2026-05-19,,,published,84687,/blog/post/olipescom/,/blog/post/olipescom/,2026-09-17_page010.html,2026-05-19 20:28,81,
safepay,harrisoncountywv.com,US,"The Commission functions as the executive administrative body for the county and is responsible for overseeing public infrastructure, fiscal management, …",2026-05-18,,,published,85502,/blog/post/harrisoncountywvcom/,/blog/post/harrisoncountywvcom/,2026-09-17_page010.html,2026-05-18 19:44,120,
safepay,ashleytimber.co.uk,GB,"Founded in 1988, the company operates as a family-run SME and has developed a strong regional presence in the North …",2026-05-18,,,published,89551,/blog/post/ashleytimbercouk/,/blog/post/ashleytimbercouk/,2026-09-17_page010.html,2026-05-18 19:33,63,
safepay,mediafrance.de,DE,"The company operates primarily in France while maintaining media-related partnerships and activities across European markets, including Germany. Its business model …",2026-05-18,,,published,84954,/blog/post/mediafrancede/,/blog/post/mediafrancede/,2026-09-17_page010.html,2026-05-18 19:29,64,
safepay,hautarzt-budihardja.de,DE,"The clinic is led by Dr. med. Debby Budihardja, a board-certified dermatologist and allergologist with extensive clinical experience gained at …",2026-05-18,,,published,84296,/blog/post/hautarzt-budihardjade/,/blog/post/hautarzt-budihardjade/,2026-09-17_page011.html,2026-05-18 19:25,108,
safepay,printroom.co.uk,GB,"Founded in 1977, the company has evolved from a small blueprint-printing business into a large multi-service print agency serving corporate, …",2026-05-18,,,published,82220,/blog/post/printroomcouk/,/blog/post/printroomcouk/,2026-09-17_page011.html,2026-05-18 19:20,49,
safepay,adlan.com,CA,"Founded in 1995, the company specializes in IT infrastructure, network design, cybersecurity, disaster recovery, and managed technology services for small …",2026-05-18,,,published,81803,/blog/post/adlancom/,/blog/post/adlancom/,2026-09-17_page011.html,2026-05-18 18:58,67,
safepay,berlinmobil.de,DE,"Is a German transportation company headquartered in Berlin, specializing in bus charter services, passenger transportation, school transport, and mobility solutions …",2026-05-18,,,published,84105,/blog/post/berlinmobilde/,/blog/post/berlinmobilde/,2026-09-17_page011.html,2026-05-18 15:12,78,
safepay,jmige.com,US,"JMIGE appears to be a company with limited publicly available information, making precise classification difficult. Based on naming conventions and …",2026-05-06,,,published,89991,/blog/post/jmigecom/,/blog/post/jmigecom/,2026-09-17_page011.html,2026-05-06 19:40,224,
safepay,gingerichtrucking.com,US,"Is a U.S.-based freight transportation company operating primarily in interstate logistics. The company specializes in hauling general freight, agricultural products …",2026-05-06,,,published,90545,/blog/post/gingerichtruckingcom/,/blog/post/gingerichtruckingcom/,2026-09-17_page011.html,2026-05-06 19:39,139,
safepay,smp.cat,ES,"Is a private healthcare organization based in Catalonia, Spain, operating in the Hospitals & Physicians Clinics sector. Founded in 1993 …",2026-05-06,,,published,86549,/blog/post/smpcat/,/blog/post/smpcat/,2026-09-17_page011.html,2026-05-06 19:37,117,
safepay,soavegel.it,IT,"Is an Italian food manufacturing company specializing in frozen gastronomic products. Founded in 1935 in Francavilla Fontana, the company has …",2026-05-06,,,published,86287,/blog/post/soavegelit/,/blog/post/soavegelit/,2026-09-17_page011.html,2026-05-06 19:34,68,
safepay,globalmerchservices.com,GB,Global Merchandising Services (GMS) is an international entertainment merchandising company founded in 2008. It specializes in developing and managing merchandise …,2026-05-06,,,published,88271,/blog/post/globalmerchservicescom/,/blog/post/globalmerchservicescom/,2026-09-17_page011.html,2026-05-06 19:32,76,
safepay,studioubertazzi.it,IT,"Is an Italian firm that likely operates in the field of professional services such as architecture, design, or engineering consulting. …",2026-05-06,,,published,85521,/blog/post/studioubertazziit/,/blog/post/studioubertazziit/,2026-09-17_page012.html,2026-05-06 19:30,59,
safepay,ettp.be,BE,"Appears to be a Belgian-based entity likely involved in professional training, technology consulting, or industrial services. While detailed public data …",2026-05-06,,,published,89060,/blog/post/ettpbe/,/blog/post/ettpbe/,2026-09-17_page012.html,2026-05-06 19:28,48,
safepay,mbk-gmbh.de,DE,"Is a German industrial company specializing in metal processing and surface finishing technologies. The company provides services such as galvanizing, …",2026-05-06,,,published,84209,/blog/post/mbk-gmbhde/,/blog/post/mbk-gmbhde/,2026-09-17_page012.html,2026-05-06 19:27,49,
safepay,id-s.de,DE,"Is a German company operating in the field of digital technologies and IT-related services. Although detailed public information is limited, …",2026-05-06,,,published,83278,/blog/post/id-sde/,/blog/post/id-sde/,2026-09-17_page012.html,2026-05-06 19:26,52,
safepay,fital-treppenlifte.de,DE,Is a German company specializing in stairlifts and mobility solutions for individuals with reduced mobility. The company operates in the …,2026-05-04,,,published,81373,/blog/post/fital-treppenliftede/,/blog/post/fital-treppenliftede/,2026-09-17_page012.html,2026-05-04 20:03,56,
safepay,zonaovest.to.it,IT,Is likely an Italian regional organization or consortium based in the Turin (Torino) area. Entities with similar naming conventions in …,2026-05-04,,,published,79280,/blog/post/zonaovesttoit/,/blog/post/zonaovesttoit/,2026-09-17_page012.html,2026-05-04 20:01,44,
safepay,maiadouro.pt,PT,"Appears to be a Portuguese company connected to the Douro region, which is internationally known for wine production and agriculture. …",2026-05-04,,,published,78819,/blog/post/maiadouropt/,/blog/post/maiadouropt/,2026-09-17_page012.html,2026-05-04 19:59,35,
safepay,dahlgrenscement.se,,"Is a Swedish company operating in the construction materials sector, particularly focused on cement and related building products. Companies in …",2026-05-04,,,published,82217,/blog/post/dahlgrenscementse/,/blog/post/dahlgrenscementse/,2026-09-17_page012.html,2026-05-04 19:54,32,
safepay,bootstransport.ca,CA,Is a Canadian transportation and logistics company specializing in freight delivery and supply chain services. The company primarily operates in …,2026-05-04,,,published,81943,/blog/post/bootstransportca/,/blog/post/bootstransportca/,2026-09-17_page012.html,2026-05-04 19:51,55,
safepay,hokuyo2006.co.jp,JP,"Is a Japanese company that operates as part of a larger industrial group connected to packaging, logistics, and housing-related businesses. …",2026-05-04,,,published,78627,/blog/post/hokuyo2006cojp/,/blog/post/hokuyo2006cojp/,2026-09-17_page013.html,2026-05-04 19:48,73,
safepay,hpk.hamburg,DE,"Is a Hamburg-based, family-run international trading company with over 50 years of experience, specializing in premium meat and seafood imports. …",2026-05-01,,,published,81167,/blog/post/hpkhamburg/,/blog/post/hpkhamburg/,2026-09-17_page013.html,2026-05-01 19:40,35,
safepay,energyaction.com.au,AU,Is an energy management and consulting company that helps businesses reduce their energy costs and carbon emissions. Its main services …,2026-05-01,,,published,81839,/blog/post/energyactioncomau/,/blog/post/energyactioncomau/,2026-09-17_page013.html,2026-05-01 19:37,169,
safepay,st-bernards.bham.sch.uk,GB,"St Bernard’s provides primary education for children, including: English, maths, science and general curriculum subjects Religious education (Catholic values are …",2026-04-16,,,published,97509,/blog/post/st-bernardsbhamschuk/,/blog/post/st-bernardsbhamschuk/,2026-09-17_page013.html,2026-04-16 19:46,91,
safepay,favellefavco.com,AU,"Favelle Favco is a leading manufacturer of heavy-duty cranes, including: - tower cranes - offshore cranes - wharf and marine …",2026-04-16,,,published,93216,/blog/post/favellefavcocom/,/blog/post/favellefavcocom/,2026-09-17_page013.html,2026-04-16 19:42,177,
safepay,thruwayplumbingservice.com,US,"The business provides standard residential and commercial plumbing services, including: - Leak detection and pipe repair - Drain cleaning and …",2026-04-16,,,published,93111,/blog/post/thruwayplumbingservicecom/,/blog/post/thruwayplumbingservicecom/,2026-09-17_page013.html,2026-04-16 19:39,84,
safepay,lynxprecast.co.uk,GB,"Lynx Precast Ltd is a UK-based construction manufacturing company specialising in the design, manufacture and installation of precast concrete products …",2026-04-16,,,published,93014,/blog/post/lynxprecastcouk/,/blog/post/lynxprecastcouk/,2026-09-17_page013.html,2026-04-16 19:34,55,
safepay,genealogysa.org.au,AU,"Genealogy SA, formally known as the South Australian Genealogy & Heraldry Society, is a leading Australian nonprofit organisation dedicated to …",2026-04-16,,,published,92876,/blog/post/genealogysaorgau/,/blog/post/genealogysaorgau/,2026-09-17_page013.html,2026-04-16 19:32,156,
safepay,abfall-kreis-kassel.de,DE,"The website abfall-kreis-kassel.de represents the Abfallentsorgung Kreis Kassel, a publicly owned waste management entity (Eigenbetrieb) operated by the district of …",2026-04-16,,,published,94495,/blog/post/abfall-kreis-kasselde/,/blog/post/abfall-kreis-kasselde/,2026-09-17_page013.html,2026-04-16 19:28,76,
safepay,cheeky.com.ar,AR,"Cheeky is a well-established Argentine children’s fashion brand owned by CHEEK S.A., headquartered in Martínez, Buenos Aires Province. Founded in …",2026-04-16,,,published,91974,/blog/post/cheekycomar/,/blog/post/cheekycomar/,2026-09-17_page014.html,2026-04-16 19:20,28,
safepay,bbalawgroup.com,US,"Also referred to as BBA Immigration, is a boutique U.S. legal practice headquartered in Houston, Texas, specialising in immigration law …",2026-04-16,,,published,93052,/blog/post/bbalawgroupcom/,/blog/post/bbalawgroupcom/,2026-09-17_page014.html,2026-04-16 19:09,81,
safepay,academyhealth.org,US,"Is a U.S.-based nonprofit professional organization headquartered in Washington, D.C., dedicated to advancing the fields of health services research and …",2026-04-06,,,published,95075,/blog/post/academyhealthorg/,/blog/post/academyhealthorg/,2026-09-17_page014.html,2026-04-06 20:17,187,
safepay,brookercg.com,US,"Is a privately held American general contracting and construction management company headquartered in Chattanooga, Tennessee. Founded in 2015 by Rod …",2026-03-24,,,published,105232,/blog/post/brookercgcom/,/blog/post/brookercgcom/,2026-09-17_page014.html,2026-03-24 07:05,134,
safepay,thenavigatorcompany.com,PT,"Is a major Portuguese producer of forestry, pulp, paper, tissue, and sustainable packaging solutions, recognized as Europe's largest manufacturer of …",2026-03-17,,,published,114943,/blog/post/thenavigatorcompanycom/,/blog/post/thenavigatorcompanycom/,2026-09-17_page014.html,2026-03-17 18:40,169,
safepay,mattandsteve.com,CA,"Is a Canadian food manufacturer based in Mississauga, Ontario, founded in 2000 by Matthew Larochelle and Steve McVicker. Known for …",2026-03-17,,,published,110308,/blog/post/mattandstevecom/,/blog/post/mattandstevecom/,2026-09-17_page014.html,2026-03-17 18:26,74,
safepay,briwaycarriers.com,CA,"Ontario-based transportation company specializing in specialized freight, including a dedicated glass division and agricultural services. They offer global supply chain …",2026-03-17,,,published,110590,/blog/post/briwaycarrierscom/,/blog/post/briwaycarrierscom/,2026-09-17_page014.html,2026-03-17 18:25,,
safepay,tiefenbachergroup.com,DE,"Is a 100% family-owned, leading global healthcare company founded in 1963 and based in Hamburg, Germany. The company operates across …",2026-03-17,,,published,109149,/blog/post/tiefenbachergroupcom/,/blog/post/tiefenbachergroupcom/,2026-09-17_page014.html,2026-03-17 18:23,90,
safepay,smileteam.com.au,AU,Is a privately owned Australian healthcare company specialising in orthodontic treatment and dental alignment services. The organisation was founded around …,2026-03-06,,,published,119571,/blog/post/smileteamcomau/,/blog/post/smileteamcomau/,2026-09-17_page014.html,2026-03-06 19:04,404,
safepay,ripobec.com,CA,"Is a Canadian family-owned agricultural supply company headquartered in Saint-Apollinaire, Quebec, specialising in the production and distribution of premium wood …",2026-03-03,,,published,120941,/blog/post/ripobeccom/,/blog/post/ripobeccom/,2026-09-17_page015.html,2026-03-03 19:16,103,
safepay,Franz-Sales-Haus.de,DE,"Located at Steeler Straße 261, 45138 Essen, is a support organization dedicated to empowering people with disabilities to live self-determined …",2026-03-03,,,published,121485,/blog/post/franz-sales-hausde/,/blog/post/franz-sales-hausde/,2026-09-17_page015.html,2026-03-03 18:27,211,
safepay,groupepiche.ca,CA,"Is a privately held Canadian construction and interior systems company headquartered in Ferme-Neuve, Québec with additional offices in Boisbriand (QC), …",2026-02-07,,,published,135644,/blog/post/groupepicheca/,/blog/post/groupepicheca/,2026-09-17_page015.html,2026-02-07 20:07,143,
safepay,kres.cz,CZ,"Czech small-to-medium enterprise headquartered in Krnov – Pod Cvilínem, Czech Republic. The company specialises in the sale, repair and servicing …",2026-02-07,,,published,129869,/blog/post/krescz/,/blog/post/krescz/,2026-09-17_page015.html,2026-02-07 20:03,39,
safepay,atadler.com.sg,SG,"Is a Singapore-based accounting, auditing and bookkeeping services firm that has been operating as a registered partnership since 25 October …",2026-02-07,,,published,129823,/blog/post/atadlercomsg/,/blog/post/atadlercomsg/,2026-09-17_page015.html,2026-02-07 19:59,85,
safepay,freidarothman.com,US,"Based jewelry and accessories brand founded and led by designer Freida Rothman, who grew up in Brooklyn and comes from …",2026-01-26,,,published,139759,/blog/post/freidarothmancom/,/blog/post/freidarothmancom/,2026-09-17_page015.html,2026-01-26 22:02,198,
safepay,interr.com,GB,"Interr is a privately held security and risk-management services company headquartered at The Loom, 14 Gower’s Walk, London, UK. Established …",2026-01-24,,,published,139233,/blog/post/interrcom/,/blog/post/interrcom/,2026-09-17_page015.html,2026-01-24 18:48,120,
safepay,superiordrywall.com,US,"Superior Drywall is an established American commercial drywall contracting company based in Oxnard, California, specialising in a range of interior …",2026-01-24,,,published,138632,/blog/post/superiordrywallcom/,/blog/post/superiordrywallcom/,2026-09-17_page015.html,2026-01-24 18:47,110,
safepay,trulinemfg.com,US,"Tru-Line Manufacturing Company is an American industrial fabrication firm headquartered in Decatur, Alabama that specialises in the metal fabrication of …",2026-01-24,,,published,135100,/blog/post/trulinemfgcom/,/blog/post/trulinemfgcom/,2026-09-17_page015.html,2026-01-24 18:35,80,
safepay,adifse.com.ar,AR,ADIFSE — formally the Administración de Infraestructuras Ferroviarias Sociedad del Estado — is a state-owned railway infrastructure company in Argentina …,2026-01-24,,,published,134853,/blog/post/adifsecomar/,/blog/post/adifsecomar/,2026-09-17_page016.html,2026-01-24 18:27,77,
safepay,lcpublishinggroup.com,IT,"LC Publishing Group S.p.A. is an international digital publishing and information services company headquartered in Milan, Italy. Founded in 2011, …",2026-01-24,,,published,132774,/blog/post/lcpublishinggroupcom/,/blog/post/lcpublishinggroupcom/,2026-09-17_page016.html,2026-01-24 18:25,89,
safepay,gsglobalresources.com,US,"GS Global Resources (often abbreviated GSGR) is an American industrial engineering and machine-performance solutions company headquartered in Mukwonago, Wisconsin. Founded …",2026-01-24,,,published,122248,/blog/post/gsglobalresourcescom/,/blog/post/gsglobalresourcescom/,2026-09-17_page016.html,2026-01-24 18:23,71,
safepay,rlc.es,ES,"RLC Transportes (operating under Rau Load Cargo, S.L.) is a Spanish logistics and freight-transport company based in El Puig de …",2026-01-23,,,published,123319,/blog/post/rlces/,/blog/post/rlces/,2026-09-17_page016.html,2026-01-23 20:47,94,
safepay,greenhouseapt.com,US,"Greenhouse Apartments is a private residential real estate community and apartment complex located in the Greater Boston area of Massachusetts, …",2026-01-19,,,published,137457,/blog/post/greenhouseaptcom/,/blog/post/greenhouseaptcom/,2026-09-17_page016.html,2026-01-19 18:13,116,
safepay,ipu.co.il,,"IPU Industries Ltd. is a privately held Israeli industrial manufacturing company headquartered in Kiryat Gat, Israel, specialising in advanced plastic …",2026-01-19,,,published,121086,/blog/post/ipucoil/,/blog/post/ipucoil/,2026-09-17_page016.html,2026-01-19 18:11,71,
safepay,wohnverbund-st-gertrud.de,DE,"Wohnverbund St. Gertrud is a German social care and residential support organisation located in Morsbach, North Rhine-Westphalia, Germany. It operates …",2026-01-19,,,published,120206,/blog/post/wohnverbund-st-gertrudde/,/blog/post/wohnverbund-st-gertrudde/,2026-09-17_page016.html,2026-01-19 18:09,116,
safepay,abcseamless.com,US,"ABC Seamless is a U.S.-based home improvement and exterior construction company that specialises in custom on-site manufactured seamless steel siding, …",2026-01-19,,,published,119831,/blog/post/abcseamlesscom/,/blog/post/abcseamlesscom/,2026-09-17_page016.html,2026-01-19 18:08,53,
safepay,pellcityschools.net,US,"Pell City Schools is a public school district located in Pell City, in the state of Alabama. The district serves …",2025-12-30,,,published,137323,/blog/post/pellcityschoolsnet/,/blog/post/pellcityschoolsnet/,2026-09-17_page016.html,2025-12-30 23:15,226,
safepay,estrumar.es,ES,"Metálicas Estrumar is a Spanish metal fabrication and structural engineering company headquartered in Burgos, Castilla y León, Spain. It is …",2025-12-29,,,published,139326,/blog/post/estrumares/,/blog/post/estrumares/,2026-09-17_page017.html,2025-12-29 19:54,69,
safepay,precisionaluminum.ca,CA,"Precision Aluminum Manufacturing Inc. is a Canadian metal fabrication and architectural products company headquartered in Rocky View County (near Calgary), …",2025-12-29,,,published,138255,/blog/post/precisionaluminumca/,/blog/post/precisionaluminumca/,2026-09-17_page017.html,2025-12-29 19:51,78,
safepay,sproutnet.com,US,"SproutNet — operating under International Specialty Supply — is a U.S. producer and supplier of sprouting seeds, sprouts, natural ingredients …",2025-12-29,,,published,137787,/blog/post/sproutnetcom/,/blog/post/sproutnetcom/,2026-09-17_page017.html,2025-12-29 19:49,88,
safepay,investigacionesmedicas.com,AR,"Investigaciones Médicas is a private medical diagnostics and imaging services provider based in Buenos Aires, Argentina. Founded in 1991, it …",2025-12-29,,,published,137548,/blog/post/investigacionesmedicascom/,/blog/post/investigacionesmedicascom/,2026-09-17_page017.html,2025-12-29 19:47,58,
safepay,usdaw.org.uk,GB,"Usdaw — formally the Union of Shop, Distributive and Allied Workers — is one of the United Kingdom’s largest and …",2025-12-29,,,published,136632,/blog/post/usdaworguk/,/blog/post/usdaworguk/,2026-09-17_page017.html,2025-12-29 19:45,168,
safepay,moorelumber.com,US,"Moore Lumber & Hardware Co. is a U.S. building-materials retailer and hardware supplier based in Ayer, Massachusetts. Founded in the …",2025-12-29,,,published,135852,/blog/post/moorelumbercom/,/blog/post/moorelumbercom/,2026-09-17_page017.html,2025-12-29 19:44,80,
safepay,knightgroup.co.uk,GB,Knight Group is a UK-based precision metal stockist and processor with a long history dating back to 1943. The company …,2025-12-29,,,published,135378,/blog/post/knightgroupcouk/,/blog/post/knightgroupcouk/,2026-09-17_page017.html,2025-12-29 19:42,83,
safepay,davidrosenbakerysupply.com,US,"David Rosen Bakery Supply is a long-established wholesale bakery supply and distribution company headquartered in Maspeth, New York, serving commercial …",2025-12-29,,,published,134560,/blog/post/davidrosenbakerysupplycom/,/blog/post/davidrosenbakerysupplycom/,2026-09-17_page017.html,2025-12-29 19:40,57,
safepay,setex-textil.de,DE,"SETEX-Textil GmbH is a vertically integrated German textile manufacturer headquartered in Hamminkeln-Dingden, North Rhine-Westphalia. The company operates comprehensive textile production …",2025-12-29,,,published,127222,/blog/post/setex-textilde/,/blog/post/setex-textilde/,2026-09-17_page017.html,2025-12-29 19:38,80,
safepay,pau.at,,"PAUAT Architekten is a regional architectural practice based in Wels, Austria, founded in 1999 and led by architect Heinz Plöderl. …",2025-12-29,,,published,120393,/blog/post/pauat/,/blog/post/pauat/,2026-09-17_page018.html,2025-12-29 07:51,47,
safepay,larosadelmonte.com,US,"La Rosa Del Monte is a long-standing family-owned moving and logistics company based in Bronx, New York, with operations extending …",2025-12-27,,,published,150054,/blog/post/larosadelmontecom/,/blog/post/larosadelmontecom/,2026-09-17_page018.html,2025-12-27 19:02,72,
safepay,inpipeproducts.com,GB,"iNPIPE PRODUCTS is a British engineering and manufacturing company headquartered in Brompton on Swale, North Yorkshire, United Kingdom. The firm …",2025-12-27,,,published,119433,/blog/post/inpipeproductscom/,/blog/post/inpipeproductscom/,2026-09-17_page018.html,2025-12-27 18:59,43,
safepay,wadzeck-stiftung.de,DE,"Wadzeck-Stiftung is one of Germany’s oldest charitable youth-welfare organisations, founded in 1819 in Berlin as the first evangelical orphanage in …",2025-12-27,,,published,118565,/blog/post/wadzeck-stiftungde/,/blog/post/wadzeck-stiftungde/,2026-09-17_page018.html,2025-12-27 18:58,57,
safepay,vanvenrooy.com,NL,"Van Venrooy is a Dutch family-owned engineering and manufacturing company based in Oss, the Netherlands, that specialises in tailor-made utility …",2025-12-27,,,published,118601,/blog/post/vanvenrooycom/,/blog/post/vanvenrooycom/,2026-09-17_page018.html,2025-12-27 18:54,77,
safepay,hmpccpa.com,US,"Harvey & Martin, PLLC is a professional accounting firm based in Massachusetts, United States, with additional offices in Gloucester, MA …",2025-12-27,,,published,118545,/blog/post/hmpccpacom/,/blog/post/hmpccpacom/,2026-09-17_page018.html,2025-12-27 18:52,152,
safepay,debralmorrison.com,US,"Debra L. Morrison operates a professional coaching, speaking, and financial education practice associated with the domain DebraLMorrison.com, which serves as …",2025-12-27,,,published,118491,/blog/post/debralmorrisoncom/,/blog/post/debralmorrisoncom/,2026-09-17_page018.html,2025-12-27 18:51,75,
safepay,studioelad.it,IT,Studio Elad — legally registered as Elad S.r.l. — is an Italian company operating in the professional services and business …,2025-12-27,,,published,118664,/blog/post/studioeladit/,/blog/post/studioeladit/,2026-09-17_page018.html,2025-12-27 18:49,78,
safepay,ryc.org,US,"Raritan Yacht Club (RYC) is a private, member-owned recreational club located in Perth Amboy, New Jersey, with a history dating …",2025-12-27,,,published,117672,/blog/post/rycorg/,/blog/post/rycorg/,2026-09-17_page018.html,2025-12-27 18:48,116,
safepay,heatcel.co.uk,GB,"Heatcel is a UK-based specialist supplier of central heating spares, components and equipment, operating as a stockist and distributor for …",2025-12-27,,,published,117732,/blog/post/heatcelcouk/,/blog/post/heatcelcouk/,2026-09-17_page019.html,2025-12-27 18:47,53,
safepay,massfd.org,US,"MassFD — as reflected by the domain massfd.org — appears to be the official website of the Massapequa Fire District, …",2025-12-24,,,published,119001,/blog/post/massfdorg/,/blog/post/massfdorg/,2026-09-17_page019.html,2025-12-24 20:21,53,
safepay,eiconnect.com,US,"Electronic Interconnect, often referred to as EI, is a U.S.-based manufacturer and supplier of printed circuit boards (PCBs) headquartered in …",2025-12-24,,,published,119267,/blog/post/eiconnectcom/,/blog/post/eiconnectcom/,2026-09-17_page019.html,2025-12-24 20:15,81,
safepay,vitatrac.com.gt,GT,"Vitatrac S.A. is a long-established automotive service and tire distribution company headquartered in Guatemala City, Guatemala, with multiple service centers …",2025-12-24,,,published,118895,/blog/post/vitatraccomgt/,/blog/post/vitatraccomgt/,2026-09-17_page019.html,2025-12-24 20:10,19,
safepay,nhpsa.com.ar,AR,"NHPSA — formally New High Pack S.A. — is an Argentine packaging manufacturer and supplier based in Benavídez, Tigre, Province …",2025-12-24,,,published,118520,/blog/post/nhpsacomar/,/blog/post/nhpsacomar/,2026-09-17_page019.html,2025-12-24 20:08,24,
safepay,47club.jp,JP,"47CLUB (operated by Kabushiki Kaisha 47CLUB, or 株式会社47CLUB) is a Japanese e-commerce and regional marketing company based in Tokyo. Its …",2025-12-24,,,published,120051,/blog/post/47clubjp/,/blog/post/47clubjp/,2026-09-17_page019.html,2025-12-24 20:06,175,
safepay,maxdream.tur.ar,AR,"Maxdream is an Argentine travel and tourism company headquartered in Buenos Aires, Argentina, that specialises in organising student travel experiences …",2025-12-24,,,published,118955,/blog/post/maxdreamturar/,/blog/post/maxdreamturar/,2026-09-17_page019.html,2025-12-24 20:05,21,
safepay,polhun.pl,,"POL-HUN is a well-established Polish manufacturer and distributor of household cleaning products and consumer chemicals. Founded in 1990, the company …",2025-12-24,,,published,118730,/blog/post/polhunpl/,/blog/post/polhunpl/,2026-09-17_page019.html,2025-12-24 20:02,54,
safepay,envases-group.com,GB,Envases Group is a privately held multinational packaging manufacturer and solutions provider with deep roots in the global containers and …,2025-12-24,,,published,118597,/blog/post/envases-groupcom/,/blog/post/envases-groupcom/,2026-09-17_page019.html,2025-12-24 18:55,65,
safepay,cmac-llc.com,US,"cMAC LLC is a small, privately-held construction and general contracting firm based in Renton, Washington, serving residential and commercial clients …",2025-12-24,,,published,117655,/blog/post/cmac-llccom/,/blog/post/cmac-llccom/,2026-09-17_page020.html,2025-12-24 18:53,56,
safepay,capsum.com,US,"Capsum is a global beauty and cosmetics contract manufacturer that specialises in microfluidic technology, a patented scientific process that allows …",2025-12-19,,,published,121455,/blog/post/capsumcom/,/blog/post/capsumcom/,2026-09-17_page020.html,2025-12-19 18:17,114,
safepay,peus-muenzen.de,DE,"Peus Münzen, officially Dr. Busso Peus Nachfolger e.K., is one of Germany’s oldest and most prestigious coin dealers and numismatic …",2025-12-19,,,published,120961,/blog/post/peus-muenzende/,/blog/post/peus-muenzende/,2026-09-17_page020.html,2025-12-19 18:16,96,
safepay,coloradopowerline.com,US,"Colorado Powerline, Inc. (often abbreviated CPI) is a U.S. electrical infrastructure construction company headquartered in Sedalia, Colorado. Founded in 2006, …",2025-12-19,,,published,120489,/blog/post/coloradopowerlinecom/,/blog/post/coloradopowerlinecom/,2026-09-17_page020.html,2025-12-19 18:14,63,
safepay,meyer-lift.de,DE,"Meyer Lift GmbH is a German equipment rental company headquartered in Hohenwestedt, northern Germany. It specialises in the rental and …",2025-12-19,,,published,121261,/blog/post/meyer-liftde/,/blog/post/meyer-liftde/,2026-09-17_page020.html,2025-12-19 18:13,61,
safepay,kenalex.ca,CA,"Kenalex Construction Co. Ltd. is a Canadian construction and development firm headquartered in North Bay, Ontario, serving Central and Northern …",2025-12-19,,,published,120559,/blog/post/kenalexca/,/blog/post/kenalexca/,2026-09-17_page020.html,2025-12-19 18:12,48,
safepay,dfcsystems.de,DE,DFC-SYSTEMS GmbH is a German software and technology company headquartered in Munich that specialises in clinical documentation and digital workflow …,2025-12-19,,,published,120798,/blog/post/dfcsystemsde/,/blog/post/dfcsystemsde/,2026-09-17_page020.html,2025-12-19 18:10,71,
safepay,springersjewelers.com,US,"Springer’s Jewelers is a historic family-owned jewelry retailer based in Portland, Maine, with additional store locations in Bath, Maine and …",2025-12-19,,,published,120018,/blog/post/springersjewelerscom/,/blog/post/springersjewelerscom/,2026-09-17_page020.html,2025-12-19 18:08,96,
safepay,reger-zahntechnik.de,DE,"Reger Zahntechnik, formally registered in Nuremberg (Nürnberg), Germany as Walter Reger Zahntechnisches Labor GmbH, is a traditional dental laboratory specialising …",2025-12-19,,,published,119563,/blog/post/reger-zahntechnikde/,/blog/post/reger-zahntechnikde/,2026-09-17_page020.html,2025-12-19 18:07,56,
safepay,rogitz.com,US,"Rogitz & Associates was a small intellectual property law firm based in San Diego, California, specialising in patent prosecution, patent …",2025-12-19,,,published,120344,/blog/post/rogitzcom/,/blog/post/rogitzcom/,2026-09-17_page021.html,2025-12-19 18:06,60,
safepay,zimeda.eu,DE,"Zimeda GmbH & Co. KG is a German medical technology and healthcare supplier headquartered in Passau, Bavaria. The firm operates …",2025-12-17,,,published,125327,/blog/post/zimedaeu/,/blog/post/zimedaeu/,2026-09-17_page021.html,2025-12-17 19:26,78,
safepay,gandlmechanical.com,US,"G & L Mechanical Contractor, L.P. is a regional mechanical contracting firm based in Grapevine, Texas, and has been operating …",2025-12-17,,,published,125078,/blog/post/gandlmechanicalcom/,/blog/post/gandlmechanicalcom/,2026-09-17_page021.html,2025-12-17 19:24,74,
safepay,artcitydental.com,US,"Art City Dental is a family-oriented dental clinic located in Springville, Utah, within the United States. The practice provides a …",2025-12-17,,,published,124998,/blog/post/artcitydentalcom/,/blog/post/artcitydentalcom/,2026-09-17_page021.html,2025-12-17 19:23,73,
safepay,notar-gerresheim.de,DE,"Notare Dr. Heinrich & Dr. Berg is a private notary office located in the Gerresheim district of Düsseldorf, Germany. The …",2025-12-17,,,published,124149,/blog/post/notar-gerresheimde/,/blog/post/notar-gerresheimde/,2026-09-17_page021.html,2025-12-17 19:22,133,
safepay,silverlinegroupinc.com,CA,"Silverline Group Inc. is a Canadian construction and civil contracting firm based in St. Catharines, Ontario. It operates in the …",2025-12-17,,,published,124621,/blog/post/silverlinegroupinccom/,/blog/post/silverlinegroupinccom/,2026-09-17_page021.html,2025-12-17 19:21,53,
safepay,smilecenterutah.com,US,"Smile Center Utah is a private dental practice located in Provo, Utah, providing comprehensive oral healthcare services to patients of …",2025-12-17,,,published,120746,/blog/post/smilecenterutahcom/,/blog/post/smilecenterutahcom/,2026-09-17_page021.html,2025-12-17 19:19,66,
safepay,seguriamericas.com,CO,"SeguriAmericas, formally known as Seguridad Las Americas Ltda, is a Colombian company specialising in private security and investigation services. Founded …",2025-12-17,,,published,121299,/blog/post/seguriamericascom/,/blog/post/seguriamericascom/,2026-09-17_page021.html,2025-12-17 19:16,34,
safepay,ernst-auto.de,DE,Ernst Autohaus is a German automotive dealership and service company operating in the regional vehicle retail market. The business is …,2025-12-16,,,published,124657,/blog/post/ernst-autode/,/blog/post/ernst-autode/,2026-09-17_page021.html,2025-12-16 20:25,72,
safepay,autohaus-paschke.de,DE,Autohaus Paschke is a German automobile dealership and automotive service provider that operates primarily in the regional car retail and …,2025-12-16,,,published,124884,/blog/post/autohaus-paschkede/,/blog/post/autohaus-paschkede/,2026-09-17_page022.html,2025-12-16 20:23,66,
safepay,stadtwerke-clausthal.de,DE,"Stadtwerke Clausthal-Zellerfeld is a municipal utility company (Stadtwerk) serving the town of Clausthal-Zellerfeld in Lower Saxony, Germany. As a publicly …",2025-12-16,,,published,121948,/blog/post/stadtwerke-clausthalde/,/blog/post/stadtwerke-clausthalde/,2026-09-17_page022.html,2025-12-16 20:22,110,
safepay,seeberger-appel.de,DE,"Seeberger Appel is a German law firm specialising in commercial law, corporate law, employment law, and civil litigation, with a …",2025-12-16,,,published,120608,/blog/post/seeberger-appelde/,/blog/post/seeberger-appelde/,2026-09-17_page022.html,2025-12-16 20:21,47,
safepay,hoodriverdentist.com,US,"Hood River Dental is a private dental practice located in Hood River, Oregon, providing comprehensive oral healthcare services to individuals …",2025-12-16,,,published,121561,/blog/post/hoodriverdentistcom/,/blog/post/hoodriverdentistcom/,2026-09-17_page022.html,2025-12-16 20:20,63,
safepay,feldmanandlopez.com,US,"Feldman & Lopez, P.A. is a law firm based in Miami, Florida, that specialises in property insurance law and related …",2025-12-16,,,published,117708,/blog/post/feldmanandlopezcom/,/blog/post/feldmanandlopezcom/,2026-09-17_page022.html,2025-12-16 20:19,39,
safepay,aspenviewacademy.org,US,"Aspen View Academy is a charter school located in Castle Rock, Colorado, serving students from pre-kindergarten through 8th grade. Founded …",2025-12-16,,,published,117292,/blog/post/aspenviewacademyorg/,/blog/post/aspenviewacademyorg/,2026-09-17_page022.html,2025-12-16 20:18,50,
safepay,aysa.com.ar,AR,"AYSA, formally known as Agua y Saneamientos Argentinos Sociedad Anónima, is Argentina’s largest state-owned water and sanitation utility, responsible for …",2025-12-14,,,published,131983,/blog/post/aysacomar/,/blog/post/aysacomar/,2026-09-17_page022.html,2025-12-14 19:20,166,
safepay,inttrust.gr,GR,"InTTrust S.A. is a Greek information technology and consulting firm headquartered in Agia Paraskevi, Athens. Founded in 2006, the company …",2025-12-14,,,published,130825,/blog/post/inttrustgr/,/blog/post/inttrustgr/,2026-09-17_page022.html,2025-12-14 19:19,234,
safepay,lampus.com,US,"R.I. Lampus Company, operating the domain Lampus.com, is a long-established American manufacturer and distributor in the building materials industry. Founded …",2025-12-14,,,published,128853,/blog/post/lampuscom/,/blog/post/lampuscom/,2026-09-17_page022.html,2025-12-14 19:17,55,
safepay,fest-group.de,DE,"FEST Group is a German engineering and industrial technology company headquartered in Goslar. It specialises in advanced automation, electrification and …",2025-12-14,,,published,129239,/blog/post/fest-groupde/,/blog/post/fest-groupde/,2026-09-17_page023.html,2025-12-14 19:16,73,
safepay,sbws.org.sg,SG,"Singapore Buddhist Welfare Services (SBWS) is a well-established voluntary welfare organisation (VWO) in Singapore that focuses on holistic, community-based support …",2025-12-14,,,published,128427,/blog/post/sbwsorgsg/,/blog/post/sbwsorgsg/,2026-09-17_page023.html,2025-12-14 19:14,37,
safepay,teccart.qc.ca,CA,"Founded in 1945, the institution has a long history of delivering practical, career-focused education in technology, design, business, management, arts, …",2025-12-14,,,published,128533,/blog/post/teccartqcca/,/blog/post/teccartqcca/,2026-09-17_page023.html,2025-12-14 19:13,57,
safepay,chemstress.com,US,"Since its founding in 1965, the company has combined in-house disciplines — process, mechanical, piping, structural, instrumentation, electrical, and architectural …",2025-12-09,,,published,133334,/blog/post/chemstresscom/,/blog/post/chemstresscom/,2026-09-17_page023.html,2025-12-09 06:39,97,
safepay,mmc.de,DE,MMC Studios is a major German media-production and facility company headquartered in Cologne. The firm operates one of Germany’s leading …,2025-12-05,,,published,135443,/blog/post/mmcde/,/blog/post/mmcde/,2026-09-17_page023.html,2025-12-05 20:10,85,
safepay,barnet.com.au,AU,"BarNet is an Australian specialist communications management organisation focused on serving legal professionals, particularly barristers and associated legal chambers. Founded …",2025-12-05,,,published,135511,/blog/post/barnetcomau/,/blog/post/barnetcomau/,2026-09-17_page023.html,2025-12-05 18:28,284,
safepay,mactavishco.ca,CA,"MacTavish & Co. is a small Canadian boutique retailer located in Medicine Hat, Alberta, specializing in curated home décor, gifts, …",2025-12-05,,,published,123272,/blog/post/mactavishcoca/,/blog/post/mactavishcoca/,2026-09-17_page023.html,2025-12-05 18:26,64,
safepay,steuerberater-scheerer.de,DE,"Steuerberater-Scheerer (operating as C. M. Scheerer GmbH) is a German tax-consulting and auditing firm based in Schweinfurt, Bavaria. The practice …",2025-12-05,,,published,122792,/blog/post/steuerberater-scheererde/,/blog/post/steuerberater-scheererde/,2026-09-17_page023.html,2025-12-05 18:23,85,
safepay,untereisesheim.de,DE,"Untereisesheim is a small municipality in the district of Heilbronn in the federal state of Baden-Württemberg, southwestern Germany. It is …",2025-12-05,,,published,122391,/blog/post/untereisesheimde/,/blog/post/untereisesheimde/,2026-09-17_page023.html,2025-12-05 18:21,105,
safepay,juliuskoch.com,DE,Julius Koch GmbH is a historic German company founded in 1895 that specialises in the development and manufacture of high-performance …,2025-12-05,,,published,122138,/blog/post/juliuskochcom/,/blog/post/juliuskochcom/,2026-09-17_page024.html,2025-12-05 18:18,36,
safepay,hyperdomemedicalcentre.com.au,AU,"Hyperdome Medical Centre is a general practice clinic located in the South.Point shopping centre in Greenway, Tuggeranong, within the Australian …",2025-12-05,,,published,121628,/blog/post/hyperdomemedicalcentrecomau/,/blog/post/hyperdomemedicalcentrecomau/,2026-09-17_page024.html,2025-12-05 17:29,261,
safepay,becksgroup.au,AU,"Family-owned Australian company established in 1976 that operates within the luxury goods and jewellery industry, focusing on precious metals and …",2025-12-05,,,published,121476,/blog/post/becksgroupau/,/blog/post/becksgroupau/,2026-09-17_page024.html,2025-12-05 17:14,813,
safepay,wachtmann.eu,DE,Specializing in consumer goods distributed online via a web store. The business model is typical for small e-commerce firms: sourcing …,2025-12-05,,,published,118615,/blog/post/wachtmanneu/,/blog/post/wachtmanneu/,2026-09-17_page024.html,2025-12-05 17:09,44,
safepay,rehmann.de,DE,"Furniture-retail company in Velbert, Germany, operating a furniture house and a high-end studio for home furnishings. This company is mid-sized, …",2025-11-24,,,published,125998,/blog/post/rehmannde/,/blog/post/rehmannde/,2026-09-17_page024.html,2025-11-24 14:02,98,
safepay,dynamichomerepair.com,US,Dynamic Home Repair is a U.S.-based company specializing in repair services for manufactured homes. It offers a “lifetime warranty” on …,2025-11-24,,,published,125729,/blog/post/dynamichomerepaircom/,/blog/post/dynamichomerepaircom/,2026-09-17_page024.html,2025-11-24 13:58,68,
safepay,simmonsbb.com,,Simmons Electrical Co. Ltd. is a well-established Barbadian electrical contracting firm headquartered in St. Philip. The company specializes in a …,2025-11-18,,,published,130357,/blog/post/simmonsbbcom/,/blog/post/simmonsbbcom/,2026-09-17_page024.html,2025-11-18 19:33,34,
safepay,aussenwelten.ch,CH,"Zuber Aussenwelten AG is a Swiss company based in Domat/Ems (Graubünden), operating in the garden design and outdoor-living sector. The …",2025-11-18,,,published,130530,/blog/post/aussenweltench/,/blog/post/aussenweltench/,2026-09-17_page024.html,2025-11-18 19:30,43,
safepay,adesursas.com,CO,"Adesur SAS is a Colombian company based in Pasto, Nariño, that operates in the wholesale distribution of agricultural and veterinary …",2025-11-18,,,published,130413,/blog/post/adesursascom/,/blog/post/adesursascom/,2026-09-17_page024.html,2025-11-18 19:29,21,
safepay,puertoricowarehousing.com,US,"Puerto Rico Warehousing Management Corp. is a logistics and storage company based in Carolina, Puerto Rico. It operates a modern …",2025-11-18,,,published,129855,/blog/post/puertoricowarehousingcom/,/blog/post/puertoricowarehousingcom/,2026-09-17_page025.html,2025-11-18 19:25,46,
safepay,istitutocomprensivo-cavaglia.edu.it,IT,"Istituto Comprensivo di Cavaglià is a public school district in the Biella province of the Piedmont region, serving students from …",2025-11-18,,,published,129599,/blog/post/istitutocomprensivo-cavagliaeduit/,/blog/post/istitutocomprensivo-cavagliaeduit/,2026-09-17_page025.html,2025-11-18 19:21,76,
safepay,killinglyschools.org,US,"Killingly Public Schools is a K-12 public school district based in Danielson, Connecticut, serving students in the town of Killingly. …",2025-11-14,,,published,133303,/blog/post/killinglyschoolsorg/,/blog/post/killinglyschoolsorg/,2026-09-17_page025.html,2025-11-14 21:28,97,
safepay,confortchem.com & rogitex.com,CA,ConfortChem Inc. is a Canada-based distributor and technical partner specializing in raw materials and machinery for the polyurethane foam industry. …,2025-11-13,,,published,133334,/blog/post/confortchemcom-rogitexcom/,/blog/post/confortchemcom-rogitexcom/,2026-09-17_page025.html,2025-11-13 13:54,73,
safepay,doversd.org,US,"Dover City Schools is a public K-12 school district located in Dover, Ohio, serving approximately 2,650 students across multiple schools. …",2025-11-12,,,published,130704,/blog/post/doversdorg/,/blog/post/doversdorg/,2026-09-17_page025.html,2025-11-12 18:30,86,
safepay,glendaleobgyn.com,US,"Glendale OBGYN (an obstetrics and gynecology practice) would likely operate as a mid-sized women’s health clinic in Glendale, California, offering …",2025-11-11,,,published,131365,/blog/post/glendaleobgyncom/,/blog/post/glendaleobgyncom/,2026-09-17_page025.html,2025-11-11 18:19,112,
safepay,ielplumbing.com,CA,"I.E. Plumbing Services is a privately-held plumbing contractor based in Southern California, operating from two locations in the Riverside / …",2025-11-10,,,published,129937,/blog/post/ielplumbingcom/,/blog/post/ielplumbingcom/,2026-09-17_page025.html,2025-11-10 20:16,31,
safepay,mcintoshlabs.com,US,"McIntosh Laboratory is an iconic American company, founded in 1949 and headquartered in Binghamton, New York. It specializes in high-end, …",2025-11-05,,,published,133393,/blog/post/mcintoshlabscom/,/blog/post/mcintoshlabscom/,2026-09-17_page025.html,2025-11-05 11:39,91,
safepay,holtzofficesupport.com,DE,"Holtz Office Support GmbH is a family-owned, medium-sized German company headquartered in Wiesbaden, founded in 1956. The company specializes in …",2025-10-31,,,published,136433,/blog/post/holtzofficesupportcom/,/blog/post/holtzofficesupportcom/,2026-09-17_page025.html,2025-10-31 15:08,110,
safepay,bannenbergandrowell.com,GB,"Bannenberg & Rowell is a luxury studio specialising in superyacht exterior and interior design, founded as the direct successor to …",2025-10-24,,,published,142087,/blog/post/bannenbergandrowellcom/,/blog/post/bannenbergandrowellcom/,2026-09-17_page026.html,2025-10-24 19:12,177,
safepay,mino-in.co.jp,JP,"MINO Group is a long-established Japanese manufacturer (founded 1946) that designs and builds screen-printing machines, stencil makers, dryers, printing accessories …",2025-10-24,,,published,144194,/blog/post/mino-incojp/,/blog/post/mino-incojp/,2026-09-17_page026.html,2025-10-24 19:10,326,
safepay,xortec.de,DE,"Xortec GmbH is a German value-added distributor and systems integrator for professional video surveillance, IP network infrastructure and security-tech solutions. …",2025-10-24,,,published,140528,/blog/post/xortecde/,/blog/post/xortecde/,2026-09-17_page026.html,2025-10-24 19:09,122,
safepay,constructiondprovost.com,CA,"Construction Donald Provost is a regional general contracting firm established in Mont-Tremblant that specialises in high-quality residential and light-commercial construction, …",2025-10-24,,,published,140008,/blog/post/constructiondprovostcom/,/blog/post/constructiondprovostcom/,2026-09-17_page026.html,2025-10-24 19:07,68,
safepay,healthandvitalitycenter.com,US,"The Health & Vitality Center is a holistic medical practice located at 11600 Wilshire Blvd, Suite 120, Los Angeles, CA. …",2025-10-19,,,published,143986,/blog/post/healthandvitalitycentercom/,/blog/post/healthandvitalitycentercom/,2026-09-17_page026.html,2025-10-19 16:47,215,
safepay,cmlmachinery.com,CA,"CML Machinery is a Canadian distributor and supplier of metal-forming and woodworking equipment — press brakes, shears, tube benders, CNC …",2025-10-10,,,published,149810,/blog/post/cmlmachinerycom/,/blog/post/cmlmachinerycom/,2026-09-17_page026.html,2025-10-10 19:10,74,
safepay,ggw.net,CA,"Glenn Graydon Wright LLP (GGW) is an established Oakville, Ontario accounting and advisory firm (founded 1958) that provides assurance, tax, …",2025-10-10,,,published,148281,/blog/post/ggwnet/,/blog/post/ggwnet/,2026-09-17_page026.html,2025-10-10 19:09,89,
safepay,portofuneralhomes.net,US,"Porto Funeral Homes (Porto / Porto Funeral Home) operates funeral and memorial services in New Haven County, Connecticut, with facilities …",2025-10-10,,,published,147380,/blog/post/portofuneralhomesnet/,/blog/post/portofuneralhomesnet/,2026-09-17_page026.html,2025-10-10 19:08,70,
safepay,glatten.de,DE,"Located in Glatten, J. Schmalz GmbH is a long-established, family-run engineering group specialising in vacuum technology and automation for handling …",2025-10-10,,,published,142879,/blog/post/glattende/,/blog/post/glattende/,2026-09-17_page027.html,2025-10-10 19:08,151,
safepay,krne.com,US,"Krne Law Firm a small to mid-size private legal practice, perhaps specializing in general civil law, real estate, business contracts, …",2025-10-10,,,published,144356,/blog/post/krnecom/,/blog/post/krnecom/,2026-09-17_page027.html,2025-10-10 19:07,61,
safepay,bridgenetcommunicationsrgv.com,US,BridgeNet Communications is a regional low-voltage and structured-cabling specialist serving the Rio Grande Valley and parts of Central Texas. The …,2025-10-10,,,published,144274,/blog/post/bridgenetcommunicationsrgvcom/,/blog/post/bridgenetcommunicationsrgvcom/,2026-09-17_page027.html,2025-10-10 19:03,53,
safepay,tango-hotel.com.ar,AR,The Argentina Tango Hotel (often listed as Tango de Mayo / Argentina Tango in booking platforms) is a boutique city …,2025-10-10,,,published,143952,/blog/post/tango-hotelcomar/,/blog/post/tango-hotelcomar/,2026-09-17_page027.html,2025-10-10 19:02,55,
safepay,empirico-mr.com,US,"Empirico Research is a boutique global market-research and data-collection firm founded around 2016. The company combines online panels, telephone interviewing …",2025-10-10,,,published,143812,/blog/post/empirico-mrcom/,/blog/post/empirico-mrcom/,2026-09-17_page027.html,2025-10-10 19:01,48,
safepay,armourhome.co.uk,GB,"Armour Home is a UK-based designer, manufacturer and distributor of hi-fi, home-cinema and multi-room audio furniture and electronic solutions. The …",2025-09-17,,,published,159976,/blog/post/armourhomecouk/,/blog/post/armourhomecouk/,2026-09-17_page027.html,2025-09-17 18:51,111,
safepay,venetianassociates.com,US,Venetian Associates is a private family-office style investment vehicle and lower-middle-market acquirer based in Michigan that focuses on buying consumer …,2025-09-17,,,published,156190,/blog/post/venetianassociatescom/,/blog/post/venetianassociatescom/,2026-09-17_page027.html,2025-09-17 18:49,96,
safepay,drcloudemr.com,US,DrCloudEHR (often referenced as DrCloud/DrCloudEMR) provides cloud-hosted electronic health record (EHR) / practice management software targeted at ambulatory clinics and …,2025-09-17,,,published,155251,/blog/post/drcloudemrcom/,/blog/post/drcloudemrcom/,2026-09-17_page027.html,2025-09-17 18:46,105,
safepay,slusarski.com,US,"Slusarski is a Michigan-based sitework, earthmoving and paving contractor founded in 1982 that provides excavation, asphalt paving, sealcoating, striping, materials …",2025-09-17,,,published,154761,/blog/post/slusarskicom/,/blog/post/slusarskicom/,2026-09-17_page027.html,2025-09-17 18:33,53,
safepay,alliancesteelco.com,US,“Alliance Steel” is a generic trade name used by multiple flat-rolled steel service centers in North America; relevant examples include …,2025-09-17,,,published,154829,/blog/post/alliancesteelcocom/,/blog/post/alliancesteelcocom/,2026-09-17_page028.html,2025-09-17 18:32,57,
safepay,browneco.com,US,Browne (Browne Group Inc.) is a legacy kitchenware and foodservice products designer and distributor with a multi-decade history (70+ years) …,2025-09-17,,,published,154680,/blog/post/brownecocom/,/blog/post/brownecocom/,2026-09-17_page028.html,2025-09-17 18:31,65,
safepay,gosheating.co.uk,GB,"GOS Heating is a long-standing, family-run heating, plumbing and electrical contractor based in Preston, Lancashire. The company markets domestic and …",2025-09-17,,,published,153712,/blog/post/gosheatingcouk/,/blog/post/gosheatingcouk/,2026-09-17_page028.html,2025-09-17 18:29,48,
safepay,biosorthopedics.com,US,"Broward Institute of Orthopaedic Specialties (BIOS) is a multi-physician orthopaedic practice headquartered in Hollywood and Pembroke Pines, Florida. The practice …",2025-09-17,,,published,153668,/blog/post/biosorthopedicscom/,/blog/post/biosorthopedicscom/,2026-09-17_page028.html,2025-09-17 18:28,74,
safepay,halbarstainless.com,CA,"Halbar Stainless Products Ltd., founded in 1974 by Cliff Baird, is a family-owned custom metal fabrication company specializing in stainless …",2025-09-12,,,published,155892,/blog/post/halbarstainlesscom/,/blog/post/halbarstainlesscom/,2026-09-17_page028.html,2025-09-12 17:36,54,
safepay,osdcourtks.org,US,The domain osdcourtks.org appears to belong to the Osage County District Court in Kansas. As part of Kansas’s Fourth Judicial …,2025-09-12,,,published,147274,/blog/post/osdcourtksorg/,/blog/post/osdcourtksorg/,2026-09-17_page028.html,2025-09-12 17:30,78,
safepay,cityofmiddletown.org,US,"The City of Middletown, located in Ohio, United States, operates as a municipal government dedicated to providing essential services and …",2025-09-12,,,published,147469,/blog/post/cityofmiddletownorg/,/blog/post/cityofmiddletownorg/,2026-09-17_page028.html,2025-09-12 17:24,144,
safepay,waverlychildcare.org,US,"Waverly Child Care & Preschool is a nonprofit early childhood education provider based in Waverly, Iowa, established in 1970. It …",2025-09-10,,,published,148649,/blog/post/waverlychildcareorg/,/blog/post/waverlychildcareorg/,2026-09-17_page028.html,2025-09-10 18:02,67,
safepay,mdneal.com,US,"M.D. Neal Engineering is an American engineering consulting company specializing in structural engineering, design, and project management. The firm provides …",2025-09-01,,,published,154199,/blog/post/mdnealcom/,/blog/post/mdnealcom/,2026-09-17_page028.html,2025-09-01 17:47,74,
safepay,scottschiff.com,US,"Scott Schiff & Associates is a U.S.-based law firm located in Columbus, Ohio, with a specialization in personal injury and …",2025-09-01,,,published,153641,/blog/post/scottschiffcom/,/blog/post/scottschiffcom/,2026-09-17_page029.html,2025-09-01 17:46,84,
safepay,wilsonatllaw.com,US,"Wilson AT Law is a U.S.-based legal practice specializing in areas such as personal injury, family law, estate planning, and …",2025-09-01,,,published,152447,/blog/post/wilsonatllawcom/,/blog/post/wilsonatllawcom/,2026-09-17_page029.html,2025-09-01 17:42,79,
safepay,usai.io,US,USAI is a U.S.-based artificial intelligence and technology solutions provider. The company develops AI-driven platforms and software designed to optimize …,2025-09-01,,,published,153193,/blog/post/usaiio/,/blog/post/usaiio/,2026-09-17_page029.html,2025-09-01 17:40,149,
safepay,kclub.ie,IE,"The K Club is a luxury resort and golf destination located in County Kildare, Ireland. Known for its five-star accommodations, …",2025-09-01,,,published,152669,/blog/post/kclubie/,/blog/post/kclubie/,2026-09-17_page029.html,2025-09-01 17:38,123,
safepay,oiwky.com,US,"Oiwky is a U.S.-based technology and innovation company focused on providing IT solutions, digital platforms, and business support services. The …",2025-09-01,,,published,150280,/blog/post/oiwkycom/,/blog/post/oiwkycom/,2026-09-17_page029.html,2025-09-01 17:29,71,
safepay,waterfordsurgicalcenter.com,US,Waterford Surgical Center is a specialized healthcare facility in the United States dedicated to outpatient surgical care. The center provides …,2025-09-01,,,published,149371,/blog/post/waterfordsurgicalcentercom/,/blog/post/waterfordsurgicalcentercom/,2026-09-17_page029.html,2025-09-01 17:26,113,
safepay,umweltprofis.at,,"Umweltprofis is an Austrian company specializing in environmental management, waste disposal, and recycling solutions. It provides sustainable services for municipalities, …",2025-09-01,,,published,148328,/blog/post/umweltprofisat/,/blog/post/umweltprofisat/,2026-09-17_page029.html,2025-09-01 17:24,78,
safepay,bthcpa.com,US,"BTH CPA is a professional accounting and advisory firm based in the United States, offering a full range of financial …",2025-09-01,,,published,148135,/blog/post/bthcpacom/,/blog/post/bthcpacom/,2026-09-17_page029.html,2025-09-01 17:23,128,
safepay,sandersonmanagement.com,US,"Sanderson Management is a renowned property management company based in the United States, specializing in the efficient and effective management …",2025-08-30,,,published,145191,/blog/post/sandersonmanagementcom/,/blog/post/sandersonmanagementcom/,2026-09-17_page029.html,2025-08-30 17:23,115,
safepay,thecelestehotel.com,US,"The Celeste Hotel is a boutique hotel located in Orlando, Florida, within the University of Central Florida (UCF) campus area. …",2025-08-29,,,published,145401,/blog/post/thecelestehotelcom/,/blog/post/thecelestehotelcom/,2026-09-17_page030.html,2025-08-29 20:16,137,
safepay,templeemanu-el.org,US,"Temple Emanu-El, located in Dallas, Texas, is one of the largest and most historically significant Reform Jewish congregations in the …",2025-08-29,,,published,144781,/blog/post/templeemanu-elorg/,/blog/post/templeemanu-elorg/,2026-09-17_page030.html,2025-08-29 20:15,38,
safepay,hardwicktactical.com,US,"Hardwick Tactical Corporation, located in Cleveland, Tennessee, is a historic American manufacturer of military and professional uniforms. Founded in 1880, …",2025-08-29,,,published,144784,/blog/post/hardwicktacticalcom/,/blog/post/hardwicktacticalcom/,2026-09-17_page030.html,2025-08-29 20:13,66,
safepay,uwock.ca,CA,"Information Chatham-Kent is a nonprofit service based in Ontario, Canada, and operated under United Way Chatham-Kent. It serves as a …",2025-08-29,,,published,143343,/blog/post/uwockca/,/blog/post/uwockca/,2026-09-17_page030.html,2025-08-29 20:12,59,
safepay,zanettisrl.it,IT,"Zanetti S.r.l., headquartered in Florence, Italy, is a leading architectural company specializing in the design and construction of glass and …",2025-08-29,,,published,143199,/blog/post/zanettisrlit/,/blog/post/zanettisrlit/,2026-09-17_page030.html,2025-08-29 20:11,70,
safepay,dasmeshschool.com,CA,"Dasmesh Punjabi School in Winnipeg, Manitoba, is a private independent institution that integrates the provincial curriculum with Punjabi language, Sikh …",2025-08-29,,,published,143755,/blog/post/dasmeshschoolcom/,/blog/post/dasmeshschoolcom/,2026-09-17_page030.html,2025-08-29 20:10,42,
safepay,camaravalencia.com,ES,"The Cámara de Valencia, officially known as the Chamber of Commerce, Industry, Services and Navigation of Valencia, was founded in …",2025-08-29,,,published,143226,/blog/post/camaravalenciacom/,/blog/post/camaravalenciacom/,2026-09-17_page030.html,2025-08-29 20:09,138,
safepay,companionsandhomemakers.com,US,"Companions & Homemakers, based in Connecticut, is a nonprofit home-care service provider with more than 30 years of experience. It …",2025-08-29,,,published,142146,/blog/post/companionsandhomemakerscom/,/blog/post/companionsandhomemakerscom/,2026-09-17_page030.html,2025-08-29 20:08,42,
safepay,lipcare.de,DE,"Lipcare, operated by KHK GmbH in Germany, is a specialized manufacturer of natural and conventional cosmetics, with a particular focus …",2025-08-29,,,published,141801,/blog/post/lipcarede/,/blog/post/lipcarede/,2026-09-17_page030.html,2025-08-29 20:07,66,
safepay,decor-metall.de,DE,"Founded in 1963 and based in Bad Salzuflen, Germany, decor metall GmbH is a globally recognized specialist in point-of-sale (POS) …",2025-08-27,,,published,140714,/blog/post/decor-metallde/,/blog/post/decor-metallde/,2026-09-17_page031.html,2025-08-27 12:42,87,
safepay,akd-ekbo.de,DE,The Amt für kirchliche Dienste (AKD) is the central continuing education institution for professional and volunteer staff of the Evangelical …,2025-08-26,,,published,140335,/blog/post/akd-ekbode/,/blog/post/akd-ekbode/,2026-09-17_page031.html,2025-08-26 11:44,67,
safepay,schliessmeyer.de,DE,"SCHLIESSMEYER GmbH, part of the Ernst Plastics Group and based in Zweibrücken, Germany, specializes in plastic injection molding. The company …",2025-08-26,,,published,141015,/blog/post/schliessmeyerde/,/blog/post/schliessmeyerde/,2026-09-17_page031.html,2025-08-26 08:38,56,
safepay,rivertoncabinets.com,US,"Riverton Cabinet Company is a U.S.-based custom cabinetry firm in New Lenox, Illinois, known for its craftsmanship and personalized design …",2025-08-26,,,published,140460,/blog/post/rivertoncabinetscom/,/blog/post/rivertoncabinetscom/,2026-09-17_page031.html,2025-08-26 08:35,59,
safepay,optivosa.com,MX,"Optivosa is a wholesale distributor located in Mérida, Yucatán, that provides a wide array of products for stationery stores, offices, …",2025-08-26,,,published,139171,/blog/post/optivosacom/,/blog/post/optivosacom/,2026-09-17_page031.html,2025-08-26 08:34,45,
safepay,faltner.de,DE,"Faltner GmbH, established in 1946, is a German provider based in Büchlberg that specializes in agricultural and forestry equipment, as …",2025-08-26,,,published,139252,/blog/post/faltnerde/,/blog/post/faltnerde/,2026-09-17_page031.html,2025-08-26 08:32,61,
safepay,phillips66lubricants.com,US,hillips 66 Lubricants is a leading U.S.-based manufacturer and supplier of industrial and automotive lubricants. As part of the larger …,2025-08-26,,,published,138705,/blog/post/phillips66lubricantscom/,/blog/post/phillips66lubricantscom/,2026-09-17_page031.html,2025-08-26 08:30,168,
safepay,ferienwohnungen.de,DE,"Ferienwohnungen.de is a German online booking platform that connects travelers to over 77,000 holiday homes and apartments across Europe. Operated …",2025-08-26,,,published,139036,/blog/post/ferienwohnungende/,/blog/post/ferienwohnungende/,2026-09-17_page031.html,2025-08-26 08:29,183,
safepay,parksidegroup.co.uk,GB,"Parkside Group Ltd is a respected UK-based manufacturer and distributor of architectural-grade aluminium systems, operating under its prominent Comar brand. …",2025-08-26,,,published,137783,/blog/post/parksidegroupcouk/,/blog/post/parksidegroupcouk/,2026-09-17_page031.html,2025-08-26 08:27,52,
safepay,jphrs-waghaeusel.de,DE,"Johann-Peter-Hebel Realschule, located in Waghäusel, Baden-Württemberg, is a German secondary school offering intermediate-level education for students aged approximately 10 to …",2025-08-26,,,published,137346,/blog/post/jphrs-waghaeuselde/,/blog/post/jphrs-waghaeuselde/,2026-09-17_page032.html,2025-08-26 08:25,71,
safepay,childrenscouncil.org,US,Children’s Council of San Francisco is a nonprofit organization with over 50 years of experience advocating for and facilitating high-quality …,2025-08-19,,,published,139706,/blog/post/childrenscouncilorg/,/blog/post/childrenscouncilorg/,2026-09-17_page032.html,2025-08-19 19:08,107,
safepay,godbyhearth.com,US,"Operating in Indianapolis and Carmel, Indiana, Godby Hearth & Home is a premium provider of home comfort solutions with origins …",2025-08-15,,,published,139457,/blog/post/godbyhearthcom/,/blog/post/godbyhearthcom/,2026-09-17_page032.html,2025-08-15 18:41,93,
safepay,batemangroundworks.co.uk,GB,"Bateman Groundworks Ltd, headquartered in Norwich, East Anglia, is a leading civil engineering and groundworks contractor. Active since 1997, Bateman …",2025-08-15,,,published,138449,/blog/post/batemangroundworkscouk/,/blog/post/batemangroundworkscouk/,2026-09-17_page032.html,2025-08-15 18:40,49,
safepay,transelectric.co.il,,"TransElectric, part of the Israeli Trans Innovation Group (TIG), is a value-add distributor of electronic components and electro-mechanical solutions. Based …",2025-08-15,,,published,139309,/blog/post/transelectriccoil/,/blog/post/transelectriccoil/,2026-09-17_page032.html,2025-08-15 18:40,116,
safepay,listgrove.com,GB,"Listgrove Limited is a specialist recruitment and HR consultancy headquartered in Stratford-upon-Avon, England. Founded in 1975, the firm focuses on …",2025-08-15,,,published,138050,/blog/post/listgrovecom/,/blog/post/listgrovecom/,2026-09-17_page032.html,2025-08-15 18:39,63,
safepay,albertaindustrialcontrols.com,CA,"Alberta Industrial Controls & Drives Inc., based in Edmonton, Alberta, is a reputable distributor of industrial electronic controls and motors …",2025-08-15,,,published,137328,/blog/post/albertaindustrialcontrolscom/,/blog/post/albertaindustrialcontrolscom/,2026-09-17_page032.html,2025-08-15 18:38,46,
safepay,mauilodging.com,US,"Maui Lodging Properties LLC, based in Lahaina on Maui, Hawaii, is a reputable and family-operated real estate and property management …",2025-08-09,,,published,137492,/blog/post/mauilodgingcom/,/blog/post/mauilodgingcom/,2026-09-17_page032.html,2025-08-09 19:19,101,
safepay,ridgefield.org,US,"Ridgefield Public Schools, based in Ridgefield, Connecticut, serves nearly 5,000 students across nine schools. The district aims to offer personalized …",2025-08-09,,,published,136652,/blog/post/ridgefieldorg/,/blog/post/ridgefieldorg/,2026-09-17_page032.html,2025-08-09 18:15,104,
safepay,chamberlainhuckeriede.com,US,"Located in Lima, Ohio, Chamberlain-Huckeriede Funeral Home is a long-standing, family-operated funeral service provider. Offering personalized funeral arrangements, cremations, memorial …",2025-08-09,,,published,137400,/blog/post/chamberlainhuckeriedecom/,/blog/post/chamberlainhuckeriedecom/,2026-09-17_page033.html,2025-08-09 18:14,95,
safepay,ashland.k12.ma.us,US,"Ashland Public Schools is a public school district serving around 2,900 students from pre-kindergarten through 12th grade in Ashland, Massachusetts. …",2025-08-09,,,published,135594,/blog/post/ashlandk12maus/,/blog/post/ashlandk12maus/,2026-09-17_page033.html,2025-08-09 18:13,105,
safepay,ingrammicro.com,US,"Ingram Micro is a leading American distributor of IT products and services. Headquartered in Irvine, California, the company operates across …",2025-08-09,,,published,154017,/blog/post/ingrammicrocom/,/blog/post/ingrammicrocom/,2026-09-17_page033.html,2025-08-09 18:12,1417,
safepay,wta-inc.com,US,"WTA Inc., originally founded as an engineering consulting division of Tippett & Gee in 1955, is now a full-service engineering …",2025-08-09,,,published,135387,/blog/post/wta-inccom/,/blog/post/wta-inccom/,2026-09-17_page033.html,2025-08-09 18:11,67,
safepay,appsnw.com,US,"APPS NW is a U.S.-based paramedical services company, with regional offices in the Pacific Northwest. It provides essential exam services—including …",2025-08-09,,,published,134606,/blog/post/appsnwcom/,/blog/post/appsnwcom/,2026-09-17_page033.html,2025-08-09 18:11,73,
safepay,tele-optics.com,US,"Tele-Optics, Inc. is a U.S.-based provider of integrated communication and security solutions. Since its early work in 1984 on fiber-optic …",2025-08-09,,,published,134487,/blog/post/tele-opticscom/,/blog/post/tele-opticscom/,2026-09-17_page033.html,2025-08-09 18:10,88,
safepay,teamsignal.com,US,"“Signal” is a security services franchise headquartered in Omaha, Nebraska, founded in 2003 with a vision of redefining security through …",2025-08-09,,,published,133806,/blog/post/teamsignalcom/,/blog/post/teamsignalcom/,2026-09-17_page033.html,2025-08-09 18:06,125,
safepay,briar-group.com,US,"Based in Boston, Massachusetts, the Briar Group is a family-owned hospitality provider managing more than ten restaurant and bar ventures, …",2025-08-09,,,published,133441,/blog/post/briar-groupcom/,/blog/post/briar-groupcom/,2026-09-17_page033.html,2025-08-09 18:05,55,
safepay,appagroup.com,US,"APPA Group provides specialized anatomical pathology services including histology, cytology, laboratory consultations, and secure courier services for medical diagnostics.",2025-08-09,,,published,132546,/blog/post/appagroupcom/,/blog/post/appagroupcom/,2026-09-17_page033.html,2025-08-09 18:04,34,
safepay,havtechpa.com,US,"Havtech is a leading HVAC solutions provider located in Columbia, Maryland, serving the Mid-Atlantic region. Since 1984, the company has …",2025-08-09,,,published,132123,/blog/post/havtechpacom/,/blog/post/havtechpacom/,2026-09-17_page034.html,2025-08-09 18:03,50,
safepay,swfldermatology.com,US,"Based in Naples, Florida, SWFL Dermatology Plastic Surgery & Laser Center is a clinical practice delivering comprehensive dermatology care for …",2025-08-09,,,published,132092,/blog/post/swfldermatologycom/,/blog/post/swfldermatologycom/,2026-09-17_page034.html,2025-08-09 18:02,56,
safepay,bussepc.com,US,"Founded in 1990, Busse & Busse, P.C. is a U.S. law firm known for its cost-effective, results-driven legal representation within …",2025-08-09,,,published,131053,/blog/post/bussepccom/,/blog/post/bussepccom/,2026-09-17_page034.html,2025-08-09 18:01,22,
safepay,bisa.com.pe,PE,"BISA is a Peruvian engineering consulting firm offering comprehensive services in project engineering, technical supervision, mining infrastructure, and civil works. …",2025-08-09,,,published,131495,/blog/post/bisacompe/,/blog/post/bisacompe/,2026-09-17_page034.html,2025-08-09 18:01,18,
safepay,stichtingjohannesbosco.com,CW,"Founded in 1947, Stichting Johannes Bosco is a nonprofit foundation in Curaçao committed to enhancing social welfare. It supports vulnerable …",2025-08-09,,,published,130038,/blog/post/stichtingjohannesboscocom/,/blog/post/stichtingjohannesboscocom/,2026-09-17_page034.html,2025-08-09 18:00,23,
safepay,salemma.com.py,PY,"Salemma is a well-established supermarket chain headquartered in San Lorenzo, Paraguay, with roots tracing back nearly four decades under the …",2025-08-09,,,published,131079,/blog/post/salemmacompy/,/blog/post/salemmacompy/,2026-09-17_page034.html,2025-08-09 17:59,22,
safepay,landwwilson.co.uk,GB,"L & W Wilson is a family-owned civil engineering and aggregate supply company based in Cumbria, UK. They offer many …",2025-08-09,,,published,130425,/blog/post/landwwilsoncouk/,/blog/post/landwwilsoncouk/,2026-09-17_page034.html,2025-08-09 17:54,42,
safepay,naxis.net,JP,"Established in 1897, NAXIS is a global Japanese manufacturer specializing in apparel trim and RFID-based tagging systems. With a global …",2025-08-09,,,published,129625,/blog/post/naxisnet/,/blog/post/naxisnet/,2026-09-17_page034.html,2025-08-09 17:53,52,
safepay,horanbarker.com,US,"Horan & Barker, P.C. is a U.S.-based accounting firm offering services such as tax preparation, bookkeeping, auditing, and financial consulting …",2025-08-09,,,published,129879,/blog/post/horanbarkercom/,/blog/post/horanbarkercom/,2026-09-17_page034.html,2025-08-09 17:52,32,
safepay,qtmi.net,US,Quantum Innovations (QTMI) is a U.S.-based technology firm supporting the ophthalmic industry with value-driven products and service-oriented solutions. While specifics …,2025-08-09,,,published,129589,/blog/post/qtminet/,/blog/post/qtminet/,2026-09-17_page035.html,2025-08-09 17:51,20,
safepay,rhschool.org,GB,Richmond House School is a private independent school in the UK offering early years to Key Stage 2 education. With …,2025-08-09,,,published,128020,/blog/post/rhschoolorg/,/blog/post/rhschoolorg/,2026-09-17_page035.html,2025-08-09 17:50,20,
safepay,blueridgesl.com,US,"Blue Ridge Senior Living provides assisted living and memory care services in a comfortable, community-focused environment. Located amid the scenic …",2025-08-09,,,published,129392,/blog/post/blueridgeslcom/,/blog/post/blueridgeslcom/,2026-09-17_page035.html,2025-08-09 17:49,27,
safepay,norpak.com,US,"Norpak LLC is a family-owned packaging manufacturer headquartered in Newark, New Jersey, with a history dating back to 1952. It …",2025-08-09,,,published,129098,/blog/post/norpakcom/,/blog/post/norpakcom/,2026-09-17_page035.html,2025-08-09 17:49,21,
safepay,accademia.it,IT,"Accademia Italiana, founded in 1984, is a prestigious private institution offering university-level and post-secondary education in fashion, design, graphics, photography, …",2025-08-09,,,published,128643,/blog/post/accademiait/,/blog/post/accademiait/,2026-09-17_page035.html,2025-08-09 17:47,34,
safepay,palmasdelixcan.com,GT,"Palmas del Ixcán Limitada is an agroindustrial company based in Guatemala, specializing in the production and processing of palm oil …",2025-08-09,,,published,128289,/blog/post/palmasdelixcancom/,/blog/post/palmasdelixcancom/,2026-09-17_page035.html,2025-08-09 17:45,5,
safepay,divgroup.eu,DE,"DIV group is the largest regional group specializing in the processing, production, and trade of bolts and other machine parts …",2025-08-09,,,published,128031,/blog/post/divgroupeu/,/blog/post/divgroupeu/,2026-09-17_page035.html,2025-08-09 17:34,21,
safepay,hlb.ie,IE,"HLB Ireland is a Dublin-based accounting and advisory firm established in 1976. It offers audit, tax, consulting, and corporate finance …",2025-08-09,,,published,127958,/blog/post/hlbie/,/blog/post/hlbie/,2026-09-17_page035.html,2025-08-09 17:31,41,
safepay,bartec.com,DE,"BARTEC GmbH, headquartered in Bad Mergentheim, Germany, is a global leader in industrial safety technology. Since 1975, it has developed …",2025-08-09,,,published,127975,/blog/post/barteccom/,/blog/post/barteccom/,2026-09-17_page035.html,2025-08-09 17:30,46,
safepay,nod.ro,RO,"Network One Distribution is a leading Romanian electrotechnology and IT distribution company, headquartered in Bucharest. It offers a wide portfolio …",2025-08-09,,,published,127537,/blog/post/nodro/,/blog/post/nodro/,2026-09-17_page036.html,2025-08-09 17:29,34,
safepay,caredig.co.uk,GB,"Caredig, operating in South and West Wales, is an independent housing association offering affordable and supportive housing solutions. They provide …",2025-08-09,,,published,127183,/blog/post/caredigcouk/,/blog/post/caredigcouk/,2026-09-17_page036.html,2025-08-09 17:28,35,
safepay,ppa-eng.com.org,US,"Paul Primavera & Associates is a longstanding firm delivering civil engineering, land surveying, site development, building design, geotechnical engineering, and …",2025-08-09,,,published,126723,/blog/post/ppa-engcomorg/,/blog/post/ppa-engcomorg/,2026-09-17_page036.html,2025-08-09 17:27,13,
safepay,fmsarchitects.com,US,"FMS Architects is a full-service architectural, interior design, and planning firm based in Columbus, Ohio, with over 90 years of …",2025-08-09,,,published,126754,/blog/post/fmsarchitectscom/,/blog/post/fmsarchitectscom/,2026-09-17_page036.html,2025-08-09 17:26,18,
safepay,relucent.com,US,"Relucent Solutions operates an engineering and manufacturing facility in Santa Rosa, California. They offer vertically integrated prototyping and mid-volume production …",2025-08-09,,,published,125696,/blog/post/relucentcom/,/blog/post/relucentcom/,2026-09-17_page036.html,2025-08-09 17:25,24,
safepay,profile-ind.com,US,"Profile Industries, headquartered in Rogers, Minnesota, designs and manufactures custom processing equipment for a variety of global sectors, specializing in …",2025-08-09,,,published,125918,/blog/post/profile-indcom/,/blog/post/profile-indcom/,2026-09-17_page036.html,2025-08-09 17:24,12,
safepay,cascobay.org,US,"Casco Bay YMCA is a community-centered nonprofit organization serving the greater Portland, Maine area in the United States. The organization …",2025-08-09,,,published,126008,/blog/post/cascobayorg/,/blog/post/cascobayorg/,2026-09-17_page036.html,2025-08-09 17:20,17,
safepay,wmat.nsn.us,US,"WMAT (White Mountain Apache Tribe) is a sovereign tribal nation located in Arizona, United States. The official website represents the …",2025-08-09,,,published,125823,/blog/post/wmatnsnus/,/blog/post/wmatnsnus/,2026-09-17_page036.html,2025-08-09 17:19,12,
safepay,lewis-manning.org.uk,GB,Lewis-Manning Hospice is a charitable organization based in the United Kingdom that provides specialist palliative and end-of-life care services. The …,2025-08-09,,,published,124546,/blog/post/lewis-manningorguk/,/blog/post/lewis-manningorguk/,2026-09-17_page036.html,2025-08-09 17:18,13,
safepay,avgouleaschool.gr,GR,"Avgouleas School is a private educational institution located in Greece, providing comprehensive academic programs for students from primary through secondary …",2025-08-09,,,published,125126,/blog/post/avgouleaschoolgr/,/blog/post/avgouleaschoolgr/,2026-09-17_page037.html,2025-08-09 16:23,27,
safepay,lowcostspayneuterindiana.org,US,Low Cost Spay Neuter Indiana is a nonprofit organization dedicated to providing affordable spay and neuter services for pets across …,2025-08-09,,,published,123843,/blog/post/lowcostspayneuterindianaorg/,/blog/post/lowcostspayneuterindianaorg/,2026-09-17_page037.html,2025-08-09 16:23,16,
safepay,chirurgiemaxillo.com,FR,"Chirurgie Maxillo is a French medical clinic specializing in maxillofacial surgery, dental implants, and facial reconstructive procedures. Located in France, …",2025-08-09,,,published,123795,/blog/post/chirurgiemaxillocom/,/blog/post/chirurgiemaxillocom/,2026-09-17_page037.html,2025-08-09 16:22,17,
safepay,jansen-aschendorf.de,DE,Jansen Aschendorf is a German company operating in the construction and civil engineering sector. The company specializes in large-scale infrastructure …,2025-08-09,,,published,124655,/blog/post/jansen-aschendorfde/,/blog/post/jansen-aschendorfde/,2026-09-17_page037.html,2025-08-09 16:21,30,
safepay,silverdalebc.com,CA,Silverdale Business Centre is a Canadian company specializing in providing commercial real estate and business support services. They offer office …,2025-08-09,,,published,122878,/blog/post/silverdalebccom/,/blog/post/silverdalebccom/,2026-09-17_page037.html,2025-08-09 16:20,11,
safepay,lafayettefamilyymca.org,US,"The Lafayette Family YMCA is a community-focused nonprofit organization located in Lafayette, Indiana. It provides a wide range of health, …",2025-08-09,,,published,124114,/blog/post/lafayettefamilyymcaorg/,/blog/post/lafayettefamilyymcaorg/,2026-09-17_page037.html,2025-08-09 16:19,13,
safepay,dossenterprises.com,US,"Doss Enterprises is a diversified American company involved in multiple business sectors such as construction, manufacturing, and logistics. The company …",2025-08-09,,,published,122057,/blog/post/dossenterprisescom/,/blog/post/dossenterprisescom/,2026-09-17_page037.html,2025-08-09 16:15,17,
safepay,tdunhamcpa.com,US,"T. Dunham CPA is a professional accounting firm based in the United States, providing a range of financial services to …",2025-08-09,,,published,122160,/blog/post/tdunhamcpacom/,/blog/post/tdunhamcpacom/,2026-09-17_page037.html,2025-08-09 16:14,51,
safepay,macedonia.oh.us,US,"The official website of Macedonia, Ohio, serves as the digital gateway for the city government and community resources. Macedonia’s site …",2025-08-09,,,published,123100,/blog/post/macedoniaohus/,/blog/post/macedoniaohus/,2026-09-17_page037.html,2025-08-09 16:13,23,
safepay,mccn.org,US,Midwest Community Credit Union (MCCN) is a U.S.-based not-for-profit financial cooperative serving members with a variety of banking products and …,2025-08-09,,,published,125166,/blog/post/mccnorg/,/blog/post/mccnorg/,2026-09-17_page038.html,2025-08-09 16:12,50,
safepay,mlderm.com,US,MLDerm (Medical Laser Dermatology) is a U.S.-based dermatology practice specializing in advanced laser treatments and skin care. The clinic offers …,2025-08-09,,,published,122994,/blog/post/mldermcom/,/blog/post/mldermcom/,2026-09-17_page038.html,2025-08-09 16:11,16,
safepay,membersourcecu.org,US,"MemberSource Credit Union is a financial institution headquartered in the United States, dedicated to serving its members with comprehensive banking …",2025-08-09,,,published,121772,/blog/post/membersourcecuorg/,/blog/post/membersourcecuorg/,2026-09-17_page038.html,2025-08-09 16:11,198,
safepay,packagesteel.com,US,"Package Steel is a specialized company in the packaging and steel fabrication industry, based in the United States. The firm …",2025-08-09,,,published,122049,/blog/post/packagesteelcom/,/blog/post/packagesteelcom/,2026-09-17_page038.html,2025-08-09 16:08,77,
safepay,bristolhose.com,US,Bristol Hose is a leading manufacturer and supplier of industrial hoses and related products in the United States. Serving industries …,2025-08-09,,,published,121854,/blog/post/bristolhosecom/,/blog/post/bristolhosecom/,2026-09-17_page038.html,2025-08-09 16:07,15,
safepay,codesco.com,US,Codesco is a technology company specializing in software development and IT consulting services. The company focuses on delivering customized software …,2025-08-09,,,published,120729,/blog/post/codescocom/,/blog/post/codescocom/,2026-09-17_page038.html,2025-08-09 16:06,16,
safepay,realschule-karlstadt.org,DE,"Realschule Karlstadt is a secondary school located in Karlstadt, Germany. The school offers a broad curriculum designed to prepare students …",2025-08-09,,,published,121864,/blog/post/realschule-karlstadtorg/,/blog/post/realschule-karlstadtorg/,2026-09-17_page038.html,2025-08-09 15:50,45,
safepay,awo-giessen.org,DE,"AWO Giessen is a regional branch of the Arbeiterwohlfahrt (AWO), a major German welfare organization. AWO Giessen provides social services, …",2025-08-09,,,published,120954,/blog/post/awo-giessenorg/,/blog/post/awo-giessenorg/,2026-09-17_page038.html,2025-08-09 15:50,32,
safepay,theoverheaddoorco.com,US,"The Overhead Door Company is a U.S.-based provider of garage door products and services, including installation, repair, and maintenance for …",2025-08-09,,,published,121133,/blog/post/theoverheaddoorcocom/,/blog/post/theoverheaddoorcocom/,2026-09-17_page038.html,2025-08-09 15:49,7,
safepay,rusindustries.com,US,"Incorporated in 1973, RUS Industries has steadily expanded its operations, including 100% growth over the last decade, to become a …",2025-08-09,,,published,121016,/blog/post/rusindustriescom/,/blog/post/rusindustriescom/,2026-09-17_page039.html,2025-08-09 15:47,11,
safepay,mcsl.de,DE,"MCSL is a German company specializing in IT solutions and software development, focusing on delivering customized technology services for businesses. …",2025-08-09,,,published,120604,/blog/post/mcslde/,/blog/post/mcslde/,2026-09-17_page039.html,2025-08-09 15:46,34,
safepay,liberty-township.com,US,Liberty Township is an official municipal website providing information and services for residents of Liberty Township in the United States. …,2025-08-09,,,published,120269,/blog/post/liberty-townshipcom/,/blog/post/liberty-townshipcom/,2026-09-17_page039.html,2025-08-09 15:45,13,
safepay,moffett-towers-club.com,US,"Moffett Towers Club is a private residential community or condominium association website, likely based in the United States. This platform …",2025-08-09,,,published,120061,/blog/post/moffett-towers-clubcom/,/blog/post/moffett-towers-clubcom/,2026-09-17_page039.html,2025-08-09 15:44,14,
safepay,welcometosedgebrook.com,US,"Welcome to Sedgebrook is a community-focused website serving the Sedgebrook neighborhood, likely in the U.S. The platform provides residents and …",2025-08-09,,,published,118960,/blog/post/welcometosedgebrookcom/,/blog/post/welcometosedgebrookcom/,2026-09-17_page039.html,2025-08-09 15:43,12,
safepay,pzsarchitects.com,US,"PZS Architects is an architectural design firm headquartered in the United States offering comprehensive services in planning, design, and project …",2025-08-09,,,published,119300,/blog/post/pzsarchitectscom/,/blog/post/pzsarchitectscom/,2026-09-17_page039.html,2025-08-09 15:39,10,
safepay,cs-groupllc.com,US,"CS Group LLC is a professional services firm based in the United States specializing in construction management, engineering consulting, and …",2025-08-09,,,published,119103,/blog/post/cs-groupllccom/,/blog/post/cs-groupllccom/,2026-09-17_page039.html,2025-08-09 15:38,5,
safepay,hohmannoilandplumbing.com,US,Hohmann Oil and Plumbing is a U.S.-based company providing oil delivery and plumbing services primarily in local communities. The company …,2025-08-09,,,published,118076,/blog/post/hohmannoilandplumbingcom/,/blog/post/hohmannoilandplumbingcom/,2026-09-17_page039.html,2025-08-09 15:37,5,
safepay,ramlaw.com,US,"RAM Law is a U.S.-based law firm specializing in business, corporate, and litigation law. The firm provides comprehensive legal services …",2025-08-09,,,published,118634,/blog/post/ramlawcom/,/blog/post/ramlawcom/,2026-09-17_page039.html,2025-08-09 15:36,24,
safepay,triangleheatingcooling.com,US,"Triangle Heating & Cooling is a family-owned HVAC service provider located in North Carolina, USA. The company offers installation, maintenance, …",2025-08-09,,,published,118707,/blog/post/triangleheatingcoolingcom/,/blog/post/triangleheatingcoolingcom/,2026-09-17_page040.html,2025-08-09 15:34,4,
safepay,electro-seal.com,US,Electro Seal is an American manufacturer specializing in custom sealing solutions and engineered components for industrial applications. The company produces …,2025-08-09,,,published,117486,/blog/post/electro-sealcom/,/blog/post/electro-sealcom/,2026-09-17_page040.html,2025-08-09 15:33,6,
safepay,mercercapital.com,US,Mercer Capital is a leading valuation and financial advisory firm headquartered in the United States. The company specializes in business …,2025-08-09,,,published,118104,/blog/post/mercercapitalcom/,/blog/post/mercercapitalcom/,2026-09-17_page040.html,2025-08-09 15:33,57,
safepay,mytaac.com,US,"MyTAAC is an agricultural advisory organization based in Texas that supports farmers, ranchers, and agribusinesses in the region. The council …",2025-08-09,,,published,118132,/blog/post/mytaaccom/,/blog/post/mytaaccom/,2026-09-17_page040.html,2025-08-09 15:32,4,
safepay,digitalwarroom.com,US,Digital War Room is a U.S.-based technology consulting firm specializing in digital transformation and cybersecurity services. The company helps businesses …,2025-08-09,,,published,118145,/blog/post/digitalwarroomcom/,/blog/post/digitalwarroomcom/,2026-09-17_page040.html,2025-08-09 15:31,21,
safepay,ochsinc.org.com,US,Ochs Incorporated is a U.S.-based company specializing in precision machining and manufacturing services. They serve a wide range of industries …,2025-08-09,,,published,117801,/blog/post/ochsincorgcom/,/blog/post/ochsincorgcom/,2026-09-17_page040.html,2025-08-09 15:27,5,
safepay,universityacademy.org,US,"University Academy is a public charter school located in Kansas City, Missouri, offering K-12 education with a strong focus on …",2025-08-09,,,published,117503,/blog/post/universityacademyorg/,/blog/post/universityacademyorg/,2026-09-17_page040.html,2025-08-09 15:26,18,
safepay,Myer Auto,US,Myer Auto is an American automotive dealership and service center offering new and pre-owned vehicles from leading manufacturers. The company …,2025-08-09,,,published,117333,/blog/post/myer-auto/,/blog/post/myer-auto/,2026-09-17_page040.html,2025-08-09 15:26,24,
safepay,buechel-online.com,DE,"Buechel Online is a German retailer specializing in cycling accessories, bicycle parts, and outdoor equipment. Catering to both amateur cyclists …",2025-08-09,,,published,114436,/blog/post/buechel-onlinecom/,/blog/post/buechel-onlinecom/,2026-09-17_page040.html,2025-08-09 15:25,15,
safepay,visco.de,DE,Visco Group is a German manufacturing company specializing in high-quality textile and nonwoven materials for industrial and consumer applications. Their …,2025-08-09,,,published,114480,/blog/post/viscode/,/blog/post/viscode/,2026-09-17_page041.html,2025-08-09 15:24,12,
safepay,iicil.com,US,"Specializing in culinary arts and innovative learning programs. The institute offers professional training and certification courses in cooking, baking, and …",2025-08-09,,,published,114044,/blog/post/iicilcom/,/blog/post/iicilcom/,2026-09-17_page041.html,2025-08-09 15:23,6,
safepay,donowentire.com,US,"Don Owen Tire & Auto is a family-owned automotive service provider based in Oregon, USA. Established several decades ago, the …",2025-08-09,,,published,113980,/blog/post/donowentirecom/,/blog/post/donowentirecom/,2026-09-17_page041.html,2025-08-09 15:22,6,
safepay,sfhumanesociety.org,US,"The San Francisco Humane Society is a nonprofit organization dedicated to animal welfare and protection in San Francisco, California. It …",2025-08-09,,,published,112979,/blog/post/sfhumanesocietyorg/,/blog/post/sfhumanesocietyorg/,2026-09-17_page041.html,2025-08-09 15:21,12,
safepay,meeksgroup.com,US,"Meeks Group is a U.S.-based business conglomerate specializing in diversified services including consulting, logistics, and construction. The company focuses on …",2025-08-09,,,published,113661,/blog/post/meeksgroupcom/,/blog/post/meeksgroupcom/,2026-09-17_page041.html,2025-08-09 15:20,7,
safepay,sander-doll.com,DE,Sander Doll is a German manufacturer specializing in the design and production of high-quality dollhouse miniatures and accessories. With a …,2025-08-09,,,published,113087,/blog/post/sander-dollcom/,/blog/post/sander-dollcom/,2026-09-17_page041.html,2025-08-09 14:55,18,
safepay,murraybuildingcompany.com,US,Murray Building Company is a U.S.-based construction and building services firm specializing in commercial and residential projects. Their expertise includes …,2025-08-09,,,published,113125,/blog/post/murraybuildingcompanycom/,/blog/post/murraybuildingcompanycom/,2026-09-17_page041.html,2025-08-09 14:54,6,
safepay,Avance Agricola sl,ES,"Avance Agricola SL is a Spanish agricultural company focused on modern farming solutions, including crop production, agricultural consultancy, and supply …",2025-08-09,,,published,113068,/blog/post/avance-agricola-sl/,/blog/post/avance-agricola-sl/,2026-09-17_page041.html,2025-08-09 14:53,16,
safepay,paynecountyok.gov,US,"Payne County Government is the official administrative body for Payne County, Oklahoma. It oversees public services including law enforcement, public …",2025-08-09,,,published,112827,/blog/post/paynecountyokgov/,/blog/post/paynecountyokgov/,2026-09-17_page041.html,2025-08-09 14:52,,
safepay,usmortgage.com,US,US Mortgage is a U.S.-based financial services company specializing in residential mortgage lending and refinancing solutions. They offer a range …,2025-08-09,,,published,112603,/blog/post/usmortgagecom/,/blog/post/usmortgagecom/,2026-09-17_page042.html,2025-08-09 14:51,,
safepay,ibague.losolivos.co,CO,"Ibague Los Olivos is an online platform representing the Los Olivos neighborhood or community within Ibague, Colombia. It serves as …",2025-08-09,,,published,112945,/blog/post/ibaguelosolivosco/,/blog/post/ibaguelosolivosco/,2026-09-17_page042.html,2025-08-09 14:51,5,
safepay,codylawfirm.com,US,"Cody Law Firm is a U.S.-based legal practice specializing in personal injury, family law, and civil litigation. The firm provides …",2025-08-09,,,published,112664,/blog/post/codylawfirmcom/,/blog/post/codylawfirmcom/,2026-09-17_page042.html,2025-08-09 14:49,19,
safepay,bridgecast.ca,CA,Bridgecast is a Canadian technology company providing live streaming and video hosting solutions for businesses and organizations. Their platform supports …,2025-08-09,,,published,112890,/blog/post/bridgecastca/,/blog/post/bridgecastca/,2026-09-17_page042.html,2025-08-09 14:46,21,
safepay,hennertanklines.com,US,Hennert Tank Lines is a U.S.-based transportation company specializing in the safe and efficient transport of liquid bulk commodities. They …,2025-08-09,,,published,111845,/blog/post/hennertanklinescom/,/blog/post/hennertanklinescom/,2026-09-17_page042.html,2025-08-09 14:45,6,
safepay,schoenundendres.de,DE,Schön und Endres is a German company engaged in precision engineering and industrial manufacturing. They specialize in producing high-quality metal …,2025-08-09,,,published,112057,/blog/post/schoenundendresde/,/blog/post/schoenundendresde/,2026-09-17_page042.html,2025-08-09 14:41,13,
safepay,radsports.com,US,"Rad Sports is a U.S.-based retailer specializing in bicycles, cycling accessories, and outdoor sports equipment. The company offers a wide …",2025-08-09,,,published,111825,/blog/post/radsportscom/,/blog/post/radsportscom/,2026-09-17_page042.html,2025-08-09 14:40,7,
safepay,gruposancristobal.com.mx,MX,Grupo San Cristobal is a Mexican conglomerate operating primarily in the insurance and financial services sector. The group offers a …,2025-08-09,,,published,112635,/blog/post/gruposancristobalcommx/,/blog/post/gruposancristobalcommx/,2026-09-17_page042.html,2025-08-09 14:40,17,
safepay,estudiolm.com.ar,AR,"Estudio LM is an Argentine law firm offering a wide range of legal services primarily focused on corporate, commercial, and …",2025-08-09,,,published,111909,/blog/post/estudiolmcomar/,/blog/post/estudiolmcomar/,2026-09-17_page042.html,2025-08-09 14:39,11,
safepay,lrcpa.com,US,LRCPA is a U.S.-based certified public accounting firm providing comprehensive financial and accounting services. Their offerings include tax planning and …,2025-08-09,,,published,112444,/blog/post/lrcpacom/,/blog/post/lrcpacom/,2026-09-17_page043.html,2025-08-09 14:38,23,
safepay,gjszlin.cz,CZ,GJS Zlin is a Czech Republic-based manufacturing company specializing in industrial components and machinery parts. They offer precision engineering solutions …,2025-08-09,,,published,112139,/blog/post/gjszlincz/,/blog/post/gjszlincz/,2026-09-17_page043.html,2025-08-09 14:37,4,
safepay,ozarkah2o.com,US,Ozark AH2O is a U.S.-based company specializing in water treatment and environmental solutions. They provide services and products for water …,2025-08-09,,,published,111600,/blog/post/ozarkah2ocom/,/blog/post/ozarkah2ocom/,2026-09-17_page043.html,2025-08-09 14:36,6,
safepay,servicecentermetals.com,US,Service Center Metals is a U.S. company that operates as a comprehensive metal service center and distributor. They supply a …,2025-08-09,,,published,112386,/blog/post/servicecentermetalscom/,/blog/post/servicecentermetalscom/,2026-09-17_page043.html,2025-08-09 14:35,6,
safepay,labbeemint.com,US,LabbeeMint is a U.S.-based company specializing in advanced laboratory equipment and consumables for scientific research and clinical diagnostics. They provide …,2025-08-09,,,published,112142,/blog/post/labbeemintcom/,/blog/post/labbeemintcom/,2026-09-17_page043.html,2025-08-09 14:34,7,
safepay,rtblegal.com.au,AU,"RTB Legal is an Australian law firm offering a broad range of legal services with a focus on commercial, property, …",2025-08-09,,,published,111198,/blog/post/rtblegalcomau/,/blog/post/rtblegalcomau/,2026-09-17_page043.html,2025-08-09 14:15,133,
safepay,dcbflegal.com,US,DCBF Legal is a U.S.-based law firm specializing in business and corporate law. The firm offers legal services including contract …,2025-08-09,,,published,111643,/blog/post/dcbflegalcom/,/blog/post/dcbflegalcom/,2026-09-17_page043.html,2025-08-09 14:14,13,
safepay,schoene-aussicht-kassel.de,DE,"Schöne Aussicht Kassel is a hospitality and event venue located in Kassel, Germany. The company operates a restaurant and event …",2025-08-09,,,published,111736,/blog/post/schoene-aussicht-kasselde/,/blog/post/schoene-aussicht-kasselde/,2026-09-17_page043.html,2025-08-09 14:13,14,
safepay,sb-p.de,DE,SB-P is a German company operating primarily in the field of engineering consulting and project management. They provide services to …,2025-08-09,,,published,110917,/blog/post/sb-pde/,/blog/post/sb-pde/,2026-09-17_page043.html,2025-08-09 14:12,38,
safepay,proctorlane.com,US,Proctor Lane is a U.S.-based construction and real estate development firm specializing in residential and commercial projects. The company offers …,2025-08-09,,,published,111215,/blog/post/proctorlanecom/,/blog/post/proctorlanecom/,2026-09-17_page044.html,2025-08-09 14:11,6,
safepay,dawg-dok.de,DE,Dawg Dok is a German enterprise specializing in pet health products and veterinary services. The company offers a variety of …,2025-08-09,,,published,111242,/blog/post/dawg-dokde/,/blog/post/dawg-dokde/,2026-09-17_page044.html,2025-08-09 14:10,15,
safepay,planet-itservices.com,GB,Planet IT Services is a UK-based IT consultancy and managed services provider dedicated to supporting businesses with their technology infrastructure. …,2025-08-09,,,published,111789,/blog/post/planet-itservicescom/,/blog/post/planet-itservicescom/,2026-09-17_page044.html,2025-08-09 14:10,4,
safepay,ctd-dortmund.de,DE,CTD Dortmund is a German company based in Dortmund that operates in the fields of industrial equipment and technical services. …,2025-08-09,,,published,111290,/blog/post/ctd-dortmundde/,/blog/post/ctd-dortmundde/,2026-09-17_page044.html,2025-08-09 14:09,6,
safepay,servicedecorating.com,US,Service Decorating is a U.S.-based company specializing in commercial and residential painting and decorating services. The company provides comprehensive solutions …,2025-08-09,,,published,111149,/blog/post/servicedecoratingcom/,/blog/post/servicedecoratingcom/,2026-09-17_page044.html,2025-08-09 14:08,9,
safepay,rgvengineering.co.uk,GB,"RGV Engineering, based in the UK, is an engineering company focusing on bespoke solutions for industrial clients. Specific details regarding …",2025-08-09,,,published,110707,/blog/post/rgvengineeringcouk/,/blog/post/rgvengineeringcouk/,2026-09-17_page044.html,2025-08-09 14:04,7,
safepay,freudenberg-cranes.com,DE,"Freudenberg Technical Supply, also known as Freudenberg Cranes, is a global leader in supplying spare parts and maintenance services for …",2025-08-09,,,published,110845,/blog/post/freudenberg-cranescom/,/blog/post/freudenberg-cranescom/,2026-09-17_page044.html,2025-08-09 14:03,12,
safepay,notar-roemer-troisdorf.de,DE,"Notar Stephan Römer is a notary public office located in Troisdorf, Germany. The practice offers legal services specializing in real …",2025-08-09,,,published,110460,/blog/post/notar-roemer-troisdorfde/,/blog/post/notar-roemer-troisdorfde/,2026-09-17_page044.html,2025-08-09 14:02,22,
safepay,zvaonline.com,US,"Zaddack Valuation Advisors, Inc. is based in Phoenix, Arizona and offers professional valuation services to clients in various industries. They …",2025-08-09,,,published,111354,/blog/post/zvaonlinecom/,/blog/post/zvaonlinecom/,2026-09-17_page044.html,2025-08-09 14:01,8,
safepay,wnyenergy.com,US,"Western New York Energy, LLC is a biofuel production company located in Medina, New York. Established in 2004 and operational …",2025-08-09,,,published,110563,/blog/post/wnyenergycom/,/blog/post/wnyenergycom/,2026-09-17_page045.html,2025-08-09 13:59,5,
safepay,azpiaran.com,ES,"Azpiaran was founded in 1959 and is based in Vizcaya, Spain. The company is part of a larger group, Grupo …",2025-08-09,,,published,110897,/blog/post/azpiarancom/,/blog/post/azpiarancom/,2026-09-17_page045.html,2025-08-09 13:59,17,
safepay,aplusmachining.com,CA,"Located in Lloydminster, Alberta, A-Plus Machining is a precision machine shop specializing in industrial manufacturing solutions. Since 1992, they have …",2025-08-09,,,published,111010,/blog/post/aplusmachiningcom/,/blog/post/aplusmachiningcom/,2026-09-17_page045.html,2025-08-09 13:57,8,
safepay,prais.ro,RO,"PRAIS, operating under the domain prais.ro, is a Romanian-based organization; however, publicly available information on its precise business activities is …",2025-08-09,,,published,110584,/blog/post/praisro/,/blog/post/praisro/,2026-09-17_page045.html,2025-08-09 13:56,12,
safepay,clarkmechanicalinc.com,US,"Clark Mechanical Inc., based in Annandale, Virginia, is a full-service mechanical contractor specializing in plumbing, heating, ventilation, and air conditioning …",2025-08-09,,,published,110862,/blog/post/clarkmechanicalinccom/,/blog/post/clarkmechanicalinccom/,2026-09-17_page045.html,2025-08-09 13:55,16,
safepay,overheadtyler.com,US,"Overhead Door Company of Tyler, with the website overheadtyler.com, is a provider of residential and commercial garage door solutions, including …",2025-08-09,,,published,111101,/blog/post/overheadtylercom/,/blog/post/overheadtylercom/,2026-09-17_page045.html,2025-08-09 13:50,7,
safepay,redsquaredentalcare.com,US,"Located in Edinburg, Texas, Red Square Dental & Orthodontics is a family-focused practice offering general and preventive dentistry. Originally established …",2025-08-09,,,published,110685,/blog/post/redsquaredentalcarecom/,/blog/post/redsquaredentalcarecom/,2026-09-17_page045.html,2025-08-09 13:48,13,
safepay,distribution2.com,US,Distribution2.com is a U.S.-based entity (industry not specified) that experienced a ransomware attack by the Safepay group in May 2025. …,2025-08-09,,,published,110090,/blog/post/distribution2com/,/blog/post/distribution2com/,2026-09-17_page045.html,2025-08-09 13:48,9,
safepay,ngca.net,US,"North Georgia Christian Academy is a private, faith-based K–12 school located in Ellijay, Georgia. Its mission is to cultivate godly …",2025-08-09,,,published,110192,/blog/post/ngcanet/,/blog/post/ngcanet/,2026-09-17_page045.html,2025-08-09 13:46,6,
safepay,mylikowines.co.uk,GB,"Established in 1991 in Salford, Myliko Wines—registered as Myliko International (Wines) Ltd.—started as a Hungarian wine specialist before expanding to …",2025-08-09,,,published,110972,/blog/post/mylikowinescouk/,/blog/post/mylikowinescouk/,2026-09-17_page046.html,2025-08-09 13:45,12,
safepay,greenpac.com.sg,SG,"Greenpac is a Singapore-based sustainable packaging company offering innovative, high-mix, low-volume packaging solutions for sensitive industries like medtech and semiconductors. …",2025-08-09,,,published,111005,/blog/post/greenpaccomsg/,/blog/post/greenpaccomsg/,2026-09-17_page046.html,2025-08-09 13:44,3,
safepay,morricetransportation.com,CA,"Founded in 1991 and headquartered in Windsor, Ontario, Morrice Transportation is a family-run freight and logistics provider serving all of …",2025-08-09,,,published,111156,/blog/post/morricetransportationcom/,/blog/post/morricetransportationcom/,2026-09-17_page046.html,2025-08-09 13:43,14,
safepay,gewandhaus.bayern,DE,"Gewandhaus Gruber is a venerable family-run textile and tailoring business located in Erding, Bavaria. Founded in 1657, it is now …",2025-08-09,,,published,110834,/blog/post/gewandhausbayern/,/blog/post/gewandhausbayern/,2026-09-17_page046.html,2025-08-09 13:43,6,
safepay,scheuerle-stuttgart.de,DE,"Maler Scheuerle GmbH, based in Stuttgart, is a professional painting and decorating company established in 1948. The firm offers services …",2025-08-09,,,published,110713,/blog/post/scheuerle-stuttgartde/,/blog/post/scheuerle-stuttgartde/,2026-09-17_page046.html,2025-08-09 13:42,11,
safepay,metten-maas.de,DE,"Metten-Maas & Partner mbB, located in Warburg, Germany, is a tax consultancy firm offering services like bookkeeping, tax declarations, estate …",2025-08-09,,,published,128561,/blog/post/metten-maasde/,/blog/post/metten-maasde/,2026-09-17_page046.html,2025-08-09 13:19,10,
safepay,hagemann-h.de,DE,"Hagemann GmbH is a German specialist firm based in Wettringen, offering metalworking and technical services such as drilling, milling, demolition, …",2025-08-09,,,published,110207,/blog/post/hagemann-hde/,/blog/post/hagemann-hde/,2026-09-17_page046.html,2025-08-09 13:17,6,
safepay,maxusgroup.com,US,"Founded in 2005 and headquartered in New York City, Maxus Group is an IT services and consulting firm offering integrated …",2025-08-09,,,published,110737,/blog/post/maxusgroupcom/,/blog/post/maxusgroupcom/,2026-09-17_page046.html,2025-08-09 13:17,5,
safepay,olympusaero.com,US,"Apollo Products, Inc., rebranded in 2024 as Olympus Aerospace Group, is a U.S.-based aerospace supplier headquartered in Willoughby, Ohio. The …",2025-08-09,,,published,109952,/blog/post/olympusaerocom/,/blog/post/olympusaerocom/,2026-09-17_page047.html,2025-08-09 13:13,26,
safepay,join-the-quest.co.uk,GB,"The Engineering Quest—operating under Tracel Limited—is a precision engineering company located in Milton Keynes and Great Gransden, UK. It serves …",2025-08-09,,,published,110857,/blog/post/join-the-questcouk/,/blog/post/join-the-questcouk/,2026-09-17_page047.html,2025-08-09 13:08,19,
safepay,gravelec.ch,CH,"Founded in 1981 and based in La Chaux-de-Fonds, Gravelec S.A. specializes in precision industrial engraving and decoration, particularly for high-end …",2025-08-09,,,published,110778,/blog/post/gravelecch/,/blog/post/gravelecch/,2026-09-17_page047.html,2025-08-09 13:07,15,
safepay,abfiad.nl,NL,"ABFIAD Groep is a Dutch advisory firm providing services in accounting, taxation, legal counsel, mediation, and transportation licensing (NIWO), serving …",2025-08-09,,,published,110531,/blog/post/abfiadnl/,/blog/post/abfiadnl/,2026-09-17_page047.html,2025-08-09 13:05,30,
safepay,kize-weisser-stein.de,DE,"Kinderzentrum “Weißer Stein” is an educational and therapeutic non-profit operating in Marburg, Germany. It manages 12 integrative daycare centers, supports …",2025-08-09,,,published,110560,/blog/post/kize-weisser-steinde/,/blog/post/kize-weisser-steinde/,2026-09-17_page047.html,2025-08-09 13:03,24,
safepay,igpi.co.jp,JP,"Industrial Growth Platform, Inc. (IGPI), headquartered in Tokyo’s Gran Tokyo South Tower, was established in April 2007. It is a …",2025-08-09,,,published,110520,/blog/post/igpicojp/,/blog/post/igpicojp/,2026-09-17_page047.html,2025-08-09 13:02,45,
safepay,schapmann.local,US,"In early May 2025, a U.S.-based company operating under the name Schapmann became the target of a ransomware attack executed …",2025-08-09,,,published,110368,/blog/post/schapmannlocal/,/blog/post/schapmannlocal/,2026-09-17_page047.html,2025-08-09 12:59,5,
safepay,moorecoal.com,US,"Moore Coal Company Inc., based in Bessemer, Alabama, is a family-operated enterprise founded in 1929. Originally focused on coal distribution, …",2025-08-09,,,published,110734,/blog/post/moorecoalcom/,/blog/post/moorecoalcom/,2026-09-17_page047.html,2025-08-09 12:54,3,
safepay,mooregiles.com,US,"Moore & Giles, founded in 1933 in Lynchburg, Virginia, is a luxury leather manufacturer and lifestyle brand. The company crafts …",2025-08-09,,,published,110452,/blog/post/mooregilescom/,/blog/post/mooregilescom/,2026-09-17_page047.html,2025-08-09 12:53,8,
safepay,dreng.com,US,"Design Research Engineering (DRE), with offices in Novi, Michigan, and Tomball, Texas, is an engineering firm providing forensic analysis, structural …",2025-08-09,,,published,110299,/blog/post/drengcom/,/blog/post/drengcom/,2026-09-17_page048.html,2025-08-09 12:52,7,
safepay,kolpa.com.pe,PE,"Compañía Minera Kolpa S.A. operates in the Andes region of Huancavelica, Peru, managing high-altitude mining operations at over 4,400 meters …",2025-08-09,,,published,110339,/blog/post/kolpacompe/,/blog/post/kolpacompe/,2026-09-17_page048.html,2025-08-09 12:51,8,
safepay,bloomfamilyeyesurgeons.com,US,"Bloom Family Eye Surgeons is an ophthalmology practice based in Dayton, Ohio, with over 30 years of service to the …",2025-08-09,,,published,110017,/blog/post/bloomfamilyeyesurgeonscom/,/blog/post/bloomfamilyeyesurgeonscom/,2026-09-17_page048.html,2025-08-09 12:50,11,
safepay,biglevel.net,US,"Big Level Trucking, Inc., located in Wiggins, Mississippi, is a fourth-generation, family-owned trucking and logistics firm that traces its roots …",2025-08-09,,,published,110344,/blog/post/biglevelnet/,/blog/post/biglevelnet/,2026-09-17_page048.html,2025-08-09 12:48,4,
safepay,dosjm.com,JM,"D.O.S. 2009 Ltd, operating under dosjm.com, is a Jamaican company located in Kingston that specializes in office technology solutions. It …",2025-08-09,,,published,109538,/blog/post/dosjmcom/,/blog/post/dosjmcom/,2026-09-17_page048.html,2025-08-09 12:47,5,
safepay,eu-rec.de,DE,"Eu-Rec GmbH, headquartered in Hermeskeil, Germany, has been a trusted partner in logistics, recycling, and waste disposal for over 30 …",2025-08-09,,,published,110364,/blog/post/eu-recde/,/blog/post/eu-recde/,2026-09-17_page048.html,2025-08-09 12:46,3,
safepay,niemann.de,DE,WILHELM NIEMANN GmbH & Co. in Melle-Neuenkirchen / Germany has been family run since its foundation in 1889. As manufacturers …,2025-08-09,,,published,110271,/blog/post/niemannde/,/blog/post/niemannde/,2026-09-17_page048.html,2025-08-09 12:40,23,
safepay,frapack.de,DE,"Frapack GmbH is a logistics and packaging specialist headquartered in Nürnberg, Germany. Since 1986, it has delivered bespoke solutions for …",2025-08-09,,,published,109472,/blog/post/frapackde/,/blog/post/frapackde/,2026-09-17_page048.html,2025-08-09 12:36,5,
safepay,eichele-bau.de,DE,"Georg Eichele Bauunternehmung GmbH is a German construction firm with over 75 years of experience. Based in the Ostalbkreis region, …",2025-08-09,,,published,110494,/blog/post/eichele-baude/,/blog/post/eichele-baude/,2026-09-17_page048.html,2025-08-09 12:36,7,
safepay,foerster-schwanau.de,DE,"Gebrüder Förster GmbH is a mid-sized, family-operated service provider based in Schwanau, Germany. It specializes in sewer and pipeline cleaning, …",2025-08-09,,,published,109642,/blog/post/foerster-schwanaude/,/blog/post/foerster-schwanaude/,2026-09-17_page049.html,2025-08-09 12:35,3,
safepay,extremefire.com.au,AU,"Extreme Fire Solutions is a family-run Australian company specializing in the design, installation, and maintenance of fire safety systems. Serving …",2025-08-09,,,published,109638,/blog/post/extremefirecomau/,/blog/post/extremefirecomau/,2026-09-17_page049.html,2025-08-09 12:34,64,
safepay,kirkel.de,DE,"Kirkel is a small municipality in Saarland, Germany, best known for its medieval castle ruins and dense forested landscapes. The …",2025-08-09,,,published,110641,/blog/post/kirkelde/,/blog/post/kirkelde/,2026-09-17_page049.html,2025-08-09 12:33,5,
safepay,getriebetech.de,DE,"Getriebetechnik Magdeburg GmbH specializes in manufacturing industrial gear systems for applications including general machinery, energy systems, mining, and rolling mills. …",2025-08-09,,,published,109954,/blog/post/getriebetechde/,/blog/post/getriebetechde/,2026-09-17_page049.html,2025-08-09 12:31,4,
safepay,heilbronn.de,DE,"Heilbronn is a historic city in Baden-Württemberg, Germany, renowned for its wine industry and economic development. The website heilbronn.de is …",2025-08-09,,,published,109639,/blog/post/heilbronnde/,/blog/post/heilbronnde/,2026-09-17_page049.html,2025-08-09 12:29,31,
safepay,helixtools.co.uk,GB,"Helix Tools, officially registered as Helix Tool Company Limited, is a UK-based distributor and consultant specializing in high-performance cutting tools …",2025-08-09,,,published,110326,/blog/post/helixtoolscouk/,/blog/post/helixtoolscouk/,2026-09-17_page049.html,2025-08-09 12:28,11,
safepay,hurst-schroeder.de,DE,"HURST + SCHRÖDER GmbH is a German engineering and manufacturing company headquartered in Werdohl, North Rhine–Westphalia. For over 35 years, …",2025-08-07,,,published,110886,/blog/post/hurst-schroederde/,/blog/post/hurst-schroederde/,2026-09-17_page049.html,2025-08-07 20:12,11,
safepay,heinrich-steinhardt.de,DE,"Heinrich + Steinhardt GmbH is an architectural and engineering firm based in Bendorf‑Sayn, Germany. With around 28 employees, the firm …",2025-08-07,,,published,110342,/blog/post/heinrich-steinhardtde/,/blog/post/heinrich-steinhardtde/,2026-09-17_page049.html,2025-08-07 20:09,19,
safepay,itec-gmbh.com,DE,"Originating in Beckum, Germany, ITEC GmbH is a global leader in hygiene automation systems for the food industry. A brand …",2025-08-07,,,published,110390,/blog/post/itec-gmbhcom/,/blog/post/itec-gmbhcom/,2026-09-17_page049.html,2025-08-07 20:08,4,
safepay,wagner-transporte.com,DE,"Wagner Transporte is a German logistics and freight transport company based in Nehren (Swabian Alb), with approximately 100 employees. The …",2025-08-07,,,published,109620,/blog/post/wagner-transportecom/,/blog/post/wagner-transportecom/,2026-09-17_page050.html,2025-08-07 20:08,9,
safepay,adolphelawgroup.com,US,"Adolphe Law Group is a Christian, multicultural, and multilingual personal injury and immigration law firm based in Lake Worth, Florida. …",2025-08-07,,,published,110474,/blog/post/adolphelawgroupcom/,/blog/post/adolphelawgroupcom/,2026-09-17_page050.html,2025-08-07 20:07,10,
safepay,marcom-inc.ca,CA,"Marcom Inc., located in Trois‑Rivières, Québec, is a full-service marketing and communications company. They specialize in creative campaign design, branding, …",2025-08-07,,,published,110053,/blog/post/marcom-incca/,/blog/post/marcom-incca/,2026-09-17_page050.html,2025-08-07 20:06,16,
safepay,retycol.com,CO,"Retycol S.A.S., headquartered in Barranquilla, Colombia, is a manufacturer of pharmaceutical, personal care, household, veterinary, and insecticide products. The company …",2025-08-07,,,published,110238,/blog/post/retycolcom/,/blog/post/retycolcom/,2026-09-17_page050.html,2025-08-07 20:05,4,
safepay,wrm.org,US,"The Western Railway Museum, operated by the Bay Area Electric Railroad Association, is a non-profit educational institution in California dedicated …",2025-08-07,,,published,110462,/blog/post/wrmorg/,/blog/post/wrmorg/,2026-09-17_page050.html,2025-08-07 20:04,7,
safepay,children-ne.org.uk,GB,"Children North East is a registered charity based in Newcastle upon Tyne, founded in 1891—making it the oldest independent children’s …",2025-08-07,,,published,110460,/blog/post/children-neorguk/,/blog/post/children-neorguk/,2026-09-17_page050.html,2025-08-07 20:03,10,
safepay,ecconstructors.com,US,"EC Constructors, LLC is a general contractor and construction management firm based in Texas, providing services to commercial, industrial, and …",2025-08-07,,,published,109817,/blog/post/ecconstructorscom/,/blog/post/ecconstructorscom/,2026-09-17_page050.html,2025-08-07 19:53,3,
safepay,westwarwickwelding.com,US,"West Warwick Welding, based in Rhode Island, is a fabrication company specializing in the design and manufacturing of ASME-certified pressure …",2025-08-07,,,published,110202,/blog/post/westwarwickweldingcom/,/blog/post/westwarwickweldingcom/,2026-09-17_page050.html,2025-08-07 19:52,4,
safepay,prestigeer.com,US,"Prestige ER is a network of independent emergency rooms located in Texas, offering 24/7 emergency medical care with no wait …",2025-08-07,,,published,110436,/blog/post/prestigeercom/,/blog/post/prestigeercom/,2026-09-17_page050.html,2025-08-07 19:52,6,
safepay,schuhbode.de,DE,"Schuh Bode is a regional shoe retail chain based in Hamburg, Germany. With over two dozen stores across northern Germany, …",2025-08-07,,,published,109805,/blog/post/schuhbodede/,/blog/post/schuhbodede/,2026-09-17_page051.html,2025-08-07 19:51,13,
safepay,norson.com,CA,"Norson Construction is a general contractor located in Kelowna, British Columbia, Canada. With over four decades of experience, Norson offers …",2025-08-07,,,published,109598,/blog/post/norsoncom/,/blog/post/norsoncom/,2026-09-17_page051.html,2025-08-07 19:50,6,
safepay,fd-friedrich.com,DE,"FD Friedrich GmbH, based in Tamm, Germany, is a professional wholesaler in the field of hygiene and cleaning solutions. The …",2025-08-07,,,published,110570,/blog/post/fd-friedrichcom/,/blog/post/fd-friedrichcom/,2026-09-17_page051.html,2025-08-07 19:50,1,
safepay,mayaassurance.com,US,"Maya Assurance Company is a niche insurance provider headquartered in New York City. It primarily serves the for-hire vehicle sector, …",2025-08-07,,,published,110403,/blog/post/mayaassurancecom/,/blog/post/mayaassurancecom/,2026-09-17_page051.html,2025-08-07 19:48,9,
safepay,comfort.de,DE,"Comfort GmbH is a prominent German real estate services provider specializing in retail property consulting, leasing, and development. Headquartered in …",2025-08-07,,,published,109652,/blog/post/comfortde/,/blog/post/comfortde/,2026-09-17_page051.html,2025-08-07 19:47,9,
safepay,vcvitanzasons.com,US,VC Vitanza & Sons is a family-operated mechanical and plumbing contracting business based in New York. Specializing in commercial and …,2025-08-07,,,published,110244,/blog/post/vcvitanzasonscom/,/blog/post/vcvitanzasonscom/,2026-09-17_page051.html,2025-08-07 19:47,3,
safepay,metalogicinspection.com,US,Metalogic Inspection Services is a U.S.-based provider of non-destructive testing (NDT) and inspection services for critical infrastructure sectors such as …,2025-08-07,,,published,110146,/blog/post/metalogicinspectioncom/,/blog/post/metalogicinspectioncom/,2026-09-17_page051.html,2025-08-07 19:35,8,
safepay,beaudry.ca,CA,Beaudry Group is a Canadian landscape design and construction company based in Ontario. It offers a wide array of services …,2025-08-07,,,published,110160,/blog/post/beaudryca/,/blog/post/beaudryca/,2026-09-17_page051.html,2025-08-07 19:34,9,
safepay,bohrerhof.de,DE,"Bohrerhof is a multifaceted agritourism destination and event venue located in Feldkirchen, Germany. The site includes a working farm, restaurant, …",2025-08-07,,,published,108919,/blog/post/bohrerhofde/,/blog/post/bohrerhofde/,2026-09-17_page051.html,2025-08-07 19:33,4,
safepay,cjs-buerodienstleistungen.de,DE,"CJS Bürodienstleistungen GmbH is a Germany-based provider of office and administrative services. Founded in 2003 and headquartered in Waldsassen, Bavaria, …",2025-08-07,,,published,109595,/blog/post/cjs-buerodienstleistungende/,/blog/post/cjs-buerodienstleistungende/,2026-09-17_page052.html,2025-08-07 19:33,9,
safepay,alpsteel.com,US,"ALP Steel Corporation is a U.S.-based full-line steel service center located in Commerce City, Colorado. Founded in 1953, the company …",2025-08-07,,,published,109413,/blog/post/alpsteelcom/,/blog/post/alpsteelcom/,2026-09-17_page052.html,2025-08-07 19:32,6,
safepay,blunk-gmbh.de,DE,"Blunk GmbH is a German agricultural and environmental services company offering contract farming, biogas facility support, and civil engineering solutions. …",2025-08-07,,,published,109395,/blog/post/blunk-gmbhde/,/blog/post/blunk-gmbhde/,2026-09-17_page052.html,2025-08-07 19:31,10,
safepay,estilointeriors.co.uk,GB,"Estilo Interiors is a UK-based design and build firm specializing in workplace interior design, fit-outs, and office refurbishments. Headquartered in …",2025-08-07,,,published,109409,/blog/post/estilointeriorscouk/,/blog/post/estilointeriorscouk/,2026-09-17_page052.html,2025-08-07 19:29,7,
safepay,swr.school,US,"SWR School most likely refers to Shoreham-Wading River Central School District, located in Suffolk County, New York. The district serves …",2025-08-07,,,published,109335,/blog/post/swrschool/,/blog/post/swrschool/,2026-09-17_page052.html,2025-08-07 19:28,21,
safepay,albrecht-partner-steuerberatung.de,DE,"Albrecht & Partner Steuerberatung is a professional tax consultancy firm based in Germany, with offices in Altenkirchen, Gotha, and Hattert. …",2025-08-07,,,published,108439,/blog/post/albrecht-partner-steuerberatungde/,/blog/post/albrecht-partner-steuerberatungde/,2026-09-17_page052.html,2025-08-07 19:27,35,
safepay,vinylvisions.com,US,"Vinyl Visions is a U.S.-based manufacturer of high-quality vinyl fence, railing, and outdoor products, headquartered in California. The company serves …",2025-08-07,,,published,108408,/blog/post/vinylvisionscom/,/blog/post/vinylvisionscom/,2026-09-17_page052.html,2025-08-07 19:07,15,
safepay,tieraerzte-warburg.de,DE,"Tierärzte Warburg is a veterinary clinic based in Warburg, North Rhine-Westphalia, Germany. The practice offers a broad range of medical …",2025-08-07,,,published,109297,/blog/post/tieraerzte-warburgde/,/blog/post/tieraerzte-warburgde/,2026-09-17_page052.html,2025-08-07 19:06,8,
safepay,system-toolsgmbh.de,DE,System Tools GmbH is a German IT services and software development company that provides customized digital solutions for businesses and …,2025-08-07,,,published,108879,/blog/post/system-toolsgmbhde/,/blog/post/system-toolsgmbhde/,2026-09-17_page052.html,2025-08-07 19:05,16,
safepay,compassionhealthcare.org,US,"Compassion Health Care, Inc. (CHC) is a nonprofit healthcare organization based in North Carolina, USA. It operates community health centers …",2025-08-07,,,published,109042,/blog/post/compassionhealthcareorg/,/blog/post/compassionhealthcareorg/,2026-09-17_page053.html,2025-08-07 19:04,15,
safepay,foyernotredamedepaix.be,BE,Foyer Notre-Dame de Paix is a Belgian nonprofit organization that provides long-term care and support services for the elderly and …,2025-08-07,,,published,125996,/blog/post/foyernotredamedepaixbe/,/blog/post/foyernotredamedepaixbe/,2026-09-17_page053.html,2025-08-07 19:03,27,
safepay,brightonaustralia.com.au,AU,"Brighton Australia is an Australian engineering and manufacturing company specializing in metal fabrication, structural steel solutions, and project management. Based …",2025-08-07,,,published,107965,/blog/post/brightonaustraliacomau/,/blog/post/brightonaustraliacomau/,2026-09-17_page053.html,2025-08-07 19:02,124,
safepay,terrell.k12.ga.us,US,"Terrell County Schools is a public school district located in Terrell County, Georgia. The district comprises several educational institutions including …",2025-08-07,,,published,106736,/blog/post/terrellk12gaus/,/blog/post/terrellk12gaus/,2026-09-17_page053.html,2025-08-07 19:01,,
safepay,argusdatainsights.de,DE,"ARGUS Data Insights is a leading media monitoring and analysis company headquartered in Berlin, Germany. The firm offers comprehensive solutions …",2025-08-07,,,published,106074,/blog/post/argusdatainsightsde/,/blog/post/argusdatainsightsde/,2026-09-17_page053.html,2025-08-07 19:00,28,
safepay,saiedu.fi,FI,"Saiedu (South Aegean Institute of Education), based in Finland, is an educational organization focused on vocational training, adult education, and …",2025-08-07,,,published,105654,/blog/post/saiedufi/,/blog/post/saiedufi/,2026-09-17_page053.html,2025-08-07 18:59,,
safepay,motomecanica.com,CO,"Motomecánica S.A.S. is a Colombian engineering company based in Medellín, specializing in the manufacture and maintenance of mechanical components for …",2025-08-07,,,published,105564,/blog/post/motomecanicacom/,/blog/post/motomecanicacom/,2026-09-17_page053.html,2025-08-07 18:46,6,
safepay,cali.losolivos.co,CO,"Los Olivos Cali is a regional office of the Colombian funeral service provider Los Olivos, one of the largest funeral …",2025-08-07,,,published,105032,/blog/post/calilosolivosco/,/blog/post/calilosolivosco/,2026-09-17_page053.html,2025-08-07 18:45,1,
safepay,willms-fleisch.de,DE,"Willms Fleisch GmbH is a German meat processing company headquartered in Troisdorf, North Rhine-Westphalia. The company specializes in the production …",2025-08-07,,,published,105869,/blog/post/willms-fleischde/,/blog/post/willms-fleischde/,2026-09-17_page053.html,2025-08-07 18:44,23,
safepay,havenresorts.com,MX,"Haven Resorts & Spas is a luxury hospitality brand based in Mexico, known for its all-inclusive, adults-only resort experiences. Its …",2025-08-07,,,published,105597,/blog/post/havenresortscom/,/blog/post/havenresortscom/,2026-09-17_page054.html,2025-08-07 18:43,15,
safepay,lgipr.com,PR,"LGI Group is a Puerto Rican business conglomerate engaged in logistics, distribution, and supply chain management. Based in San Juan, …",2025-08-07,,,published,105784,/blog/post/lgiprcom/,/blog/post/lgiprcom/,2026-09-17_page054.html,2025-08-07 18:41,2,
safepay,jockeysalud.com.pe,PE,"Jockey Salud is a Peruvian private healthcare provider registered as an EPS (Entidad Prestadora de Salud), offering occupational and preventive …",2025-08-07,,,published,105191,/blog/post/jockeysaludcompe/,/blog/post/jockeysaludcompe/,2026-09-17_page054.html,2025-08-07 18:40,8,
safepay,plasseramerican.com,US,"Plasser American is a leading U.S. manufacturer of railway maintenance equipment, headquartered in Chesapeake, Virginia. A subsidiary of the Austrian …",2025-08-07,,,published,103658,/blog/post/plasseramericancom/,/blog/post/plasseramericancom/,2026-09-17_page054.html,2025-08-07 18:38,8,
safepay,tradingacademy.com,US,"Online Trading Academy (OTA) is a U.S.-based financial education company that provides training in trading, investing, and wealth management. Headquartered …",2025-08-07,,,published,104628,/blog/post/tradingacademycom/,/blog/post/tradingacademycom/,2026-09-17_page054.html,2025-08-07 18:37,45,
safepay,ultimateclasslimo.com,US,"Ultimate Class Limousine is a luxury transportation service provider based in Hicksville, New York. The company offers a range of …",2025-08-07,,,published,104365,/blog/post/ultimateclasslimocom/,/blog/post/ultimateclasslimocom/,2026-09-17_page054.html,2025-08-07 18:37,3,
safepay,rwrhine.com,US,RW Rhine is a U.S.-based construction and general contracting firm headquartered in Texas. The company provides commercial and industrial construction …,2025-08-07,,,published,104645,/blog/post/rwrhinecom/,/blog/post/rwrhinecom/,2026-09-17_page054.html,2025-08-07 18:29,3,
safepay,fastrans.com,US,"FASTRANS is a specialized transportation service provider operating in Fairfax County, Virginia. It is part of the Fairfax County Department …",2025-08-07,,,published,104619,/blog/post/fastranscom/,/blog/post/fastranscom/,2026-09-17_page054.html,2025-08-07 18:26,4,
safepay,harcoboe.net,US,"The Harrison County Board of Education oversees public education in Harrison County, West Virginia. It administers a network of elementary, …",2025-08-07,,,published,104746,/blog/post/harcoboenet/,/blog/post/harcoboenet/,2026-09-17_page055.html,2025-08-07 18:25,6,
safepay,ziese.net,US,"Ziese & Sons, Inc. is a family-owned plumbing and mechanical contracting company based in Pittsburgh, Pennsylvania. Established in 1958, the …",2025-08-07,,,published,104618,/blog/post/ziesenet/,/blog/post/ziesenet/,2026-09-17_page055.html,2025-08-07 18:24,4,
safepay,lowernazareth.com,US,"Lower Nazareth Township is a municipal government entity located in Northampton County, Pennsylvania. The township provides essential local government services …",2025-08-07,,,published,103919,/blog/post/lowernazarethcom/,/blog/post/lowernazarethcom/,2026-09-17_page055.html,2025-08-07 18:23,7,
safepay,globexusa.com,US,"Globex International is a U.S.-based international trading company specializing in the export of food and grocery products. Located in Greenwich, …",2025-08-07,,,published,104098,/blog/post/globexusacom/,/blog/post/globexusacom/,2026-09-17_page055.html,2025-08-07 18:22,7,
safepay,iecsolutions.com,US,"IEC Solutions is a U.S.-based provider of engineering and technology services, specializing in control systems integration, industrial automation, and electrical …",2025-08-07,,,published,104092,/blog/post/iecsolutionscom/,/blog/post/iecsolutionscom/,2026-09-17_page055.html,2025-08-07 18:21,8,
safepay,stjerome.org,US,"St. Jerome Catholic Church is a Roman Catholic parish located in Phoenix, Arizona, serving a diverse community of faithful through …",2025-08-07,,,published,103797,/blog/post/stjeromeorg/,/blog/post/stjeromeorg/,2026-09-17_page055.html,2025-08-07 18:20,7,
safepay,paradiseschools.org,US,"Paradise Schools, managed by the Paradise Education Foundation, is a public charter school system based in Surprise, Arizona. It includes …",2025-08-07,,,published,103123,/blog/post/paradiseschoolsorg/,/blog/post/paradiseschoolsorg/,2026-09-17_page055.html,2025-08-07 18:16,27,
safepay,brewsterfiredepartment.org,US,"The Brewster Fire Department is a municipal emergency response agency serving the town of Brewster in Massachusetts, USA. The department …",2025-08-07,,,published,103707,/blog/post/brewsterfiredepartmentorg/,/blog/post/brewsterfiredepartmentorg/,2026-09-17_page055.html,2025-08-07 18:15,6,
safepay,derrimon.com,JM,"Derrimon Trading Company Limited is a Jamaican distribution and retail company engaged in the importation, marketing, and wholesale of consumer …",2025-08-07,,,published,103387,/blog/post/derrimoncom/,/blog/post/derrimoncom/,2026-09-17_page055.html,2025-08-07 18:14,6,
safepay,cellsciencesystems.com,US,"Cell Science Systems Corp. is a U.S.-based medical diagnostics company headquartered in Deerfield Beach, Florida. It specializes in immunology and …",2025-08-07,,,published,102920,/blog/post/cellsciencesystemscom/,/blog/post/cellsciencesystemscom/,2026-09-17_page056.html,2025-08-07 18:13,6,
safepay,welcomewagon.com,US,Welcome Wagon is a U.S.-based marketing and direct-mail company that helps local businesses connect with new residents and homeowners. Founded …,2025-08-07,,,published,102944,/blog/post/welcomewagoncom/,/blog/post/welcomewagoncom/,2026-09-17_page056.html,2025-08-07 18:12,14,
safepay,muscogee.k12.ga.us,US,"The Muscogee County School District (MCSD) is a public education system serving Columbus, Georgia, and surrounding areas. It oversees over …",2025-08-07,,,published,103580,/blog/post/muscogeek12gaus/,/blog/post/muscogeek12gaus/,2026-09-17_page056.html,2025-08-07 18:11,20,
safepay,gaylord.org,US,"Gaylord Specialty Healthcare is a nonprofit rehabilitation-focused hospital and medical network based in Wallingford, Connecticut. The organization specializes in the …",2025-08-07,,,published,103606,/blog/post/gaylordorg/,/blog/post/gaylordorg/,2026-09-17_page056.html,2025-08-07 18:10,23,
safepay,bigotti.ro,RO,"Bigotti is a premium Romanian fashion brand catering to men’s formal and business-casual wear. Owned by the company Graftex, Bigotti …",2025-08-07,,,published,102977,/blog/post/bigottiro/,/blog/post/bigottiro/,2026-09-17_page056.html,2025-08-07 18:10,19,
safepay,nutripack.eu,FR,"Nutripack is a French company specializing in the design and manufacture of food packaging solutions. Headquartered in France, with operations …",2025-08-07,,,published,101830,/blog/post/nutripackeu/,/blog/post/nutripackeu/,2026-09-17_page056.html,2025-08-07 18:09,9,
safepay,solge.es,ES,Soluciones Genéticas S.L. (SOLGE) is a Spanish biotechnology and animal breeding company based in Valencia. It specializes in genetic improvement …,2025-08-05,,,published,101054,/blog/post/solgees/,/blog/post/solgees/,2026-09-17_page056.html,2025-08-05 20:28,35,
safepay,brunetti.com,IT,"Brunetti Oro is an Italian luxury jewelry brand headquartered in Vicenza, a historic center of goldsmithing in northern Italy. The …",2025-08-05,,,published,101457,/blog/post/brunetticom/,/blog/post/brunetticom/,2026-09-17_page056.html,2025-08-05 20:27,27,
safepay,semesco.com,EC,"SEMESCO S.A. (Servicios Electromecánicos y Construcciones) is an Ecuadorian company specializing in electromechanical engineering, industrial maintenance, and infrastructure construction. Headquartered …",2025-08-05,,,published,101527,/blog/post/semescocom/,/blog/post/semescocom/,2026-09-17_page056.html,2025-08-05 20:26,2,
safepay,gonzalesusd.net,US,"Gonzales Unified School District (GUSD) is a public K–12 school district located in Gonzales, California. It serves a predominantly agricultural …",2025-08-05,,,published,101138,/blog/post/gonzalesusdnet/,/blog/post/gonzalesusdnet/,2026-09-17_page057.html,2025-08-05 20:25,8,
safepay,starkvillesd.com,US,"The Starkville Oktibbeha School District is a public education district located in Starkville, Mississippi. Serving pre-K through 12th grade, the …",2025-08-05,,,published,101831,/blog/post/starkvillesdcom/,/blog/post/starkvillesdcom/,2026-09-17_page057.html,2025-08-05 20:24,19,
safepay,equipo-postal.com,MX,"Equipo Postal Industrial S.A. de C.V. is a Mexican company specializing in the design, manufacture, and maintenance of postal and …",2025-08-05,,,published,101619,/blog/post/equipo-postalcom/,/blog/post/equipo-postalcom/,2026-09-17_page057.html,2025-08-05 20:23,12,
safepay,greyform.sg,SG,Greyform Pte Ltd is a leading construction technology company based in Singapore and a subsidiary of Straits Construction Group. The …,2025-08-05,,,published,101058,/blog/post/greyformsg/,/blog/post/greyformsg/,2026-09-17_page057.html,2025-08-05 20:22,4,
safepay,platinumcollision.com,US,Platinum Collision Centers is a U.S.-based auto body repair and collision restoration company operating primarily in Southern California. The business …,2025-08-05,,,published,101611,/blog/post/platinumcollisioncom/,/blog/post/platinumcollisioncom/,2026-09-17_page057.html,2025-08-05 20:21,13,
safepay,termopuerto.com,CL,"Termopuerto S.A. is a Chilean port terminal operator located in the city of Iquique, serving the northern region of the …",2025-08-05,,,published,100473,/blog/post/termopuertocom/,/blog/post/termopuertocom/,2026-09-17_page057.html,2025-08-05 20:20,11,
safepay,bellandgraham.co.nz,NZ,"Bell & Graham is a law firm based in Invercargill, New Zealand, offering a wide range of legal services for …",2025-08-05,,,published,101169,/blog/post/bellandgrahamconz/,/blog/post/bellandgrahamconz/,2026-09-17_page057.html,2025-08-05 19:47,21,
safepay,proexequialesresurgir.com,CO,"Pro Exequiales Resurgir is a Colombian funeral services provider offering comprehensive end-of-life planning and memorial solutions. Based in Medellín, the …",2025-08-05,,,published,100671,/blog/post/proexequialesresurgircom/,/blog/post/proexequialesresurgircom/,2026-09-17_page057.html,2025-08-05 19:46,6,
safepay,ddelta.com.mx,MX,DDelta S.A. de C.V. is a Mexican telecommunications and technology services company headquartered in Mexico City. It offers customized solutions …,2025-08-04,,,published,101404,/blog/post/ddeltacommx/,/blog/post/ddeltacommx/,2026-09-17_page057.html,2025-08-04 19:24,27,
safepay,safecoastseafoods.com,US,"Safe Coast Seafoods is a U.S.-based seafood processing and distribution company operating out of the Pacific Northwest, particularly in Oregon …",2025-08-04,,,published,100914,/blog/post/safecoastseafoodscom/,/blog/post/safecoastseafoodscom/,2026-09-17_page058.html,2025-08-04 19:22,9,
safepay,royalinsignia.com,SG,"Royal Insignia is a luxury design and manufacturing firm based in Singapore, renowned for crafting bespoke regalia, medals, and fine …",2025-08-04,,,published,100188,/blog/post/royalinsigniacom/,/blog/post/royalinsigniacom/,2026-09-17_page058.html,2025-08-04 19:21,90,
safepay,byronunionschooldistrict.us,US,"The Byron Union School District (BUSD) is a public K–8 educational institution located in Contra Costa County, California. Serving the …",2025-08-04,,,published,100976,/blog/post/byronunionschooldistrictus/,/blog/post/byronunionschooldistrictus/,2026-09-17_page058.html,2025-08-04 19:20,26,
safepay,dprinvestments.com,US,"DPR Investments is a U.S.-based private investment and asset management company that focuses on real estate development, portfolio management, and …",2025-08-04,,,published,101087,/blog/post/dprinvestmentscom/,/blog/post/dprinvestmentscom/,2026-09-17_page058.html,2025-08-04 19:18,13,
safepay,upr.sg,SG,"UPR Corporation, identified by its domain UPR.SG, is a company based in Singapore specializing in asset recovery, recycling, and IT …",2025-08-04,,,published,100054,/blog/post/uprsg/,/blog/post/uprsg/,2026-09-17_page058.html,2025-08-04 19:16,3,
safepay,multicoasia.com,SG,"Multico (Asia) Pte Ltd is a Singapore-based industrial equipment and engineering solutions provider. Established in 1973, the company specializes in …",2025-08-04,,,published,100623,/blog/post/multicoasiacom/,/blog/post/multicoasiacom/,2026-09-17_page058.html,2025-08-04 19:15,,
safepay,etplaw.com,US,"Edwards, Town, & Perry, P.C. (ETP Law) is a U.S.-based law firm headquartered in Atlanta, Georgia. The firm provides comprehensive …",2025-08-04,,,published,100205,/blog/post/etplawcom/,/blog/post/etplawcom/,2026-09-17_page058.html,2025-08-04 19:09,16,
safepay,muswellbrook.nsw.gov.au,AU,"Muswellbrook Shire Council is the local government authority for the Muswellbrook region in New South Wales, Australia. The council manages …",2025-08-04,,,published,100231,/blog/post/muswellbrooknswgovau/,/blog/post/muswellbrooknswgovau/,2026-09-17_page058.html,2025-08-04 19:08,124,
safepay,itca.edu.sv,SV,"ITCA-FEPADE is a prominent technical and technological higher education institution in El Salvador, with campuses throughout the country. It offers …",2025-08-04,,,published,101102,/blog/post/itcaedusv/,/blog/post/itcaedusv/,2026-09-17_page058.html,2025-08-04 19:06,8,
safepay,nbkenney.com,US,"N.B. Kenney is a mechanical contracting company based in Devens, Massachusetts. Founded in 1979, the company specializes in HVAC (heating, …",2025-08-04,,,published,100884,/blog/post/nbkenneycom/,/blog/post/nbkenneycom/,2026-09-17_page059.html,2025-08-04 19:04,4,
safepay,cityofmarlow.com,US,"The City of Marlow is a municipal government located in Stephens County, Oklahoma. With a population of around 4,500, it …",2025-08-04,,,published,100010,/blog/post/cityofmarlowcom/,/blog/post/cityofmarlowcom/,2026-09-17_page059.html,2025-08-04 19:03,7,
safepay,ktpartners.ca,CA,"KT Partners Inc. is a Canadian accounting and business advisory firm based in Mississauga, Ontario. It provides a wide range …",2025-08-04,,,published,100947,/blog/post/ktpartnersca/,/blog/post/ktpartnersca/,2026-09-17_page059.html,2025-08-04 19:01,17,
safepay,casaimports.com,US,"Casa Imports is a food distribution company based in Utica, New York, specializing in the import and wholesale of ethnic …",2025-08-04,,,published,100702,/blog/post/casaimportscom/,/blog/post/casaimportscom/,2026-09-17_page059.html,2025-08-04 19:00,5,
safepay,scottelec.com,US,"Scott Electric is a leading wholesale electrical distributor based in Greensburg, Pennsylvania, serving commercial, industrial, and residential customers. Founded in …",2025-08-04,,,published,100747,/blog/post/scotteleccom/,/blog/post/scotteleccom/,2026-09-17_page059.html,2025-08-04 18:59,5,
safepay,elwood.k12.in.us,US,"Elwood Community School Corporation is a public school district located in Elwood, Indiana. It provides K-12 education and operates several …",2025-08-04,,,published,100686,/blog/post/elwoodk12inus/,/blog/post/elwoodk12inus/,2026-09-17_page059.html,2025-08-04 18:56,,
safepay,midlandtool.com,US,"Midland Tool & Supply is a family‑owned industrial and construction tool distribution company, founded in 1962 and headquartered in Oak …",2025-08-04,,,published,100904,/blog/post/midlandtoolcom/,/blog/post/midlandtoolcom/,2026-09-17_page059.html,2025-08-04 18:52,6,
safepay,mdmcusa.com,US,"M.D. McDonald Construction Company is a privately held general contracting firm based in Brunswick, Georgia, USA. Founded in 1992, the …",2025-08-04,,,published,100473,/blog/post/mdmcusacom/,/blog/post/mdmcusacom/,2026-09-17_page059.html,2025-08-04 18:51,7,
safepay,titlenine.com,US,"Title Nine is an American, women‑run and owned activewear and outdoor apparel company based in the San Francisco Bay Area, …",2025-08-04,,,published,99957,/blog/post/titleninecom/,/blog/post/titleninecom/,2026-09-17_page059.html,2025-08-04 18:49,7,
safepay,microlise.com,GB,"Microlise Group plc is a UK‑based public technology company headquartered in Nottingham, England. It provides digital solutions and fleet management …",2025-08-04,,,published,100773,/blog/post/microlisecom/,/blog/post/microlisecom/,2026-09-17_page060.html,2025-08-04 18:48,14,
safepay,threadfxinc.com,US,"Thread F/X, Inc., founded in 1998 and headquartered in Nashville, Tennessee, is a privately held American company specializing in promotional …",2025-08-04,,,published,99803,/blog/post/threadfxinccom/,/blog/post/threadfxinccom/,2026-09-17_page060.html,2025-08-04 18:46,5,
safepay,westwood-cc.com,US,"Westwood Country Club is a private membership‐based sporting and social club located in Vienna, Virginia, near Tysons Corner, serving the …",2025-08-04,,,published,100610,/blog/post/westwood-cccom/,/blog/post/westwood-cccom/,2026-09-17_page060.html,2025-08-04 18:45,6,
safepay,piburners.com,US,"Based in Donora, Pennsylvania, U.S., P&I Engineers specializes in designing and manufacturing burner and boiler components and assemblies for power …",2025-08-02,,,published,100509,/blog/post/piburnerscom/,/blog/post/piburnerscom/,2026-09-17_page060.html,2025-08-02 21:12,6,
safepay,smartdimensions.com,US,"A U.S.-based bariatric and cosmetic surgery practice headquartered in Fountain Valley, California, serving Orange County and surrounding areas. They offer …",2025-08-02,,,published,99932,/blog/post/smartdimensionscom/,/blog/post/smartdimensionscom/,2026-09-17_page060.html,2025-08-02 21:11,8,
safepay,stats.gov.bb,,"The official national statistical agency of Barbados, under the Ministry of Economic Affairs and Investment. It provides reliable and timely …",2025-08-02,,,published,100105,/blog/post/statsgovbb/,/blog/post/statsgovbb/,2026-09-17_page060.html,2025-08-02 21:10,6,
safepay,mcauslan.com,CA,"A craft brewery and pub operator headquartered in Montreal, Quebec, Canada. Founded in January 1989 as La Brasserie McAuslan, located …",2025-08-02,,,published,99289,/blog/post/mcauslancom/,/blog/post/mcauslancom/,2026-09-17_page060.html,2025-08-02 21:08,7,
safepay,millerservicecompany.com,US,"A U.S. company based in Dallas, Texas (with licensing #TACLA30880E), offering HVAC contracting services including ductwork fabrication, design, installation, repair, …",2025-08-02,,,published,98875,/blog/post/millerservicecompanycom/,/blog/post/millerservicecompanycom/,2026-09-17_page060.html,2025-08-02 21:07,4,
safepay,safex.us,US,"Based in Westerville, Ohio, U.S., Safex is an environmental, health, safety consulting firm providing certified industrial hygiene, occupational safety, environmental …",2025-08-02,,,published,100424,/blog/post/safexus/,/blog/post/safexus/,2026-09-17_page060.html,2025-08-02 20:56,11,
safepay,ib-spieth.de,DE,"A German civil engineering and consulting firm with headquarters in Esslingen, Germany, and branches across cities like Munich, Leipzig and …",2025-08-02,,,published,100406,/blog/post/ib-spiethde/,/blog/post/ib-spiethde/,2026-09-17_page061.html,2025-08-02 20:53,18,
safepay,businesstraining.be,,"Business Training, headquartered in Brussels (with a Luxembourg presence), has over 30 years of experience providing IT and management training …",2025-08-02,,,published,100306,/blog/post/businesstrainingbe/,/blog/post/businesstrainingbe/,2026-09-17_page061.html,2025-08-02 20:36,27,
safepay,incocommercial.com,US,"INCO Commercial, founded in 1986 and based in Southern California (Long Beach, Orange County, Inland Empire), is a boutique, broker‑owned …",2025-08-02,,,published,100032,/blog/post/incocommercialcom/,/blog/post/incocommercialcom/,2026-09-17_page061.html,2025-08-02 20:35,16,
safepay,euromedix.com,,"EuroMedix (also called EuroMedix Point of Care nv/sa), based in Leuven, Belgium, is a privately held ISO‑certified company producing point‑of‑care …",2025-08-02,,,published,100294,/blog/post/euromedixcom/,/blog/post/euromedixcom/,2026-09-17_page061.html,2025-08-02 20:34,15,
safepay,onnicar.it,IT,"Founded in 1969 and part of the Gruau Group, Onnicar S.r.l. is headquartered in Corneliano d’Alba (CN) and specializes in …",2025-08-02,,,published,99477,/blog/post/onnicarit/,/blog/post/onnicarit/,2026-09-17_page061.html,2025-08-02 20:33,18,
safepay,kingswoodpark.ca,CA,"Kingswood Resort in Fredericton, NB is a multi‑faceted entertainment destination featuring an award‑winning 18‑hole golf course, large indoor entertainment centre …",2025-08-02,,,published,99409,/blog/post/kingswoodparkca/,/blog/post/kingswoodparkca/,2026-09-17_page061.html,2025-08-02 20:31,13,
safepay,tritonsourcing.co.nz,,"Triton Sourcing & Distribution Ltd is a family‑owned company founded in 1995 and located in Silverdale, Auckland. They provide apparel …",2025-08-02,,,published,99660,/blog/post/tritonsourcingconz/,/blog/post/tritonsourcingconz/,2026-09-17_page061.html,2025-08-02 20:30,23,
safepay,omara‑ag.com,US,"O’Mara Ag Equipment, founded in 1998 and based in Des Moines, Iowa, is a privately held manufacturer specializing in modular …",2025-08-02,,,published,100286,/blog/post/omaraagcom/,/blog/post/omaraagcom/,2026-09-17_page061.html,2025-08-02 20:28,8,
safepay,activecosmetic.com.ar,,"Active Cosmetic, founded in 1997 and headquartered in Martínez, Buenos Aires province, is a private company specializing in cosmetics and …",2025-08-02,,,published,99883,/blog/post/activecosmeticcomar/,/blog/post/activecosmeticcomar/,2026-09-17_page061.html,2025-08-02 20:26,,
safepay,richmond.doncaster.sch.uk,GB,"Richmond Hill Primary Academy is a state-funded academy school in Sprotbrough, Doncaster, England, serving Key Stage 1 to early Key …",2025-08-02,,,published,100117,/blog/post/richmonddoncasterschuk/,/blog/post/richmonddoncasterschuk/,2026-09-17_page062.html,2025-08-02 20:25,16,
safepay,gilazo.com,US,Gilazo Development Corp and its related entities (including Gilazo Real Estate Management and Straight Ahead Pictures Inc.) are based in …,2025-08-02,,,published,100184,/blog/post/gilazocom/,/blog/post/gilazocom/,2026-09-17_page062.html,2025-08-02 20:23,14,
safepay,omint.com.ar,AR,"OMINT S.A. de Servicios is a Buenos Aires–based private healthcare and medical services company, founded in 1967. It employs around …",2025-08-02,,,published,100393,/blog/post/omintcomar/,/blog/post/omintcomar/,2026-09-17_page062.html,2025-08-02 20:22,19,
safepay,nkce.jp,JP,"This appears to refer to Nihonkai Construction Electric (NKCE), a Japanese engineering/construction‑electric firm—though limited public data is available. PitchBook lists …",2025-08-02,,,published,101154,/blog/post/nkcejp/,/blog/post/nkcejp/,2026-09-17_page062.html,2025-08-02 20:20,30,
safepay,snowbrand.com.au,AU,"Snow Brand Australia Pty Ltd, based in Victoria, is a wholly‑owned subsidiary of Japan’s Megmilk Snow Brand Co., Ltd. It …",2025-08-02,,,published,101458,/blog/post/snowbrandcomau/,/blog/post/snowbrandcomau/,2026-09-17_page062.html,2025-08-02 20:17,92,
safepay,pronatec.com,CH,"Pronatec AG is a family-owned Swiss company, founded in 1976 and headquartered in Winterthur, in the canton of Zürich. For …",2025-08-02,,,published,101164,/blog/post/pronateccom/,/blog/post/pronateccom/,2026-09-17_page062.html,2025-08-02 20:15,34,
