group,victim,website,address,data_size_bytes,data_size_gb,tags,headline,description,post_date,publish_deadline,timer_stopped,uuid,source_file
dragonforce,Owen Leigh Optometry,owenleighoptometry.co.uk,https://www.owenleighoptometry.co.uk/,432340545536,402.65,,Full DATA 400 GB+,"Full DATA 400 GB+ The brain uses the eyes to gather information about our surroundings. The brain cannot process all our view so it must first decide what to look for. The eyes-brain system then has to select that information, usually by shifting eye position and often by shifting focus. How the eyes-brain go through this process is the real test of visual efficiency. Here at Owen Leigh Optometry, we specialise in helping patients of all ages to develop flexibility in their vision to meet all their needs and interests. We start this by observing and measuring your eye-brain system with a wide range of visual challenges. Eye health and eyesight are important, but this must not be the end point of developing good vision. We want to take you much further than that, to explore ways that you can see more, feel more, move better, plan better and understand quicker. ​ We use 'visual efficiency glasses', vision exercises (vision therapy) and 'training/learning lenses' to help you develop your own vision. We add visual hygiene, consider coloured lenses and refer to other disciplines if that will help you meet your goals. “What we see is dependant upon what we are looking for and what we managed to see last time.”",2026-09-16,2026-08-30,False,2be33b50-70f7-4151-8b86-b60b31e5e1ba,2026-09-17_page001.json
dragonforce,Community Property Management,cpm1.com,https://cpm1.com/,249297285120,232.18,,full data 200 GB+,"full data 200 GB+ We have been in business since 1978 as a management firm specializing in the management of common interest developments including condominiums and planned unit developments. CPM rapidly evolved into one of the premier association management firms in the industry and is on the forefront of innovative and specialized services. Our reputation for attentiveness to the needs of each association is one of which Community Property Management is very proud. Our dedication to excellence and our staffs skills and professionalism have become the trademark at Community Property Management. Management level personnel attend courses offered through Community Associations Institute, a national organization of community association, and California Association of Community Managers. CPM has also earned its Accredited Management Organization designation with IREM, and Certified Property Manager from CAI, the industries highest designation. We are responsive and dedicated to our Associations and their unique service requirements. We have found, over the years that association needs are constantly changing. Therefore, we analyze and formulate objective plans for the guidance and support of the Association through its Board Members. Our company has developed expertise in all areas of association management and keeps Board Members updated on law changes. We stand ready to assist you with all your Associations requirements.",2026-09-16,2026-08-30,False,dbdc4732-e361-4834-a8bf-52778bae559f,2026-09-17_page001.json
dragonforce,Medical Department Store,medicaldepartmentstore.com,"Port Charlotte: 4265 Tamiami Trl, Unit E, Port Charlotte, FL 33980",27677945856,25.78,,Medical Department Store in united state,Medical Department Store in united state,2026-09-10,2026-09-08,False,aafe099f-f355-4460-95fb-4443b41efc21,2026-09-17_page001.json
dragonforce,Norwood Law Firm,norwoodlegal.com,"1601 South Main Street, Suite 300, Tulsa, OK 74119, Oklahoma, United States",78561177600,73.17,,"Norwood Law is a Tulsa-based legal firm that specializes in personal injury law, criminal defense, business law, and family law. Founded by attorney Joe Norwood in 2004, the firm is known for its success in high-profile cases and achieving significant legal victories for its clients. The team also includes Todd Maxwell, who specializes in contracts, construction law, and dispute mediation. Norwood Law serves clients in Oklahoma seeking expert legal representation in complex legal matters.","Norwood Law is a Tulsa-based legal firm that specializes in personal injury law, criminal defense, business law, and family law. Founded by attorney Joe Norwood in 2004, the firm is known for its success in high-profile cases and achieving significant legal victories for its clients. The team also includes Todd Maxwell, who specializes in contracts, construction law, and dispute mediation. Norwood Law serves clients in Oklahoma seeking expert legal representation in complex legal matters.",2026-09-04,2026-09-07,False,66da3509-a3fc-4ff3-a229-ecfa57caf4e0,2026-09-17_page001.json
dragonforce,Homewood Sales,homewoodsales.com,"820 Washington Blvd, Pittsburgh, Pennsylvania, United States",140331327488,130.69,,"Homewood Sales Corporation specializes in equipment life extension solutions, offering a wide range of products including automatic voltage regulators, control panels, and motors, all built to Westinghouse specifications. With over a century of expertise, they provide exceptional quality in industrial and power distribution units and components. Their services include global sourcing, factory revitalization, and technical support, ensuring precise and expert assistance for their clients. Homewood primarily serves industries requiring reliable power distribution and equipment maintenance solutions.","Homewood Sales Corporation specializes in equipment life extension solutions, offering a wide range of products including automatic voltage regulators, control panels, and motors, all built to Westinghouse specifications. With over a century of expertise, they provide exceptional quality in industrial and power distribution units and components. Their services include global sourcing, factory revitalization, and technical support, ensuring precise and expert assistance for their clients. Homewood primarily serves industries requiring reliable power distribution and equipment maintenance solutions.",2026-09-04,2026-09-10,False,6483b94b-84e1-4416-947f-2591eb728a83,2026-09-17_page001.json
dragonforce,Frato,frato.com,"Via Central De Milheirós 810, Maia, Portugal",133698473984,124.52,,"(release includes data for the entire group of companies across all countries of operation, financial documentation, shareholder information, personal data of employees and clients, and much more) FRATO is recognized for its commitment to quality and style, merging traditional craftsmanship with innovative design. Drawing inspiration from diverse cultures and breathtaking locations worldwide, the brand creates a unique international aesthetic. It offers an exceptional interior lifestyle concept through its flagship stores located across America, Europe, and the Middle East. FRATO's intended clients are those seeking sophistication and inspiration for their living spaces.","(release includes data for the entire group of companies across all countries of operation, financial documentation, shareholder information, personal data of employees and clients, and much more) FRATO is recognized for its commitment to quality and style, merging traditional craftsmanship with innovative design. Drawing inspiration from diverse cultures and breathtaking locations worldwide, the brand creates a unique international aesthetic. It offers an exceptional interior lifestyle concept through its flagship stores located across America, Europe, and the Middle East. FRATO's intended clients are those seeking sophistication and inspiration for their living spaces.",2026-08-24,2026-08-30,False,0c6530da-dedd-4f1f-805f-c4c7eb9e6d1a,2026-09-17_page001.json
dragonforce,Wozair,wozair.com,"Grosvenor Road, Gillingham Business Park, Gillingham, Kent ME8 0SA United Kingdom",48220004352,44.91,,"Wozair specializes in the design, manufacture, and installation of heavy-duty heating, ventilating, and air conditioning (HVAC) products for various sectors including Marine, Naval, Military, Nuclear, Oil and Gas, Powergen, and Renewables. Their product range includes air handling units, dampers, filtration solutions, and refrigeration systems. Wozair also offers services such as system design, project management, manufacturing, commissioning, and maintenance. The company aims to provide bespoke solutions to meet specific client requirements while ensuring a safe working environment.","Wozair specializes in the design, manufacture, and installation of heavy-duty heating, ventilating, and air conditioning (HVAC) products for various sectors including Marine, Naval, Military, Nuclear, Oil and Gas, Powergen, and Renewables. Their product range includes air handling units, dampers, filtration solutions, and refrigeration systems. Wozair also offers services such as system design, project management, manufacturing, commissioning, and maintenance. The company aims to provide bespoke solutions to meet specific client requirements while ensuring a safe working environment.",2026-08-24,2026-08-30,False,6e06069d-69f2-44e1-8a0d-306d487cc8cd,2026-09-17_page001.json
dragonforce,Brookview Financial,www.brookviewfinancial.com,"2321 Whitney Ave Ste 102, Hamden, Connecticut, United States",111366053888,103.72,,"(data of many thousands of customers, including credit reports, SSNs, addresses, etc.) Brookview Financial is a boutique private lender specializing in quick-close financing solutions for real estate projects. Established in 1992, the company has served as a trusted capital partner for thousands of real estate investors across the nation. They offer a range of loan programs, including commercial bridge loans, fix & flip loans, and special situation financing, with amounts ranging from $75,000 to over $50 million. Known for their personal service and flexible terms, Brookview can close deals in as little as 7 days.","(data of many thousands of customers, including credit reports, SSNs, addresses, etc.) Brookview Financial is a boutique private lender specializing in quick-close financing solutions for real estate projects. Established in 1992, the company has served as a trusted capital partner for thousands of real estate investors across the nation. They offer a range of loan programs, including commercial bridge loans, fix & flip loans, and special situation financing, with amounts ranging from $75,000 to over $50 million. Known for their personal service and flexible terms, Brookview can close deals in as little as 7 days.",2026-08-24,2026-08-23,False,65fa9687-26ec-41c7-8aca-7bc0b1d62c51,2026-09-17_page001.json
dragonforce,Hogan Omidi P.C.,hoganomidi.com,"3773 Cherry Creek N Dr #950. Denver, CO 80209",74903707648,69.76,,"Hogan Omidi, P.C. is a boutique law firm specializing in family law, including divorce, child custody, and property division, with a focus on high-asset cases. The firm is led by experienced attorneys who have authored key reference materials on Colorado family law, providing them with a unique advantage in legal representation. They serve a diverse clientele, including executives, business owners, and professionals, ensuring personalized and strategic legal solutions. With offices in Denver and Aspen, they are dedicated to protecting clients' interests and achieving favorable outcomes in family law matters.","Hogan Omidi, P.C. is a boutique law firm specializing in family law, including divorce, child custody, and property division, with a focus on high-asset cases. The firm is led by experienced attorneys who have authored key reference materials on Colorado family law, providing them with a unique advantage in legal representation. They serve a diverse clientele, including executives, business owners, and professionals, ensuring personalized and strategic legal solutions. With offices in Denver and Aspen, they are dedicated to protecting clients' interests and achieving favorable outcomes in family law matters.",2026-08-21,2026-08-27,False,ed288008-26ad-4b2d-babf-32879da1a35d,2026-09-17_page001.json
dragonforce,R & D Machine and Engineering,rdmachine.com,"130 Scarlet Blvd, Oldsmar, Florida",306613121024,285.56,,"&D Machine and Engineering, LLC specializes in CNC machining of precision metal components primarily for the aerospace, defense, and space industries. The company is known for its ability to maintain tight tolerances and produce complex geometries using advanced 5-axis milling and coordinate measuring machines. With a commitment to quality, R&D Machine has built a strong customer base that includes respected blue-chip companies like NASA. Acquired by Compass Precision in 2022, the company continues to focus on manufacturing mission-critical components for demanding applications.","&D Machine and Engineering, LLC specializes in CNC machining of precision metal components primarily for the aerospace, defense, and space industries. The company is known for its ability to maintain tight tolerances and produce complex geometries using advanced 5-axis milling and coordinate measuring machines. With a commitment to quality, R&D Machine has built a strong customer base that includes respected blue-chip companies like NASA. Acquired by Compass Precision in 2022, the company continues to focus on manufacturing mission-critical components for demanding applications.",2026-08-18,2026-08-13,False,9351fab2-40b4-47c9-bf96-a00af22ab27a,2026-09-17_page001.json
dragonforce,Vermont XCenter,vermont.com.br,vermont.com.br,4442419200,4.14,,"A Vermont coloca seus clientes estrategicamente no Centro das Decisões, pois entende que o cliente deve estar no Centro das Atenções. Com isso estabelecido, a companhia acredita que é mais simples interpretar o mercado a partir dos desejos e perspectivas do mesmo. Vermont XCenter: Centro de interAções modernas que promovem experiências em relacionamento. Soluções de Contact Center que contam com um avanço tecnológico do atendimento e que se adaptam às necessidades de um consumidor cada vez mais exigente e conectado; Soluções de Tecnologia: Pensada por meio de um portfólio que vai desde fábrica de software, mapeamento e modelagem dos processos de negócios (BPM) até Service e Help Desk. Com Skills técnicos e avançadas linguagens de programação.","A Vermont coloca seus clientes estrategicamente no Centro das Decisões, pois entende que o cliente deve estar no Centro das Atenções. Com isso estabelecido, a companhia acredita que é mais simples interpretar o mercado a partir dos desejos e perspectivas do mesmo. Vermont XCenter: Centro de interAções modernas que promovem experiências em relacionamento. Soluções de Contact Center que contam com um avanço tecnológico do atendimento e que se adaptam às necessidades de um consumidor cada vez mais exigente e conectado; Soluções de Tecnologia: Pensada por meio de um portfólio que vai desde fábrica de software, mapeamento e modelagem dos processos de negócios (BPM) até Service e Help Desk. Com Skills técnicos e avançadas linguagens de programação.",2026-08-17,2026-07-29,False,50670edf-f2a0-45b3-ae78-bfbc7f5e951d,2026-09-17_page001.json
dragonforce,rubbermill.com,rubbermill.com,"9897 Old Liberty Road Liberty, NC 27298",365626699776,340.52,,═════════════════ ═════════════════ ═════════════════,"═════════════════ ═════════════════ ═════════════════ RUBBERMILL, INC. DUMP: BREAKDOWN OF AN OEM MANUFACTURER LEAK ═════════════════ ═════════════════ ═════════════════ Target: RubberMill, Inc. (North Carolina, USA) — contract manufacturer of non-metallic components for appliance, HVAC, automotive, and heavy equipment. Certifications: ISO 9001:2015, WOSB, WBENC. Probable defense contracts (Mil-Spec). DUMP SIZE: ~296K files / 276K data objects / 340+ GB ▸ 146 GB disk image (.mrimg) — full copy of the system ▸ AES PASSWORDS.xlsx file + APWDxx libraries — credentials ▸ outlook.pst (487 MB) — corporate email archive ▸ creditcard.xls — payment data ▸ EMPLOYEE CALL LIST + Employee Information Record Form — PII ▸ Insurance data ▸ Tax forms containing SSNs ENGINEERING DATA: ▸ 3,000+ CAD files (.dxf, .stp, .dwg) with client part numbers: 7J314, K2A31, K7K11, V1324, etc. ▸ Complete set of 3D models ▸ Client drawings FINANCIAL DATA: ▸ Sales analysis.mdb (38 MB) — complete sales database ▸ commercial terms ▸ customer segmentation REGULATORY RISKS: ▸ C-TPAT / NAFTA / Certificate of Origin ▸ Conflict Minerals Reporting Template ▸ Supplier Quality Assurance Manual ▸ Probable Mil-Spec specifications The dump contains a full cross-section of the business: from passwords and SSNs to automotive OEM drawings and military specifications. ═════════════════ ═════════════════ ═════════════════",2026-08-15,2026-08-30,False,dabd2c16-5f55-49a2-acd5-28d1de9052f7,2026-09-17_page001.json
dragonforce,GB Group S.A,gbgroup.com,"Route de l'Aéroport, BP 2493 Port au Prince.",1757192421376,1636.51,,"GB Group is one of Haiti’s largest private industrial and trading conglomerates. Headquartered in Port-au-Prince, it operates across nine core industries including construction materials, consumer goods, and energy. Recently, the organization transitioned its corporate identity to B|G|O (Builders of Great Opportunities).","GB Group is one of Haiti’s largest private industrial and trading conglomerates. Headquartered in Port-au-Prince, it operates across nine core industries including construction materials, consumer goods, and energy. Recently, the organization transitioned its corporate identity to B|G|O (Builders of Great Opportunities).",2026-08-11,2026-08-13,False,172d1161-42f6-4f69-89a0-d401a2be2b54,2026-09-17_page001.json
dragonforce,QPC Global,www.qpcglobal.com,1st floor Maple Court M60 Office Park,706707685376,658.17,,"Quest Personal Care Global Ltd is a global company specializing in affordable beauty and personal care products, with over 30 years of experience and a presence in more than 65 countries. They offer a diverse range of innovative brands and products, including skincare, haircare, and fragrance, aimed at helping consumers look and feel their best. The company focuses on speed to market, consumer insights, and sustainable practices, ensuring high-quality products that are both effective and environmentally friendly. Their mission is to simplify beauty for everyone by providing inclusive and trend-led products to retail partners and distributors worldwide","Quest Personal Care Global Ltd is a global company specializing in affordable beauty and personal care products, with over 30 years of experience and a presence in more than 65 countries. They offer a diverse range of innovative brands and products, including skincare, haircare, and fragrance, aimed at helping consumers look and feel their best. The company focuses on speed to market, consumer insights, and sustainable practices, ensuring high-quality products that are both effective and environmentally friendly. Their mission is to simplify beauty for everyone by providing inclusive and trend-led products to retail partners and distributors worldwide",2026-08-10,2026-08-14,False,13482e3f-7d7f-4b88-b6bd-b0e8468b7498,2026-09-17_page001.json
dragonforce,One Community FCU,onecommunityfcu.org,"531 5th Street Parkersburg WV 26101, West Virginia, United States",294320070656,274.11,"{'id': 2, 'tag': 'Chat'}","(UPD: Added additional internal documentation and longer-term customer data. Also included data showing low network security against breaches.) One Community FCU offers a range of financial services, including loans, savings accounts, and online banking solutions. Its products cater to individuals seeking personal, auto, mortgage, and credit card loans, as well as savings and checking accounts. This release includes databases, internal documentation, client data, documents, financial information (including statements clients supplied to One Community FCU from other banks), and documentation on delinquent payments. Additionally, the release contains reports and documentation produced by TraceSecurity LLC (6300 Corporate Blvd, Suite 200, Baton Rouge, LA 70809). TraceSecurity LLC handled security matters for One Community FCU. In our view, that work was inadequate. These shortcomings contributed to the data breach, though they were not the sole cause, so we believe it is necessary to publish them.","(UPD: Added additional internal documentation and longer-term customer data. Also included data showing low network security against breaches.) One Community FCU offers a range of financial services, including loans, savings accounts, and online banking solutions. Its products cater to individuals seeking personal, auto, mortgage, and credit card loans, as well as savings and checking accounts. This release includes databases, internal documentation, client data, documents, financial information (including statements clients supplied to One Community FCU from other banks), and documentation on delinquent payments. Additionally, the release contains reports and documentation produced by TraceSecurity LLC (6300 Corporate Blvd, Suite 200, Baton Rouge, LA 70809). TraceSecurity LLC handled security matters for One Community FCU. In our view, that work was inadequate. These shortcomings contributed to the data breach, though they were not the sole cause, so we believe it is necessary to publish them.",2026-08-05,2026-07-29,False,3b6cb0aa-6d4e-4e99-a0f0-d3caf9a03ee5,2026-09-17_page001.json
dragonforce,Mike Graham Heating And Air Conditioning,mgpcomfort.com,"910 Dana St, Burkburnett, Texas, 76354, United States",57821601792,53.85,,"Mike Graham Heating, Air Conditioning & Plumbing is a trusted HVAC and plumbing service provider based in Wichita Falls, Texas, serving the local community since 1994. The company offers a wide range of services including air conditioning, heating, indoor air quality solutions, and comprehensive plumbing services. Their target clients include homeowners and businesses in Wichita County and surrounding areas, seeking reliable and professional home service assistance. With a commitment to customer satisfaction, they provide upfront estimates, emergency services, and tailored solutions to meet individual needs.","Mike Graham Heating, Air Conditioning & Plumbing is a trusted HVAC and plumbing service provider based in Wichita Falls, Texas, serving the local community since 1994. The company offers a wide range of services including air conditioning, heating, indoor air quality solutions, and comprehensive plumbing services. Their target clients include homeowners and businesses in Wichita County and surrounding areas, seeking reliable and professional home service assistance. With a commitment to customer satisfaction, they provide upfront estimates, emergency services, and tailored solutions to meet individual needs.",2026-08-05,2026-08-09,False,e633d61f-8e85-4f38-884b-56a9fde31cde,2026-09-17_page001.json
dragonforce,P. A. Inc. (Performance Alloys),painc.com,"6626 Gulf Fwy, Houston, Texas, 77087, United States",64563367936,60.13,,"P.A. Inc. is a leading distributor of high nickel alloy and specialty stainless steel piping products, based in Houston, Texas. The company offers a comprehensive inventory of materials including Nickel 200, Alloy 400, Alloy 600, and various titanium grades, catering to industries requiring high-temperature and corrosion-resistant solutions. Their services include custom fabrication and a qualitative specification assurance process to ensure product quality. P.A. Inc. serves clients in sectors such as specialty chemicals, oil and gas, and petrochemicals, providing efficient and effective procurement solutions.","P.A. Inc. is a leading distributor of high nickel alloy and specialty stainless steel piping products, based in Houston, Texas. The company offers a comprehensive inventory of materials including Nickel 200, Alloy 400, Alloy 600, and various titanium grades, catering to industries requiring high-temperature and corrosion-resistant solutions. Their services include custom fabrication and a qualitative specification assurance process to ensure product quality. P.A. Inc. serves clients in sectors such as specialty chemicals, oil and gas, and petrochemicals, providing efficient and effective procurement solutions.",2026-08-05,2026-08-27,False,720bcaea-bde0-4b88-b487-d72bc4d233ce,2026-09-17_page001.json
dragonforce,EduSpa,eduspa.com,"Seokyung Building 1602-2 Seocho-dong Seocho-gu Fl 3, Seoul, South Korea",3850833920,3.59,,"Parkmungak has been operating since 1972, providing a range of services and products tailored to meet the needs of its clients. The company focuses on delivering high-quality solutions and has established a reputation for excellence in its field. With a commitment to innovation and customer satisfaction, Parkmungak aims to serve a diverse clientele. Their offerings include various services designed to enhance user experience and operational efficiency.","Parkmungak has been operating since 1972, providing a range of services and products tailored to meet the needs of its clients. The company focuses on delivering high-quality solutions and has established a reputation for excellence in its field. With a commitment to innovation and customer satisfaction, Parkmungak aims to serve a diverse clientele. Their offerings include various services designed to enhance user experience and operational efficiency.",2026-08-05,2026-08-01,False,9a456609-e7aa-4034-a7de-1645f7c50e6d,2026-09-17_page001.json
dragonforce,Primary Eye Care,primaryeyecareneworleans.com,"1530 N Broad St, New Orleans, Louisiana, 70119, United States",1422233600,1.32,,"We offer a full range of options to meet your eyecare needs. From advanced custom LASIK laser vision correction and cataract surgery to glasses, contact lens fittings and routine eye tests, we can provide the treatment that is right for you.","We offer a full range of options to meet your eyecare needs. From advanced custom LASIK laser vision correction and cataract surgery to glasses, contact lens fittings and routine eye tests, we can provide the treatment that is right for you.",2026-08-05,2026-08-02,False,b7c7a087-21bf-459f-b236-f1018767bacf,2026-09-17_page001.json
dragonforce,TUI China,tui.cn,"Bright China Chang An Building, Tower 2, Unit 921-926 7 Jianguomen Nei Avenue, Beijing",104484663296,97.31,,"An affiliate of TUI Group, the world's number one leisure tourism business, TUI China was established in late 2003 as the first joint venture with foreign majority share in the Chinese tourism industry.","An affiliate of TUI Group, the world's number one leisure tourism business, TUI China was established in late 2003 as the first joint venture with foreign majority share in the Chinese tourism industry. Passports, visas, internal documentation, legal and financial documents, etc.",2026-08-03,2026-09-12,False,eac9b985-c649-480d-815d-805c0c980241,2026-09-17_page001.json
dragonforce,Lamont Pridmore,lamontpridmore.co.uk,"Milburn House 3 Oxford St 3, Workington CA14 2AL, United Kingdom",104847626240,97.65,,"Lamont Pridmore is a leading independent chartered accountancy practice based in Carlisle, Cumbria, and Lancashire, offering a comprehensive range of accountancy, tax, and business advisory services. Their expertise spans various sectors including agriculture, tourism, and family businesses, catering to both individuals and organizations throughout the North of England and Southern Scotland. The firm specializes in services such as asset and wealth management, corporate finance, and tax planning, aiming to support clients in improving their financial performance. The release consists of a single archive that expands to 250 GB of data once unpacked. This includes both internal company documentation and client data containing confidential financial information.","Lamont Pridmore is a leading independent chartered accountancy practice based in Carlisle, Cumbria, and Lancashire, offering a comprehensive range of accountancy, tax, and business advisory services. Their expertise spans various sectors including agriculture, tourism, and family businesses, catering to both individuals and organizations throughout the North of England and Southern Scotland. The firm specializes in services such as asset and wealth management, corporate finance, and tax planning, aiming to support clients in improving their financial performance. The release consists of a single archive that expands to 250 GB of data once unpacked. This includes both internal company documentation and client data containing confidential financial information.",2026-07-31,2026-08-06,False,b6be8d66-388e-4cc3-8e6d-f18008ed955a,2026-09-17_page001.json
dragonforce,www.mbmlawsc.com,www.mbmlawsc.com,"1700 Sunset Blvd. West Columbia, SC 29169 USA",1168032161792,1087.81,,"MBM Law (Moore Bradley Myers) is a South Carolina-based law firm founded in 1971. For over half a century, the firm has represented individuals, families, and businesses across a wide range of legal matters","MBM Law (Moore Bradley Myers) is a South Carolina-based law firm founded in 1971. For over half a century, the firm has represented individuals, families, and businesses across a wide range of legal matters",2026-07-30,2026-08-07,False,7311c4c3-6f5d-42e5-a487-c2d5d5e8410b,2026-09-17_page001.json
dragonforce,RUS Industrial,rusindustrial.com,"16030 Bear Bayou Dr, Channelview, Texas",12245315584,11.4,,"RUS Industrial specializes in heavy industrial construction services, catering to sectors such as chemical refineries, petrochemical plants, oil and gas facilities, and mission-critical data centers.","RUS Industrial specializes in heavy industrial construction services, catering to sectors such as chemical refineries, petrochemical plants, oil and gas facilities, and mission-critical data centers.",2026-07-30,2026-07-02,False,7a02a198-4fa0-47ab-afe0-0b087659af9e,2026-09-17_page001.json
dragonforce,Katathani Phuket Beach Resort,www.katathani.com,"14 Kata Noi Road, Karon, Muang, Phuket 83100 Thailand",409786851328,381.64,,"Katathani Phuket Beach Resort is a luxury beachfront resort located on Kata Noi Beach in Phuket, Thailand, offering a range of accommodations from suites to family-friendly rooms. The resort features world-class amenities including multiple dining options, a spa, fitness facilities, and a kids club, catering to couples, families, and solo travelers alike. Guests can enjoy stunning ocean views, direct beach access, and a variety of recreational activities, ensuring a memorable stay in a tranquil setting. With its commitment to providing exceptional service and a serene atmosphere, Katathani is an ideal destination for those seeking relaxation and luxury in paradise.","Katathani Phuket Beach Resort is a luxury beachfront resort located on Kata Noi Beach in Phuket, Thailand, offering a range of accommodations from suites to family-friendly rooms. The resort features world-class amenities including multiple dining options, a spa, fitness facilities, and a kids club, catering to couples, families, and solo travelers alike. Guests can enjoy stunning ocean views, direct beach access, and a variety of recreational activities, ensuring a memorable stay in a tranquil setting. With its commitment to providing exceptional service and a serene atmosphere, Katathani is an ideal destination for those seeking relaxation and luxury in paradise. We took all the database files related to customer relationships, which contained a large amount of sensitive information, such as names, passport numbers, and other details 1.5T used in 33023 directories, 299789 files",2026-07-27,2026-08-05,False,8289671c-c761-48b7-833b-f75f83d4b7b8,2026-09-17_page001.json
dragonforce,Deluxe Medical Supply,deluxemedical.com,"7950 University Ave Ste B, La Mesa, California, 91942, United States",460330917888,428.72,,"Deluxe Medical Supply is a distributor of healthcare supplies that focuses on delivering quality home healthcare products and services. They provide a wide range of medical equipment, including mobility aids, incontinence supplies, and compression therapy garments, aimed at restoring independence and confidence for their clients. Their knowledgeable staff is dedicated to offering fast and efficient service to both patients and medical professionals. The company intends to serve individuals needing home healthcare solutions while ensuring affordable options and high-quality products.","Deluxe Medical Supply is a distributor of healthcare supplies that focuses on delivering quality home healthcare products and services. They provide a wide range of medical equipment, including mobility aids, incontinence supplies, and compression therapy garments, aimed at restoring independence and confidence for their clients. Their knowledgeable staff is dedicated to offering fast and efficient service to both patients and medical professionals. The company intends to serve individuals needing home healthcare solutions while ensuring affordable options and high-quality products.",2026-07-26,2026-07-29,False,23ed9672-4fc8-4c75-ba59-f6e5d34941e2,2026-09-17_page002.json
dragonforce,Syntron Bioresearch,syntron.net,"2774 Loker Ave W, Carlsbad, California, 92010, United States",143384559616,133.54,,"Syntron Bioresearch, Inc. specializes in manufacturing rapid in vitro diagnostic tests and detection readers, focusing on fertility and over-the-counter tests for ovulation and pregnancy. The company is licensed as a Medical Device Establishment by the US FDA and the State of California Department of Health Services, and is ISO certified. Their intended clients include healthcare providers and individuals seeking reliable diagnostic solutions. Syntron is committed to meeting the needs of its customers with high-quality products and services.","Syntron Bioresearch, Inc. specializes in manufacturing rapid in vitro diagnostic tests and detection readers, focusing on fertility and over-the-counter tests for ovulation and pregnancy. The company is licensed as a Medical Device Establishment by the US FDA and the State of California Department of Health Services, and is ISO certified. Their intended clients include healthcare providers and individuals seeking reliable diagnostic solutions. Syntron is committed to meeting the needs of its customers with high-quality products and services.",2026-07-26,2026-07-29,False,e3e9a2e3-d642-49b5-963b-42cce1b49a6d,2026-09-17_page002.json
dragonforce,ID engineering,id-engineering.com,Vasco-da-Gama-Str. 8 D-53881 Euskirchen,298555150336,278.05,,"ID Engineering & Automated Systems is a machine builder and integrator with over 50 years of combined experience, established in 2002. The company specializes in producing quality, turn-key equipment and offers both stand-alone equipment and fully robotic work cells. With a strong focus on quality, reliability, and operator ergonomics, they cater to the manufacturing industry by meeting demands for safety and process control. Their commitment to competitive pricing and on-time delivery, along with a dedicated workforce, underscores their success in the field.","ID Engineering & Automated Systems is a machine builder and integrator with over 50 years of combined experience, established in 2002. The company specializes in producing quality, turn-key equipment and offers both stand-alone equipment and fully robotic work cells. With a strong focus on quality, reliability, and operator ergonomics, they cater to the manufacturing industry by meeting demands for safety and process control. Their commitment to competitive pricing and on-time delivery, along with a dedicated workforce, underscores their success in the field.",2026-07-24,2026-07-21,False,c19d8971-6581-4a3b-9dec-76e53794edc1,2026-09-17_page002.json
dragonforce,Koshkaryan Law Group,koshlaw.com,"13245 Riverside Dr Ste 400, Sherman Oaks, California, 91423, United States",400210120704,372.72,,"Koshkaryan Law Group is a legal firm specializing in personal injury and criminal defense cases. They prioritize client service and provide personalized attention to ensure favorable outcomes for their clients. The firm offers free initial consultations and is dedicated to keeping clients informed about their legal options. With a strong track record of recovering over $138 million for clients, they aim to advocate vigorously on behalf of those they represent.","Koshkaryan Law Group is a legal firm specializing in personal injury and criminal defense cases. They prioritize client service and provide personalized attention to ensure favorable outcomes for their clients. The firm offers free initial consultations and is dedicated to keeping clients informed about their legal options. With a strong track record of recovering over $138 million for clients, they aim to advocate vigorously on behalf of those they represent.",2026-07-22,2026-07-26,False,877bb86e-24f9-4685-bbe4-6589ae2725b6,2026-09-17_page002.json
dragonforce,Baicizhan,www.baicizhan.com,www.baicizhan.com,271058472960,252.44,,Baicizhan is a language learning platform specializing in English instruction. It offers a wide range of tools and resources designed to help users overcome the challenges of learning English.,Baicizhan is a language learning platform specializing in English instruction. It offers a wide range of tools and resources designed to help users overcome the challenges of learning English.,2026-07-21,2026-07-21,False,2cef3ae9-229a-4e1b-9434-9abfe97ba161,2026-09-17_page002.json
dragonforce,NewNet,newnetsa.com,"52d-19 Calle 79, Medellin, Antioquia",47023968256,43.79,,"NewNet S.A. is a Colombian company specializing in managing IT risks, offering advanced and personalized data protection services. Their extensive range of services includes information security, cybersecurity, business continuity, and governance, risk, and compliance (GRC) solutions. They cater to various sectors, providing consulting, technology, and managed services to ensure optimal IT operations for their clients. With a commitment to quality and collaboration with recognized manufacturers, NewNet S.A. has been delivering reliable and secure technology solutions since 1996","NewNet S.A. is a Colombian company specializing in managing IT risks, offering advanced and personalized data protection services. Their extensive range of services includes information security, cybersecurity, business continuity, and governance, risk, and compliance (GRC) solutions. They cater to various sectors, providing consulting, technology, and managed services to ensure optimal IT operations for their clients. With a commitment to quality and collaboration with recognized manufacturers, NewNet S.A. has been delivering reliable and secure technology solutions since 1996",2026-07-18,2026-08-03,False,6f4e3a42-0adb-422b-ba3e-5bd972e17938,2026-09-17_page002.json
dragonforce,Sinai Grand Casino,www.sinaigrandcasino.com,"Peace Rd, Sharm el-Sheikh, South Sinai, Egypt",1370544427008,1276.42,,"Sinai Grand Casino is the premier casino in the Middle East, offering a luxurious gaming experience with a variety of games including roulette, blackjack, and poker. The casino provides 24/7 services, entertainment shows, and dining options, making it a top destination for visitors in Sharm El Sheikh. It caters primarily to international tourists, as Egyptian nationals are not permitted to enter due to government regulations. With a commitment to exceptional customer service, Sinai Grand Casino also offers complimentary transportation for qualified players and guests.","Sinai Grand Casino is the premier casino in the Middle East, offering a luxurious gaming experience with a variety of games including roulette, blackjack, and poker. The casino provides 24/7 services, entertainment shows, and dining options, making it a top destination for visitors in Sharm El Sheikh. It caters primarily to international tourists, as Egyptian nationals are not permitted to enter due to government regulations. With a commitment to exceptional customer service, Sinai Grand Casino also offers complimentary transportation for qualified players and guests.",2026-07-16,2026-07-23,False,989c5e3a-598c-409e-b299-ed842bc4a698,2026-09-17_page002.json
dragonforce,Petrini Valores,www.petrini.com.ar,"Cordoba, Cordoba Province, 5000, Argentina",138570424320,129.05,,"Petrini Valores S.A. specializes in personalized wealth management and financial planning, offering tailored financial solutions for individuals, families, and businesses. They provide private banking services, corporate solutions, and sales & trading expertise, ensuring clients can access both local and international markets. The company focuses on creating customized portfolios aligned with clients' profiles and objectives, utilizing innovative strategies and technology. With a commitment to exploring capital market opportunities, Petrini Valores aims to deliver flexible and disruptive financial strategies.","Petrini Valores S.A. specializes in personalized wealth management and financial planning, offering tailored financial solutions for individuals, families, and businesses. They provide private banking services, corporate solutions, and sales & trading expertise, ensuring clients can access both local and international markets. The company focuses on creating customized portfolios aligned with clients' profiles and objectives, utilizing innovative strategies and technology. With a commitment to exploring capital market opportunities, Petrini Valores aims to deliver flexible and disruptive financial strategies.",2026-07-16,2026-07-23,False,c7a0279c-a105-4324-a7ee-ce72ba0ae329,2026-09-17_page002.json
dragonforce,Kee Wah Bakery,www.keewah.com,"3/F, Kee Wah Industrial Building, 666 Castle Peak Road, Cheung Sha Wan, Kowloon, Hong Kong",397252444160,369.97,,"Kee Wah Bakery specializes in traditional and innovative baked goods, offering a wide range of products including mooncakes, festive treats, and gift items. The company prides itself on using high-quality ingredients and advanced techniques to create its renowned products. Targeting both individual consumers and corporate clients, Kee Wah Bakery also provides promotional offers and a membership program for added benefits. With a commitment to quality and tradition, the brand continues to uphold its legacy in the baking industry.","Kee Wah Bakery specializes in traditional and innovative baked goods, offering a wide range of products including mooncakes, festive treats, and gift items. The company prides itself on using high-quality ingredients and advanced techniques to create its renowned products. Targeting both individual consumers and corporate clients, Kee Wah Bakery also provides promotional offers and a membership program for added benefits. With a commitment to quality and tradition, the brand continues to uphold its legacy in the baking industry.",2026-07-16,2026-07-23,False,bbca2373-ee63-4a48-91a5-9d70a5c142f0,2026-09-17_page002.json
dragonforce,Heritage Mechanical LLC,heritagemechanical-llc.com,"2134 Espey Court, Suite 7 Crofton, MD 21114",111157985280,103.52,,"Built on a family legacy of proud steamfitters dating back to over 100 years, Heritage Mechanical was established in 2012 to provide quality mechanical service to the commercial construction industry. Opening its doors with only three employees and a master plan, the company has since grown rapidly to become one of the fastest growing mechanical construction firms serving the DMV.","Built on a family legacy of proud steamfitters dating back to over 100 years, Heritage Mechanical was established in 2012 to provide quality mechanical service to the commercial construction industry. Opening its doors with only three employees and a master plan, the company has since grown rapidly to become one of the fastest growing mechanical construction firms serving the DMV.",2026-07-15,2026-07-22,False,b3dd9277-35e9-4698-8a7a-144bdf89a688,2026-09-17_page002.json
dragonforce,Stephens Precision,stephensprecision.com,"293 Industrial Dr, Bradford, Vermont, 05033, United States",70273245184,65.45,,"Stephens Precision, Inc. is a versatile HUBZone manufacturing facility in Vermont, specializing in the machining of mechanical assemblies, components, and tooling for aerospace, defense, commercial, and research sectors. As a Woman-Owned Small Business, they offer solutions from prototype to volume production, emphasizing lean manufacturing and cost control through various programs. The company prides itself on achieving 100% quality and delivery ratings from major clients like Boeing and GE Aviation. With a commitment to quality and a skilled workforce, they provide precision machined parts and a wide range of materials, ensuring strong partnerships with their clients.","Stephens Precision, Inc. is a versatile HUBZone manufacturing facility in Vermont, specializing in the machining of mechanical assemblies, components, and tooling for aerospace, defense, commercial, and research sectors. As a Woman-Owned Small Business, they offer solutions from prototype to volume production, emphasizing lean manufacturing and cost control through various programs. The company prides itself on achieving 100% quality and delivery ratings from major clients like Boeing and GE Aviation. With a commitment to quality and a skilled workforce, they provide precision machined parts and a wide range of materials, ensuring strong partnerships with their clients.",2026-07-15,2026-07-20,False,a388f700-9866-41dd-876a-e0df581209a7,2026-09-17_page002.json
dragonforce,Shillen Mackall & Seldon,promotingjustice.com,"217-10 Maxham Meadow Way Ste 2A, Woodstock, Vermont, 05091, United States",1276430290944,1188.77,,"Shillen Mackall Seldon Spicer & Fraas is a law firm dedicated to representing personal injury victims primarily in Vermont, New Hampshire, and Florida since 1980. They offer legal services for a wide range of personal injury cases, including car accidents, medical malpractice, and workers' compensation. The firm is committed to providing compassionate legal counsel and fighting for the rights of clients facing physical, emotional, and financial challenges after accidents. With a team of experienced attorneys, they strive to secure maximum compensation for their clients while ensuring a supportive and understanding environment.","Shillen Mackall Seldon Spicer & Fraas is a law firm dedicated to representing personal injury victims primarily in Vermont, New Hampshire, and Florida since 1980. They offer legal services for a wide range of personal injury cases, including car accidents, medical malpractice, and workers' compensation. The firm is committed to providing compassionate legal counsel and fighting for the rights of clients facing physical, emotional, and financial challenges after accidents. With a team of experienced attorneys, they strive to secure maximum compensation for their clients while ensuring a supportive and understanding environment.",2026-07-15,2026-07-19,False,44f4c161-ceec-4599-8f03-6eea8c4e4ea7,2026-09-17_page002.json
dragonforce,Hughes Atwood & Mullaly pllc,hsh-law.com,"30 Bank St Ste 3, Lebanon, New Hampshire, 03766, United States",487279849472,453.81,,"Hughes Atwood & Mullaly PLLC is a full-service law firm that offers professional legal services to individuals, businesses, and institutions in the Upper Valley Region of New Hampshire and Vermont. The firm specializes in various practice areas including Business Law, Civil Litigation, Criminal Law, Estate Planning, Real Estate, Divorce Law, Municipal Law, Collections, and Landlord-Tenant issues. Their experienced attorneys are dedicated to providing caring legal support tailored to their clients' needs. The firm does not solicit legal business from clients in jurisdictions where they are not licensed to practice.","Hughes Atwood & Mullaly PLLC is a full-service law firm that offers professional legal services to individuals, businesses, and institutions in the Upper Valley Region of New Hampshire and Vermont. The firm specializes in various practice areas including Business Law, Civil Litigation, Criminal Law, Estate Planning, Real Estate, Divorce Law, Municipal Law, Collections, and Landlord-Tenant issues. Their experienced attorneys are dedicated to providing caring legal support tailored to their clients' needs. The firm does not solicit legal business from clients in jurisdictions where they are not licensed to practice.",2026-07-15,2026-07-20,False,a6b51e12-3d64-4267-a3b7-697c95a787b4,2026-09-17_page002.json
dragonforce,North Atlantic Engineering Consultants,northatlantic.bw,"1278 Luthuli Rd, Floor 2, Gaborone, 40277, Botswana",13660254208,12.72,,"Established in the early 1980's North Atlantic Engineering Consultants has since inception conscientiously led the way with holistic sustainable energy solutions and responsible engineering practice. With a human resource base of professionals of the highest calibre, who are qualified and experienced in project design, co-ordination and management, the firm has grown steadily over the years with a steadfast commitment to quality and cutting-edge design, establishing itself as a trend setter in the field of sustainable building services engineering.","Established in the early 1980's North Atlantic Engineering Consultants has since inception conscientiously led the way with holistic sustainable energy solutions and responsible engineering practice. With a human resource base of professionals of the highest calibre, who are qualified and experienced in project design, co-ordination and management, the firm has grown steadily over the years with a steadfast commitment to quality and cutting-edge design, establishing itself as a trend setter in the field of sustainable building services engineering.",2026-07-15,2026-08-11,False,56d4e3ab-85a8-480f-8b8a-9a3f74036dc8,2026-09-17_page002.json
dragonforce,Metro Design Cente,metrodesigncenter.com,"1206 Sherman St Unit A, Allentown, Pennsylvania, 18109",18090909696,16.85,,"Metro Design Center offers a variety of design ideas through its room settings, creating an experience reminiscent of Architectural Digest. The center is conveniently located in the Lehigh Valley, making it accessible to a wide range of clients","Metro Design Center offers a variety of design ideas through its room settings, creating an experience reminiscent of Architectural Digest. The center is conveniently located in the Lehigh Valley, making it accessible to a wide range of clients",2026-07-15,2026-07-14,False,49336a64-38c9-4305-b7ee-3b2ccfa9698c,2026-09-17_page002.json
dragonforce,Southport Outdoor Living,southportoutdoor.com,"1296 Castlefield Ave, Toronto, Ontario, M6B 4B3",22783983616,21.22,,"Southport Outdoor Living is a Canadian company established in 2008, specializing in outdoor patio furniture. They offer a wide range of products including lounge furniture, dining sets, grills, umbrellas, and custom cushions, all with a focus on quality and thoughtful design. Their services include design consultation and a commitment to supporting local suppliers by providing Canadian-made products. The company aims to deliver exceptional value and reliable service to clients in Toronto, Woodbridge, and Vaughan.","Southport Outdoor Living is a Canadian company established in 2008, specializing in outdoor patio furniture. They offer a wide range of products including lounge furniture, dining sets, grills, umbrellas, and custom cushions, all with a focus on quality and thoughtful design. Their services include design consultation and a commitment to supporting local suppliers by providing Canadian-made products. The company aims to deliver exceptional value and reliable service to clients in Toronto, Woodbridge, and Vaughan.",2026-07-15,2026-07-14,False,ca8899be-9289-4e32-8661-8fc3d9fe6a14,2026-09-17_page002.json
dragonforce,Graphic International Centre,www.graphicint.com,"727 Hamdan Bin Mohammed St, Abu Dhabi, United Arab Emirates",781501669376,727.83,,"Graphic International Centre LLC (GIC) has been providing top-tier printing solutions and office automation products in the UAE since 1982. The company specializes in managed print services, large format printing, and a variety of office accessories, catering to diverse sectors including hospitality, education, oil & gas, and retail. GIC is committed to empowering creativity with high-quality products like Copic markers and advanced printing technologies. With a focus on exceptional customer support, GIC aims to meet the evolving needs of its clients through innovative and technology-driven solutions.","Graphic International Centre LLC (GIC) has been providing top-tier printing solutions and office automation products in the UAE since 1982. The company specializes in managed print services, large format printing, and a variety of office accessories, catering to diverse sectors including hospitality, education, oil & gas, and retail. GIC is committed to empowering creativity with high-quality products like Copic markers and advanced printing technologies. With a focus on exceptional customer support, GIC aims to meet the evolving needs of its clients through innovative and technology-driven solutions.",2026-07-14,2026-07-22,False,7b04f500-495d-40dc-b4af-4755255b146b,2026-09-17_page002.json
dragonforce,SITAV SpA,www.sitav.eu,Viale Bianca Maria 35 20122 Milano (MI),440018649088,409.8,,"SITAV specializes in the construction, maintenance, revision, and restoration of trains and railway vehicles, ensuring maximum efficiency for high-speed trains, regional transport carriages, trams, and subways. The company has been operational since its founding, providing corrective and ordinary maintenance services primarily for Trenitalia. With a focus on innovation and safety, SITAV employs a team of experts and advanced technologies to guarantee that every vehicle is in perfect operational condition. Their services also include revamping, which modernizes existing trains to enhance the travel experience.","SITAV specializes in the construction, maintenance, revision, and restoration of trains and railway vehicles, ensuring maximum efficiency for high-speed trains, regional transport carriages, trams, and subways. The company has been operational since its founding, providing corrective and ordinary maintenance services primarily for Trenitalia. With a focus on innovation and safety, SITAV employs a team of experts and advanced technologies to guarantee that every vehicle is in perfect operational condition. Their services also include revamping, which modernizes existing trains to enhance the travel experience.",2026-07-14,2026-07-22,False,639ab14a-fdcd-4e32-be98-d16c626fbebe,2026-09-17_page002.json
dragonforce,Edison Global Networks Limited,www.edisongn.com,"05, 8/F, Telford House,16 Wang Hoi Road, Kowloon Bay,Hong Kong",297999986688,277.53,,"Edison Global Networks Limited is a Hong Kong-based IT system integrator and managed service provider with regional offices in Shenzhen, Shanghai, and Beijing. They specialize in cloud solutions, network infrastructure, disaster recovery, global data center services, and communication systems.","Edison Global Networks Limited is a Hong Kong-based IT system integrator and managed service provider with regional offices in Shenzhen, Shanghai, and Beijing. They specialize in cloud solutions, network infrastructure, disaster recovery, global data center services, and communication systems.",2026-07-14,2026-07-22,False,dc4e608f-e9fc-48c8-93f9-d4fd52dadbec,2026-09-17_page002.json
dragonforce,Road Ahead Technologies Consultant,ratc.com.cn,"88-11號 光復路一段 8楼, Xinbei, Taiwan, China",128300347392,119.49,,"马路科技 specializes in advanced 3D scanning and measurement solutions, offering a range of products including GOM ATOS 3D scanners, industrial CT systems, and 3D printers. They serve various industries such as automotive, aerospace, and medical devices, providing high-precision measurement and reverse engineering services. As the authorized distributor for ZEISS in China, they ensure high-quality products and support for their clients. Their services also include software solutions for quality management and 3D data analysis","马路科技 specializes in advanced 3D scanning and measurement solutions, offering a range of products including GOM ATOS 3D scanners, industrial CT systems, and 3D printers. They serve various industries such as automotive, aerospace, and medical devices, providing high-precision measurement and reverse engineering services. As the authorized distributor for ZEISS in China, they ensure high-quality products and support for their clients. Their services also include software solutions for quality management and 3D data analysis",2026-07-14,2026-07-22,False,59b86793-648f-4822-8c06-61485a57ac1a,2026-09-17_page002.json
dragonforce,Ifage,www.ifage.ch,"19 place des Augustins 1205 Genève, Switzerland",913189081088,850.47,,"Ifage is a foundation based in Geneva dedicated to the continuous education and professional development of adults. It offers a wide range of courses in languages, management, administration, industry, construction, and new technologies. The foundation serves individuals seeking to enhance their skills and obtain recognized certifications, including federal diplomas and international certificates. Its clients include professionals looking to advance their careers and companies seeking training solutions for their employees.","Ifage is a foundation based in Geneva dedicated to the continuous education and professional development of adults. It offers a wide range of courses in languages, management, administration, industry, construction, and new technologies. The foundation serves individuals seeking to enhance their skills and obtain recognized certifications, including federal diplomas and international certificates. Its clients include professionals looking to advance their careers and companies seeking training solutions for their employees.",2026-07-14,2026-07-21,False,81b39124-4df9-4825-b410-581d859de945,2026-09-17_page002.json
dragonforce,Omax Autos,www.omaxauto.com,"26, 4-Bays, Institutional Area,Sector - 32, Gurgaon, Haryana, India, 122001",386708893696,360.15,,"OMAX Autos Limited is a leading manufacturer of sheet metal components, specializing in the production of auto and non-auto components. The company serves various sectors, including commercial vehicles, passenger cars, and railways, with a focus on innovative design and manufacturing solutions. OMAX is committed to bridging the gap between human and technology, evolving from a manufacturing to an engineering company. Their mission emphasizes a performance-driven culture and respect for intellectual property.","OMAX Autos Limited is a leading manufacturer of sheet metal components, specializing in the production of auto and non-auto components. The company serves various sectors, including commercial vehicles, passenger cars, and railways, with a focus on innovative design and manufacturing solutions. OMAX is committed to bridging the gap between human and technology, evolving from a manufacturing to an engineering company. Their mission emphasizes a performance-driven culture and respect for intellectual property.",2026-07-14,2026-07-21,False,e97e4acb-8587-423d-afa3-e4dc8fdb22dd,2026-09-17_page002.json
dragonforce,Midal Cables,www.midalcable.com,"Building No. 744, Road No. 5128, Block No. 951, Askar P.O. Box 5939, Kingdom of Bahrain",355681312768,331.25,,"Founded in 1977, Midal Cables manufactures alluminum rods and wires, overhead line conductors, aluminum clad steel and extruded products. Midal Cables has offices located in Bahrain, London, Toronto, Kuala Lampur and Nairobi.","Founded in 1977, Midal Cables manufactures alluminum rods and wires, overhead line conductors, aluminum clad steel and extruded products. Midal Cables has offices located in Bahrain, London, Toronto, Kuala Lampur and Nairobi.",2026-07-14,2026-07-22,False,1cca878f-d73a-45df-bc04-d0413369432a,2026-09-17_page002.json
dragonforce,Atcom,www.atcomm.cn,"Floor 3A, Building A (North), Zhongjin Shanghai Mansion, No.568 Bocheng Road, Pudong New District, Shanghai.",421933469696,392.96,,"ATCOM Technology Co., LTD. specializes in manufacturing VoIP products, including various types of IP phones and IP PBX systems. They offer a range of solutions such as self-built VoIP, cloud VoIP, call center VoIP, and Wi-Fi VoIP solutions tailored for enterprises. Their focus is on creating value for customers through innovative products and excellent service. The intended clients include businesses looking for reliable and efficient communication systems.","ATCOM Technology Co., LTD. specializes in manufacturing VoIP products, including various types of IP phones and IP PBX systems. They offer a range of solutions such as self-built VoIP, cloud VoIP, call center VoIP, and Wi-Fi VoIP solutions tailored for enterprises. Their focus is on creating value for customers through innovative products and excellent service. The intended clients include businesses looking for reliable and efficient communication systems.",2026-07-14,2026-07-21,False,e14ea058-9e63-4d6e-b0c2-2b6baf9065c2,2026-09-17_page002.json
dragonforce,Intron Technology Holdings,www.intron-tech.com,"Delta House unit 1008-10 On Yiu St 10/f 3, Sha Tin, Sha Tin, China",580149313536,540.31,,"Intron Technology Holdings Limited is a fast-growing automotive electronics solutions provider in China focuses on providing solutions targeting critical automotive electronic components applied in New Energy, Body Control, Safety and Powertrain systems. The Group utilizes its research and development and engineering capabilities to provide solutions incorporating advanced semiconductor devices to help OEMs achieve industry leading performance.","Intron Technology Holdings Limited is a fast-growing automotive electronics solutions provider in China focuses on providing solutions targeting critical automotive electronic components applied in New Energy, Body Control, Safety and Powertrain systems. The Group utilizes its research and development and engineering capabilities to provide solutions incorporating advanced semiconductor devices to help OEMs achieve industry leading performance.",2026-07-14,2026-07-21,False,8d68afdb-9f29-4d4a-941d-3a312b899536,2026-09-17_page003.json
dragonforce,Isegen South Africa (Pty) Ltd,www.isegen.co.za,"Isegen South Africa (Pty) Ltd 284 refinery Drive Sapref, Isipingo Beach 4115",251927969792,234.63,,Isegen South Africa (Pty) Ltd is a South African chemical company founded in 1974. It is the sole producer of certain chemical products in South Africa.,Isegen South Africa (Pty) Ltd is a South African chemical company founded in 1974. It is the sole producer of certain chemical products in South Africa. Data that will be published: Corporate correspondence Passport / personal identification data Contracts Certificates Intellectual property data And other related information,2026-07-14,2026-08-05,False,a48fc159-10de-423a-a16b-7fa21b9bdb81,2026-09-17_page003.json
dragonforce,asimar.com,asimar.com,"Asian Marine Services Public Co., Ltd. 128 Moo 3 Suksawad Rd, Laemfapa, Prasamutjedee, Samutprakarn, 10290, Thailand",68844081152,64.12,,"Asimar | Asian Marine Service PCL is a leading shipyard in Thailand with over 35 years of experience in the shipbuilding and repair industry. The company specializes in ship repair, ship building, steel fabrication, and engineering services for marine, offshore, and onshore sectors. Committed to quality and timely delivery, Asimar aims to achieve ultimate client satisfaction while adhering to classification society standards. Established in 1981, Asimar has evolved from a marine survey company to a prominent player in the ship repair services market.","Asimar | Asian Marine Service PCL is a leading shipyard in Thailand with over 35 years of experience in the shipbuilding and repair industry. The company specializes in ship repair, ship building, steel fabrication, and engineering services for marine, offshore, and onshore sectors. Committed to quality and timely delivery, Asimar aims to achieve ultimate client satisfaction while adhering to classification society standards. Established in 1981, Asimar has evolved from a marine survey company to a prominent player in the ship repair services market.",2026-07-14,2026-04-27,False,927c723b-c1df-46f6-953a-9f8505bcc6e2,2026-09-17_page003.json
dragonforce,Northeast Rescue Systems,northeastrescue.com,northeastrescue.com,27066830848,25.21,,"Northeast Rescue Systems is a dedicated provider of specialized rescue, safety, and protective equipment serving emergency services and industrial safety communities throughout the New England region. The company is known for supplying a wide selection of highquality gear, including protective clothing, technical rescue tools, detection instruments, and missioncritical hardware tailored to the demanding needs of first responders and safety professionals. With a focus on reliability, expert guidance, and personalized service, Northeast Rescue Systems supports teams that operate in hazardous environments by equipping them with trusted products from reputable manufacturers and fostering strong relationships built on professionalism and trust","Northeast Rescue Systems is a dedicated provider of specialized rescue, safety, and protective equipment serving emergency services and industrial safety communities throughout the New England region. The company is known for supplying a wide selection of highquality gear, including protective clothing, technical rescue tools, detection instruments, and missioncritical hardware tailored to the demanding needs of first responders and safety professionals. With a focus on reliability, expert guidance, and personalized service, Northeast Rescue Systems supports teams that operate in hazardous environments by equipping them with trusted products from reputable manufacturers and fostering strong relationships built on professionalism and trust",2026-07-13,2026-06-18,False,872e1a75-79c6-4adf-b533-bc796676b244,2026-09-17_page003.json
dragonforce,Nicholson y Cano Abogados,www.nicholsonycano.com.ar,"140 San Martín, Buenos Aires, Buenos Air",372554268672,346.97,,"Nicholson y Cano is a leading full-service law firm in Argentina, established in 1976, with a team of 29 partners and over 150 lawyers. The firm provides exceptional legal services to both local and international clients across all sectors of the economy, focusing on strategic solutions that drive business success. With expertise in 20 practice areas, they handle complex legal matters and transactions. Their commitment to client success is reflected in their personalized attention and innovative approaches.","Nicholson y Cano is a leading full-service law firm in Argentina, established in 1976, with a team of 29 partners and over 150 lawyers. The firm provides exceptional legal services to both local and international clients across all sectors of the economy, focusing on strategic solutions that drive business success. With expertise in 20 practice areas, they handle complex legal matters and transactions. Their commitment to client success is reflected in their personalized attention and innovative approaches.",2026-07-13,2026-07-08,False,dde8ad3c-5650-48f2-bd90-cb786567b52b,2026-09-17_page003.json
dragonforce,www.twtci.com Trans World Trading,twtci.com,"Contact Us Don Pablo Building, 114 Amorsolo Street, San Lorenzo, Makati City, Philippines 1223",5167804416,4.81,,"Trans World Trading Company, Inc. is a leading business conglomerate in the Philippines, recognized for its trust and reliability since 1946. The company specializes in providing sustainable material solutions through its divisions in plastics, chemicals, industrial products, and agrochemicals. With a strong commitment to integrating global innovations with local expertise, it serves various industries across the nation. Trans World continues to expand its operations and influence, shaping the future of the Philippine industry","Trans World Trading Company, Inc. is a leading business conglomerate in the Philippines, recognized for its trust and reliability since 1946. The company specializes in providing sustainable material solutions through its divisions in plastics, chemicals, industrial products, and agrochemicals. With a strong commitment to integrating global innovations with local expertise, it serves various industries across the nation. Trans World continues to expand its operations and influence, shaping the future of the Philippine industry",2026-07-13,2026-01-21,False,45c18967-51db-4181-97c5-6a0d59ab1122,2026-09-17_page003.json
dragonforce,degeremcia.com,degeremcia.net,"Guayaquil, Guayas, Ecuador",38988800000,36.31,,"DEGEREMCIA is a food operator that is dedicated to the production, distribution and sale of prepared food. It operates mainly through its own chain of fast-food stores; its main brands include Naturissimo and Soldia.","DEGEREMCIA is a food operator that is dedicated to the production, distribution and sale of prepared food. It operates mainly through its own chain of fast-food stores; its main brands include Naturissimo and Soldia.",2026-07-13,2026-02-11,False,f23e19db-7e99-4185-9673-3ef7cf7a8c17,2026-09-17_page003.json
dragonforce,STEP Oiltools,stepoiltools.com,"50 Kurnall Rd, Perth 6106, Western Australia, Australia",56278515712,52.41,,"STEP Oiltools is a leading global provider of solids control and drilling waste management services, primarily serving the oil and gas and civil engineering industries. The company offers a range of products including mini separation systems, modular recyclers, and dewatering systems, aimed at enhancing efficiency and sustainability in drilling operations. With a commitment to health and safety, STEP Oiltools has received recognition for its high standards in workplace safety. Their clientele includes major players in the energy sector, civil construction, and water treatment markets.","STEP Oiltools is a leading global provider of solids control and drilling waste management services, primarily serving the oil and gas and civil engineering industries. The company offers a range of products including mini separation systems, modular recyclers, and dewatering systems, aimed at enhancing efficiency and sustainability in drilling operations. With a commitment to health and safety, STEP Oiltools has received recognition for its high standards in workplace safety. Their clientele includes major players in the energy sector, civil construction, and water treatment markets.",2026-07-12,2026-07-18,False,2aedf0cd-9031-4333-aa3b-3b775041d7d3,2026-09-17_page003.json
dragonforce,Al - Saidi Factory,alsaidi.com,"3040, 7526, Dammam 34327, Dammam 2nd Industrial City, Saudi Arabia",124063608832,115.54,,"Al Saidi Al Saidi Trading and Industry is a prominent group of companies providing tailored chemical and logistics solutions primarily for clients in the Middle East. They offer a comprehensive range of global logistics services, including supply chain management and freight forwarding, designed to enhance business efficiency. Additionally, the company specializes in manufacturing chemicals for the Oil & Gas and petrochemical industries, focusing on reliability and sustainability. With a commitment to high-quality, environmentally friendly products, Al Saidi aims to support clients in maximizing their operational effectiveness.","Al Saidi Al Saidi Trading and Industry is a prominent group of companies providing tailored chemical and logistics solutions primarily for clients in the Middle East. They offer a comprehensive range of global logistics services, including supply chain management and freight forwarding, designed to enhance business efficiency. Additionally, the company specializes in manufacturing chemicals for the Oil & Gas and petrochemical industries, focusing on reliability and sustainability. With a commitment to high-quality, environmentally friendly products, Al Saidi aims to support clients in maximizing their operational effectiveness.",2026-07-12,2026-07-18,False,7dc6bb41-0cc2-4c0a-8b60-dffc1a57317a,2026-09-17_page003.json
dragonforce,The Schuett Companies,www.schuettcares.com,"9000 Golden Valley Rd, Golden Valley, Minnesota, 55427, United States",104044220416,96.9,,"The Schuett Companies, Inc. is a family-owned business with over 50 years of experience specializing in affordable housing for seniors, individuals with disabilities, and families. They manage approximately 1,600 housing units across Minnesota, North Dakota, and South Dakota. Since 1968, they have also offered Home Health Care services through their CompassionCare program, ensuring residents can age in place comfortably. The company's commitment to providing a supportive community emphasizes the importance of a stable home for a healthy life.","The Schuett Companies, Inc. is a family-owned business with over 50 years of experience specializing in affordable housing for seniors, individuals with disabilities, and families. They manage approximately 1,600 housing units across Minnesota, North Dakota, and South Dakota. Since 1968, they have also offered Home Health Care services through their CompassionCare program, ensuring residents can age in place comfortably. The company's commitment to providing a supportive community emphasizes the importance of a stable home for a healthy life.",2026-07-10,2026-06-27,False,d08d0ea2-3184-4606-8198-38fd270460a4,2026-09-17_page003.json
dragonforce,Access Equipment Hire,www.accessgroup.net.au,"22 Enterprise Ct, Canning Vale",45228437504,42.12,,"Access Group International is a leading privately owned provider of access, material handling, power generation, and construction equipment. The company is dedicated to safety, performance, and reliability, serving Australia's demanding industries with dependable equipment and expertise. Their integrated services include maintenance, OEM manufacturing, transport, logistics, and workforce solutions, allowing for seamless project support. With a focus on adaptability and tailored solutions, Access Group International is a trusted partner for projects of all sizes.","Access Group International is a leading privately owned provider of access, material handling, power generation, and construction equipment. The company is dedicated to safety, performance, and reliability, serving Australia's demanding industries with dependable equipment and expertise. Their integrated services include maintenance, OEM manufacturing, transport, logistics, and workforce solutions, allowing for seamless project support. With a focus on adaptability and tailored solutions, Access Group International is a trusted partner for projects of all sizes.",2026-07-10,2026-06-29,False,71752b28-6410-4be5-b260-ffa493fdc9d3,2026-09-17_page003.json
dragonforce,amplesurveyor.com,amplesurveyor.com,"Room 1601A, 16/F, Peninsula Square, 18 Sung On Street, Hung Hom, Kowloon, Hong Kong",85322244096,79.46,,Ample Surveyor Services Limited is a professional property and construction consultancy firm based in Hong Kong.,Ample Surveyor Services Limited is a professional property and construction consultancy firm based in Hong Kong.,2026-07-06,2026-06-25,False,a3589bf6-523d-4cee-b2cb-0a8586dd26ef,2026-09-17_page003.json
dragonforce,hive360.com,hive360.com,"8th Floor (West Wing) 54 Hagley Road, Edgbaston, Birmingham, England, B16 8PE",60189233152,56.06,,HIVE360 is a UK-based employment administration and employee benefits specialist. They help businesses streamline their payroll and HR operations while improving employee engagement,HIVE360 is a UK-based employment administration and employee benefits specialist. They help businesses streamline their payroll and HR operations while improving employee engagement,2026-07-06,2026-07-01,False,accc029a-dadb-49f2-925e-92f614445e37,2026-09-17_page003.json
dragonforce,vipimaging,vipimaging.com,"1061 N Shepard St Ste L, Anaheim",9309700096,8.67,,"VIP Imaging is the largest mobile nuclear imaging company in Southern California, specializing in cardiac PET/CT and SPECT studies for cardiologists. The company is employee-owned and prides itself on having the best technicians and technology in the industry, ensuring high-quality patient care and support for proper billing.","VIP Imaging is the largest mobile nuclear imaging company in Southern California, specializing in cardiac PET/CT and SPECT studies for cardiologists. The company is employee-owned and prides itself on having the best technicians and technology in the industry, ensuring high-quality patient care and support for proper billing.",2026-06-28,2026-06-27,False,cba47217-b041-44c5-8c3f-f2edf6cee00a,2026-09-17_page003.json
dragonforce,stni.co.kr,stni.co.kr,"14, Alphacity 1-ro 40-gil, Suseong-gu, Daegu, Republic of Korea, Room 202",6482841600,6.04,,"Creating accurate virtual replicas involves production facilities, workshops, and equipment for modeling, testing, and optimizing technological processes.","Creating accurate virtual replicas involves production facilities, workshops, and equipment for modeling, testing, and optimizing technological processes.",2026-06-28,2026-06-27,False,2050a4f3-e6f6-441e-b898-99cc53b3f822,2026-09-17_page003.json
dragonforce,agroprime,agroprime.com,"Av. Santa Maria 2880, Of 303, Providencia, Santiago",785211392,0.73,,development of specialized software (SaaS) for automating agribusiness management and monitoring field personnel,development of specialized software (SaaS) for automating agribusiness management and monitoring field personnel,2026-06-28,2026-06-27,False,0fe755b6-1c08-4a19-8e89-bd90699bcfc7,2026-09-17_page003.json
dragonforce,hwaseng,hwaseng.com.tw,"123-9, Xingde Rd., Sanchong Dist., New Taipei City 24158, Taiwan",28153823232,26.22,,"A Taiwanese manufacturer with forty years of experience, specializing in the high-precision production of metal fasteners, precision-machined parts, and components for the electronics and automotive industries.","A Taiwanese manufacturer with forty years of experience, specializing in the high-precision production of metal fasteners, precision-machined parts, and components for the electronics and automotive industries.",2026-06-28,2026-06-27,False,342630cf-5aaf-4c06-bdf0-80a70c300bbb,2026-09-17_page003.json
dragonforce,medipakpharma.com,medipakpharma.com,"132/1, Quaid-e-Azam Industrial Estate, Kot Lakhpat, Lahore - 54700, Pakistan",10513657856,9.79,,"The Pakistani pharmaceutical company Medipak Limited (medipakpharma.com) specializes in the manufacture of infusion solutions, medical devices, and pharmaceutical products.","The Pakistani pharmaceutical company Medipak Limited (medipakpharma.com) specializes in the manufacture of infusion solutions, medical devices, and pharmaceutical products.",2026-06-28,2026-06-26,False,f34ddda4-9dca-40a8-98e7-d1abccead8ea,2026-09-17_page003.json
dragonforce,Aptora,aptora.com,"8877 Bourgade St Ste A, Lenexa, Kansas, United States",123902091264,115.39,,"Aptora is an aggressively growing software company in Lenexa, KS. The company offers award-winning software and consulting services to the service and contracting industries. In 2006, the company were voted one of the top twenty-five companies in the Kansas City area by the Business Journal. Aptora also provides data hosting and processing services for its clients on its own infrastructure. During our visit, we took not only the company’s own data but also the databases of its clients. Unfortunately, the company showed no interest in preserving its clients’ data. When we contacted them, they told us the company had assured them there was no leak. That’s not true. For the release, we have prepared not only Aptora data but also archives containing the databases of more than 100 of its clients. This could affect Aptora leadership, and they may decide to prevent publication.","Aptora is an aggressively growing software company in Lenexa, KS. The company offers award-winning software and consulting services to the service and contracting industries. In 2006, the company were voted one of the top twenty-five companies in the Kansas City area by the Business Journal. Aptora also provides data hosting and processing services for its clients on its own infrastructure. During our visit, we took not only the company’s own data but also the databases of its clients. Unfortunately, the company showed no interest in preserving its clients’ data. When we contacted them, they told us the company had assured them there was no leak. That’s not true. For the release, we have prepared not only Aptora data but also archives containing the databases of more than 100 of its clients. This could affect Aptora leadership, and they may decide to prevent publication.",2026-06-27,2026-07-06,False,5d3ee0c2-d584-4a80-86ae-53328d19f87c,2026-09-17_page003.json
dragonforce,mihana-v.com,mihana-v.com,"4270-8 Kokubu-Higanjocho, Kashiwara-city, Osaka, 582-0023, Japan",30179241984,28.11,,"Here is the comprehensive corporate overview of MIHANA Seisakusho Co., Ltd. based on their official company profiles, technical catalogs, and industrial registries","Here is the comprehensive corporate overview of MIHANA Seisakusho Co., Ltd. based on their official company profiles, technical catalogs, and industrial registries",2026-06-20,2026-06-17,False,a043ec7d-9adc-4f79-a8ea-bd1cd0d96432,2026-09-17_page003.json
dragonforce,bits-pilani.ac.in,bits-pilani.ac.in,"Vidya Vihar campus, Pilani, Jhunjhunu District, Rajasthan, India",66437976064,61.88,,"BITS Pilani is a premier Indian private research university and ""Institution of Eminence"" known for elite engineering and science programs across five campuses. Founded in 1964, it is highly selective with a 1.47% acceptance rate and offers a 0% attendance policy with mandatory industry immersion.","BITS Pilani is a premier Indian private research university and ""Institution of Eminence"" known for elite engineering and science programs across five campuses. Founded in 1964, it is highly selective with a 1.47% acceptance rate and offers a 0% attendance policy with mandatory industry immersion.",2026-06-20,2026-06-17,False,2683aa7a-5bbf-4be4-b6a2-71a4cea9352d,2026-09-17_page003.json
dragonforce,Tecfi SpA,tecfi.it,www.tecfi.it,176982908928,164.83,,"Tecfi is a company specialising in the design, production and sale of fastening systems. Going into more detail, three production lines can be highlighted. ▪ Plastic and rubber moulding ▪ Sheet metal moulding with blanking ▪ Cold stamping and flatbed rolling machines","Tecfi is a company specialising in the design, production and sale of fastening systems. Going into more detail, three production lines can be highlighted. ▪ Plastic and rubber moulding ▪ Sheet metal moulding with blanking ▪ Cold stamping and flatbed rolling machines",2026-06-15,2026-07-15,False,ee80d66c-c0b2-4efd-bd78-83d3d91d7cb6,2026-09-17_page003.json
dragonforce,Ink,weareink.co.uk,"445 Caledonian Rd, London, Greater London, United Kingdom",110429687808,102.85,,"(including internal documentation, counterparties, contractors, software, correspondence, and the like) INK is an award-winning production studio based in London specialising in CGI, Animation and Retouching. We combine the technical and the beautiful to bring ideas to life across film, print and interactive platforms.","(including internal documentation, counterparties, contractors, software, correspondence, and the like) INK is an award-winning production studio based in London specialising in CGI, Animation and Retouching. We combine the technical and the beautiful to bring ideas to life across film, print and interactive platforms.",2026-06-14,2026-06-22,False,168544de-7ef1-4bca-ad6d-e850fab12a5a,2026-09-17_page003.json
dragonforce,Corniche Hotel Abu Dhabi,abudhabi.corniche-hotels.com,Khalifa Bin Zayed The First St - Al Danah - Zone 1 - Abu Dhabi - United Arab Emirates,140048257024,130.43,,"At the heart of the Central Business District. Situated along the stunning Corniche stretch, our hotel’s 305 luxurious guest rooms offer breathtaking views of the Capital Garden and sparkling turquoise waters of the Arabian Gulf. There’s something here for everyone. Busy executives will appreciate our first-class business centre and car rental services, and families will love our childcare and babysitting services. Our health and fitness center, with sauna and steam room, will delight any globetrotter recovering from jet lag. And our wheelchair accessible rooms and public areas are a comfort for the physically impaired. Sightseeing couldn’t be simpler. Our hotel offers free scheduled pick up and drop off to the city’s main attractions: Yas Waterworld, Ferrari World, Corniche Public Beach, and World Trade Centre Mall.","At the heart of the Central Business District. Situated along the stunning Corniche stretch, our hotel’s 305 luxurious guest rooms offer breathtaking views of the Capital Garden and sparkling turquoise waters of the Arabian Gulf. There’s something here for everyone. Busy executives will appreciate our first-class business centre and car rental services, and families will love our childcare and babysitting services. Our health and fitness center, with sauna and steam room, will delight any globetrotter recovering from jet lag. And our wheelchair accessible rooms and public areas are a comfort for the physically impaired. Sightseeing couldn’t be simpler. Our hotel offers free scheduled pick up and drop off to the city’s main attractions: Yas Waterworld, Ferrari World, Corniche Public Beach, and World Trade Centre Mall. Book here for our Best Price Guarantee promise. Earn and spend loyalty points on all qualifying stays. The level of points, benefits and privileges are subject to availability and may vary at certain participating hotels.",2026-06-12,2026-06-18,False,e08d24da-219a-4529-a8f2-d3ca264e5168,2026-09-17_page003.json
dragonforce,Cheoy Lee Shipyards,www.cheoylee.com,"89 & 91 Hing Wah Street West, Lai Chi Kok, Kowloon, Hong Kong",655848869888,610.81,,"Cheoy Lee Shipyards Ltd. specializes in the design and manufacturing of a diverse range of vessels, including tugs, ferries, crew boats, pilot boats, and luxury yachts. Their state-of-the-art facility in Zhuhai, China, is equipped with advanced machinery, enabling the production of high-quality vessels up to 70 meters in length. The company serves a global clientele, focusing on maritime industries that require innovative and efficient solutions for various operational needs. Cheoy Lee is committed to excellence, sustainability, and employee welfare, fostering a strong community within their workforce.","Cheoy Lee Shipyards Ltd. specializes in the design and manufacturing of a diverse range of vessels, including tugs, ferries, crew boats, pilot boats, and luxury yachts. Their state-of-the-art facility in Zhuhai, China, is equipped with advanced machinery, enabling the production of high-quality vessels up to 70 meters in length. The company serves a global clientele, focusing on maritime industries that require innovative and efficient solutions for various operational needs. Cheoy Lee is committed to excellence, sustainability, and employee welfare, fostering a strong community within their workforce.",2026-06-12,2026-06-20,False,35fcc6bd-3ac2-4175-b2ad-9c58dc4bc4f5,2026-09-17_page004.json
dragonforce,Al Ishrak Contracting,www.alishrak.com,"Ras Al Khor Industrial Area, Dubai, United Arab Emirates",46987345920,43.76,,"Al Ishrak Contracting Company, established in 1975 in Dubai, specializes in construction works including industrial warehouses, residential and commercial buildings, and civil engineering projects on a turnkey basis. The company boasts a skilled workforce of over 250 personnel, including engineers and project managers, dedicated to delivering quality and timely services. Their commitment to client satisfaction is reflected in their values of quality, integrity, teamwork, and technical excellence. Al Ishrak's diverse portfolio includes various projects such as commercial buildings, industrial sheds, and labor accommodations.","Al Ishrak Contracting Company, established in 1975 in Dubai, specializes in construction works including industrial warehouses, residential and commercial buildings, and civil engineering projects on a turnkey basis. The company boasts a skilled workforce of over 250 personnel, including engineers and project managers, dedicated to delivering quality and timely services. Their commitment to client satisfaction is reflected in their values of quality, integrity, teamwork, and technical excellence. Al Ishrak's diverse portfolio includes various projects such as commercial buildings, industrial sheds, and labor accommodations.",2026-06-12,2026-06-19,False,5afe6fa8-d4ee-4680-80b1-49f6266d2b1b,2026-09-17_page004.json
dragonforce,The DRM,www.drm.bh,"Durrat Al Bahrain, P.O.Box 11416, Manama, Kingdom of Bahrain",55394971648,51.59,,"Durrat Resort Management specializes in providing high-quality resort management services. Their offerings include operational management, marketing strategies, and guest services tailored to enhance the overall experience of resort guests. The company primarily targets luxury resort owners and investors looking to optimize their properties' performance. With a focus on excellence and customer satisfaction, Durrat aims to elevate the standards of resort management in the industry.","Durrat Resort Management specializes in providing high-quality resort management services. Their offerings include operational management, marketing strategies, and guest services tailored to enhance the overall experience of resort guests. The company primarily targets luxury resort owners and investors looking to optimize their properties' performance. With a focus on excellence and customer satisfaction, Durrat aims to elevate the standards of resort management in the industry.",2026-06-12,2026-06-19,False,809847a5-1a4e-4061-b622-fd9f83403823,2026-09-17_page004.json
dragonforce,Al Shafar GRC,www.asgrc.ae,"Dubai Industrial City,Saih Suhaib 04 PO Box 117717, Dubai-UAE.",161461858304,150.37,,"ASGRC is a leading provider of Glass Fiber Reinforced Concrete (GRC) solutions, specializing in the design, manufacturing, and installation of high-quality products for both residential and industrial projects. Established in 2003, the company has grown to become the largest GRC facility in the UAE, known for its innovative and aesthetically pleasing cladding systems, decorative screens, domes, furniture, and precast units. ASGRC has contributed to iconic architectural landmarks in the UAE, combining craftsmanship with sustainability. The company also offers expert construction consulting services to ensure that client visions are realized effectively.","ASGRC is a leading provider of Glass Fiber Reinforced Concrete (GRC) solutions, specializing in the design, manufacturing, and installation of high-quality products for both residential and industrial projects. Established in 2003, the company has grown to become the largest GRC facility in the UAE, known for its innovative and aesthetically pleasing cladding systems, decorative screens, domes, furniture, and precast units. ASGRC has contributed to iconic architectural landmarks in the UAE, combining craftsmanship with sustainability. The company also offers expert construction consulting services to ensure that client visions are realized effectively.",2026-06-12,2026-06-19,False,b7d53a52-8293-4d08-b9b8-9daa74f0db0c,2026-09-17_page004.json
dragonforce,A. Liberty Engineering Co. Ltd,aleengg.com.hk,"Rm 1218, 12/F, Tower B SouthMark, 11 Yip Hing Street, Wong Chuk Hang, Hong Kong",144474206208,134.55,,"Founded in 1973 as Liberty Electrical Engineering Company Limited, A. Liberty Engineering Co Ltd has continually evolved to meet the dynamic needs of the electrical services sector. With a rich history in design and contracting, the company has expanded its offerings to include cutting-edge solutions in the realm of sustainable energy.","Founded in 1973 as Liberty Electrical Engineering Company Limited, A. Liberty Engineering Co Ltd has continually evolved to meet the dynamic needs of the electrical services sector. With a rich history in design and contracting, the company has expanded its offerings to include cutting-edge solutions in the realm of sustainable energy. In response to the burgeoning demand for electric vehicle infrastructure, A. Liberty Engineering proudly introduces its self-branded EV chargers, designed for both AC and DC supercharging. These state-of-the-art systems enhance the efficiency of electric vehicle charging while seamlessly integrating with existing Intelligent EV Charging and IoT LV Switchboard Monitoring systems.",2026-06-12,2026-06-19,False,6cdc6f0c-3083-4f25-b358-a37a5e463d54,2026-09-17_page004.json
dragonforce,Astec Valves & Fittings Pvt,www.astecflow.com,"5 Rue De Rome, Rosny-sous-Bois, Ile-de-France",1442701561856,1343.62,,"Astec Valves & Fittings Private Limited specializes in providing high-quality instrumentation and piping solutions for various industries, including Oil & Gas, Refining, Petrochemical, and Nuclear Power. Established in 1965, the company offers a range of products such as instrument tube fittings, valves, and integrated assemblies, with a focus on innovative technologies that enhance process measurement and reduce maintenance downtime. With a presence in 40 countries and over a million installations, Astec is recognized for its eco-friendly product technologies and has received multiple awards for technical innovation. Their clients include sectors like shipbuilding, water treatment, and pharmaceuticals, making them a trusted partner for instrumentation and piping engineers worldwide.","Astec Valves & Fittings Private Limited specializes in providing high-quality instrumentation and piping solutions for various industries, including Oil & Gas, Refining, Petrochemical, and Nuclear Power. Established in 1965, the company offers a range of products such as instrument tube fittings, valves, and integrated assemblies, with a focus on innovative technologies that enhance process measurement and reduce maintenance downtime. With a presence in 40 countries and over a million installations, Astec is recognized for its eco-friendly product technologies and has received multiple awards for technical innovation. Their clients include sectors like shipbuilding, water treatment, and pharmaceuticals, making them a trusted partner for instrumentation and piping engineers worldwide.",2026-06-11,2026-03-31,False,f92435ee-e67b-4091-8940-e5eba4daf3f4,2026-09-17_page004.json
dragonforce,Brian Cox,www.brian-cox.co.uk,"310 Station Road, Harrow, United Kingdom, HA1 2DX",55219965952,51.43,,"Established in 1984, Brian Cox & Company is a leading estate agent in Middlesex, specializing in residential lettings and property management. With six local offices, they provide maximum exposure for homeowners seeking buyers or tenants. Their services include property valuation and a wide range of property types for rent and sale. The company caters to clients in Harrow, Sudbury, Greenford, and Northolt.","Established in 1984, Brian Cox & Company is a leading estate agent in Middlesex, specializing in residential lettings and property management. With six local offices, they provide maximum exposure for homeowners seeking buyers or tenants. Their services include property valuation and a wide range of property types for rent and sale. The company caters to clients in Harrow, Sudbury, Greenford, and Northolt.",2026-06-11,2026-06-19,False,053ff566-6e37-43aa-ac8c-fa181e9a9104,2026-09-17_page004.json
dragonforce,Cekok,www.cekok.com.tr,FSM District Poligon Street Number:8/C Buyaka 2/3 Blok Door Number:112 Umraniye/Istanbul Turkey,215043309568,200.27,,"Çekok Gıda is a leading fruit and vegetable producer in Turkey and Europe, known for its commitment to sustainable agriculture and high-quality products. The company cultivates 35 types of fruits and vegetables across 13,500 decares of farmland, utilizing advanced technology and adhering to strict environmental and safety","Çekok Gıda is a leading fruit and vegetable producer in Turkey and Europe, known for its commitment to sustainable agriculture and high-quality products. The company cultivates 35 types of fruits and vegetables across 13,500 decares of farmland, utilizing advanced technology and adhering to strict environmental and safety",2026-06-11,2026-06-19,False,bdf68eee-49ed-489a-aa9b-7faac51510a6,2026-09-17_page004.json
dragonforce,Hong Kong Parkview,www.hongkongparkview.com,"88 Tai Tam Reservoir Rd, Tai Tam, Hong Kong",206762385408,192.56,,"Hong Kong Parkview offers over 200 luxury serviced apartments and a private clubhouse featuring recreational and dining facilities. Located within Tai Tam Country Park, it provides a tranquil living experience just minutes from the city center. The complex includes amenities such as a fitness center, swimming pools, themed playrooms, and various dining options. Targeting both long-term residents and short-term guests, it serves as an ideal home away from home.","Hong Kong Parkview offers over 200 luxury serviced apartments and a private clubhouse featuring recreational and dining facilities. Located within Tai Tam Country Park, it provides a tranquil living experience just minutes from the city center. The complex includes amenities such as a fitness center, swimming pools, themed playrooms, and various dining options. Targeting both long-term residents and short-term guests, it serves as an ideal home away from home.",2026-06-11,2026-06-18,False,65a2b582-2f38-4537-b839-5a250f406c97,2026-09-17_page004.json
dragonforce,Areco,www.areco.se,"Vinkelgatan 13, Malmoe, Skane, 211 24, Sweden",262093295616,244.09,,"Areco Steel is the parent company of the privately-owned Areco Group, which includes five divisions: Areco Metals, Areco Profiles, Areco Direct, and Areco Properties. The company's business idea is to develop, manufacture, and globally market products and services tailored to the needs of industries. Their product offerings include various types of metals, profiles, and construction materials. Areco Steel aims to serve a diverse range of industrial clients with innovative solutions.","Areco Steel is the parent company of the privately-owned Areco Group, which includes five divisions: Areco Metals, Areco Profiles, Areco Direct, and Areco Properties. The company's business idea is to develop, manufacture, and globally market products and services tailored to the needs of industries. Their product offerings include various types of metals, profiles, and construction materials. Areco Steel aims to serve a diverse range of industrial clients with innovative solutions.",2026-06-11,2026-06-18,False,7c280f4f-e99b-4895-b1a0-bf6b276d762e,2026-09-17_page004.json
dragonforce,Sayre Associates,sayreassociates.com,"216 S Duluth Ave, Sioux Falls, South Dakota, United States",107316301824,99.95,,"(Including clients, projects, emails and financial documents) Sayre Associates, Inc. is a civil engineering and land surveying firm based in Sioux Falls, South Dakota, established in 1969. The company offers a range of services including land development planning, parks and recreation facilities design, drainage and erosion control, and construction administration. They focus on delivering high-quality solutions through collaboration and innovation, serving clients in South Dakota, Iowa, and Minnesota. Their talented team of engineers and surveyors is dedicated to improving community efficiency and quality of life.","(Including clients, projects, emails and financial documents) Sayre Associates, Inc. is a civil engineering and land surveying firm based in Sioux Falls, South Dakota, established in 1969. The company offers a range of services including land development planning, parks and recreation facilities design, drainage and erosion control, and construction administration. They focus on delivering high-quality solutions through collaboration and innovation, serving clients in South Dakota, Iowa, and Minnesota. Their talented team of engineers and surveyors is dedicated to improving community efficiency and quality of life.",2026-06-10,2026-06-17,False,7bdce603-5d2a-4f3a-a973-a8fb133483bd,2026-09-17_page004.json
dragonforce,REHA-ACTIV,www.reha-activ.de,www.reha-activ.de,52132315136,48.55,,REHA-ACTIV is a medical supply company that has been supporting individuals with health limitations for over 30 years.,REHA-ACTIV is a medical supply company that has been supporting individuals with health limitations for over 30 years.,2026-06-05,2026-07-03,False,346c0da9-56e1-4186-a56e-e9a9a88c2c73,2026-09-17_page004.json
dragonforce,SETS Solutions,sets.com.lb,Lazaristes Bldg. Bloc A2-1 933 Downtown,20943212544,19.5,,"SETS Solutions is a prominent information technology company based in Lebanon, serving the Middle East since 1990. The company specializes in a diverse range of technology solutions, including its flagship Human Resources Management System, People365, which encompasses Time Attendance, Payroll, and HR modules. Additionally, SETS offers services in data center solutions, security, cloud computing, and end-user computing, catering to various industries. With over 25 years of experience, SETS aims to enhance organizational efficiency and productivity through innovative technology solutions.","SETS Solutions is a prominent information technology company based in Lebanon, serving the Middle East since 1990. The company specializes in a diverse range of technology solutions, including its flagship Human Resources Management System, People365, which encompasses Time Attendance, Payroll, and HR modules. Additionally, SETS offers services in data center solutions, security, cloud computing, and end-user computing, catering to various industries. With over 25 years of experience, SETS aims to enhance organizational efficiency and productivity through innovative technology solutions.",2026-06-03,2026-05-13,False,45d4b57a-01ee-487c-b7a2-16a93c09723d,2026-09-17_page004.json
dragonforce,Copamex,copamex.com,300 Avenida El Roble Fl 2,632118095872,588.71,,"Copamex, headquartered in Monterrey, Mexico, and established in 1928, is a paper manufacturing company offering writing and printing, special, corrugated, and kraft paper solutions.","Copamex, headquartered in Monterrey, Mexico, and established in 1928, is a paper manufacturing company offering writing and printing, special, corrugated, and kraft paper solutions.",2026-06-03,2026-05-27,False,7bc6a138-2d17-464b-bb0e-a332c9869097,2026-09-17_page004.json
dragonforce,Synex International Pvt Ltd,www.synexint.com,"24A, Malwatta Avenue, Kohuwala, Nugegoda 10250, Sri Lanka",14637948928,13.63,,"Mechanical, Electrical, and Plumbing (MEP) systems, Extra Low Voltage (ELV) solutions, and Solar energy.","Mechanical, Electrical, and Plumbing (MEP) systems, Extra Low Voltage (ELV) solutions, and Solar energy.",2026-05-30,2026-02-08,False,56580fc6-68d5-4044-bc50-52cfb859c202,2026-09-17_page004.json
dragonforce,Panorama BPO,www.panoramabpo.com,"Av. Prolongación Iquitos 2625 - Lince, Lima, Peru",48104505344,44.8,,Panorama BPO is a large international company specializing in business process outsourcing (BPO) and providing comprehensive operational services for businesses.,Panorama BPO is a large international company specializing in business process outsourcing (BPO) and providing comprehensive operational services for businesses.,2026-05-30,2026-05-04,False,ba5f5c05-ae40-4443-9280-65ce3d96becc,2026-09-17_page004.json
dragonforce,Taos Mountain Casino,taosmountaincasino.com,"700 Veterans Hwy, Taos, NM 87571",41480871936,38.63,,"Taos Mountain Casino is a Native American gaming casino located in Taos, New Mexico. It is owned and operated by the Taos Pueblo, a federally recognized tribe known for its ancient, historic adobe pueblo.","Taos Mountain Casino is a Native American gaming casino located in Taos, New Mexico. It is owned and operated by the Taos Pueblo, a federally recognized tribe known for its ancient, historic adobe pueblo.",2026-05-30,2026-04-17,False,74ea6fa5-c754-4127-b46c-779f8c264b5c,2026-09-17_page004.json
dragonforce,Henry Molded Products Likely to Engage tag.,henry-molded.com,www.henrymolded.com,85318889472,79.46,,"Henry Molded Products specializes in the manufacturing of custom molded pulp fiber products and packaging solutions. The company is recognized for its eco-friendly offerings, which are biodegradable, compostable, and recyclable, catering to a growing demand for sustainable packaging. Their products are designed for various clients, including government, industry, and environmentally conscious consumers. Henry Molded Products is committed to providing cost-effective solutions while leading in technology, design, and engineering in the molded fiber sector.","Henry Molded Products specializes in the manufacturing of custom molded pulp fiber products and packaging solutions. The company is recognized for its eco-friendly offerings, which are biodegradable, compostable, and recyclable, catering to a growing demand for sustainable packaging. Their products are designed for various clients, including government, industry, and environmentally conscious consumers. Henry Molded Products is committed to providing cost-effective solutions while leading in technology, design, and engineering in the molded fiber sector.",2026-05-29,2026-05-31,False,5aad2e55-7159-4395-a911-fdef0ed82f58,2026-09-17_page004.json
dragonforce,Shoreline Sightseeing,shorelinesightseeing.com,shorelinesightseeing.com,821437026304,765.02,,"Shoreline Sightseeing offers guided boat tours and water taxi services in Chicago, focusing on architecture and skyline views. Their popular tours include the Architecture River Tour, Skyline Lake Cruise, and Fireworks Tour, showcasing over 40 landmarks. The company caters to tourists looking for unique perspectives of the city and offers packages like the Chicago CityPASS for additional savings on attractions. Established in 1939, Shoreline operates the largest and most diverse fleet of cruise boats in Chicago","Shoreline Sightseeing offers guided boat tours and water taxi services in Chicago, focusing on architecture and skyline views. Their popular tours include the Architecture River Tour, Skyline Lake Cruise, and Fireworks Tour, showcasing over 40 landmarks. The company caters to tourists looking for unique perspectives of the city and offers packages like the Chicago CityPASS for additional savings on attractions. Established in 1939, Shoreline operates the largest and most diverse fleet of cruise boats in Chicago",2026-05-29,2026-06-04,False,a4fba6c4-17ac-4c49-9f6f-8efbd2415629,2026-09-17_page004.json
dragonforce,President Container Group,presidentcontainer.com,www.presidentcontainergroup.com,290538381312,270.58,,"President Container Inc., founded in 1947 by Marvin and George Grossbard, not only grew into one of the largest independent manufacturers of corrugated products in the country, but was also the seed of what has become todays President Container Group. From the beginning, President Containers philosophy was simple: Always ensure complete customer satisfaction by providing exceptional service and quality products. At President Container we realized that to ensure satisfaction we must continue to expand our products and services to meet the demands of the marketplace as our customers continue to evolve.","President Container Inc., founded in 1947 by Marvin and George Grossbard, not only grew into one of the largest independent manufacturers of corrugated products in the country, but was also the seed of what has become todays President Container Group. From the beginning, President Containers philosophy was simple: Always ensure complete customer satisfaction by providing exceptional service and quality products. At President Container we realized that to ensure satisfaction we must continue to expand our products and services to meet the demands of the marketplace as our customers continue to evolve.",2026-05-27,2026-06-11,False,4d26baa3-099b-41f5-984d-38dc3a5b7778,2026-09-17_page004.json
dragonforce,ksmart.ca,ksmart.ca,"85 McIntyre DriveKitchener, Ontario, N2R 1H6",305246388224,284.28,,"K. Smart Associates Limited is a consulting engineering and planning company established in 1975, specialising in civil engineering and land use planning.","K. Smart Associates Limited is a consulting engineering and planning company established in 1975, specialising in civil engineering and land use planning.",2026-05-27,2026-06-07,False,4c86a8ef-9010-42a4-b6c1-861e99b45d4d,2026-09-17_page004.json
dragonforce,wsm.co.uk,wsm.co.uk,"133-137 Alexandra RoadWimbledon, London SW19 7JY",20650266624,19.23,,"The firm's core business is focused on UK tax services, which are provided to clients seeking an advisor with not only in-depth knowledge to navigate the country's complex tax system,","The firm's core business is focused on UK tax services, which are provided to clients seeking an advisor with not only in-depth knowledge to navigate the country's complex tax system, but also impeccable integrity to ensure optimal tax results. At the core of the company is an experienced team of professionals providing expert knowledge and advice on UK tax matters to private and corporate clients – both local, national, and international. In the current climate of tightening anti-tax evasion measures, WSM specialists firmly believe in the ethical right of taxpayers to manage their financial affairs – strictly within the law – in a way that minimizes their tax liabilities. In addition to tax services, the firm offers accounting, auditing, insolvency (bankruptcy) support, due diligence, and consulting. Additionally, through its European partner network, Europe Fides, the company assists clients seeking complex, often multi-jurisdictional, advice in developing their overall strategic plans.",2026-05-27,2026-06-07,False,84613ccf-a791-4a25-be34-1f3a15354424,2026-09-17_page004.json
dragonforce,northbridge.com,northbridge.com,"60 William Street, Suite 350Wellesley, Massachusetts 02481",23719198720,22.09,,North Bridge Venture Partners invests in outstanding individuals,"North Bridge Venture Partners invests in outstanding individuals whose innovative ideas have the potential to transform entire industries. The firm provides funding from seed to growth stages, helping these ideas grow into successful companies. Their goal is to transform startups into market leaders. They work with clients seeking investment and support for their entrepreneurial projects.",2026-05-27,2026-06-07,False,79dd69fe-4d2c-42d5-8a0a-892f422ef976,2026-09-17_page004.json
dragonforce,dunasgroen.nl,dunasgroen.nl,"Groningen, Netherlands",23515119616,21.9,,Landscape design supplies store.The company operates very economically and claims to be located on Dunas Groen. You can contact us only through the contact form or by phone: 06-52452889.,Landscape design supplies store.The company operates very economically and claims to be located on Dunas Groen. You can contact us only through the contact form or by phone: 06-52452889.,2026-05-27,2026-06-07,False,922f4f8a-1212-4bf8-ac30-f16a2be3eb13,2026-09-17_page004.json
dragonforce,refreshmentsystems.co.uk,refreshmentsystems.co.uk,31 Bolling RoadBradfordWest YorkshireBD4 7HNUnited Kingdom,191378718720,178.24,,Refreshment Systems is a UK-based vending machine company.,Refreshment Systems is a UK-based vending machine company.,2026-05-27,2026-06-07,False,69a8a26b-2d20-468d-92b0-60863b7d1c88,2026-09-17_page005.json
dragonforce,practicus.co.uk,practicus.co.uk,"Riverside Barns, Remenham Church LaneRemenham, Henley-on-ThamesOxfordshire, RG9 3DBUnited Kingdom",619140984832,576.62,,"Practicus specializes in interim management, executive search, and project management services.","Practicus specializes in interim management, executive search, and project management services.",2026-05-27,2026-06-07,False,ea1cad83-1de6-4f5b-a926-95feb1982b98,2026-09-17_page005.json
dragonforce,nemd.com,nemd.com,"1 Virginia Avenue, Suite 202Providence, RI 02905United States",426750246912,397.44,,"NEMD Architects, Inc. specializes in innovative, functional, and sustainable architectural solutions that address the unique challenges of each project.","NEMD Architects, Inc. specializes in innovative, functional, and sustainable architectural solutions that address the unique challenges of each project.",2026-05-27,2026-06-07,False,56330a5d-27db-4722-bca6-83bd9f1d486c,2026-09-17_page005.json
dragonforce,pieralisi.com,pieralisi.com,"Via Don Battistoni, 160035 Jesi (AN)",1440328982528,1341.41,,"Pieralisi is a leading company specializing in the production of equipment for the extraction and separation of liquids using centrifugal force, including decanter centrifuges, separators and olive oil extractors.","Pieralisi is a leading company specializing in the production of equipment for the extraction and separation of liquids using centrifugal force, including decanter centrifuges, separators and olive oil extractors.",2026-05-27,2026-06-18,False,43da4c92-6bbb-400e-9a2d-a5ea3982d41b,2026-09-17_page005.json
dragonforce,jcripberger.com,jcripberger.com,"5300 W. Old 106th St.Zionsville, IN 46077",47321247744,44.07,,"J.C. Ripberger Construction Corporation is a full-service General Contractor, which self-performs Buildings/Structural Concrete, Carpentry, and Selective/Mass Demolition. Founded over 68 years ago in Zionsville, Indiana, our strategic focus has and continues to be new construction and renovations within the commercial, educational, health care and industrial sectors.","J.C. Ripberger Construction Corporation is a full-service General Contractor, which self-performs Buildings/Structural Concrete, Carpentry, and Selective/Mass Demolition. Founded over 68 years ago in Zionsville, Indiana, our strategic focus has and continues to be new construction and renovations within the commercial, educational, health care and industrial sectors.",2026-05-27,2026-06-07,False,bec09d67-c1e9-44d8-aaab-e3edd9813d6a,2026-09-17_page005.json
dragonforce,profundo.nl,profundo.nl,Radarweg 5051043 NZ AmsterdamNetherlands,160317378560,149.31,,"Profundo is an independent research organization dedicated to advancing sustainable development and social justice through insightful, evidence-based research and advice.","Profundo is an independent research organization dedicated to advancing sustainable development and social justice through insightful, evidence-based research and advice.",2026-05-27,2026-06-07,False,cbfcb886-6c67-4cd9-baee-768296866a5c,2026-09-17_page005.json
dragonforce,waypointsolutions.com,waypointsolutions.com,"118 Vintage Park Blvd, Suite W414Houston, TX 77070United States",10398142464,9.68,,"Waypoint Business Solutions partners with Dell Technologies to provide comprehensive IT solutions, including hardware, software, and professional services.","Waypoint Business Solutions partners with Dell Technologies to provide comprehensive IT solutions, including hardware, software, and professional services.",2026-05-27,2026-06-07,False,3ff50f8d-524a-4e7e-93e8-da9955512a9e,2026-09-17_page005.json
dragonforce,erh.co.uk,erh.co.uk,"Grange Industrial Estate, Cwmbran, NP44 8HQ",156028096512,145.31,,"ERH is a leading provider of traffic management solutions, offering installation, maintenance and commissioning services throughout the UK.","ERH is a leading provider of traffic management solutions, offering installation, maintenance and commissioning services throughout the UK.",2026-05-27,2026-06-07,False,0d27a5b1-d3cc-48d4-a744-999dd6c7f67b,2026-09-17_page005.json
dragonforce,fabbricausa.com,fabbricausa.com,"1 Market CircleWindsor, CT 06095United States",252969357312,235.6,,"Fabbrica LLC specializes in design, development, and manufacturing,","Fabbrica LLC specializes in design, development, and manufacturing, focusing on high quality standards and a creative approach. It serves clients seeking innovative solutions across various industries, emphasizing a human-centered, less corporate approach. Headquartered in the United States and with offices in Canada and Italy, Fabbrica strives to provide timely and relevant services. The company is currently seeking experienced professionals to join its team.",2026-05-27,2026-05-31,False,4f016f71-9e64-4b70-8b97-66651c28bfe7,2026-09-17_page005.json
dragonforce,Ramos Rheumatology,ramosrheumatology.com,"650 Main St, Avoca, Pennsylvania, 18641, United States",55693025280,51.87,,"Ramos Rheumatology is a leading care center in Avoca, PA, specializing in the diagnosis and treatment of autoimmune diseases such as lupus, rheumatoid arthritis, and fibromyalgia. The practice emphasizes personalized care, ensuring that each patient receives tailored treatment plans in a compassionate environment. Their team, including local specialists, collaborates closely with primary care providers to deliver comprehensive rheumatology services. With a commitment to patient autonomy and immediate appointment availability for emergencies, Ramos Rheumatology prioritizes the well-being of its clients","Ramos Rheumatology is a leading care center in Avoca, PA, specializing in the diagnosis and treatment of autoimmune diseases such as lupus, rheumatoid arthritis, and fibromyalgia. The practice emphasizes personalized care, ensuring that each patient receives tailored treatment plans in a compassionate environment. Their team, including local specialists, collaborates closely with primary care providers to deliver comprehensive rheumatology services. With a commitment to patient autonomy and immediate appointment availability for emergencies, Ramos Rheumatology prioritizes the well-being of its clients",2026-05-27,2026-05-31,False,45a8d467-5a2a-4aba-96ab-ed5dbb93ef03,2026-09-17_page005.json
dragonforce,hbroch.com,hbroch.com,"3600 Sunset AvenueWaukegan, IL 60087United States",82907541504,77.21,,"Founded in 1941, Henry Broch Foods is an American international food ingredient manufacturer, processor, and packaging company, sourcing high-quality natural ingredients from producers worldwide.","Founded in 1941, Henry Broch Foods is an American international food ingredient manufacturer, processor, and packaging company, sourcing high-quality natural ingredients from producers worldwide. Our suppliers produce vegetables, fruits, herbs, spices, and natural colors, which are then concentrated, dehydrated, frozen, extracted, or pasteurized. The company's products are used in a wide range of applications, including: spice and seasoning blends, batters and coatings, bakery mixes, sauces, soups, salad dressings, flavorings, extracts and colors, fruit juices, flavored beverages, jams and jellies, ready-to-eat meats, entrees, ethnic dishes, pasta, rice and grains, pizza, and snack foods.",2026-05-27,2026-06-07,False,1115e75c-2615-4c19-9fde-ff94516372ce,2026-09-17_page005.json
dragonforce,dentonfirm.com,dentonfirm.com,"PLLC 555 Jefferson St, #301. Paducah, KY 42001",29097099264,27.1,,Denton Law Firm is committed to rapid response and providing real solutions.,Denton Law Firm is committed to rapid response and providing real solutions.,2026-05-27,2026-06-07,False,cd06d250-4b20-49d2-aa36-1caf4f88983a,2026-09-17_page005.json
dragonforce,qlslogistics.com.au,qlslogistics.com.au,"170-172 Atlantic Drive, Keysborough, Victoria 3173",595545645056,554.65,,"QLS Group is Australia's leading supplier of large domestic appliances,","QLS Group is Australia's leading supplier of large domestic appliances, serving the retail and consumer markets. Last year, the company shipped over 4 million appliances, including 1.4 million televisions, accounting for 65% of the Australian TV market. The company also operates Ecycle Solutions Pty Ltd, which provides recycling services for discarded televisions, computers, and polystyrene, demonstrating a strong commitment to sustainability. With a nationwide network and a focus on logistics, warehousing, and distribution, QLS Group offers reliable and comprehensive solutions throughout Australia.",2026-05-27,2026-06-07,False,d1ec16b5-3428-41f6-a40b-34d0b0071cf8,2026-09-17_page005.json
dragonforce,duboisag.com,duboisag.com,"630 Ireland Rd, Simcoe, Ontario, N3Y 4K2, Canada",477994098688,445.17,,"To find a solution tailored to your situation, the company prioritizes your needs.","To find a solution tailored to your situation, the company prioritizes your needs. The company's team's consulting, expertise, and high-quality service enhance the value of its products. The company is constantly evolving and seeking new technologies to improve the quality of your work and your profitability. Dubois Agrinovation was founded to usher in a new era in agriculture.",2026-05-27,2026-06-07,False,a56a5db0-2a91-4795-88eb-4757d7812d6c,2026-09-17_page005.json
dragonforce,WG Neukölln,gwneukoelln.de,www.gwneukoelln.de,36125401088,33.64,,"WG Neukölln eG is a cooperative based in Berlin that offers various housing options and services, including apartments and residential projects. The organization is committed to social engagement and provides a venue for events, as well as support for its members through social management. They focus on sustainable energy projects and aim to enhance the living experience for their tenants. Their intended clients include individuals and families seeking affordable housing solutions in the Neukölln area.","WG Neukölln eG is a cooperative based in Berlin that offers various housing options and services, including apartments and residential projects. The organization is committed to social engagement and provides a venue for events, as well as support for its members through social management. They focus on sustainable energy projects and aim to enhance the living experience for their tenants. Their intended clients include individuals and families seeking affordable housing solutions in the Neukölln area.",2026-05-27,2026-04-25,False,0881a6fe-365d-4fc8-824a-c4dd629df551,2026-09-17_page005.json
dragonforce,Delbrook Capital Advisors,delbrookcapital.com,delbrookcapital.com,271067553792,252.45,,"Delbrook Capital Advisors is an alternative investment manager that specializes in the global materials sector. The company focuses on providing investment solutions tailored to the unique needs of clients interested in this industry. With a commitment to delivering value, Delbrook Capital Advisors aims to navigate the complexities of the materials market. Their expertise positions them as a key player for investors seeking opportunities in this sector.","Delbrook Capital Advisors is an alternative investment manager that specializes in the global materials sector. The company focuses on providing investment solutions tailored to the unique needs of clients interested in this industry. With a commitment to delivering value, Delbrook Capital Advisors aims to navigate the complexities of the materials market. Their expertise positions them as a key player for investors seeking opportunities in this sector.",2026-05-27,2026-04-25,True,68eb47ac-f8c0-44ee-9298-0bf2ba533756,2026-09-17_page005.json
dragonforce,Greenway Technologies,greenway-technologies.com,greenway-technologies.com,25228066816,23.5,,"Greenway Technologies is a leading fire protection company based in Phoenix, AZ, specializing in a comprehensive range of services including fire suppression systems, alarms, sprinklers, and smoke control. Established in 2010, the company provides tailored fire protection design, installation, maintenance, and inspection services aimed at ensuring the safety of properties across the federal and commercial sectors. With a strong commitment to innovative, code-compliant solutions, Greenway Technologies aims to protect lives and property through their top-tier services. Their expert team is dedicated to delivering reliable, high-quality fire protection systems that meet the unique needs of their clients","Greenway Technologies is a leading fire protection company based in Phoenix, AZ, specializing in a comprehensive range of services including fire suppression systems, alarms, sprinklers, and smoke control. Established in 2010, the company provides tailored fire protection design, installation, maintenance, and inspection services aimed at ensuring the safety of properties across the federal and commercial sectors. With a strong commitment to innovative, code-compliant solutions, Greenway Technologies aims to protect lives and property through their top-tier services. Their expert team is dedicated to delivering reliable, high-quality fire protection systems that meet the unique needs of their clients",2026-05-27,2026-05-13,False,b25fda73-0916-4b09-8de1-6a2ae9ac5f26,2026-09-17_page005.json
dragonforce,businessrecord.com,businessrecord.com,"300 Walnut St., Suite 5, Des Moines, Iowa 50309, United States",265514373120,247.28,,"BusinessRecord.com provides RSS feeds free of charge for personal, non-commercial use. If you embed an RSS feed on a personal website, please include a link back to Business Record. Business Record reserves the right to request that you cease distributing these feeds at any time and for any reason.","BusinessRecord.com provides RSS feeds free of charge for personal, non-commercial use. If you embed an RSS feed on a personal website, please include a link back to Business Record. Business Record reserves the right to request that you cease distributing these feeds at any time and for any reason.",2026-05-25,2026-05-29,False,cc30e3e3-0f7c-4216-9fbd-a78081e25d5b,2026-09-17_page005.json
dragonforce,ggroupcpas.com,ggroupcpas.com,"1801 Robert Fulton Drive, Suite 200, Reston, Virginia 20191, USA",1186585346048,1105.09,,"Goldklang Group CPAs specializes in audit and tax services for homeowners associations, condominiums, and housing cooperatives. With over 40 years of experience, the firm strives to deliver superior results to clients through tailored audit and tax procedures. They emphasize expert knowledge and attention to detail in their work, saving clients over $3 million in just three years. Their target audience is homeowners associations seeking reliable and competent financial services.","Goldklang Group CPAs specializes in audit and tax services for homeowners associations, condominiums, and housing cooperatives. With over 40 years of experience, the firm strives to deliver superior results to clients through tailored audit and tax procedures. They emphasize expert knowledge and attention to detail in their work, saving clients over $3 million in just three years. Their target audience is homeowners associations seeking reliable and competent financial services.",2026-05-25,2026-06-03,False,d760bf8f-4a5c-4f1b-99a9-68c840c89756,2026-09-17_page005.json
dragonforce,vegfresh.com,vegfresh.com,"1400 W Rincon St, Corona, California, 92880, United States",64213938176,59.8,,"Veg-Fresh Farms is a family-owned business committed to providing its customers with the freshest and healthiest produce. The company offers a wide range of products, including organic potatoes and exclusive vine-ripened tomatoes.","Veg-Fresh Farms is a family-owned business committed to providing its customers with the freshest and healthiest produce. The company offers a wide range of products, including organic potatoes and exclusive vine-ripened tomatoes.",2026-05-25,2026-05-31,False,af1ebbf8-62ad-4a7b-8cd4-2fff1136128a,2026-09-17_page005.json
dragonforce,saver.nl,saver.nl,"Stepvelden 8, 4704 RM, Roosendaal, Netherlands",63794683904,59.41,,"Saver NV operates in waste management, environmental services, and recycling. It employs 20 to 49 people and generates revenues of $5 to $10 million. The company is headquartered in Roosendaal, Noord-Brabant, the Netherlands.","Saver NV operates in waste management, environmental services, and recycling. It employs 20 to 49 people and generates revenues of $5 to $10 million. The company is headquartered in Roosendaal, Noord-Brabant, the Netherlands.",2026-05-25,2026-05-31,False,2e6fdca6-fa61-44f6-b759-ab32dd9285a3,2026-09-17_page005.json
dragonforce,xtr-global.de,xtr-global.de,Xchange Technology GmbHOtto-Hahn-Straße 3D-63594 HasselrothGermany,258962087936,241.18,,"Xchange Technology Rentals is a leading provider of IT and audiovisual equipment rental services for businesses, offering a wide range of devices with professional support and a focus on sustainability.","Xchange Technology Rentals is a leading provider of IT and audiovisual equipment rental services for businesses, offering a wide range of devices with professional support and a focus on sustainability.",2026-05-25,2026-06-05,False,de31b646-eab6-4f42-a40e-bbb109167d95,2026-09-17_page005.json
dragonforce,allianceadjustment.com,allianceadjustment.com,"435 N Main St, Doylestown, Pennsylvania, 18901, United States",16339419136,15.22,,"Alliance Adjustment Group is a leading independent insurance claims adjuster serving Pennsylvania and New Jersey, specializing in handling a variety of insurance claims, including water damage, fire, storm damage, theft, and vandalism.","Alliance Adjustment Group is a leading independent insurance claims adjuster serving Pennsylvania and New Jersey, specializing in handling a variety of insurance claims, including water damage, fire, storm damage, theft, and vandalism.",2026-05-25,2026-06-03,False,6b820b8a-91b2-4ac8-90ad-904d651fe7c8,2026-09-17_page005.json
dragonforce,jakn.com,jakn.com,"11152 Westheimer Rd 368, Houston, Texas, 77042, United States",17940484096,16.71,,JAKN Network Support & Services LLC operates in the custom software development and IT services industry. It employs 10 to 19 people and generates revenues of $5 million to $10 million.,JAKN Network Support & Services LLC operates in the custom software development and IT services industry. It employs 10 to 19 people and generates revenues of $5 million to $10 million.,2026-05-25,2026-05-31,False,c68f6e44-11a0-4964-9e33-1dba86bbd336,2026-09-17_page005.json
dragonforce,epbinsurance.com,epbinsurance.com,"1959 Sloan Place, Suite 130Maplewood, Minnesota 55117",46208299008,43.03,,"Ekblad, Pardee & Bewell, Inc. is an independent insurance agency licensed in Minnesota, Wisconsin, South Dakota, and Arizona, offering a wide range of insurance products including auto, home, life, health, and business insurance.","Ekblad, Pardee & Bewell, Inc. is an independent insurance agency licensed in Minnesota, Wisconsin, South Dakota, and Arizona, offering a wide range of insurance products including auto, home, life, health, and business insurance.",2026-05-25,2026-06-04,False,e4a6823e-9a7d-4aaf-8deb-4261742bff09,2026-09-17_page006.json
dragonforce,rolser.com,rolser.com,"Polígono Industrial Les Galgues, Calle Metalúrgia 603750 Pedreguer, Alicante",711561981952,662.69,,"Rolser specializes in producing a variety of eco-friendly and practical products, including folding and non-folding shopping carts, eco-friendly ironing boards, stylish shopping bags, and versatile aluminum ladders. The product range meets a variety of customer needs, including families with children, eco-conscious consumers, and those seeking convenient home solutions. Rolser emphasizes innovation and quality, offering special edition series and accessories to enhance the user experience.","Rolser specializes in producing a variety of eco-friendly and practical products, including folding and non-folding shopping carts, eco-friendly ironing boards, stylish shopping bags, and versatile aluminum ladders. The product range meets a variety of customer needs, including families with children, eco-conscious consumers, and those seeking convenient home solutions. Rolser emphasizes innovation and quality, offering special edition series and accessories to enhance the user experience.",2026-05-25,2026-06-04,False,115f5c2c-ab9e-4104-913c-560ad31fa9fe,2026-09-17_page006.json
dragonforce,arsenalscaffold.com,arsenalscaffold.com,"95 Jersey St, West Babylon, New York, 11704, United States",71185059840,66.3,,"Founded in 1998, Arsenal Scaffold Inc. specializes in providing professional scaffolding and vertical access solutions, including tubular and system scaffolding, formwork, and construction hoists.","Founded in 1998, Arsenal Scaffold Inc. specializes in providing professional scaffolding and vertical access solutions, including tubular and system scaffolding, formwork, and construction hoists. The company is committed to exceptional service, safety, and quality workmanship, ensuring every project meets the highest industry standards.",2026-05-25,2026-06-04,False,4717aa66-72e3-4eeb-a981-f905a12e975b,2026-09-17_page006.json
dragonforce,ennsco.ca,ennsco.ca,"1220, 1122 4th Street SW, Calgary, Alberta, T2R 1M1",531124281344,494.65,,"Enns & Company Professional Corporation is a leading accounting and audit firm providing entrepreneurs with a full range of services, including auditing, tax consulting, financial reporting, and business advisory services, with an emphasis on teamwork and a personalized approach.","Enns & Company Professional Corporation is a leading accounting and audit firm providing entrepreneurs with a full range of services, including auditing, tax consulting, financial reporting, and business advisory services, with an emphasis on teamwork and a personalized approach.",2026-05-25,2026-06-04,False,9d5089be-f809-4d9a-a375-f1fb7e14a302,2026-09-17_page006.json
dragonforce,sphvalue.com,sphvalue.com,"1990 S Bundy Dr Ste 800, Los Angeles, California, 90025, United States",201119354880,187.31,,"Since 1992, our team of experts in economics, accounting, finance, and valuation has earned an impeccable reputation for relentless analysis and exemplary quality work. Clients trust Sanli Pastore & Hill's expert opinions, unparalleled research, and in-depth analysis in critical business situations.","Since 1992, our team of experts in economics, accounting, finance, and valuation has earned an impeccable reputation for relentless analysis and exemplary quality work. Clients trust Sanli Pastore & Hill's expert opinions, unparalleled research, and in-depth analysis in critical business situations.",2026-05-25,2026-06-05,False,41b723e9-e3e9-4add-9be8-39d489b57bd0,2026-09-17_page006.json
dragonforce,Prologic Construction,prologicconstruction.ca,www.prologicconstruction.ca,111135322112,103.5,,"Prologic Construction is a trusted general contractor based in Alberta, specializing in high-quality construction solutions for both public and private sectors since 1999. The company offers a full range of services including commercial, institutional, and municipal projects, ensuring timely completion and adherence to budget. With a commitment to quality craftsmanship and competitive pricing, Prologic Construction has built a strong reputation for reliability and expertise. Their portfolio includes various projects such as school modernizations, arena renovations, and healthcare facilities, reflecting their dedication to excellence and community development","Prologic Construction is a trusted general contractor based in Alberta, specializing in high-quality construction solutions for both public and private sectors since 1999. The company offers a full range of services including commercial, institutional, and municipal projects, ensuring timely completion and adherence to budget. With a commitment to quality craftsmanship and competitive pricing, Prologic Construction has built a strong reputation for reliability and expertise. Their portfolio includes various projects such as school modernizations, arena renovations, and healthcare facilities, reflecting their dedication to excellence and community development",2026-05-24,2026-05-28,False,3ef65c5b-aea3-4460-a83f-ae710367e4ec,2026-09-17_page006.json
dragonforce,HELIX INTERNATIONAL,helix-int.com,www.helix-int.com,24937254912,23.22,,"Helix International is a software platform and managed services provider specializing in enterprise content management and data migration. They cater to medium, large, and Fortune 500 companies across various industries, including healthcare, finance, retail, and entertainment. The company offers a variety of solutions, such as custom development, hosting, and GDPR compliance, enabled by their advanced software platform and proprietary extraction tools. With a track record of 100% project success and partnerships with major firms like IBM, Helix International is recognized for its ability to manage and optimize complex data environments.","Helix International is a software platform and managed services provider specializing in enterprise content management and data migration. They cater to medium, large, and Fortune 500 companies across various industries, including healthcare, finance, retail, and entertainment. The company offers a variety of solutions, such as custom development, hosting, and GDPR compliance, enabled by their advanced software platform and proprietary extraction tools. With a track record of 100% project success and partnerships with major firms like IBM, Helix International is recognized for its ability to manage and optimize complex data environments.",2026-05-24,2026-05-27,False,421f3e88-aad6-405d-b978-08c157ee72e5,2026-09-17_page006.json
dragonforce,Heartland Growers,heartlandgrowers.com,www.heartlandgrowers.com,80149962752,74.65,,"Heartland Growers is a full-service wholesale greenhouse located in Westfield, Indiana, owned and operated by the Gapinski Family since 1984. The company supplies wholesale plants to independent garden centers, florists, landscapers, and national chain stores throughout the Midwest. With a modern and capital-intensive facility covering over 30 acres, Heartland Growers produces a variety of plants including bedding plants, geraniums, lilies, and hanging baskets. The company is committed to maintaining quality and service as top priorities for its customers","Heartland Growers is a full-service wholesale greenhouse located in Westfield, Indiana, owned and operated by the Gapinski Family since 1984. The company supplies wholesale plants to independent garden centers, florists, landscapers, and national chain stores throughout the Midwest. With a modern and capital-intensive facility covering over 30 acres, Heartland Growers produces a variety of plants including bedding plants, geraniums, lilies, and hanging baskets. The company is committed to maintaining quality and service as top priorities for its customers",2026-05-24,2026-05-24,False,a1dccd4b-e34d-4c85-9e31-b5daa4ca41aa,2026-09-17_page006.json
dragonforce,Le Pain Quotidien US,lepainquotidien.com,www.lepainquotidien.com,113937170432,106.11,,"Established in 1990 and headquartered in New York, New York, Le Pain Quotidien US is a chain of bakery restaurants specializing in baked goods, bread, salads, sandwiches, beverages, tartines, and more.","Established in 1990 and headquartered in New York, New York, Le Pain Quotidien US is a chain of bakery restaurants specializing in baked goods, bread, salads, sandwiches, beverages, tartines, and more.",2026-05-22,2026-06-01,False,b4d29f61-59ef-4ca0-9bff-959c292d6225,2026-09-17_page006.json
dragonforce,Vega,vega-corp.com,vega-corp.com,202790719488,188.86,,"Vega combines elite technical skills with personalized customer service and environmental stewardship to excel in the industrial and manufacturing sector. From the loading docks through the warehouse, assembly line, raw product processing, storage, distribution and into the administration areas, the company's work is designed to support the company's customer's operations in the production of everything from fabrication to perishables. ""I/the company continue to use Vega not because the company has to but because the company want to. Vega brings a lot of knowledge and experience with them to the table and adds a great amount of value to the company's projects. The company value the company's relationship with them and expect it to continue for a long, long time","Vega combines elite technical skills with personalized customer service and environmental stewardship to excel in the industrial and manufacturing sector. From the loading docks through the warehouse, assembly line, raw product processing, storage, distribution and into the administration areas, the company's work is designed to support the company's customer's operations in the production of everything from fabrication to perishables. ""I/the company continue to use Vega not because the company has to but because the company want to. Vega brings a lot of knowledge and experience with them to the table and adds a great amount of value to the company's projects. The company value the company's relationship with them and expect it to continue for a long, long time",2026-05-20,2026-05-30,False,dcde7455-48bb-468e-99df-a63e0b1eae71,2026-09-17_page006.json
dragonforce,TAURUS INVESTMENT HOLDINGS,tiholdings.com,www.tiholdings.com,271067357184,252.45,,"Established in 1976, Taurus is a global real estate private equity firm with over 40 years of experience as a general partner, investor, and operator. Currently active in the United States, Western Europe, Asia, and South America, the firm makes strategic investments into value-add, core-plus, and development opportunities. Throughout North America and Europe, Taurus is consistently recognized as one of the premier owner operators of both directly managed and joint venture commercial real estate. To date, Taurus has purchased and developed more than 54 million square feet (5.01 million square meters) of residential, office, industrial, retail and other commercial real estate assets throughout the world with a total acquisition value of over $8 billion. www.tiholdings.com","Established in 1976, Taurus is a global real estate private equity firm with over 40 years of experience as a general partner, investor, and operator. Currently active in the United States, Western Europe, Asia, and South America, the firm makes strategic investments into value-add, core-plus, and development opportunities. Throughout North America and Europe, Taurus is consistently recognized as one of the premier owner operators of both directly managed and joint venture commercial real estate. To date, Taurus has purchased and developed more than 54 million square feet (5.01 million square meters) of residential, office, industrial, retail and other commercial real estate assets throughout the world with a total acquisition value of over $8 billion. www.tiholdings.com",2026-05-19,2026-05-27,False,235ea5ca-db75-4e61-ba9b-02289478af59,2026-09-17_page006.json
dragonforce,ZFG ALTHERM Engineering,zfg-altherm.at,www.zfg-altherm.at,4416503791616,4113.19,,"ZFG ALTHERM Engineering GmbH specializes in engineering services for technical building equipment. The company focuses on providing high-quality planning and consulting solutions tailored to complex and technically demanding projects. With a commitment to precision, know-how, and experience, they strive to develop individualized solutions for each client. Their target clients include those seeking specialized engineering services in the field of technical building infrastructure.","ZFG ALTHERM Engineering GmbH specializes in engineering services for technical building equipment. The company focuses on providing high-quality planning and consulting solutions tailored to complex and technically demanding projects. With a commitment to precision, know-how, and experience, they strive to develop individualized solutions for each client. Their target clients include those seeking specialized engineering services in the field of technical building infrastructure.",2026-05-19,2026-05-24,False,b4c8e56d-f86c-4d17-af4c-2eb1157d3ddc,2026-09-17_page006.json
dragonforce,Plan,plan.com,plan.com,1183583358976,1102.3,,"Founded in 2013, Plan.com works with businesses using their platform to find telecom solutions. They are headquartered in Douglas, Isle of Man","Founded in 2013, Plan.com works with businesses using their platform to find telecom solutions. They are headquartered in Douglas, Isle of Man",2026-05-17,2026-05-25,False,ec01828f-e044-43f5-8005-9dbf3dd71654,2026-09-17_page006.json
dragonforce,Ingelan,ingelan.com,www.ingelan.com,36422930432,33.92,,"Ingelan is a provider of engineering solutions for systems and communications environments. It specializes in security of information systems, information systems architecture, communications, and automation of plant systems. The company was founded in 1993 and is headquartered in ??Barcelona, Spain","Ingelan is a provider of engineering solutions for systems and communications environments. It specializes in security of information systems, information systems architecture, communications, and automation of plant systems. The company was founded in 1993 and is headquartered in ??Barcelona, Spain",2026-05-17,2026-05-18,False,7a4fcb02-4195-4311-a773-c0c5c89ed8a8,2026-09-17_page006.json
dragonforce,LeRoy Surveyors & Engineers,lseinc.com,www.lseinc.com,246323306496,229.41,,"LeRoy Surveyors & Engineers, INC. specializes in property boundary surveying, topographic surveys, and subdivision surveys, primarily serving clients in the Puyallup area. With a commitment to quality and a history of excellence since 1958, they provide comprehensive surveying and engineering services to both public and private sectors. Their expertise includes civil engineering, geotechnical services, and environmental engineering, ensuring compliance with local regulations and effective project planning. The company aims to support architects, engineers, developers, and municipalities in making informed decisions about land development.","LeRoy Surveyors & Engineers, INC. specializes in property boundary surveying, topographic surveys, and subdivision surveys, primarily serving clients in the Puyallup area. With a commitment to quality and a history of excellence since 1958, they provide comprehensive surveying and engineering services to both public and private sectors. Their expertise includes civil engineering, geotechnical services, and environmental engineering, ensuring compliance with local regulations and effective project planning. The company aims to support architects, engineers, developers, and municipalities in making informed decisions about land development.",2026-05-15,2026-05-18,False,a733ec48-7b77-4593-8c68-af15bd455910,2026-09-17_page006.json
dragonforce,Tricon Infotech,triconinfotech.com,www.triconinfotech.com,22154625024,20.63,,"Tricon Infotech delivers efficient, automated solutions and full digital transformations through custom products and enterprise implementations. The company's worldwide clients include leaders in the publishing, educational technology, finance, and legal sectors","Tricon Infotech delivers efficient, automated solutions and full digital transformations through custom products and enterprise implementations. The company's worldwide clients include leaders in the publishing, educational technology, finance, and legal sectors",2026-05-13,2026-05-10,False,687036b0-7d35-4ba0-993c-bebc96174ad6,2026-09-17_page006.json
dragonforce,Pamil Modulsystem,pamil.se,pamil.se,71552479232,66.64,,"Pamil Modulsystem specializes in renting flexible modular buildings tailored for various needs, including offices and schools. Established in 1963, the company focuses on providing high-quality, customizable solutions that enhance work and learning environments. They manage the entire process from planning and construction to maintenance, ensuring a seamless experience for their clients. Committed to sustainability, Pamil emphasizes circular building practices by renovating returned modules for future use.","Pamil Modulsystem specializes in renting flexible modular buildings tailored for various needs, including offices and schools. Established in 1963, the company focuses on providing high-quality, customizable solutions that enhance work and learning environments. They manage the entire process from planning and construction to maintenance, ensuring a seamless experience for their clients. Committed to sustainability, Pamil emphasizes circular building practices by renovating returned modules for future use.",2026-05-13,2026-04-30,False,8735ea06-7110-4801-b5f5-b3be61b2b4c0,2026-09-17_page006.json
dragonforce,MicroMarketing,micromarketing.org,www.micromarketing.org,153213222912,142.69,,"MicroMarketing specializes in expert title selections for books, audio CDs, and DVDs, catering primarily to librarians and libraries. The company is known for its personalized service, ensuring that clients receive timely and efficient support without automated responses. They offer valuable services such as downloadable invoices and MARC records, along with a strong price-value proposition. MicroMarketing's commitment to quality and customer satisfaction has garnered positive testimonials from clients who appreciate their reliable and responsive service","MicroMarketing specializes in expert title selections for books, audio CDs, and DVDs, catering primarily to librarians and libraries. The company is known for its personalized service, ensuring that clients receive timely and efficient support without automated responses. They offer valuable services such as downloadable invoices and MARC records, along with a strong price-value proposition. MicroMarketing's commitment to quality and customer satisfaction has garnered positive testimonials from clients who appreciate their reliable and responsive service",2026-05-13,2026-05-15,False,19f33588-d8bc-490e-bf95-80ee856cef6a,2026-09-17_page006.json
dragonforce,CF Evans Construction,www.cfevans.com,"125 Regional Pkwy Ste 200, Orangeburg, South Carolina, 29118, United States",4775795351552,4447.81,,"A recognized leader in the multi-family housing construction industry, CF Evans Construction provides a product for developers. The company has thrived amid six decades.","A recognized leader in the multi-family housing construction industry, CF Evans Construction provides a product for developers. The company has thrived amid six decades. The data of this company includes: Corporate correspondence of senior executives Financial documents HR documents Accounting documents Certificates, contracts, passwords, databases, and much more.",2026-05-08,2026-06-06,False,b008b8b7-0e47-416f-adcd-2313d8136de4,2026-09-17_page006.json
dragonforce,CMC Expertise Comptable,cmcexpertise.fr,"32 Rue De La Clairière, Fort-de-France,",226277515264,210.74,,"CMC Expertise Comptable is a certified accounting firm located in Martinique, dedicated to providing comprehensive support in accounting, social, legal, and fiscal matters. The firm focuses on understanding the unique needs of each client to offer tailored advice and assistance, ensuring precision and efficiency in their services. They specialize in company creation, legal and tax advice, and are committed to simplifying the administrative burdens faced by business leaders. With a strong emphasis on availability and communication, CMC Expertise Comptable aims to be the ideal partner for business growth.","CMC Expertise Comptable is a certified accounting firm located in Martinique, dedicated to providing comprehensive support in accounting, social, legal, and fiscal matters. The firm focuses on understanding the unique needs of each client to offer tailored advice and assistance, ensuring precision and efficiency in their services. They specialize in company creation, legal and tax advice, and are committed to simplifying the administrative burdens faced by business leaders. With a strong emphasis on availability and communication, CMC Expertise Comptable aims to be the ideal partner for business growth.",2026-05-08,2026-05-08,False,3827192f-9bb3-490c-9c1c-d28b382510cd,2026-09-17_page006.json
dragonforce,Cult Wines,cultwines.com,www.cultwines.com,308509929472,287.32,,"Cult Wines is revolutionizing the fine wine industry by leveraging expertise, digital platforms, and innovative technology to enhance the buying, selling, investing, and collecting experience for producers and consumers. Their services support the entire life cycle of fine wine, ensuring transparency and secure transactions. Recognizing fine wine as a unique investment, Cult Wine Investment provides clients with a wealth of possibilities, combining heritage with cutting-edge technology to enrich portfolios and enhance lives. Targeting both new generations of wine drinkers and seasoned collectors, Cult Wines aims to build a global community around fine wine appreciation.","Cult Wines is revolutionizing the fine wine industry by leveraging expertise, digital platforms, and innovative technology to enhance the buying, selling, investing, and collecting experience for producers and consumers. Their services support the entire life cycle of fine wine, ensuring transparency and secure transactions. Recognizing fine wine as a unique investment, Cult Wine Investment provides clients with a wealth of possibilities, combining heritage with cutting-edge technology to enrich portfolios and enhance lives. Targeting both new generations of wine drinkers and seasoned collectors, Cult Wines aims to build a global community around fine wine appreciation.",2026-05-04,2026-05-09,False,282416b0-8ad9-4980-a147-7bc506476190,2026-09-17_page006.json
dragonforce,Promotion AB,promotionab.se,promotionab.se,169597214720,157.95,,Etablerad redan 1979 och genom en merger med Eclipse Display 2020 kör vi nu full gas framåt på vår resa att bli nordens bästa partner när det gäller att förenklar vardagen för dig som driver en butik!,Etablerad redan 1979 och genom en merger med Eclipse Display 2020 kör vi nu full gas framåt på vår resa att bli nordens bästa partner när det gäller att förenklar vardagen för dig som driver en butik!,2026-04-27,2026-04-30,False,46716f4a-c0e6-42b4-abba-bb9025de4ef7,2026-09-17_page006.json
dragonforce,massdevelopment.com,massdevelopment.com,"99 High Street, 11th Floor, Boston, MA 02110, United States",1710200643584,1592.75,,"MassDevelopment, a state agency for finance and development, partners with businesses,","MassDevelopment, a state agency for finance and development, partners with businesses, nonprofit organizations, financial institutions, and local communities to stimulate economic growth throughout the state. In fiscal year 2017, MassDevelopment financed or managed 377 projects, which attracted more than $4 billion in investment to the Massachusetts economy. These projects are expected to create approximately 9,488 jobs and build or renovate approximately 1,863 housing units.",2026-04-27,2026-05-02,False,42b167ed-bfaa-4357-b54c-2dc1ebf57f44,2026-09-17_page006.json
dragonforce,rosehillgardens.com,rosehillgardens.com,"311 E 135th St, Kansas City, MO 64145",333096157184,310.22,,"Rosehill Gardens is a professional landscaping company based in Kansas City, employing over 150 specialists in landscape design, maintenance, irrigation, lighting, and the wholesale of gardening supplies.","Rosehill Gardens is a professional landscaping company based in Kansas City, employing over 150 specialists in landscape design, maintenance, irrigation, lighting, and the wholesale of gardening supplies. They serve both residential and commercial clients, offering services such as snow removal, garden center supplies, and event space at their winery.",2026-04-27,2026-05-29,False,d9360817-f7c1-4a56-b9a3-886fe2e9ed6a,2026-09-17_page006.json
dragonforce,gelatissimo.com.au,gelatissimo.com.au,"Unit 6, 9-11 South Street, Rydalmere, New South Wales, 2116, Australia",378406359040,352.42,,A global brand seeking major investors with experience in retail and franchising to expand its artisanal ice cream chain through a master franchise program,A global brand seeking major investors with experience in retail and franchising to expand its artisanal ice cream chain through a master franchise program,2026-04-27,2026-05-02,False,8233839a-78af-4025-b355-888eac072dec,2026-09-17_page007.json
dragonforce,avalonflooring.com,avalonflooring.com,"1938 Olney Ave, Cherry Hill, New Jersey, 08003, United States",339925516288,316.58,,"Avalon Flooring, founded in 1958 and located in Cherry Hill, New Jersey,","Avalon Flooring, founded in 1958 and located in Cherry Hill, New Jersey, specializes in installing flooring in both residential and commercial spaces. In addition to flooring installation services, Avalon also specializes in window treatments and the fabrication of bathroom vanities.",2026-04-27,2026-05-02,False,81692c11-2b18-487f-a93b-305af7132a5f,2026-09-17_page007.json
dragonforce,mopec.com,mopec.com,"800 Tech Row, Madison Heights, Michigan 48071, United States",87710466048,81.69,,"Mopec supplies American-made medical equipment and laboratory products for pathological, histological, autopsy, and morgue services.","Mopec supplies American-made medical equipment and laboratory products for pathological, histological, autopsy, and morgue services.",2026-04-27,2026-05-02,False,2740d96d-2f1a-4c99-9fa3-bbb2910869aa,2026-09-17_page007.json
dragonforce,fatbrands.com,fatbrands.com,"9720 Wilshire Blvd., Suite 500, Beverly Hills, California 90212, United States",944037400576,879.2,,"FAT Brands is a leading global franchising company that strategically acquires, promotes, and develops quick-service, fast-casual,","FAT Brands is a leading global franchising company that strategically acquires, promotes, and develops quick-service, fast-casual, and casual dining concepts around the world.",2026-04-27,2026-05-02,False,2e00a333-4513-4717-8051-d594282960fe,2026-09-17_page007.json
dragonforce,andrewtjohnson.com,andrewtjohnson.com,"15 Tremont Pl, Boston, Massachusetts, 02108, USA",37395722240,34.83,,"The company is a leading provider of printing and reprographic services, offering image processing, printing, graphic design for exhibitions, copying, offset printing, and an online catalog of drawings","The company is a leading provider of printing and reprographic services, offering image processing, printing, graphic design for exhibitions, copying, offset printing, and an online catalog of drawings",2026-04-27,2026-05-02,False,2a2621cb-ec06-48ef-a717-f4c9501df593,2026-09-17_page007.json
dragonforce,wmsopko.com,wmsopko.com,"26500 Lakeland Blvd. Euclid, OH 44132-2692 United States",32909594624,30.65,,Wm. Sopko & Sons Co. supplies and distributes the full line of Dumore automatic self-feeding drilling and threading equipment,Wm. Sopko & Sons Co. supplies and distributes the full line of Dumore automatic self-feeding drilling and threading equipment,2026-04-27,2026-05-02,False,6db77a92-0c00-4190-b363-90ba0579a60e,2026-09-17_page007.json
dragonforce,aotco.com,aotco.com,"11 Suburban Park Drive Billerica, Massachusetts 01821 United States",249751166976,232.6,,"AOTCO specializes in metal finishing solutions, offering a wide range of services, including electroplating, anodizing, and passivation,","AOTCO specializes in metal finishing solutions, offering a wide range of services, including electroplating, anodizing, and passivation, and has over 45 years of experience. It serves various industries, such as aerospace, energy, defense, medical, and semiconductor, providing capabilities for both rapid prototyping and high-volume production.",2026-04-27,2026-05-02,False,c25e70c7-e81c-4eb4-9783-fd2c3651c1e5,2026-09-17_page007.json
dragonforce,delonhampton.com,delonhampton.com,"900 7th Street, NW, Suite 800, Washington, DC 20001, USA.",70040854528,65.23,,"An engineering and consulting firm specializing in civil and structural engineering, program management, and construction, delivering complex infrastructure projects across various sectors, from aviation and roads to water treatment facilities.","An engineering and consulting firm specializing in civil and structural engineering, program management, and construction, delivering complex infrastructure projects across various sectors, from aviation and roads to water treatment facilities.",2026-04-27,2026-05-02,False,de1126b6-0d91-48b2-ac2e-f291371c53d6,2026-09-17_page007.json
dragonforce,ibswebsite.com,ibswebsite.com,"950 Michigan Avenue, Columbus, OH 43215, USA",96021200896,89.43,,"The company helps commercial organizations invest in technology solutions for their businesses by offering technology consulting,","The company helps commercial organizations invest in technology solutions for their businesses by offering technology consulting, as well as the design and integration of solutions for voice communications, data transmission, video, and security.",2026-04-27,2026-05-02,False,b937fe29-713b-46a4-98d5-f9d9342f7b2c,2026-09-17_page007.json
dragonforce,Synmosa Biopharma,synmosa.com.tw,"11F., No.396, Sec. 1, Neihu Rd., Neihu Dist., Taipei City 114, Taiwan (R.O.C.)",300808638464,280.15,,"Synmosa is a specialty pharmaceutical corporation that engages in diversified development that includes acting as an agent, manufacturing, OEM, and R&D. Adhered to the corporate motto “Honesty, Credibility, Reliability, and Innovation” in the development and manufacture of pharmaceuticals ever since its establishment in 1980.","Synmosa is a specialty pharmaceutical corporation that engages in diversified development that includes acting as an agent, manufacturing, OEM, and R&D. Adhered to the corporate motto “Honesty, Credibility, Reliability, and Innovation” in the development and manufacture of pharmaceuticals ever since its establishment in 1980.",2026-04-26,2026-06-01,False,c3ebdb46-3e1f-4c11-aa50-bb82a2dbfd18,2026-09-17_page007.json
dragonforce,Primius Law Firm,primiuslawfirm.gr,"Αγ. Μηνά 4, (2ος & 3ος Όροφος) 54625 Θεσσαλονίκη",77232074752,71.93,,"Primius Law Firm is a modern and effective legal firm established to provide holistic solutions to various legal issues. With a team of experienced professionals specializing in all branches of law, the firm has established itself as one of the best and most successful law firms in Greece. The firm is committed to continuous development and support for its clients. Its intended clients include individuals and businesses seeking reliable legal representation and expert advice","Primius Law Firm is a modern and effective legal firm established to provide holistic solutions to various legal issues. With a team of experienced professionals specializing in all branches of law, the firm has established itself as one of the best and most successful law firms in Greece. The firm is committed to continuous development and support for its clients. Its intended clients include individuals and businesses seeking reliable legal representation and expert advice",2026-04-22,2026-04-27,False,e27d0dd4-78f5-4355-a624-a1357edd0b69,2026-09-17_page007.json
dragonforce,The Galliher Law Firm,galliher-law.com,"1850 E Sahara Ave Ste 107, Las Vegas, Nevada, 89104, United States",468267458560,436.11,,"The Galliher Law Firm, established in 1974, specializes in personal injury law, providing dedicated legal representation to clients in Las Vegas and surrounding areas. With over 40 years of experience, the firm assists clients with various personal injury claims, including car accidents, medical malpractice, and wrongful death cases. Their mission is to help injured clients secure compensation for their medical expenses and lost wages, ensuring they receive the justice they deserve. The firm offers free consultations and is committed to protecting the rights of injured individuals throughout Clark County.","The Galliher Law Firm, established in 1974, specializes in personal injury law, providing dedicated legal representation to clients in Las Vegas and surrounding areas. With over 40 years of experience, the firm assists clients with various personal injury claims, including car accidents, medical malpractice, and wrongful death cases. Their mission is to help injured clients secure compensation for their medical expenses and lost wages, ensuring they receive the justice they deserve. The firm offers free consultations and is committed to protecting the rights of injured individuals throughout Clark County.",2026-04-22,2026-04-23,False,2d75b30a-552c-44ea-99ae-5522337a27fd,2026-09-17_page007.json
dragonforce,Champion Homes,championhomes.com.au,www.championhomes.com.au,47710363648,44.43,,"Champion Homes is a progressive residential building company which undertakes building work in the Greater Sydney and Illawarra region. Champion Homes operates as a specialist residential builder in the following major segments of the residential home building market: Duplex Builder Knockdown Rebuild Own Designs Narrow Lot Designs New Home Builder Sydney Townhouse Builder New Home Property Sales Project Home Builder Home and Land Packages Sydney Champion Homes is structured to use its construction expertise and resources so as to cater for both individual and corporate clients. Champion Homes has considerable experience building in the older established suburbs of Sydney. Champion Homes can help you with narrow lots, difficult building lots and customise designs to suit your needs. When the time comes to find project home builders in Sydney, Champion homes has earned their reputation as one of the most trusted and reliable project home builders in Australia","Champion Homes is a progressive residential building company which undertakes building work in the Greater Sydney and Illawarra region. Champion Homes operates as a specialist residential builder in the following major segments of the residential home building market: Duplex Builder Knockdown Rebuild Own Designs Narrow Lot Designs New Home Builder Sydney Townhouse Builder New Home Property Sales Project Home Builder Home and Land Packages Sydney Champion Homes is structured to use its construction expertise and resources so as to cater for both individual and corporate clients. Champion Homes has considerable experience building in the older established suburbs of Sydney. Champion Homes can help you with narrow lots, difficult building lots and customise designs to suit your needs. When the time comes to find project home builders in Sydney, Champion homes has earned their reputation as one of the most trusted and reliable project home builders in Australia",2026-04-21,2026-04-21,False,230f8e9a-933c-45cc-a50c-f9ff354ef5c4,2026-09-17_page007.json
dragonforce,medicalnetworks CJ GmbH & Co. KG,medicalnetworks.de,"Bardenhagener Straße 3-9, 29553 Bienenbüttel, Germany.",637024780288,593.28,,"Medicalnetworks specializes in integrated healthcare solutions, offering services such as ascleoncare and Hybrid-DRG billing. Their products are designed to streamline processes for health insurance providers and medical practices. The company aims to enhance the efficiency of healthcare delivery through innovative technology. Their intended clients include healthcare providers and insurance companies seeking to improve their operational workflows","Medicalnetworks specializes in integrated healthcare solutions, offering services such as ascleoncare and Hybrid-DRG billing. Their products are designed to streamline processes for health insurance providers and medical practices. The company aims to enhance the efficiency of healthcare delivery through innovative technology. Their intended clients include healthcare providers and insurance companies seeking to improve their operational workflows",2026-04-17,2026-04-25,False,14833707-9066-410f-b6a8-b9db41ec1b4f,2026-09-17_page007.json
dragonforce,Empower Group,goempowergroup.com,"3718 Northern Blvd Ste 409, Long Island",339714641920,316.38,,"Empower Group has positioned itself in this space as a hub for it's clients to access these different types of funding products. Empower Group has leveraged partnerships with the top lenders in the space to better service Empower Group's client's specific needs. Through Empower Group's relationships, with access to more than 40 private finance institutions, Empower Group prides ourselves at being able to meet Empower Group's clients right where they are to service their specific needs for working capital. Empower Group is committed to continually growing and evolving with the industry as a service to Empower Group's partners; both business owners and lenders alike.","Empower Group has positioned itself in this space as a hub for it's clients to access these different types of funding products. Empower Group has leveraged partnerships with the top lenders in the space to better service Empower Group's client's specific needs. Through Empower Group's relationships, with access to more than 40 private finance institutions, Empower Group prides ourselves at being able to meet Empower Group's clients right where they are to service their specific needs for working capital. Empower Group is committed to continually growing and evolving with the industry as a service to Empower Group's partners; both business owners and lenders alike.",2026-04-15,2026-04-18,False,06c26b79-4599-4008-8434-79fb6415c22e,2026-09-17_page007.json
dragonforce,McCOR,mccor.ca,www.mccor.ca,56585777152,52.7,,"McCor is a leading real estate and property management company in Canada, specializing in commercial, retail, and residential property management services. The company offers a comprehensive range of services including investment management, advisory services, leasing, and project management, targeting clients involved in real estate developments. McCor prides itself on building long-term partnerships through innovation, collaboration, and a strong focus on value creation. Their proactive approach ensures high levels of tenant satisfaction and operational efficiency, catering to a diverse clientele across various market segments","McCor is a leading real estate and property management company in Canada, specializing in commercial, retail, and residential property management services. The company offers a comprehensive range of services including investment management, advisory services, leasing, and project management, targeting clients involved in real estate developments. McCor prides itself on building long-term partnerships through innovation, collaboration, and a strong focus on value creation. Their proactive approach ensures high levels of tenant satisfaction and operational efficiency, catering to a diverse clientele across various market segments",2026-04-15,2026-04-12,False,eef14cd1-1d68-4f9a-a8e2-3a4c7b94bf63,2026-09-17_page007.json
dragonforce,Curtis Design Group,curtisdesigngroup.com,www.curtisdesigngroup.com,176396546048,164.28,,"Curtis Design Group specializes in home architecture and design, creating beautiful and livable spaces tailored to the needs of families and developers. They focus on understanding client dreams and site specifics to produce detailed blueprints that reflect those visions. The company emphasizes a collaborative approach, ensuring clients are delighted with the final designs before working with builders. Their services extend beyond Utah, aiming to create homes that endure and bring joy for generations.","Curtis Design Group specializes in home architecture and design, creating beautiful and livable spaces tailored to the needs of families and developers. They focus on understanding client dreams and site specifics to produce detailed blueprints that reflect those visions. The company emphasizes a collaborative approach, ensuring clients are delighted with the final designs before working with builders. Their services extend beyond Utah, aiming to create homes that endure and bring joy for generations.",2026-04-15,2026-04-10,False,2558ad00-e293-441a-b326-9bedc8fcb40a,2026-09-17_page007.json
dragonforce,Apply Capnor,applycapnor.com,www.applycapnor.com,2135437438976,1988.78,,"Capnor specializes in laser scanning, engineering, and 3D data management services, offering a comprehensive range of solutions including design engineering, reverse engineering, and dimensional control. Their services cater to various industries such as oil and gas, marine, chemical, power, pulp and paper, automotive, steel, and food. Capnor utilizes advanced technologies like drone inspections and 3D modeling to enhance project efficiency and accuracy. The company is dedicated to providing innovative solutions that improve project lifecycle phases and ensure quality and safety","Capnor specializes in laser scanning, engineering, and 3D data management services, offering a comprehensive range of solutions including design engineering, reverse engineering, and dimensional control. Their services cater to various industries such as oil and gas, marine, chemical, power, pulp and paper, automotive, steel, and food. Capnor utilizes advanced technologies like drone inspections and 3D modeling to enhance project efficiency and accuracy. The company is dedicated to providing innovative solutions that improve project lifecycle phases and ensure quality and safety",2026-04-14,2026-04-20,False,698b5229-4f01-4707-a64c-0dc5b42b9a5f,2026-09-17_page007.json
dragonforce,tulsachamber.com,www.tulsachamber.com,"Williams Center Tower I One West Third Street, Suite 100 Tulsa",56388935680,52.52,,The Talsi Regional Chamber of Commerce is committed to serving as a leading business-oriented organization and improving the quality of life in the community by fostering regional economic prosperity.,The Talsi Regional Chamber of Commerce is committed to serving as a leading business-oriented organization and improving the quality of life in the community by fostering regional economic prosperity.,2026-04-14,2026-04-19,False,407fd775-a942-4759-ab2b-ddd81b5932cc,2026-09-17_page007.json
dragonforce,breslinbuilders.com,breslinbuilders.com,"4710 W. Post Rd., Suite 140, Las Vegas, NV 89118",47257997312,44.01,,"Breslin Builders is a general contractor specializing in design and construction, based in Las Vegas, Nevada, and serving the Las Vegas Valley and Southern Nevada since 1980.","Breslin Builders is a general contractor specializing in design and construction, based in Las Vegas, Nevada, and serving the Las Vegas Valley and Southern Nevada since 1980. The company specializes in a wide range of commercial construction services, including pre-development, design, and construction, as well as construction management for various types of projects, such as apartment buildings, retail spaces, and hotel complexes.",2026-04-14,2026-04-21,False,fcfc9d37-cabe-44dd-9c33-ba7ccd1e7f4d,2026-09-17_page007.json
dragonforce,je-nyc.com,je-nyc.com,"165 Court Street Suite 162. Brooklyn, New York 11201",32663580672,30.42,,"Jacmel Enterprise Inc. offers a wide range of IT services, including Microsoft Dynamics solutions, project services such as data cabling and server configuration, as well as cloud services using Microsoft Office 365.","Jacmel Enterprise Inc. offers a wide range of IT services, including Microsoft Dynamics solutions, project services such as data cabling and server configuration, as well as cloud services using Microsoft Office 365.",2026-04-14,2026-04-21,False,f0a6c94f-b964-4b83-a15c-63c8f17955ff,2026-09-17_page007.json
dragonforce,ppiplastics.com,www.ppiplastics.com,"210 Teller St, Corona, California 92879, US",193704947712,180.4,,Preproduction Plastics Inc. is a company specializing in structural foam injection molding and gas-assisted injection molding.,Preproduction Plastics Inc. is a company specializing in structural foam injection molding and gas-assisted injection molding.,2026-04-14,2026-04-22,False,814f56ab-0d7f-473f-abad-b239deb9abcd,2026-09-17_page007.json
dragonforce,novafp.com,novafp.com,"1530 Wiley Road, Schaumburg IL 60173, US",820723318784,764.36,,"Nova Fire Protection Inc. specializes in sprinkler fire suppression systems,","Nova Fire Protection Inc. specializes in sprinkler fire suppression systems, offering design, installation, repair, inspection, and testing services to homeowners and businesses in the Chicago area. Their team is ready to tackle projects of any scale, from residential homes to large commercial buildings, providing comprehensive fire safety solutions. The company also provides 24/7 emergency services and system upgrades to maintain their effectiveness. With years of experience in the region, Nova Fire Protection is committed to protecting lives and property across various communities.",2026-04-14,2026-04-22,False,abf898a3-5883-4657-a4f0-a336b44a231e,2026-09-17_page007.json
dragonforce,advprograms.com,advprograms.com,"7125 Riverwood Drive, Columbia, Maryland 21046, US",706896232448,658.35,,"Advanced Programs, Incorporated (API) specializes in providing secure, high-quality integrated","Advanced Programs, Incorporated (API) specializes in providing secure, high-quality integrated system solutions designed specifically for government and industrial clients, particularly in the fields of intelligence, defense, and foreign policy. The product portfolio includes TEMPEST-certified computers, networking equipment, and secure communication devices that meet stringent security standards. API retrofits existing products from leading manufacturers and develops new designs to ensure reliability in high-risk environments. The company’s typical customers are program management offices responsible for deploying and maintaining secure IT solutions in remote locations.",2026-04-14,2026-04-17,False,83b95c5a-633b-4f5d-9309-8aa68a611bcf,2026-09-17_page007.json
dragonforce,imadesign.com,imadesign.com,"Southern California 5281 california ave, ste 350 irvine, ca 92617",971634171904,904.9,,"IMA Design Group, Inc. specializes in master planning, development services, and landscape architecture, with a particular focus on creating exceptional spaces for its clients.","IMA Design Group, Inc. specializes in master planning, development services, and landscape architecture, with a particular focus on creating exceptional spaces for its clients. The company is distinguished by its unique artistic approach and strives to ensure maximum cost-effectiveness in its projects. The company’s portfolio includes a wide range of projects—from affordable and student housing to commercial spaces—located both in California and beyond. The company strives to help clients create socially oriented environments that harmoniously blend recreational elements with modern technology.",2026-04-14,2026-04-21,False,9b6e3e04-9791-4e93-ad79-beb5974076ce,2026-09-17_page008.json
dragonforce,tremcar.com,www.tremcar.com,"790 Avenue Montrichard, Saint Jean Sur Richelieu, Quebec, J2X 5G4, Canada",183630667776,171.02,,Tremcar Drummond Inc. manufactures and designs high-quality textile machinery and equipment. The company was founded in 1962,Tremcar Drummond Inc. manufactures and designs high-quality textile machinery and equipment. The company was founded in 1962,2026-04-14,2026-04-21,False,8db5a061-8ab7-446a-9c8e-c00b77adf62c,2026-09-17_page008.json
dragonforce,gtlcompany.com,gtlcompany.com,"112 Mitchell Blvd., Tullahoma, TN 37388, U.S.A.",415823818752,387.27,,"Gloyer-Taylor Laboratories, Inc. (GTL) is a high-tech company specializing in providing revolutionary technologies for the aerospace industry. Its product portfolio includes advanced composite cryogenic tanks, propulsion systems, as well as aerospace system design and analysis services. GTL serves customers in the aerospace sector, with a particular focus on innovative solutions for launch vehicles and high-temperature structures. The company also collaborates with organizations such as NASA to develop cutting-edge technologies for space exploration.","Gloyer-Taylor Laboratories, Inc. (GTL) is a high-tech company specializing in providing revolutionary technologies for the aerospace industry. Its product portfolio includes advanced composite cryogenic tanks, propulsion systems, as well as aerospace system design and analysis services. GTL serves customers in the aerospace sector, with a particular focus on innovative solutions for launch vehicles and high-temperature structures. The company also collaborates with organizations such as NASA to develop cutting-edge technologies for space exploration.",2026-04-14,2026-04-21,False,c47d2fb2-1f75-422f-ba73-d89a787826a3,2026-09-17_page008.json
dragonforce,graphicinfo.com,graphicinfo.com,"7177 Central Parke Blvd, Mason, Ohio, 45040, United States",68370452480,63.67,,"Graphic Information Systems Inc. specializes in the custom production of barcode labels, product number/identification labels, and warehouse signage, serving businesses","Graphic Information Systems Inc. specializes in the custom production of barcode labels, product number/identification labels, and warehouse signage, serving businesses that require inventory management solutions. They also offer a wide range of promotional products and apparel to enhance a company’s brand recognition. Their services include the installation of warehouse labels and signs, as well as design services. Based in Cincinnati, Ohio, GIS strives to provide high-quality, affordable products to improve warehouse operations and marketing efforts.",2026-04-14,2026-05-29,False,c64d7c32-4781-4cb0-9415-08581b25281d,2026-09-17_page008.json
dragonforce,milliondollarbabyco.com,milliondollarbabyco.com,"8700 Rex Rd, Pico Rivera, California 90660, US",173760335872,161.83,,"Million Dollar Baby Co. was founded in 1990 and is a proudly family-owned business based in Los Angeles. Since then, MDB has grown to include seven distinct children’s furniture brands, each with its own style, aesthetic, and price point, while offering some of the most eco-friendly and award-winning designs in the industry. Our products are available at retailers such as Target and Amazon, as well as specialty stores like Pottery Barn Kids and Crate & Barrel. The parent company, Million Dollar Baby Co., includes our brands: Babyletto, daVinci, Nursery Works, and Namesake.","Million Dollar Baby Co. was founded in 1990 and is a proudly family-owned business based in Los Angeles. Since then, MDB has grown to include seven distinct children’s furniture brands, each with its own style, aesthetic, and price point, while offering some of the most eco-friendly and award-winning designs in the industry. Our products are available at retailers such as Target and Amazon, as well as specialty stores like Pottery Barn Kids and Crate & Barrel. The parent company, Million Dollar Baby Co., includes our brands: Babyletto, daVinci, Nursery Works, and Namesake.",2026-04-14,2026-04-21,False,04a980e8-5299-465c-bf27-621fa02e8daf,2026-09-17_page008.json
dragonforce,rudolf-med.com,rudolf-med.com,www.rudolf-med.com,108148551680,100.72,,"RUDOLF Medical GmbH + Co. KG specializes in providing medical products and services. They offer a range of items through E-catalogs and support their clients with various services. The company aims to cater to a diverse clientele in the medical field. For further engagement, they participate in trade fairs and provide career opportunities","RUDOLF Medical GmbH + Co. KG specializes in providing medical products and services. They offer a range of items through E-catalogs and support their clients with various services. The company aims to cater to a diverse clientele in the medical field. For further engagement, they participate in trade fairs and provide career opportunities",2026-04-13,2026-04-12,False,e7ef8335-38df-4e5b-a03f-0fb95c4e0f74,2026-09-17_page008.json
dragonforce,Lift,liftag.int,www.liftag.ch,450326016000,419.4,,"Lift AG is a Swiss lift manufacturer established in 1958, specializing in high-quality elevator solutions for residential and commercial buildings. The company offers a wide range of products including new installations, replacement systems, modernization services, and maintenance contracts. With a commitment to flexibility and customer satisfaction, Lift AG caters to various client needs with tailored solutions. As an independent family business, it prides itself on its experienced team and strong service network across the German-speaking part of Switzerland","Lift AG is a Swiss lift manufacturer established in 1958, specializing in high-quality elevator solutions for residential and commercial buildings. The company offers a wide range of products including new installations, replacement systems, modernization services, and maintenance contracts. With a commitment to flexibility and customer satisfaction, Lift AG caters to various client needs with tailored solutions. As an independent family business, it prides itself on its experienced team and strong service network across the German-speaking part of Switzerland",2026-04-13,2026-04-18,False,0e0a1b30-8f0b-44b1-a928-fb8321133556,2026-09-17_page008.json
dragonforce,Travel of America,travelofamerica.com,www.travelofamerica.com,40440725504,37.66,,"Travel of America specializes in luxury ocean, river, and expedition cruises, as well as hotels, resorts, guided tours, and custom land arrangements for both individual and group travel. They offer a wide range of travel options including hosted cruises, shore excursions, and active adventures. Their services cater to clients seeking high-end travel experiences and personalized itineraries. With a focus on exceptional customer service, they provide exclusive offers and loyalty programs to enhance the travel experience.","Travel of America specializes in luxury ocean, river, and expedition cruises, as well as hotels, resorts, guided tours, and custom land arrangements for both individual and group travel. They offer a wide range of travel options including hosted cruises, shore excursions, and active adventures. Their services cater to clients seeking high-end travel experiences and personalized itineraries. With a focus on exceptional customer service, they provide exclusive offers and loyalty programs to enhance the travel experience.",2026-04-13,2026-04-17,False,359e6804-203a-4e08-977f-05638002dcaf,2026-09-17_page008.json
dragonforce,edtg.com,edtg.com,The Eldorado Trading Group,26939535360,25.09,,"The Eldorado Trading Group is a company that operates in the Banking industry. It employs 10to19 people and has 1Mto5M of revenue. The company is headquartered in Mountain View, California","The Eldorado Trading Group is a company that operates in the Banking industry. It employs 10to19 people and has 1Mto5M of revenue. The company is headquartered in Mountain View, California",2026-04-13,2026-04-15,False,b6165216-5c83-4743-aa5b-d26f47af293a,2026-09-17_page008.json
dragonforce,www.sistemigestioneintegrata.eu,www.sistemigestioneintegrata.eu,"Via Piave 1, 24043 Caravaggio (BG), Italy",383402950656,357.07,,"SGI – Sistemi Gestione Integrata is an Italian consulting firm headquartered in Bergamo, Lombardy, specializing in workplace health & safety, environmental compliance, and occupational medicine. With over 863 clients, 57,000+ medical visits conducted, and 125 environmental authorizations managed, SGI offers comprehensive services including risk assessments, fire prevention, emergency planning, ISO certification consulting (9001, 14001, 45001), waste management, and REACH compliance. As an accredited training provider (Regione Lombardia No. 691), SGI also delivers in-person and e-learning safety courses. The company supports its services through proprietary digital platforms including NET4SAFE and SGI FAD.","SGI – Sistemi Gestione Integrata is an Italian consulting firm headquartered in Bergamo, Lombardy, specializing in workplace health & safety, environmental compliance, and occupational medicine. With over 863 clients, 57,000+ medical visits conducted, and 125 environmental authorizations managed, SGI offers comprehensive services including risk assessments, fire prevention, emergency planning, ISO certification consulting (9001, 14001, 45001), waste management, and REACH compliance. As an accredited training provider (Regione Lombardia No. 691), SGI also delivers in-person and e-learning safety courses. The company supports its services through proprietary digital platforms including NET4SAFE and SGI FAD.",2026-04-13,2026-04-16,False,c7d7dc98-e39f-41f6-9ad1-c6caa04fa798,2026-09-17_page008.json
dragonforce,Affordable Oil,affordableoil.com,"141 Rollins Rd, Rollinsford, New Hampshire",4167749632,3.88,,The goal of Affordable Oil is in our name. We strive to provide the best heating oil delivery service at the lowest cost. Our friendly office staff is here Monday - Friday to help you with all your scheduling needs. We have our own on-site oil storage facility. This ensures that we can serve all our customers without interruption all year round. 24 hour emergency burner service is available through reliable independent contractors.,The goal of Affordable Oil is in our name. We strive to provide the best heating oil delivery service at the lowest cost. Our friendly office staff is here Monday - Friday to help you with all your scheduling needs. We have our own on-site oil storage facility. This ensures that we can serve all our customers without interruption all year round. 24 hour emergency burner service is available through reliable independent contractors.,2026-04-12,2026-04-16,False,2cec3774-27a9-4908-8bdd-37fd0f32000a,2026-09-17_page008.json
dragonforce,Mercedes-Benz of Arlington,justmercedes.com,justmercedes.com,99932045312,93.07,,"Mercedes-Benz of Arlington is a premier dealership specializing in new and pre-owned Mercedes-Benz vehicles, offering a wide selection of luxury cars, SUVs, and convertibles. The dealership provides exceptional customer service and a seamless buying experience for clients in the Arlington and greater Washington, DC area. They also offer financing options, vehicle servicing, and genuine parts to ensure customer satisfaction. With decades of experience, the knowledgeable staff is dedicated to helping clients find their ideal vehicle.","Mercedes-Benz of Arlington is a premier dealership specializing in new and pre-owned Mercedes-Benz vehicles, offering a wide selection of luxury cars, SUVs, and convertibles. The dealership provides exceptional customer service and a seamless buying experience for clients in the Arlington and greater Washington, DC area. They also offer financing options, vehicle servicing, and genuine parts to ensure customer satisfaction. With decades of experience, the knowledgeable staff is dedicated to helping clients find their ideal vehicle.",2026-04-06,2026-04-08,False,1943c262-5b17-4140-98c5-6acd3e4386f3,2026-09-17_page008.json
dragonforce,Innovision Holdings,ivcorp.com,www.ivcorp.com,1175494918144,1094.76,,"Founded in 2004, InnoVision Holdings Corporation is a group of apparel and accessories companies that focus on brand developments, product innovation, global sales, marketing and distribution. From the company's luxury fashion division to the company's mass market fan wear subsidiary, InnoVisions companies combine innovative designs, high quality, utility with respected brands in their respective markets. Through its portfolio of brands, be it its fully owned or licensed, created or acquired, InnoVision designs, manufacture and distribute to a diverse base of retailers in luxury lifestyle, outdoor, speciality and mass markets in over 30 countries. To create and develop premium leading global lifestyle brands by focusing on product design and innovation, and developing global sales, marketing and distribution capabilities. Innovation is a core value of InnoVision group. Through ongoing in-house research and development efforts and an open innovation collaboration platform, InnoVision de","Founded in 2004, InnoVision Holdings Corporation is a group of apparel and accessories companies that focus on brand developments, product innovation, global sales, marketing and distribution. From the company's luxury fashion division to the company's mass market fan wear subsidiary, InnoVisions companies combine innovative designs, high quality, utility with respected brands in their respective markets. Through its portfolio of brands, be it its fully owned or licensed, created or acquired, InnoVision designs, manufacture and distribute to a diverse base of retailers in luxury lifestyle, outdoor, speciality and mass markets in over 30 countries. To create and develop premium leading global lifestyle brands by focusing on product design and innovation, and developing global sales, marketing and distribution capabilities. Innovation is a core value of InnoVision group. Through ongoing in-house research and development efforts and an open innovation collaboration platform, InnoVision de",2026-04-05,2026-04-07,False,f85e068c-1ffc-44c6-959c-86c6a66bfeac,2026-09-17_page008.json
dragonforce,Siam Okamura International Co,www.okamura.co.th,"อาคารมาลีนนท์ ทาวเวอร์ ชั้น 19 3199 Rama IV Rd, Khlong Tan, Khlong Toei, Bangkok 10110, Thailand",395887374336,368.7,,"Siam Okamura International Co., Ltd., established in Thailand in 1996, is a leading provider of high-quality Japanese-designed ergonomic office furniture and interior solutions. Based in Bangkok with local manufacturing via Siam Okamura Steel Co., Ltd., they offer products and services for offices, education, healthcare, and retail spaces.","Siam Okamura International Co., Ltd., established in Thailand in 1996, is a leading provider of high-quality Japanese-designed ergonomic office furniture and interior solutions. Based in Bangkok with local manufacturing via Siam Okamura Steel Co., Ltd., they offer products and services for offices, education, healthcare, and retail spaces.",2026-04-04,2026-04-09,False,5fc214c9-da08-4acd-b173-e934a6e9973a,2026-09-17_page008.json
dragonforce,Vietnam Fortress Tools JSC,www.fortresstools.com.vn,"Lot B8+B9+B10, Phuc Khanh Industrial Park, Thai Binh City, Thai Binh Province, Vietnam",432003063808,402.33,,"Vietnam Fortress Tools JSC, established in 2006, is a leading manufacturer of gardening tools, with over 90% of its products exported to North America and Europe. The company offers a diverse range of gardening tools that meet international standards at competitive prices. Fortress is committed to its responsibilities towards its employees and the local community, ensuring its factories are regularly audited by independent organizations. Their focus on sustainability and quality positions them as a top partner in the gardening tools industry.","Vietnam Fortress Tools JSC, established in 2006, is a leading manufacturer of gardening tools, with over 90% of its products exported to North America and Europe. The company offers a diverse range of gardening tools that meet international standards at competitive prices. Fortress is committed to its responsibilities towards its employees and the local community, ensuring its factories are regularly audited by independent organizations. Their focus on sustainability and quality positions them as a top partner in the gardening tools industry.",2026-04-04,2026-03-16,False,14841b15-0c82-4696-b591-d7a9a1492e00,2026-09-17_page008.json
dragonforce,AUG Pharma,www.augpharma.com,"106 El-nile St Agouza, Giza, Giza, Egypt",955995582464,890.34,,"AUG Pharma is an Egyptian shareholding company dedicated to enhancing public health through the development, manufacturing, and commercialization of innovative pharmaceutical products. Their product range includes various medications and health solutions such as immune sachets, dermatological creams, and pain relief medications. The company aims to serve a diverse clientele, including healthcare professionals and patients, by providing high-quality pharmaceutical products. AUG Pharma is also focused on expanding its market presence, as evidenced by its recent collaborations and participation in industry events.","AUG Pharma is an Egyptian shareholding company dedicated to enhancing public health through the development, manufacturing, and commercialization of innovative pharmaceutical products. Their product range includes various medications and health solutions such as immune sachets, dermatological creams, and pain relief medications. The company aims to serve a diverse clientele, including healthcare professionals and patients, by providing high-quality pharmaceutical products. AUG Pharma is also focused on expanding its market presence, as evidenced by its recent collaborations and participation in industry events.",2026-04-04,2026-04-11,False,8abd18c9-deda-4744-b5c6-c8f8c4e68e31,2026-09-17_page008.json
dragonforce,G Plants,www.gplants.com,"Quarry Barn, Bolton Rd, Preston, Lancashire, PR5 0SP, United Kingdom.",388994134016,362.28,,"G Plants Ltd specializes in providing innovative gardening products and gifts, including seasonal plant items and lawn care solutions. They cater to a diverse clientele, ranging from small retailers to large chains, and collaborate with specialized growers to offer exclusive plant varieties. The company also offers white label solutions and brand management services tailored to their clients' marketing needs. Their product range includes easy gardening kits, seed planters, and eco-friendly options, appealing to both novice and experienced gardeners.","G Plants Ltd specializes in providing innovative gardening products and gifts, including seasonal plant items and lawn care solutions. They cater to a diverse clientele, ranging from small retailers to large chains, and collaborate with specialized growers to offer exclusive plant varieties. The company also offers white label solutions and brand management services tailored to their clients' marketing needs. Their product range includes easy gardening kits, seed planters, and eco-friendly options, appealing to both novice and experienced gardeners.",2026-04-04,2026-04-10,False,7d51b117-d575-4547-9aff-64ca25a682ba,2026-09-17_page008.json
dragonforce,Kopran,kopran.com,"Parijat House, 1076, Dr. E. Moses Road, Worli, Mumbai – 400 018, Maharashtra (India)",304722567168,283.8,,"Kopran Limited & its subsidiary Kopran Research Laboratories Limited has established an indomitable presence in the realm of manufacturing an extensive spectrum of Finished Dosage Forms and Active pharmaceutical ingredients (APIs) respectively. With over sixty years of expertise at our disposal, we adeptly seized opportunities and propelled a trajectory of sustained growth.","Kopran Limited & its subsidiary Kopran Research Laboratories Limited has established an indomitable presence in the realm of manufacturing an extensive spectrum of Finished Dosage Forms and Active pharmaceutical ingredients (APIs) respectively. With over sixty years of expertise at our disposal, we adeptly seized opportunities and propelled a trajectory of sustained growth.",2026-04-04,2026-03-24,False,b8caeabc-1e04-43ad-88e9-988650862c63,2026-09-17_page008.json
dragonforce,sutex.com,sutex.com,"Terrapuerto Winery 29 80 Km St 1.7 Entrance La, Facatativa, Cundinamarca, Colombia",130386825216,121.43,,"SUTEX was founded in 1985.Our core business includes the development and marketing of textiles used in the production of clothing, upholstery, lingerie, footwear, and leather goods.We collaborate with prestigious international textile mills. Driven by a genuine passion for fashion,","SUTEX was founded in 1985.Our core business includes the development and marketing of textiles used in the production of clothing, upholstery, lingerie, footwear, and leather goods.We collaborate with prestigious international textile mills. Driven by a genuine passion for fashion, for the past three decades, Sutex has been dedicated to refining corporate practices that allow us to remain at the forefront of the textile industry. We closely monitor fashion cycles to identify the latest trends and respond promptly, providing our customers with the most appropriate product at the right time. Our production facilities are located in Bogotá, along with a distribution center equipped with state-of-the-art technology, allowing us to ensure the efficiency and quality of our marketing efforts.",2026-04-02,2026-04-22,False,6229fdb6-8d2e-4660-aff5-6bd531b92279,2026-09-17_page008.json
dragonforce,bunch.ca,bunch.ca,"SE- 32-039-05 W5M ; P.O Box 579. Rocky Mountain House, Alberta T4T 1A4.",1008052002816,938.82,,It is a leading contractor in the construction of facilities for the oil and gas industry in Western Canada.,It is a leading contractor in the construction of facilities for the oil and gas industry in Western Canada.,2026-04-02,2026-04-15,False,7a7f61d2-2deb-40c5-99c5-6fd0d4a8f8d4,2026-09-17_page008.json
dragonforce,kleankanteen.com,kleankanteen.com,"3960 Morrow Lane, Chico, California 95928, US",478167076864,445.33,,"Klean Kanteen was founded in 2004. The company manufactures reusable stainless steel water bottles. The company's headquarters are located in Chico, California.","Klean Kanteen was founded in 2004. The company manufactures reusable stainless steel water bottles. The company's headquarters are located in Chico, California.",2026-04-02,2026-04-20,False,0bac7dda-ea23-4cd1-bf96-206cb8a2f4fb,2026-09-17_page008.json
dragonforce,northstarmetal.com,northstarmetal.com,"591 Mitchell Rd, Glendale Heights, Illinois 60139, US",158245941248,147.38,,"Northstar Metal Products is a manufacturer of metal products. Services: CNC machining, laser cutting, robotic welding, powder coating, and prototyping. Industries: telecommunications, manufacturing, transportation, energy, healthcare, and home goods.","Northstar Metal Products is a manufacturer of metal products. Services: CNC machining, laser cutting, robotic welding, powder coating, and prototyping. Industries: telecommunications, manufacturing, transportation, energy, healthcare, and home goods.",2026-04-02,2026-04-15,False,f557c1c3-e017-4609-b26d-db0358a461e9,2026-09-17_page008.json
dragonforce,acmealliance.com,www.acmealliance.com,"3610 Commercial Avenue, Northbrook, Illinois 60062, US",433797398528,404.01,,"It is a global manufacturer specializing in the custom production of die-cast components for various industries, including the automotive, marine, and agricultural sectors.","It is a global manufacturer specializing in the custom production of die-cast components for various industries, including the automotive, marine, and agricultural sectors.",2026-04-02,2026-04-08,False,aea30e95-68ad-4b9f-bce5-cfe6f01de778,2026-09-17_page008.json
dragonforce,jbrand.co.uk,www.jbrand.co.uk,2 Margaret Street London W1W 8RD,1156201283584,1076.8,,"J Brand, headquartered in London, UK, provides a range of services in the electrical engineering and IT sectors.","J Brand, headquartered in London, UK, provides a range of services in the electrical engineering and IT sectors.",2026-04-02,2026-04-15,False,863f08fe-fd1f-4fdc-bd39-b26615f09459,2026-09-17_page008.json
dragonforce,cesimaging.com,cesmn.com,"1701 James Cir N, Brooklyn Center, Minnesota, 55430, United States",9566322688,8.91,,"The company is an authorized dealer for Canon, Sharp, Oce, KIP America, and HP","The company is an authorized dealer for Canon, Sharp, Oce, KIP America, and HP",2026-04-02,2026-04-10,False,c3991166-99f7-4c64-ad73-54f553f1ec0e,2026-09-17_page009.json
dragonforce,singita.com,singita.com,"1 Oakdale Newlands Rd, Cape Town, Western Cape 7700, ZA",46965878784,43.74,,"Singita is committed to providing unforgettable wildlife experiences, offering accommodations in lodges, camps, and private villas located in some of Africa’s most stunning and sought-after destinations. The company is committed to environmentally responsible hospitality and sustainable conservation, and has been working with local communities since its founding in 1993.","Singita is committed to providing unforgettable wildlife experiences, offering accommodations in lodges, camps, and private villas located in some of Africa’s most stunning and sought-after destinations. The company is committed to environmentally responsible hospitality and sustainable conservation, and has been working with local communities since its founding in 1993.",2026-04-02,2026-04-09,False,0e64a450-0c5f-43d6-911e-81456466f406,2026-09-17_page009.json
dragonforce,atpkg.com,www.atpkg.com,"17825 Lapointe St., Mirabel, QC J7J 0W7, Canada.",73542721536,68.49,,"At AT Packaging, employees play a key role—dedication, a commitment to quality, and team spirit are at the core of the company’s business philosophy. If you are a dynamic, customer-focused individual, there may be a career opportunity for you at AT Packaging.","At AT Packaging, employees play a key role—dedication, a commitment to quality, and team spirit are at the core of the company’s business philosophy. If you are a dynamic, customer-focused individual, there may be a career opportunity for you at AT Packaging. The following positions are available: Warehouse Operations — the company’s operations must be based on an organized and efficient warehouse to ensure high-quality customer service.",2026-04-02,2026-04-16,False,d8181000-caef-4f9a-a19b-064c23d709ca,2026-09-17_page009.json
dragonforce,congoleum.com,congoleum.com,"3705 Quakerbridge Rd, Mercerville, New Jersey 08619, US",121430921216,113.09,,"Founded in 1886 and headquartered in Mercerville, New Jersey, Congoleum develops and manufactures flooring for residential and commercial spaces.","Founded in 1886 and headquartered in Mercerville, New Jersey, Congoleum develops and manufactures flooring for residential and commercial spaces.",2026-04-02,2026-04-16,False,8711b463-2001-47bc-bf7c-89d7087e0943,2026-09-17_page009.json
dragonforce,greenwayfence.com,greenwayfence.com,"601 OVERLY'S GROVE RD NEW HOLLAND, PA 17557",61596336128,57.37,,A wholesale supplier of fencing and railings serving both private homeowners and contractors throughout the East Coast. They offer a wide range of,"A wholesale supplier of fencing and railings serving both private homeowners and contractors throughout the East Coast. They offer a wide range of custom fencing materials, including vinyl and aluminum options, as well as decking and specialty products.",2026-04-02,2026-04-15,False,eedeb683-a30f-4709-b65e-ba8614974605,2026-09-17_page009.json
dragonforce,fhw-neukoelln.de,fhw-neukoelln.de,Fernheizwerk Neukölln AG Weigandufer 49 12059 Berlin,61592993792,57.36,,"Fernheizwerk Neukölln provides heat to homes in the Berlin-Neukölln district. This local heating company generates and supplies heat to approximately 40,000 homes,","Fernheizwerk Neukölln provides heat to homes in the Berlin-Neukölln district. This local heating company generates and supplies heat to approximately 40,000 homes, ensuring a comfortable temperature during the cold months. They make every effort to provide reliable heat to the community by connecting homes to efficient heating systems throughout the district.",2026-04-02,2026-04-15,False,14cd73d2-75e0-4f12-a511-a6447823a7a9,2026-09-17_page009.json
dragonforce,Elara Engineering,elaraeng.com,www.elaraeng.com,305464709120,284.49,,"Elara Engineering is a full-service Mechanical, Electrical, Plumbing, Fire Protection, and Technology consulting engineering firm based in Chicago, Illinois. With 25 years of experience, the company specializes in the design, costing, delivery, and oversight of building and utility systems, offering both pre-design and post-construction services. Their clients include educational institutions, municipal entities, and residential developers, focusing on sustainable and innovative engineering solutions. Elara Engineering is committed to reducing energy consumption and carbon footprints through its projects and embraces diversity within its workforce","Elara Engineering is a full-service Mechanical, Electrical, Plumbing, Fire Protection, and Technology consulting engineering firm based in Chicago, Illinois. With 25 years of experience, the company specializes in the design, costing, delivery, and oversight of building and utility systems, offering both pre-design and post-construction services. Their clients include educational institutions, municipal entities, and residential developers, focusing on sustainable and innovative engineering solutions. Elara Engineering is committed to reducing energy consumption and carbon footprints through its projects and embraces diversity within its workforce",2026-04-01,2026-04-09,False,14fb8686-9317-496b-b9af-d674002cd614,2026-09-17_page009.json
dragonforce,Fountain,fountain.eu,www.fountain.be,68580724736,63.87,,"Over the last 40 years, Fountain has established itself as Europe's leading supplier of drinks vending machines for businesses, delivering the widest range of solutions to organisations with 5 to 50 employees, as well as multi-site key account customers. The company now operates in 28 countries and has developed a strong reputation and identity, founded on personalised services and solutions, a wide range of tailor-made products, and a local distribution network. Here at Fountain, we provide our customers with a comprehensive service that covers cartridge and automatic machines, capsule machines, water fountains, accessories and snacks. Fountain distributes a vast range of both own-brand and third-party products. As such, it is able to meet the exacting demands of businesses and organisations looking to tailor their offer to the specific needs of their customers and/or staff, from precise quantities to consumer preferences. Fountain has been listed on the Euronext stock exchange since","Over the last 40 years, Fountain has established itself as Europe's leading supplier of drinks vending machines for businesses, delivering the widest range of solutions to organisations with 5 to 50 employees, as well as multi-site key account customers. The company now operates in 28 countries and has developed a strong reputation and identity, founded on personalised services and solutions, a wide range of tailor-made products, and a local distribution network. Here at Fountain, we provide our customers with a comprehensive service that covers cartridge and automatic machines, capsule machines, water fountains, accessories and snacks. Fountain distributes a vast range of both own-brand and third-party products. As such, it is able to meet the exacting demands of businesses and organisations looking to tailor their offer to the specific needs of their customers and/or staff, from precise quantities to consumer preferences. Fountain has been listed on the Euronext stock exchange since",2026-04-01,2026-04-04,False,3ee4bbb2-0ac1-4a17-ac6e-4fcfbb332aff,2026-09-17_page009.json
dragonforce,blossmangas.com,www.blossmangas.com,"809 Washington Avenue, Ocean Springs, MS 39564, USA.",487814193152,454.31,,"Blossman Gas, founded in 1951 and located in Ocean Springs, Mississippi, is a family-owned business that provides a wide range of services in the liquefied petroleum gas industry and specializes in gas appliances.","Blossman Gas, founded in 1951 and located in Ocean Springs, Mississippi, is a family-owned business that provides a wide range of services in the liquefied petroleum gas industry and specializes in gas appliances.",2026-04-01,2026-04-09,False,2bb3ac2e-7355-485a-b5ce-c0e2bf9f61de,2026-09-17_page009.json
dragonforce,North Central HIDTA,www.northcentralhidta.org,"801 W Michigan St, Milwaukee, Wisconsin, United States",1624486465536,1512.92,,"North Central HIDTA is a federal program aimed at supporting federal, state, local, and tribal law enforcement agencies in combating drug trafficking in Minnesota and Wisconsin. The organization focuses on creating multi-agency task forces to reduce drug threats and enhance intelligence sharing to dismantle significant drug trafficking and money laundering organizations. Their initiatives include enforcement, prevention, prosecution, and training to foster drug-free communities. Intended clients include law enforcement and public safety professionals in the region.","North Central HIDTA is a federal program aimed at supporting federal, state, local, and tribal law enforcement agencies in combating drug trafficking in Minnesota and Wisconsin. The organization focuses on creating multi-agency task forces to reduce drug threats and enhance intelligence sharing to dismantle significant drug trafficking and money laundering organizations. Their initiatives include enforcement, prevention, prosecution, and training to foster drug-free communities. Intended clients include law enforcement and public safety professionals in the region.",2026-03-30,2026-04-03,False,a9ebb66a-f484-4cd1-b33c-143cddb37dd6,2026-09-17_page009.json
dragonforce,Alliance Select Foods International,allianceselectfoods.com,www.allianceselectfoods.com,24343476,0.02,,"Alliance Select Foods International, Inc. is a leading seafood company specializing in the tuna canning industry since 2003, producing premium-quality tuna and salmon products. The company offers a diverse range of products including canned, pouched, and frozen tuna, ensuring high standards of quality and sustainability. With a global presence, ASFII is dedicated to supporting its workforce, empowering communities, and protecting the environment. Their commitment to corporate governance emphasizes sustainable growth and accountability to stakeholders","Alliance Select Foods International, Inc. is a leading seafood company specializing in the tuna canning industry since 2003, producing premium-quality tuna and salmon products. The company offers a diverse range of products including canned, pouched, and frozen tuna, ensuring high standards of quality and sustainability. With a global presence, ASFII is dedicated to supporting its workforce, empowering communities, and protecting the environment. Their commitment to corporate governance emphasizes sustainable growth and accountability to stakeholders",2026-03-29,2026-03-27,False,174bc965-9627-47d9-9ef8-76b59d115634,2026-09-17_page009.json
dragonforce,Groupe Courtois Automobiles,groupe-courtois.fr,"13 Rue Ampère, Montigny-le-Bretonneux",14116466688,13.15,,"Groupe Courtois is an automotive dealership specializing in Honda vehicles, with over 40 years of experience in the automotive industry. They operate in Chambourcy and Saint-Ouen-l'Aumône,","Groupe Courtois is an automotive dealership specializing in Honda vehicles, with over 40 years of experience in the automotive industry. They operate in Chambourcy and Saint-Ouen-l'Aumône,",2026-03-27,2026-03-24,False,a1829d25-558d-4ac1-bd7a-b634bc82bbd0,2026-09-17_page009.json
dragonforce,STS Travel,ststravel.com,"2431 Solomons Island Road Suite 302 Annapolis, MD 21401",19850330112,18.49,,"STS Travel was founded in 1984 by two Cornell University graduates who shared one common goal: to specialize in the marketing and operation of travel services designed specifically for students. Since our foundation in 1984, STS has handled the travel plans of over a half of million student travelers. This tremendous volume gives STS a great deal of negotiating power, enabling us to assemble quality vacation packages within the budget confines of the student traveler. Today, we have evolved into one of America's premier collegiate tour operators, having student organizations, travel agents, and campus representatives representing STS on over 1000 campuses throughout the United States.","STS Travel was founded in 1984 by two Cornell University graduates who shared one common goal: to specialize in the marketing and operation of travel services designed specifically for students. Since our foundation in 1984, STS has handled the travel plans of over a half of million student travelers. This tremendous volume gives STS a great deal of negotiating power, enabling us to assemble quality vacation packages within the budget confines of the student traveler. Today, we have evolved into one of America's premier collegiate tour operators, having student organizations, travel agents, and campus representatives representing STS on over 1000 campuses throughout the United States.",2026-03-27,2026-03-24,False,cc4883a7-8351-4b88-b1d3-332cc7b88ea0,2026-09-17_page009.json
dragonforce,Durable Superior Casters,durablesuperior.com,"2801 E Abram St, Arlington, Texas, USA +1 (972) 206-0950",1127530274816,1050.09,,"Durable Superior Casters, Inc. was established in 1991. In a relatively short period of time Durable USA has become the finest manufacturer and importer of casters and wheels in North America. We provide ""Quality without Compromise"" at very competitive prices and prompt shipment from an inventory in excess of 20 million dollars. We also attribute our success to our loyal customers, experienced and knowledgeable staff, and innovative leadership. We offer one of the broadest caster and wheel selections in the world. In addition to our ongoing new product development program we offer custom built casters for manufacturers that have a large unique or special requirement. Our corporate headquarters, largest US assembly plant with onsite Testing Lab and Engineering Department is in Arlington, Texas. Our assembly plant in Ohio helps to service our customers in New England and the upper Midwest","Durable Superior Casters, Inc. was established in 1991. In a relatively short period of time Durable USA has become the finest manufacturer and importer of casters and wheels in North America. We provide ""Quality without Compromise"" at very competitive prices and prompt shipment from an inventory in excess of 20 million dollars. We also attribute our success to our loyal customers, experienced and knowledgeable staff, and innovative leadership. We offer one of the broadest caster and wheel selections in the world. In addition to our ongoing new product development program we offer custom built casters for manufacturers that have a large unique or special requirement. Our corporate headquarters, largest US assembly plant with onsite Testing Lab and Engineering Department is in Arlington, Texas. Our assembly plant in Ohio helps to service our customers in New England and the upper Midwest",2026-03-26,2026-03-14,False,a521eb45-bffb-4a38-a3cd-fd18d2436150,2026-09-17_page009.json
dragonforce,pridesol.com,pridesol.com,Headquarters / New York Office 6 Long Island Avenue,70076538880,65.26,,Pride Solvents & Chemical Co. is an authorized distributor of the largest and most reputable global manufacturers of chemical products and solvents.,"Pride Solvents & Chemical Co. is an authorized distributor of the largest and most reputable global manufacturers of chemical products and solvents. This list includes companies such as Dow, Exxon, BASF, Sasol, ADM, Penreco, P&G, and Stepan—just to name a few. With an advanced production facility, a fully equipped analytical laboratory, extensive warehouse inventory, and a modern transportation fleet, the company is able to provide an unmatched level of service to customers across all industries—from the state of Maine to Virginia, and westward as far as Ohio.",2026-03-26,2026-04-05,False,03ca8e7f-9e77-4881-91c7-1d3e10a36ff2,2026-09-17_page009.json
dragonforce,kalimaresort.com,www.kalimaresort.com,"338/1 Prabaramee Road, Patong Beach, Kathu, Phuket 83150, Thailand",331257831424,308.51,,"Kalima Resort & Spa is a luxurious 5-star resort located just a few minutes from Patong Beach in Phuket, known for its stunning sea views and hillside setting. The resort offers a variety of accommodation options, including deluxe rooms, suites, and private villas, catering to couples, families, and guests seeking relaxation or adventure.","Kalima Resort & Spa is a luxurious 5-star resort located just a few minutes from Patong Beach in Phuket, known for its stunning sea views and hillside setting. The resort offers a variety of accommodation options, including deluxe rooms, suites, and private villas, catering to couples, families, and guests seeking relaxation or adventure.",2026-03-26,2026-04-03,False,731fdccf-b21e-494f-93f8-1b118aebf8db,2026-09-17_page009.json
dragonforce,Edward Beiner,www.edwardbeiner.com,"5817 Sunset Dr, Miami, Florida, 33143, United States",44054630400,41.03,,"Edward Beiner specializes in designer sunglasses and luxury eyewear, offering a blend of fashion and vision. Their product range includes sunglasses and eyeglasses for both men and women, featuring exclusive collections from high-end brands like Cartier, Gucci, and Tom Ford. The company targets style-conscious clients seeking premium eyewear and eye care services, including eye exams. With a commitment to exceptional customer service, Edward Beiner provides free standard shipping on U.S. orders and a unique shopping experience in their boutiques","Edward Beiner specializes in designer sunglasses and luxury eyewear, offering a blend of fashion and vision. Their product range includes sunglasses and eyeglasses for both men and women, featuring exclusive collections from high-end brands like Cartier, Gucci, and Tom Ford. The company targets style-conscious clients seeking premium eyewear and eye care services, including eye exams. With a commitment to exceptional customer service, Edward Beiner provides free standard shipping on U.S. orders and a unique shopping experience in their boutiques",2026-03-24,2026-03-29,False,0506a0bb-e480-45cd-815a-b0d04185833e,2026-09-17_page009.json
dragonforce,M3 Group,m3group.biz,www.m3group.biz,566265393152,527.38,,"Founded in Lansing more than 11 years ago by Dowling, M3 Group prides itself on being the only local agency that offers the most comprehensive array of integrated branding, marketing and advertising services in the mid-Michigan region. M3 Group has grown into one of the largest and most respected agencies in the area. For more than a decade, M3 Group has built and refined strong brands through integrated marketing strategies that keep the client's goals and its bottom line in mind. M3 Group's award-winning staff works across traditional and nontraditional platforms, offering an array of market research and consulting, media planning and buying, website development, social and digital media marketing, public relations and promotions, video and audio production, corporate brand development, and graphic design. Take your brand to the next level by visiting M3Group.biz","Founded in Lansing more than 11 years ago by Dowling, M3 Group prides itself on being the only local agency that offers the most comprehensive array of integrated branding, marketing and advertising services in the mid-Michigan region. M3 Group has grown into one of the largest and most respected agencies in the area. For more than a decade, M3 Group has built and refined strong brands through integrated marketing strategies that keep the client's goals and its bottom line in mind. M3 Group's award-winning staff works across traditional and nontraditional platforms, offering an array of market research and consulting, media planning and buying, website development, social and digital media marketing, public relations and promotions, video and audio production, corporate brand development, and graphic design. Take your brand to the next level by visiting M3Group.biz",2026-03-24,2026-03-15,False,a4413b32-f2f8-460b-9e74-587d5344a629,2026-09-17_page009.json
dragonforce,odayequipment.com,odayequipment.com,"O'Day Equipment 1301 40th Street NW Fargo, ND 58102",27825029120,25.91,,"Founded in 1935, ODay Equipment specializes in supplying and maintaining equipment for the oil and gas industry, serving customers in the U.S. Midwest.The company offers fuel storage tanks, retail fueling systems, EV charging solutions,installation, and a variety of repair services.","Founded in 1935, ODay Equipment specializes in supplying and maintaining equipment for the oil and gas industry, serving customers in the U.S. Midwest.The company offers fuel storage tanks, retail fueling systems, EV charging solutions,installation, and a variety of repair services.",2026-03-20,2026-03-24,False,5547053f-beb9-422d-b09c-171771375a68,2026-09-17_page009.json
dragonforce,wardencc.com,wardencc.com,"3653 Regent Blvd, Suite 201, Jacksonville, FL 32224-6508, USA",219953639424,204.85,,"Warden Construction is a general contractor based in Jacksonville, Florida, specializing in design-build, construction management, renovation, and new construction.","Warden Construction is a general contractor based in Jacksonville, Florida, specializing in design-build, construction management, renovation, and new construction. The company primarily serves clients in the government and public sectors, leveraging its expertise in indefinite-delivery/indefinite-quantity (IDIQ) contracts.",2026-03-20,2026-03-27,False,21836298-9e44-4b75-bf1c-1630b86805b0,2026-09-17_page009.json
dragonforce,theunlimited.co.za,www.theunlimited.co.za,"3 The Blvd, Dawncliffe, Westville, Durban, 3629",339977334784,316.63,,"The Unlimited offers a full range of insurance products, including health, auto, legal, and life insurance, designed to provide peace of mind and financial protection to its customers. Founded in 1994, the company strives to challenge the status quo and deliver exceptional value to millions of customers. Its services are designed to support","The Unlimited offers a full range of insurance products, including health, auto, legal, and life insurance, designed to provide peace of mind and financial protection to its customers. Founded in 1994, the company strives to challenge the status quo and deliver exceptional value to millions of customers. Its services are designed to support individuals and families during life’s unexpected moments, ensuring they are never left alone to face difficulties. Focused on meeting the needs of its clients, The Unlimited strives to treat them like family and provide hassle-free service.",2026-03-20,2026-04-15,False,da525115-b16e-40d7-a064-086aed1003de,2026-09-17_page009.json
dragonforce,centreconcrete.com,www.centreconcrete.com,"629 E. Rolling Ridge Drive, Bellefonte, PA 16823",15992057856,14.89,,"Centre Concrete has been a leader in the production and delivery of ready-mix concrete in central Pennsylvania since 1956, operating seven production sites. They offer a wide range of concrete products and services, including ready-mix concrete, roller-finished concrete, and decorative concrete, for residential and commercial customers. Their focus on quality, innovation, and sustainability ensures durable and energy-efficient solutions for construction needs. Through a strong commitment to customer service, Centre Concrete lays the foundation for a wide range of construction projects while contributing to environmentally responsible practices.","Centre Concrete has been a leader in the production and delivery of ready-mix concrete in central Pennsylvania since 1956, operating seven production sites. They offer a wide range of concrete products and services, including ready-mix concrete, roller-finished concrete, and decorative concrete, for residential and commercial customers. Their focus on quality, innovation, and sustainability ensures durable and energy-efficient solutions for construction needs. Through a strong commitment to customer service, Centre Concrete lays the foundation for a wide range of construction projects while contributing to environmentally responsible practices.",2026-03-20,2026-03-27,False,d1270aaa-09d1-43f3-9dea-4a9718fd34f3,2026-09-17_page009.json
dragonforce,liverpoolphil.com,www.liverpoolphil.com,Liverpool Philharmonic Hall Hope Street Liverpool L1 9BP,301854191616,281.12,,"The Liverpool Philharmonic Hall, which hosts a variety of concerts and events.","The Liverpool Philharmonic Hall, which hosts a variety of concerts and events.",2026-03-20,2026-03-27,False,e5dab396-1e8a-4847-9a92-a6038bcf2a1e,2026-09-17_page009.json
dragonforce,sopower.com,www.sopower.com,"8501 Joor Road, Baton Rouge, LA 70818, United States",27124203520,25.26,,"industrial electrical service provider located in Baton Rouge, LA. Founded in 1994, it specializes in electrical testing, commissioning, maintenance, switchgear, transformers, and substation services, serving as a trusted ally for power infrastructure","industrial electrical service provider located in Baton Rouge, LA. Founded in 1994, it specializes in electrical testing, commissioning, maintenance, switchgear, transformers, and substation services, serving as a trusted ally for power infrastructure",2026-03-20,2026-03-27,False,b293017e-9b35-4a58-8a5c-fb9b6253e7a3,2026-09-17_page009.json
dragonforce,Oriska Insurance,www.oriskainsurance.com,www.oriskainsurance.com,113217179648,105.44,,"Oriska Insurance specializes in providing surety bonding, workers compensation, health insurance, and disability insurance tailored for small and minority-owned businesses. The company positions itself as a single source solution for multi-policy requirements, ensuring competitive pricing and comprehensive protection. With a commitment to reliability, Oriska Insurance has a track record of never failing to pay a claim or abandoning an employer. Their services are designed to help clients meet job requirements while staying within budget and legal constraints","Oriska Insurance specializes in providing surety bonding, workers compensation, health insurance, and disability insurance tailored for small and minority-owned businesses. The company positions itself as a single source solution for multi-policy requirements, ensuring competitive pricing and comprehensive protection. With a commitment to reliability, Oriska Insurance has a track record of never failing to pay a claim or abandoning an employer. Their services are designed to help clients meet job requirements while staying within budget and legal constraints",2026-03-20,2026-03-23,False,3ecf1364-50e5-4ebb-86d0-5fcf71e54979,2026-09-17_page010.json
dragonforce,The Farese Group,www.faresegroup.com,"140 Township Ave Ste 222, Ridgeland, Mississippi, 39157, United States",339447808,0.32,,"The Farese Group specializes in retirement income planning, investment management, and financial planning, focusing on the distribution phase of retirement. With nearly two decades of experience, they provide strategic game plans to help clients spend their savings wisely and intentionally. They offer complimentary workshops to address common retirement questions and concerns for those in or nearing retirement. The firm values client relationships and shows appreciation through various location-based events throughout the year","The Farese Group specializes in retirement income planning, investment management, and financial planning, focusing on the distribution phase of retirement. With nearly two decades of experience, they provide strategic game plans to help clients spend their savings wisely and intentionally. They offer complimentary workshops to address common retirement questions and concerns for those in or nearing retirement. The firm values client relationships and shows appreciation through various location-based events throughout the year",2026-03-19,2026-03-13,False,5f148fe5-854b-48a8-917a-eb90dcaa734b,2026-09-17_page010.json
dragonforce,Edifice Design + Architecture,www.edificedna.com,"390 S Main St Ste B, Bountiful, Utah, 84...",23087099904,21.5,,"We shape our buildings, and afterward our buildings shape us - Winston Churchill At Edifice, we believe architecture and design have a unique physical, spiritual, and psychological relationship with our lives. Whether we recognize it or not, design and the buildings we live in, shape our experiences and impact each of us in every aspect of our lives. Innovation and the built environment affect how we live, work, worship and sleep. We believe design and architecture can embrace and provide a unique canvas for our lives, which happens in and around them. As the architect Peter Zumthor said, architecture is a sensitive container for the rhythm of footsteps on the floor, for the concentration of work, for the silence of sleep. We believe excellent design and architecture can complement, accentuate, and highlight the best in the world around us, lifting our environments, building our community, and shaping us into something better. We believe buildings have the potential to EDIFY us and weall deserve to be edified. We believe this is our role, as architects and designers, to EDIFY individuals by crafting environments that inspire, and bring peace and beauty.","We shape our buildings, and afterward our buildings shape us - Winston Churchill At Edifice, we believe architecture and design have a unique physical, spiritual, and psychological relationship with our lives. Whether we recognize it or not, design and the buildings we live in, shape our experiences and impact each of us in every aspect of our lives. Innovation and the built environment affect how we live, work, worship and sleep. We believe design and architecture can embrace and provide a unique canvas for our lives, which happens in and around them. As the architect Peter Zumthor said, architecture is a sensitive container for the rhythm of footsteps on the floor, for the concentration of work, for the silence of sleep. We believe excellent design and architecture can complement, accentuate, and highlight the best in the world around us, lifting our environments, building our community, and shaping us into something better. We believe buildings have the potential to EDIFY us and weall deserve to be edified. We believe this is our role, as architects and designers, to EDIFY individuals by crafting environments that inspire, and bring peace and beauty.",2026-03-19,2026-03-13,False,a86fd3d3-d7c9-4c73-ac1c-2c9e865aed29,2026-09-17_page010.json
dragonforce,vatractor.com,www.vatractor.com,"12524 James Madison Hwy, Orange, VA 22960, USA",24053125120,22.4,,"Virginia Maryland Tractor specializes in John Deere equipment, offering a wide selection of new and used machinery, financing options, parts, and service.","Virginia Maryland Tractor specializes in John Deere equipment, offering a wide selection of new and used machinery, financing options, parts, and service.",2026-03-19,2026-03-24,False,0d493c86-71da-42a0-89ee-8911b43c35f1,2026-09-17_page010.json
dragonforce,Health Management Systems,hms.com.au,"400 Canterbury Rd Ste 10, Surrey Hills",165616140288,154.24,,"Health Management Systems provides tailored health care software designed to enhance business processes and improve staff management for service providers in community health, aged care, and related sectors. Their solutions are NDIS ready and focus on automating scheduling, tracking budgets, and improving client care through efficient practice management. The software aims to maximize staff productivity, reduce client wait times, and ensure compliance with various funding portals. Their target clients include organizations supporting clients with government-funded schemes and packages, ensuring better care delivery","Health Management Systems provides tailored health care software designed to enhance business processes and improve staff management for service providers in community health, aged care, and related sectors. Their solutions are NDIS ready and focus on automating scheduling, tracking budgets, and improving client care through efficient practice management. The software aims to maximize staff productivity, reduce client wait times, and ensure compliance with various funding portals. Their target clients include organizations supporting clients with government-funded schemes and packages, ensuring better care delivery",2026-03-19,2026-03-02,False,6aabfbe3-d96b-4808-a575-a1940cfdd5ce,2026-09-17_page010.json
dragonforce,Construction Equipment Parts,ceparts.com,www.ceparts.com,23530721280,21.91,,"Construction Equipment Parts, LLC is a dismantler specializing in heavy equipment parts for various brands, including wheel loaders, excavators, and articulated haulers. They provide a broad selection of new, used, rebuilt, and aftermarket parts tailored to clients who prioritize economic and environmental considerations. With over 200,000 parts available for shipping and expert sales support, they cater to all heavy equipment part needs. The company serves a diverse clientele in the construction industry, ensuring access to reliable equipment components","Construction Equipment Parts, LLC is a dismantler specializing in heavy equipment parts for various brands, including wheel loaders, excavators, and articulated haulers. They provide a broad selection of new, used, rebuilt, and aftermarket parts tailored to clients who prioritize economic and environmental considerations. With over 200,000 parts available for shipping and expert sales support, they cater to all heavy equipment part needs. The company serves a diverse clientele in the construction industry, ensuring access to reliable equipment components",2026-03-18,2026-03-21,False,d692cde6-2430-44da-b73a-ea6915106b18,2026-09-17_page010.json
dragonforce,gasteiger.design,gasteiger.design,gasteiger.design,40231276544,37.47,,"Gasteiger specializes in creating unforgettable living designs that reflect individual personalities through unique compositions of materials and craftsmanship. They cater to a diverse clientele, including private customers, developers, and architects, offering comprehensive solutions for various living styles such as chalet, modern, classic, and urban. The company is committed to innovation and quality, regularly drawing inspiration from major European design fairs to surprise and delight their international customers. With a spacious showroom and a focus on complete coordination of all work areas, Gasteiger ensures a seamless and comfortable implementation of their designs","Gasteiger specializes in creating unforgettable living designs that reflect individual personalities through unique compositions of materials and craftsmanship. They cater to a diverse clientele, including private customers, developers, and architects, offering comprehensive solutions for various living styles such as chalet, modern, classic, and urban. The company is committed to innovation and quality, regularly drawing inspiration from major European design fairs to surprise and delight their international customers. With a spacious showroom and a focus on complete coordination of all work areas, Gasteiger ensures a seamless and comfortable implementation of their designs",2026-03-18,2026-03-19,False,0a55f8e8-d1c2-40ab-a7dd-d50f8ef13651,2026-09-17_page010.json
dragonforce,HARTMANN BAU,hartmann-bau.ch,www.hartmann-bau.ch,178872172544,166.59,,"Hartmann Bau GmbH is a construction company based in Borgentreich near Kassel, specializing in residential, commercial, agricultural, and civil engineering projects in the Paderborn, Höxter, and Kassel areas. With over 80 years of experience, the company emphasizes quality, timely completion, and customer satisfaction as the foundation for successful construction projects. They offer a comprehensive range of services from planning to key handover, ensuring adherence to high standards and legal requirements. Their team is equipped to handle diverse projects, including offices, housing, barns, and warehouses, tailored to clients' specific needs","Hartmann Bau GmbH is a construction company based in Borgentreich near Kassel, specializing in residential, commercial, agricultural, and civil engineering projects in the Paderborn, Höxter, and Kassel areas. With over 80 years of experience, the company emphasizes quality, timely completion, and customer satisfaction as the foundation for successful construction projects. They offer a comprehensive range of services from planning to key handover, ensuring adherence to high standards and legal requirements. Their team is equipped to handle diverse projects, including offices, housing, barns, and warehouses, tailored to clients' specific needs",2026-03-18,2026-03-15,False,28239bd8-a606-45ef-86c0-1e2399ac547d,2026-09-17_page010.json
dragonforce,Flexform,www.flexform.it,www.flexform.it,31689760768,29.51,,"Flexform SpA is an Italian company with its head office in Meda, Italy, at the centre of the furniture production district of La Brianza. Founded in 1959 by the Galimberti brothers, the company designs, produces and markets furniture and furnishing accessories for residential and public use","Flexform SpA is an Italian company with its head office in Meda, Italy, at the centre of the furniture production district of La Brianza. Founded in 1959 by the Galimberti brothers, the company designs, produces and markets furniture and furnishing accessories for residential and public use",2026-03-18,2026-03-08,False,829c5d9f-6e98-41fd-8ad2-71fa41097c81,2026-09-17_page010.json
dragonforce,Dynex/Rivett,dynextechnologies.com,www.dynexhydraulics.com,62803574784,58.49,,"Dynex/Rivett Inc. specializes in high-pressure hydraulic components and systems, including piston pumps, power units, motors, and valves, designed for demanding applications. Their products are rated from 6000 psi to 20,000 psi and are utilized across various industries such as oil and gas, aerospace, and heavy lifting. With over 60 years of experience, Dynex offers both standard and custom hydraulic solutions to meet the specific needs of their clients. The company is committed to providing reliable and efficient hydraulic solutions for mobile and industrial machinery worldwide","Dynex/Rivett Inc. specializes in high-pressure hydraulic components and systems, including piston pumps, power units, motors, and valves, designed for demanding applications. Their products are rated from 6000 psi to 20,000 psi and are utilized across various industries such as oil and gas, aerospace, and heavy lifting. With over 60 years of experience, Dynex offers both standard and custom hydraulic solutions to meet the specific needs of their clients. The company is committed to providing reliable and efficient hydraulic solutions for mobile and industrial machinery worldwide",2026-03-18,2026-03-18,False,f6f5fb28-de88-4f94-8735-b1e63761fcf7,2026-09-17_page010.json
dragonforce,Conrad Capital Management,conradcapital.com,"1300 Veterans Hwy Ste 230, Hauppauge, New York, United States",79699333120,74.23,"{'id': 2, 'tag': 'Chat'}","(including customers personal information and financial data) Conrad Capital Management (CCM) is an independent Registered Investment Advisory firm that provides personalized financial advice and investment counseling to individual and institutional investors across the United States. Established in 1998 by Donald E. Conrad, the firm specializes in complex financial services, including fixed income portfolio management, alternative investments, retirement planning, and customized portfolio management strategies. CCM's fiduciary duty ensures that they prioritize the best interests of their clients, fostering deep personal relationships through ongoing interactions. With a focus on risk management, CCM is committed to helping clients achieve their financial goals as soon as possible.","(including customers personal information and financial data) Conrad Capital Management (CCM) is an independent Registered Investment Advisory firm that provides personalized financial advice and investment counseling to individual and institutional investors across the United States. Established in 1998 by Donald E. Conrad, the firm specializes in complex financial services, including fixed income portfolio management, alternative investments, retirement planning, and customized portfolio management strategies. CCM's fiduciary duty ensures that they prioritize the best interests of their clients, fostering deep personal relationships through ongoing interactions. With a focus on risk management, CCM is committed to helping clients achieve their financial goals as soon as possible.",2026-03-18,2026-03-22,False,43137bdf-5980-4ccc-b144-c703ea9169bd,2026-09-17_page010.json
dragonforce,bestgraphics.net,bestgraphics.net,"Best Graphics, Inc. N17 W24340 Riverwood Drive Waukesha, WI 53188",56130772992,52.28,,"Founded in 1977, Best Graphics Group offers a full range of equipment for printing, bookbinding, finishing, and packaging","Founded in 1977, Best Graphics Group offers a full range of equipment for printing, bookbinding, finishing, and packaging",2026-03-17,2026-03-20,False,eb90fc30-a3f2-4abd-a4b7-353ede743bb2,2026-09-17_page010.json
dragonforce,phoenixlabs.com,phoenixlabs.com,"587 Middle Tpke E, Manchester, CT 06040, USA",1776243707904,1654.26,,"Phoenix Environmental Laboratories specializes in high-quality analysis of soil, water, air, sediment, and solids, complying with EPA, state environmental protection agency, and health department requirements. The company serves a diverse clientele, including small businesses, large engineering firms, and state and federal agencies. They offer competitive pricing and standard turnaround times of 7 to 10 business days, as well as priority, expedited, and emergency response services. Phoenix strives to collaborate with consulting and municipal partners in an effort to create a cleaner and safer environment.","Phoenix Environmental Laboratories specializes in high-quality analysis of soil, water, air, sediment, and solids, complying with EPA, state environmental protection agency, and health department requirements. The company serves a diverse clientele, including small businesses, large engineering firms, and state and federal agencies. They offer competitive pricing and standard turnaround times of 7 to 10 business days, as well as priority, expedited, and emergency response services. Phoenix strives to collaborate with consulting and municipal partners in an effort to create a cleaner and safer environment.",2026-03-13,2026-03-17,False,14eb8a86-549b-48c9-b18e-1efaaad4c079,2026-09-17_page010.json
dragonforce,hazeldenes.com.au,hazeldenes.com.au,"74 Hazeldene's Road, Lockwood, VIC 3551",84802592768,78.98,,Hazeldenes is a family-owned chicken farm that has been supplying high-quality Australian chicken since 1938.,Hazeldenes is a family-owned chicken farm that has been supplying high-quality Australian chicken since 1938.,2026-03-11,2026-03-10,False,a5feaa9f-4cea-430d-8734-56905ba21607,2026-09-17_page010.json
dragonforce,tazzetti.com,tazzetti.com,"Tazzetti S.p.A., Corso Europa 600/A, 10088 Volpiano, Torino, Italy.",16045981696,14.94,,"TAZZETTI - Special fluids and environmental services: Your international partner in refrigerants, specialty gases, hydrodynamic systems, gaseous waste treatment, chemical and environmental analysis, research, and technology development.","TAZZETTI - Special fluids and environmental services: Your international partner in refrigerants, specialty gases, hydrodynamic systems, gaseous waste treatment, chemical and environmental analysis, research, and technology development.",2026-03-10,2026-03-21,False,42584b0f-4637-4d04-9366-03340cffbfc7,2026-09-17_page010.json
dragonforce,maa-architects.com,maa-architects.com,"The Boathouse, 27 Ferry Rd, Teddington, Greater London, TW11 9NN, UK.",236609912832,220.36,,"Matthew Allchurch Architects (MAA) specializes in high-quality architectural solutions across a range of sectors, including residential, commercial, office, coworking, and light industrial buildings.","Matthew Allchurch Architects (MAA) specializes in high-quality architectural solutions across a range of sectors, including residential, commercial, office, coworking, and light industrial buildings.",2026-03-10,2026-03-20,False,da89a678-c23c-48a2-b005-d878a50a2bda,2026-09-17_page010.json
dragonforce,Northern Family Farms,www.northernfamilyfarms.com,"W10757 Jeffrey Road Merrillan, WI 54754",29426307072,27.41,,"Northern Family Farms, located in Merrillan, WI, has been a trusted wholesale supplier of Christmas trees and nursery plants since 1955. They offer a variety of products including Fraser Fir, Balsam Fir, White Pine, and numerous types of nursery plants such as fruits, topiaries, and shrubs. The company serves distributors and businesses across the country, ensuring top-quality plants for retail and landscaping needs. With a commitment to customer satisfaction, they invite potential clients to tour their facilities in West Central Wisconsin.","Northern Family Farms, located in Merrillan, WI, has been a trusted wholesale supplier of Christmas trees and nursery plants since 1955. They offer a variety of products including Fraser Fir, Balsam Fir, White Pine, and numerous types of nursery plants such as fruits, topiaries, and shrubs. The company serves distributors and businesses across the country, ensuring top-quality plants for retail and landscaping needs. With a commitment to customer satisfaction, they invite potential clients to tour their facilities in West Central Wisconsin.",2026-03-07,2026-03-15,False,2f133f2f-3a52-4efa-8bd9-42fadf0d63d6,2026-09-17_page010.json
dragonforce,"R&C Fence, Inc.",www.randcfence.com,"3326 Engle Road, Fort Wayne, IN 46809",66095509504,61.56,,"R&C Fence, Inc. is a locally owned and operated company that has been providing custom-built fence installation services for both commercial and residential clients since 1970. With an in-house fabrication shop, they are equipped to handle complex fencing projects while ensuring high quality and service excellence. Their experienced staff offers guidance on various fencing materials and installation solutions tailored to client needs. They serve the Fort Wayne area and surrounding regions, including South Bend, Auburn, and Warsaw","R&C Fence, Inc. is a locally owned and operated company that has been providing custom-built fence installation services for both commercial and residential clients since 1970. With an in-house fabrication shop, they are equipped to handle complex fencing projects while ensuring high quality and service excellence. Their experienced staff offers guidance on various fencing materials and installation solutions tailored to client needs. They serve the Fort Wayne area and surrounding regions, including South Bend, Auburn, and Warsaw",2026-03-06,2026-03-14,False,5f1b0fc5-f63e-455d-945f-62600ce2b103,2026-09-17_page010.json
dragonforce,Graham County Electric Cooperative,www.gce.coop,"9 W Center St, Pima, Arizona, 85543, United States",165816872960,154.43,,Graham County Electric is committed to provide members with affordable cost effective energy solutions.,Graham County Electric is committed to provide members with affordable cost effective energy solutions.,2026-03-06,2026-03-13,False,8fd986b3-a624-47a9-8699-8a25b8a175f2,2026-09-17_page010.json
dragonforce,Advanced Rehabilitation Technology,artcoatingtech.com,"525 Winzeler Drive, Unit 1 Bryan, OH 43506",126123921408,117.46,,"Advanced Rehabilitation Technology (ART) specializes in state-of-the-art no-dig technology solutions aimed at protecting and extending the life of critical infrastructure. The company offers innovative products and services for the rehabilitation of water and wastewater structures, including manholes, stormwater culverts, and potable water systems. ART's solutions are designed to be cost-effective and long-lasting, addressing issues such as corrosion and structural integrity while ensuring compliance with health standards. Their intended clients include municipalities and industries seeking to maintain and enhance their infrastructure without the need for extensive excavation","Advanced Rehabilitation Technology (ART) specializes in state-of-the-art no-dig technology solutions aimed at protecting and extending the life of critical infrastructure. The company offers innovative products and services for the rehabilitation of water and wastewater structures, including manholes, stormwater culverts, and potable water systems. ART's solutions are designed to be cost-effective and long-lasting, addressing issues such as corrosion and structural integrity while ensuring compliance with health standards. Their intended clients include municipalities and industries seeking to maintain and enhance their infrastructure without the need for extensive excavation",2026-03-06,2026-03-15,False,f4f816cb-3775-4e04-9b57-adc716231dbb,2026-09-17_page010.json
dragonforce,The Delventhal Company,www.thedelventhalco.com,"3796 Rockland Rd, Millbury, OH 43447",101249966080,94.3,,"The Delventhal Company offers a wide range of construction and management services including general contracting, construction management, design-build, and real estate services. They cater to industries such as healthcare, financial, commercial/retail, education, and industrial, providing personalized solutions to meet unique client needs. Their commitment to quality and service is evident in their extensive portfolio of successful projects across various sectors. The company prides itself on being dependable, flexible, and credible, aiming to empower clients throughout the construction process","The Delventhal Company offers a wide range of construction and management services including general contracting, construction management, design-build, and real estate services. They cater to industries such as healthcare, financial, commercial/retail, education, and industrial, providing personalized solutions to meet unique client needs. Their commitment to quality and service is evident in their extensive portfolio of successful projects across various sectors. The company prides itself on being dependable, flexible, and credible, aiming to empower clients throughout the construction process",2026-03-06,2026-03-13,False,c5f5dff0-ec33-40e4-b412-cb3fe1774967,2026-09-17_page010.json
dragonforce,C.A. LINDMAN Inc.,www.calindman.com,"10401 Guilford Road, Jessup, MD 20794",219925913600,204.82,,"Numerous data items, including financial and project details, were leaked from servers located at the company's headquarters in Florida, Maryland, and North Carolina.","Numerous data items, including financial and project details, were leaked from servers located at the company's headquarters in Florida, Maryland, and North Carolina. C.A. Lindman, Inc., founded in 1990, has grown from a small restoration company with less than 10 employees, into one of the top 20 national firms specializing in exterior concrete and masonry repairs over the last 30 years. The founders, Rob Pusheck and Jeff Procter, have kept Lindman focused on meeting all of their clients’ needs and expectations. The “Lindman Difference” is the company’s motto and delivering this superior service is the company-wide goal every day.",2026-03-06,2026-03-13,False,d9ea51a7-c164-45be-a61a-42bcc2337168,2026-09-17_page010.json
dragonforce,ICS Electrical Services,icselectricalservices.com,"1355 Sebring Dr. Cincinnati, OH 45240",86150328320,80.23,,"ICS Electrical Services is a Cincinnati based electrical contracting company that has been specializing in complex industrial installations since 1997. We provide a unique approach to the many facets of the industrial market that set us apart from the rest. Our services include full service electrical installations, outage and startup support, PLC system upgrades, instrumentation installation & Calibration, electrical design-build, UL Listed control panel assembly, automation & programming, and maintenance & repairs.","ICS Electrical Services is a Cincinnati based electrical contracting company that has been specializing in complex industrial installations since 1997. We provide a unique approach to the many facets of the industrial market that set us apart from the rest. Our services include full service electrical installations, outage and startup support, PLC system upgrades, instrumentation installation & Calibration, electrical design-build, UL Listed control panel assembly, automation & programming, and maintenance & repairs.",2026-03-06,2026-03-13,False,88339e7d-bc4e-42e1-9245-880c41d297ca,2026-09-17_page010.json
dragonforce,A C Scott Electric,www.acscottelectric.com,"606 New York Ave Trenton, NJ 08648",24523554816,22.84,,"A.C. Scott Electric Company was established in 1967 by Dexter C. Ricker and Frederik C. Nielsen as a partnership. On May 14, 1968 the company succeeded to incorporate. With the resignation of Dexter C. Ricker in 1984, Frederik C. Nielsen and his wife, Maiken Nielsen obtained 100% ownership of the corporation. From this point forward, A.C. Scott Electric Co., Inc. was operated as a ""family-owned"" small business enterprise in the State of New Jersey. Frederik and Maiken retired from the day to day operation of the corporation in 1999, relinquishing ownership and operational control to their son, Michael C. Nielsen.","A.C. Scott Electric Company was established in 1967 by Dexter C. Ricker and Frederik C. Nielsen as a partnership. On May 14, 1968 the company succeeded to incorporate. With the resignation of Dexter C. Ricker in 1984, Frederik C. Nielsen and his wife, Maiken Nielsen obtained 100% ownership of the corporation. From this point forward, A.C. Scott Electric Co., Inc. was operated as a ""family-owned"" small business enterprise in the State of New Jersey. Frederik and Maiken retired from the day to day operation of the corporation in 1999, relinquishing ownership and operational control to their son, Michael C. Nielsen.",2026-03-06,2026-03-13,False,f6241c85-a021-430e-bf37-4ff37c7d1025,2026-09-17_page010.json
dragonforce,salfordcc.ac.uk,salfordcc.ac.uk,"Dronfield Road, Salford, M6 7FR, United Kingdom",275864190976,256.92,,Salford City College is one of the largest further education providers in Greater Manchester. It was established in 2009 following a merger between several predecessor colleges.,Salford City College is one of the largest further education providers in Greater Manchester. It was established in 2009 following a merger between several predecessor colleges.,2026-03-06,2026-03-17,False,0cdb3d55-953a-4378-8702-8a5c5d8ce98b,2026-09-17_page011.json
dragonforce,Pantomath Group,www.pantomathgroup.com,Madhava Premises co-op Soc Ltd 108 Bandra India,132718391296,123.6,,"Pantomath is a mid-market investment bank that offers a range of financial services including investment banking, corporate advisory, asset management, and structured finance. The company serves mid-market businesses, family offices, and leading investors, leveraging a global network across 12+ countries. With a strong track record of over 100 fund-raising transactions and a vast investor network, Pantomath is committed to providing innovative solutions tailored to the needs of its clients. The firm emphasizes ethical practices, refusing to engage with businesses that involve cruelty or animal killing.","Pantomath is a mid-market investment bank that offers a range of financial services including investment banking, corporate advisory, asset management, and structured finance. The company serves mid-market businesses, family offices, and leading investors, leveraging a global network across 12+ countries. With a strong track record of over 100 fund-raising transactions and a vast investor network, Pantomath is committed to providing innovative solutions tailored to the needs of its clients. The firm emphasizes ethical practices, refusing to engage with businesses that involve cruelty or animal killing.",2026-03-04,2026-03-09,False,837baa36-cfa2-48f1-bb0a-b5e6be472df7,2026-09-17_page011.json
dragonforce,Environmental Air,www.env-air.net,"1100 Mccartney St, Pittsburgh, Pennsylvania, United States",15681519616,14.6,,"Environmental Air, Inc. has been a trusted provider of Sheet Metal Fabrication, Custom Ductwork Fittings, Welding, and HVAC Installation services for over 40 years in Pittsburgh and Western Pennsylvania. They specialize in product design, fabrication, installation, and testing, catering to various sectors, including hospitals, institutional buildings, and retail spaces. The company prides itself on its experience, quality, and value. Their facility is equipped to handle immediate project fabrication and delivery needs","Environmental Air, Inc. has been a trusted provider of Sheet Metal Fabrication, Custom Ductwork Fittings, Welding, and HVAC Installation services for over 40 years in Pittsburgh and Western Pennsylvania. They specialize in product design, fabrication, installation, and testing, catering to various sectors, including hospitals, institutional buildings, and retail spaces. The company prides itself on its experience, quality, and value. Their facility is equipped to handle immediate project fabrication and delivery needs",2026-03-04,2026-03-11,False,ebf6297c-a24f-49a2-978b-707ddca6585b,2026-09-17_page011.json
dragonforce,AHMED MUBARAK DEBT COLLECTION,www.amdc.ae,"AHMED MUBARAK DEBT COLLECTION LLC 702, AL-BAKER TOWER-5, AL TAAWUN AREA, AL KHAN STREET, SHARJAH-UAE",115575762944,107.64,,"With over 14 years of experience, Ahmed Mubarak Debt Collection (AMDC) is licensed by the Government of Sharjah as “Debt Collectors” for consumer & commercial debts. We specialize in the recovery of bad debts with a strong sense of sustaining the client’s relationships. Remedial management is our forte, and we have helped our clients keep and further develop the existing relationship with their consumers.","With over 14 years of experience, Ahmed Mubarak Debt Collection (AMDC) is licensed by the Government of Sharjah as “Debt Collectors” for consumer & commercial debts. We specialize in the recovery of bad debts with a strong sense of sustaining the client’s relationships. Remedial management is our forte, and we have helped our clients keep and further develop the existing relationship with their consumers. Contrary to what people may think, the art of collections is more than just asking for money. It is about knowing who you are speaking to before you pick up the phone. Knowing their financials, assessing their credit, locating assets, and using a range of psychological techniques to engage on an individual basis. With sophisticated world class practices, the AMDC team is well versed in the relevant laws & regulations to maximize results. Relevant case law that pertains to whatever the situation dictates. AMDC uses this information to support its collection efforts and educate the debtor as to why, based on their legal responsibility, it is in their best interest to pay. The law, when it is on your side, is the best advantage you can have.",2026-03-04,2026-03-04,False,844e4768-0653-47c0-8d3b-5bd70452ca81,2026-09-17_page011.json
dragonforce,Öztekin Group,www.oztekingroup.com,"Bilecik, Bilecik, 11000, Turkey",22817509376,21.25,,"Öztekin Group specializes in project design and construction of industrial, residential, and commercial buildings. The company emphasizes commitment to promises, respect for project integrity, and adherence to universal standards. Their approach is guided by a dedication to excellent engineering and coordination, aiming to transform visions into reality. They serve clients seeking reliable construction solutions in various sectors.","Öztekin Group specializes in project design and construction of industrial, residential, and commercial buildings. The company emphasizes commitment to promises, respect for project integrity, and adherence to universal standards. Their approach is guided by a dedication to excellent engineering and coordination, aiming to transform visions into reality. They serve clients seeking reliable construction solutions in various sectors.",2026-03-04,2026-03-11,False,fd825361-af2f-46e5-8541-21763f33eae9,2026-09-17_page011.json
dragonforce,Tenteks Tente,www.tenteks.com.tr,"35 Kaptan-ı Derya Caddesi 1A, Kartal, Istanbul, Turkey",14893772800,13.87,,"Tenteks specializes in high-quality awning and shading systems, offering a wide range of models suitable for various applications. The company provides solutions such as bioclimatic pergolas, motorized systems, and other bespoke designs, catering to the needs of both residential and commercial clients. Their products are designed to enhance comfort and aesthetic appeal, making them ideal for hotels, restaurants, pools, balconies, and patios. Operating since 1989, Tenteks is recognized for its durable offerings that comply with European standards, ensuring client satisfaction across multiple countries.","Tenteks specializes in high-quality awning and shading systems, offering a wide range of models suitable for various applications. The company provides solutions such as bioclimatic pergolas, motorized systems, and other bespoke designs, catering to the needs of both residential and commercial clients. Their products are designed to enhance comfort and aesthetic appeal, making them ideal for hotels, restaurants, pools, balconies, and patios. Operating since 1989, Tenteks is recognized for its durable offerings that comply with European standards, ensuring client satisfaction across multiple countries.",2026-03-04,2026-03-10,False,087abc8c-c252-4bed-afce-b6fc1e03a699,2026-09-17_page011.json
dragonforce,NEW GENERATION MEDIA,ngmedia.com.tr,"Fulya Mh. Büyükdere Cd, Akıncı Bayırı Sk. Torun Center Office K:5 D:19 No: 74, 34394 Şişli/İstanbul",31095062528,28.96,,,"NGM is a new generation media and production company founded on the understanding that producing content for the television industry is 'not just a commercial activity, but also a social responsibility'. NGM, having produced many successful projects in a short time , has found its place in the global market with the content it produces, and its series are broadcast on leading TV channels all over the world. NGM's vision, blended with the founders' more than twenty years of experience in their respective fields , continues to produce original content for Turkish and international television.",2026-03-04,2026-03-09,False,fc8ac41b-3d0d-4b19-95ba-424a9dfbdaa1,2026-09-17_page011.json
dragonforce,Lincoln Green Brewing,lincolngreenbrewing.co.uk,"Imex Enterprise Park Wigwam Ln Unit E5, UK",324956942336,302.64,,"Lincoln Green Brewing Company Ltd. specializes in crafting a wide range of beers, including core, occasional, and special brews, available for online purchase. Their offerings also include cases of bottles, cans, mini-kegs, and thoughtful gifting options for beer enthusiasts. The company aims to serve customers through free delivery on orders over £55 within the UK and encourages collection from their various pubs. Additionally, Lincoln Green emphasizes quality and offers insights into their brewing philosophy and process, catering both to individual consumers and businesses","Lincoln Green Brewing Company Ltd. specializes in crafting a wide range of beers, including core, occasional, and special brews, available for online purchase. Their offerings also include cases of bottles, cans, mini-kegs, and thoughtful gifting options for beer enthusiasts. The company aims to serve customers through free delivery on orders over £55 within the UK and encourages collection from their various pubs. Additionally, Lincoln Green emphasizes quality and offers insights into their brewing philosophy and process, catering both to individual consumers and businesses",2026-03-04,2026-02-27,False,dc31d2da-c2e5-4ead-8163-7ba3aea164fe,2026-09-17_page011.json
dragonforce,Bravo Electro Components,bravoelectro.com,"1990 Russell Ave Ste 1, Santa Clara, California, United States",112935546880,105.18,,"Bravo Electro specializes in providing a wide range of power supplies, including AC/DC converters, medical power supplies, and modular power solutions. They also offer various fan products, including DC and AC fans, along with components for custom power solutions. Their target clients include engineers, purchasing agents, and technicians looking for reliable power solutions and expert design support. With a commitment to customer service and competitive pricing, Bravo Electro aims to empower designs with exceptional service and technical expertise","Bravo Electro specializes in providing a wide range of power supplies, including AC/DC converters, medical power supplies, and modular power solutions. They also offer various fan products, including DC and AC fans, along with components for custom power solutions. Their target clients include engineers, purchasing agents, and technicians looking for reliable power solutions and expert design support. With a commitment to customer service and competitive pricing, Bravo Electro aims to empower designs with exceptional service and technical expertise",2026-03-04,2026-02-26,False,8d6fde8f-40c0-43b3-a461-38709529f4a5,2026-09-17_page011.json
dragonforce,Minogue Associates,minogueassociates.com,"5550 Merrick Rd Ste 200, Massapequa, New York, United States",21411368960,19.94,"{'id': 2, 'tag': 'Chat'}","Minogue Associates, Inc. specializes in comprehensive construction valuation reports and estimates for both commercial and residential properties, as well as consulting services for construction litigation. Established in 1973, the company has extensive experience in damage assessment and estimating services for a wide range of structures, including high-rise buildings, hotels, and schools. Their clients include property owners and insurance companies seeking expert appraisal and dispute resolution services. With a reputation for professionalism and integrity, Minogue Associates handles high-profile assignments involving significant financial exposures.","Minogue Associates, Inc. specializes in comprehensive construction valuation reports and estimates for both commercial and residential properties, as well as consulting services for construction litigation. Established in 1973, the company has extensive experience in damage assessment and estimating services for a wide range of structures, including high-rise buildings, hotels, and schools. Their clients include property owners and insurance companies seeking expert appraisal and dispute resolution services. With a reputation for professionalism and integrity, Minogue Associates handles high-profile assignments involving significant financial exposures.",2026-03-03,2026-03-08,False,c463def4-0ffb-4045-baad-cb1f75c26876,2026-09-17_page011.json
dragonforce,Lawrence Journal - World,ljworld.com,"1035 N 3rd St Ste 101B, Lawrence, Kansas, United States",110624927744,103.03,,"Lawrence Journal-World is a news organization based in Lawrence, Kansas, providing coverage on diverse topics including news, sports, opinion, and community events. The publication offers a platform for local announcements, classified ads, and job listings, catering primarily to residents and the surrounding community. It also features educational insights and updates relevant to local schools and government activities. Target clients include local residents, businesses, and those interested in Lawrence's happenings.","Lawrence Journal-World is a news organization based in Lawrence, Kansas, providing coverage on diverse topics including news, sports, opinion, and community events. The publication offers a platform for local announcements, classified ads, and job listings, catering primarily to residents and the surrounding community. It also features educational insights and updates relevant to local schools and government activities. Target clients include local residents, businesses, and those interested in Lawrence's happenings.",2026-03-03,2026-03-10,False,06160a3d-a88b-4896-a565-32391867f203,2026-09-17_page011.json
dragonforce,Encompass,www.encompass-inc.com,https://encompass-inc.com,244781740032,227.97,,"Founded in 2001 and headquartered in Clarksville, Virginia, Encompass Solutions is a preferred Epicor partner and Value-Added Re-seller (VAR), that delivers mission-critical ERP software solutions, custom development services, and process improvements for businesses in manufacturing industries. The company prides themselves on being expert business consultants, software implementation specialists, and managed services providers.","Founded in 2001 and headquartered in Clarksville, Virginia, Encompass Solutions is a preferred Epicor partner and Value-Added Re-seller (VAR), that delivers mission-critical ERP software solutions, custom development services, and process improvements for businesses in manufacturing industries. The company prides themselves on being expert business consultants, software implementation specialists, and managed services providers.",2026-03-03,2026-03-13,False,61e8d563-1b2b-423f-add3-1b967492af86,2026-09-17_page011.json
dragonforce,importservices.co.uk,importservices.co.uk,Southampton UK,477227204608,444.45,,"Import Services Ltd (importservices.co.uk) is a Southampton-based UK logistics company specializing in retail supply chain services, contract warehousing, freight forwarding, order fulfillment, and port-centric distribution for imports and domestic operations.","Import Services Ltd (importservices.co.uk) is a Southampton-based UK logistics company specializing in retail supply chain services, contract warehousing, freight forwarding, order fulfillment, and port-centric distribution for imports and domestic operations. breched with love 3",2026-03-02,2026-03-05,False,6771fef6-0664-49f3-b855-164749d0b14a,2026-09-17_page011.json
dragonforce,TIW Group,www.tiw-group.com,https://www.tiw-group.com,236939587584,220.67,,"TIW Group consists of two related contracting entities: Tidewater Interior Wall and Ceiling, Inc. and Mid-Atlantic Painting, Inc., offering Class-A drywall and painting services since 1998 and 2002 respectively. They cater to builders and general contractors, providing high-quality, efficient, and timely residential and commercial services. With a strong focus on customer service and a well-seasoned staff, TIW Group ensures excellence in every project with a combination of drywall and painting applications.","TIW Group consists of two related contracting entities: Tidewater Interior Wall and Ceiling, Inc. and Mid-Atlantic Painting, Inc., offering Class-A drywall and painting services since 1998 and 2002 respectively. They cater to builders and general contractors, providing high-quality, efficient, and timely residential and commercial services. With a strong focus on customer service and a well-seasoned staff, TIW Group ensures excellence in every project with a combination of drywall and painting applications.",2026-03-02,2026-03-12,False,ad791ae8-a535-4582-b77f-5911bb010de0,2026-09-17_page011.json
dragonforce,fgv.br,fgv.br,"Praia de Botafogo, 190, Botafogo, Rio de Janeiro - RJ, 22250-900.",1673936736256,1558.98,,"Fundação Getulio Vargas (FGV) is a prestigious educational institution in Brazil, offering a wide range of programs including undergraduate, MBA, master's, and doctoral courses. It serves students, professionals, and organizations, focusing on developing leadership and providing high-quality education. FGV also engages in research and provides technical assistance to both public and private sectors, contributing to national and international debates. Additionally, FGV promotes cultural initiatives and publishes academic works to enhance education and research in the country.","Fundação Getulio Vargas (FGV) is a prestigious educational institution in Brazil, offering a wide range of programs including undergraduate, MBA, master's, and doctoral courses. It serves students, professionals, and organizations, focusing on developing leadership and providing high-quality education. FGV also engages in research and provides technical assistance to both public and private sectors, contributing to national and international debates. Additionally, FGV promotes cultural initiatives and publishes academic works to enhance education and research in the country.",2026-03-02,2026-03-12,False,4941a871-b19a-4537-b056-e648e3706004,2026-09-17_page011.json
dragonforce,Aegis Project Controls,www.consultaegis.com,https://www.consultaegis.com,228991475712,213.26,,"Aegis Project Controls is a construction company providing 4d scheduling, training, and construction scheduling services.","Aegis Project Controls is a construction company providing 4d scheduling, training, and construction scheduling services. 214GB of files, projects, and documents that threaten US national security. These include projects on military-critical facilities (Space Fence, Nitrocellulose Facility, etc.), biosecurity laboratories (USAMRIID), critical infrastructure facilities, and others. We know you didn't contact the FBI after the attack on your infrastructure, but now the FBI will come to you. We advise you to contact us immediately; your IT department knows how. You have 15 days before this data is made public. Dear David J. Hatwell (+1 269-673-8962, +1 360-918-3187, +1 240-331-0437), we promise you public shame and the destruction of your company if you don't pay. Time has begun.",2026-02-28,2026-03-16,False,35757642-d38d-4eb3-9616-966e5fc7713b,2026-09-17_page011.json
dragonforce,Huffman Insurance Agency,www.huffmaninsurancegroup.com,"2302 2nd St, Richlands, Virginia, 24641, United States",10898296832,10.15,,"Huffman Insurance Agency was founded in 1975 and operates in the Richlands, Virginia area with an office in Ashland, Kentucky. Huffman represents a strong network of Independent Agents offering home, car, and business insurance","Huffman Insurance Agency was founded in 1975 and operates in the Richlands, Virginia area with an office in Ashland, Kentucky. Huffman represents a strong network of Independent Agents offering home, car, and business insurance",2026-02-27,2026-02-26,False,620f6390-ff67-46a5-b85c-05fcb65766ba,2026-09-17_page011.json
dragonforce,Audexia group,volkswagen-group-retail-france.fr,https://www.groupe-audexia.fr/,226381705216,210.83,,"Audexia Bourges - Volkswagen is a dealership known for its strong customer service and expertise in the automotive field. Located in Saint-Doulchard, France, it has garnered positive reviews for its friendly staff and professional guidance throughout the car buying process. Customers appreciate the attentive service they receive, making their experiences memorable and satisfying.","Audexia Bourges - Volkswagen is a dealership known for its strong customer service and expertise in the automotive field. Located in Saint-Doulchard, France, it has garnered positive reviews for its friendly staff and professional guidance throughout the car buying process. Customers appreciate the attentive service they receive, making their experiences memorable and satisfying.",2026-02-27,2026-03-09,False,19207784-32cf-407d-ac07-8b464ecc197f,2026-09-17_page011.json
dragonforce,Middlesex Transporters,middlesextransporters.com,"130 Lincoln St Ste 5-7, Worcester, Massachusetts, United States",88958418944,82.85,,"Middlesex Transporters LLC specializes in non-emergency medical transportation services aimed at providing cost-effective solutions for patients with healthcare needs in Massachusetts. Their mission focuses on delivering fast, reliable, and comfortable transportation to healthcare appointments, ultimately enhancing community access to medical services. The company serves various locations, including the Merrimack Valley Area, Worcester Area, and Metro Boston, ensuring clients reach their destinations for medical appointments and community resources. With a commitment to improving quality of life through transportation, they are dedicated to helping individuals overcome barriers in accessing healthcare.","Middlesex Transporters LLC specializes in non-emergency medical transportation services aimed at providing cost-effective solutions for patients with healthcare needs in Massachusetts. Their mission focuses on delivering fast, reliable, and comfortable transportation to healthcare appointments, ultimately enhancing community access to medical services. The company serves various locations, including the Merrimack Valley Area, Worcester Area, and Metro Boston, ensuring clients reach their destinations for medical appointments and community resources. With a commitment to improving quality of life through transportation, they are dedicated to helping individuals overcome barriers in accessing healthcare.",2026-02-24,2026-02-26,False,2e963f7c-7db8-4761-a258-1d3a78c0b543,2026-09-17_page011.json
dragonforce,Hudson Awning,hudsonawning.com,"27 Cottage St, Bayonne, New Jersey, 07002, United States",122850971648,114.41,,"Hudson Awning has been providing exceptional products and services since 1881, specializing in a wide variety of awnings, including fabric awnings, metal canopies, and custom projects. Their products are designed to be durable and high-quality, catering to both architects and contractors. Notable clients include major brands such as Netflix, HBO, Amazon, and Ralph Lauren. The company is dedicated to discussing and fulfilling specific project needs for their clients.","Hudson Awning has been providing exceptional products and services since 1881, specializing in a wide variety of awnings, including fabric awnings, metal canopies, and custom projects. Their products are designed to be durable and high-quality, catering to both architects and contractors. Notable clients include major brands such as Netflix, HBO, Amazon, and Ralph Lauren. The company is dedicated to discussing and fulfilling specific project needs for their clients.",2026-02-24,2026-03-01,False,2aa8b028-7f3f-4583-8d29-8e721e122aa2,2026-09-17_page011.json
dragonforce,Zelenkofske Axelrod,www.zallc.org,https://www.zallc.org,256788156416,239.15,,"Zelenkofske Axelrod, LLC (ZA) is a regional CPA firm based in Pennsylvania, with multiple offices providing auditing, accounting consulting, and tax services primarily to non-profit and governmental entities. The firm prides itself on its hands-on approach and deep specialization in the governmental sector, serving clients of all sizes with tailored solutions.","Zelenkofske Axelrod, LLC (ZA) is a regional CPA firm based in Pennsylvania, with multiple offices providing auditing, accounting consulting, and tax services primarily to non-profit and governmental entities. The firm prides itself on its hands-on approach and deep specialization in the governmental sector, serving clients of all sizes with tailored solutions.",2026-02-23,2026-03-04,False,6d6a1271-80b5-43d4-82fe-fefebc089d5c,2026-09-17_page011.json
dragonforce,Salvatori Group of Companies,salvatori.com,"4 Covert Rd, Aylesham, Kent, CT3 3EQ, United Kingdom",284746362880,265.19,,"Salvatori Group is a leading provider of transport and distribution services in Kent, specializing in UK and European logistics. They offer a comprehensive range of services including express freight delivery, full load transport, pallet distribution, customs clearance, and storage solutions. Their dedicated fleet and membership in Europe's largest pallet network ensure reliable service and full visibility for clients. The company prides itself on customer care, maintaining high standards of service and communication","Salvatori Group is a leading provider of transport and distribution services in Kent, specializing in UK and European logistics. They offer a comprehensive range of services including express freight delivery, full load transport, pallet distribution, customs clearance, and storage solutions. Their dedicated fleet and membership in Europe's largest pallet network ensure reliable service and full visibility for clients. The company prides itself on customer care, maintaining high standards of service and communication",2026-02-21,2026-02-18,False,61e30c7a-4903-4fd5-9fb4-8e72c0e2c4c3,2026-09-17_page011.json
dragonforce,cepezed.nl,cepezedinterieur.nl,"Ezelsveldlaan 61, 2611 RV Delft, Netherlands",2805178368,2.61,,"cepezed is an award-winning spatial design firm. Its projects address challenges in urban planning, industry, interior design, and, especially, architecture. cepezed embodies knowledge, craftsmanship, and an inspiring, pragmatic approach.","cepezed is an award-winning spatial design firm. Its projects address challenges in urban planning, industry, interior design, and, especially, architecture. cepezed embodies knowledge, craftsmanship, and an inspiring, pragmatic approach.",2026-02-19,2026-02-28,False,73e5ac95-268f-4b23-8a30-5358b7fd1224,2026-09-17_page011.json
dragonforce,fivestates.com,fivestates.com,"4925 Greenville Avenue, Suite 1220, Dallas, TX 75206, USA",68812406784,64.09,,"Five States Energy is a private investment firm based in Dallas, Texas, with over 30 years of experience in the energy sector. The company specializes in acquiring producing oil and natural gas properties, primarily focusing on independent, onshore operators and working interest owners across various regions in the U.S. Recently","Five States Energy is a private investment firm based in Dallas, Texas, with over 30 years of experience in the energy sector. The company specializes in acquiring producing oil and natural gas properties, primarily focusing on independent, onshore operators and working interest owners across various regions in the U.S. Recently",2026-02-19,2026-02-28,False,63e732ab-4cc9-47c7-8f0a-7ee856dcaef3,2026-09-17_page011.json
dragonforce,CCR Solutions,ccrsolutions.com,"100a Belfield Rd, Toronto, Ontario CANADA. (416) 675-7502",925320794112,861.77,,Here is porn with the CEO of the company and his naked photos.,"Here is porn with the CEO of the company and his naked photos. CCR Solutions is a diverse and talented group of problem solvers, imaginative thinkers and caring people united in our passion for technology and hospitality. We are devoted to assisting companies and individuals in telling their stories, educating others, inspiring change, celebrating, and shaping the future. We value teamwork, relationships, and commitment to excellence. At CCR Solutions, it's all about people. Yours and ours. Combined we can create memorable events and experiences. With offices throughout North America, CCR Solutions is a privately owned company that has been in business since 1995. We remain true to our core values of Passion, Integrity, Accountability and Safety. Extensive training and ongoing development guarantee our team is at the forefront of the latest staging, audio-visual and computer technology trends. Ensuring this experience and knowledge is used to support you. We pride ourselves in diversity of thought, and a can-do attitude combined with creativity",2026-02-18,2026-02-12,False,654e90d7-78a4-4471-9b4e-1abb11bdb886,2026-09-17_page012.json
dragonforce,hh2home.com,hh2home.com,"5111 Commerce Crossings Dr Ste 106, Louisville, KY 40229, USA",238509363200,222.13,,"For 30 years, we have been the preferred wholesale partner for many of your favorite retailers. During this time, we have continued to develop our passion for innovation and creating quality furniture designed to inspire. We believe that real life is beautiful, and nowhere is this more evident than in our homes.","For 30 years, we have been the preferred wholesale partner for many of your favorite retailers. During this time, we have continued to develop our passion for innovation and creating quality furniture designed to inspire. We believe that real life is beautiful, and nowhere is this more evident than in our homes.",2026-02-16,2026-03-05,False,137feb32-c0e7-4c54-af29-5752b7c5a41b,2026-09-17_page012.json
dragonforce,mapsweb.com,mapsweb.com,https://mapsweb.com/,14746255360,13.73,,"Modern Advanced Print Solutions (MAPS, Inc.) is a leading independent corporation located in Leavenworth, Kansas, specializing in a wide range of products for","Modern Advanced Print Solutions (MAPS, Inc.) is a leading independent corporation located in Leavenworth, Kansas, specializing in a wide range of products for document management and office systems. The company offers innovative print management, asset lifecycle management, and other professional services designed to improve business efficiency.",2026-02-16,2026-02-26,False,2824472f-f90e-4d10-99e1-d39c02a6438a,2026-09-17_page012.json
dragonforce,traceenv.com,traceenv.com,https://www.traceenv.com/,3284992000,3.06,,"Trace Environmental Systems Inc. is an innovative organization specializing in providing continuous stack emission monitoring systems and data collection solutions that ensure regulatory compliance.The company serves a variety of industries, including ethanol production, power generation, chemical manufacturing, waste-to-energy, wastewater incineration, cogeneration/recovery/university facilities, and refineries.","Trace Environmental Systems Inc. is an innovative organization specializing in providing continuous stack emission monitoring systems and data collection solutions that ensure regulatory compliance.The company serves a variety of industries, including ethanol production, power generation, chemical manufacturing, waste-to-energy, wastewater incineration, cogeneration/recovery/university facilities, and refineries.",2026-02-16,2026-02-25,False,f9fde2c7-00dc-44e5-9096-5b2943c6e395,2026-09-17_page012.json
dragonforce,wiproferretto.com,wiproferretto.com,https://www.wiproferretto.com/index.cfm/en/,324080263168,301.82,,"Wipro Ferretto Group Srl develops and manufactures material handling and storage solutions for various industries.Its product range includes automated warehouses, warehouse management software, and a wide range of services such as after-sales support and consulting.","Wipro Ferretto Group Srl develops and manufactures material handling and storage solutions for various industries.Its product range includes automated warehouses, warehouse management software, and a wide range of services such as after-sales support and consulting.",2026-02-16,2026-02-25,False,2e34ddb0-f34d-4565-bd63-ba3dc3c85282,2026-09-17_page012.json
dragonforce,Bigso,bigso.com,"Tallgölsgatan 4, Nybro, Kalmar, 382 36, Sweden",108413206528,100.97,,"Bigso Box, established in 1963, specializes in premium storage and packaging solutions that are both sustainable and stylish. Their product range includes customizable storage boxes and luxury packaging options designed for homes, offices, and retailers. The company prides itself on its commitment to quality, innovation, and customer service, ensuring efficient and elegant organization solutions. With a focus on eco-friendly materials and manufacturing processes, Bigso Box serves clients looking for functional yet decorative storage solutions.","Bigso Box, established in 1963, specializes in premium storage and packaging solutions that are both sustainable and stylish. Their product range includes customizable storage boxes and luxury packaging options designed for homes, offices, and retailers. The company prides itself on its commitment to quality, innovation, and customer service, ensuring efficient and elegant organization solutions. With a focus on eco-friendly materials and manufacturing processes, Bigso Box serves clients looking for functional yet decorative storage solutions.",2026-02-15,2026-02-07,False,018d4be8-8727-415e-80b8-81ae696d4a22,2026-09-17_page012.json
dragonforce,Betesan,www.betesan.com,"No 17 Rauf Orbay Cad., Tersaneler, Istanbul",631384616960,588.02,,"Betesan is a leading engineering company established in 1992 in Tuzla, specializing in ship electrical contracting and supply of electrical materials. The company offers innovative and high-quality solutions in ship power and automation systems, electrical panels, and control consoles, catering to the maritime and industrial sectors. Betesan also provides tailored solutions for military maritime needs, energy transmission, and processing industries, ensuring reliability and efficiency. With over 30 years of experience, Betesan serves a diverse clientele, including ship owners and operators, industrial facilities, and military forces.","Betesan is a leading engineering company established in 1992 in Tuzla, specializing in ship electrical contracting and supply of electrical materials. The company offers innovative and high-quality solutions in ship power and automation systems, electrical panels, and control consoles, catering to the maritime and industrial sectors. Betesan also provides tailored solutions for military maritime needs, energy transmission, and processing industries, ensuring reliability and efficiency. With over 30 years of experience, Betesan serves a diverse clientele, including ship owners and operators, industrial facilities, and military forces.",2026-02-13,2026-02-20,False,29c4e797-5fdf-45e5-9511-664bba4ba74e,2026-09-17_page012.json
dragonforce,Yem Chio Co,www.ycgroup.tw,"Xingshan Rd Fl 8 No 397, Taipei, 114, Taiwan",492666798080,458.83,,"Yem Chio Co., Ltd. was founded in 1978 by Mr. Chih Hsien Lee who is the current President and CEO. Although our business was started with low capital and easy equipment, but it was with a broad vision and worldview. Since its early development in 1984, Yem Chio Group has now become a total capital up to US$ 850 million multinational corporations.","Yem Chio Co., Ltd. was founded in 1978 by Mr. Chih Hsien Lee who is the current President and CEO. Although our business was started with low capital and easy equipment, but it was with a broad vision and worldview. Since its early development in 1984, Yem Chio Group has now become a total capital up to US$ 850 million multinational corporations.",2026-02-13,2026-02-20,False,f5bb2827-ae00-4824-84f5-d59cad49030e,2026-09-17_page012.json
dragonforce,Shining Labels,www.shininglabels.com,"Unit 1-2, 1/F. Block A Vigor Ind Bldg., 14-20 Cheung Tat Rd., Tsing Yi, New Territories, Hong Kong",466169958400,434.15,,"Shining Labels specializes in high-quality apparel accessories, including reusable face masks made from breathable 100% polyester fabric. The company integrates eco-friendly practices by utilizing recycled yarn in its production processes. Their products are aimed at environmentally conscious consumers and industries looking for sustainable labeling solutions. Shining Labels' manufacturing facilities in Hong Kong and China are certified with Oeko-Tex, Bluesign, and HIGG Index, ensuring compliance with strict environmental standards","Shining Labels specializes in high-quality apparel accessories, including reusable face masks made from breathable 100% polyester fabric. The company integrates eco-friendly practices by utilizing recycled yarn in its production processes. Their products are aimed at environmentally conscious consumers and industries looking for sustainable labeling solutions. Shining Labels' manufacturing facilities in Hong Kong and China are certified with Oeko-Tex, Bluesign, and HIGG Index, ensuring compliance with strict environmental standards",2026-02-13,2026-02-19,False,b2a0613f-bea4-43f0-adb8-459d230b7aa0,2026-09-17_page012.json
dragonforce,SPIR STAR Asia,spirstarasia.com,"Mörlenbach, Hessen, Germany",37020905472,34.48,,"Headquartered in Mörlenbach, Germany, SPIR STAR designs and manufactures a wide range of thermoplastic high pressure hoses for working pressures up to 3200 bar (46400 psi). The production of high pressure hoses was started in 1981 by PAPUREX in Mörlenbach with SPIR STAR being the brand name of the product. In 1989 SPIR STAR Druckschläuche GmbH was founded by the owners of PAPUREX. In 1991 SPIR STAR France S.A.R.L in Haguenau/France and in 1995 SPIR STAR Inc. in Houston/Texas were founded in order to promote SPIR STAR's products and develop the market. In 1999 SPIR STAR Asia in Singapore was founded. SPIR STAR hoses are constructed with spiral layers of specially treated, highly tensile steel wire. The inner core is made of Polyoxymethylene (POM) or Polyamide (PA) while the outer cover is either of Polyamide or Polyurethane (PUR).","Headquartered in Mörlenbach, Germany, SPIR STAR designs and manufactures a wide range of thermoplastic high pressure hoses for working pressures up to 3200 bar (46400 psi). The production of high pressure hoses was started in 1981 by PAPUREX in Mörlenbach with SPIR STAR being the brand name of the product. In 1989 SPIR STAR Druckschläuche GmbH was founded by the owners of PAPUREX. In 1991 SPIR STAR France S.A.R.L in Haguenau/France and in 1995 SPIR STAR Inc. in Houston/Texas were founded in order to promote SPIR STAR's products and develop the market. In 1999 SPIR STAR Asia in Singapore was founded. SPIR STAR hoses are constructed with spiral layers of specially treated, highly tensile steel wire. The inner core is made of Polyoxymethylene (POM) or Polyamide (PA) while the outer cover is either of Polyamide or Polyurethane (PUR).",2026-02-13,2025-12-15,False,9d9b3d37-4554-484a-80b7-50a11298e6b0,2026-09-17_page012.json
dragonforce,MAIRIE DE FUMEL,www.mairiedefumel.fr,"Town Hall, Place du Château, 47500 Fumel",401480757248,373.91,,"Fumel is a commune in the Lot-et-Garonne department in south-western France. Situated at the right bank of the river Lot, it is the centre of a small agglomeration which consists of 7 communes, including Monsempron-Libos and Montayral. In 1438, during the Hundred Years' War, it was pillaged by Rodrigo de Villandrando","Fumel is a commune in the Lot-et-Garonne department in south-western France. Situated at the right bank of the river Lot, it is the centre of a small agglomeration which consists of 7 communes, including Monsempron-Libos and Montayral. In 1438, during the Hundred Years' War, it was pillaged by Rodrigo de Villandrando",2026-02-13,2026-02-16,False,a8638981-1276-4348-9fc5-f7a534869de2,2026-09-17_page012.json
dragonforce,Elite Screens Inc.,elitescreens.com,"12282 Knott St. Garden Grove, CA 92841",28193841152,26.26,,"Founded in 2004, Elite Screens Inc. is a US-based projection screen manufacturing company with its world headquarters in California and satellite offices in Australia, China, France, Germany, India, Latvia, Mexico, Japan, and Taiwan. Elite is a certified professional manufacturer of projection screens that specializes in producing retail, commercial and custom integrator sales channels. Elite Screens products are available through authorized distributors, re sellers, retailers and system integrator worldwide.","Founded in 2004, Elite Screens Inc. is a US-based projection screen manufacturing company with its world headquarters in California and satellite offices in Australia, China, France, Germany, India, Latvia, Mexico, Japan, and Taiwan. Elite is a certified professional manufacturer of projection screens that specializes in producing retail, commercial and custom integrator sales channels. Elite Screens products are available through authorized distributors, re sellers, retailers and system integrator worldwide.",2026-02-13,2026-02-27,False,47cf6589-524d-47c0-9e4a-4167cdb43d2e,2026-09-17_page012.json
dragonforce,Empire Express,www.empireexpress.com,"3710 Tulane Rd, Memphis, Tennessee, United States",100651610112,93.74,,"Empire Express, Inc. provides trucking transportation services. The company offers transports clothing and apparel, air cargo, home and office products, packaging and containers, retail, electronics, cotton, and general commodities. Empire Express operates in the United States.","Empire Express, Inc. provides trucking transportation services. The company offers transports clothing and apparel, air cargo, home and office products, packaging and containers, retail, electronics, cotton, and general commodities. Empire Express operates in the United States.",2026-02-12,2026-02-17,False,42c7b8e9-46d9-435b-8b9f-eaa559b54d73,2026-09-17_page012.json
dragonforce,Atlantic Refinishing & Restoration,atlanticrr.com,"Headquarters - DC, Maryland, & Virginia 6640 Ammendale Rd Beltsville, MD 20705",244852183040,228.04,,"The data leaked from the company's servers includes all project work(Exp. PENTAGON), employee information, confidential company agreements and etc. In particular, all data related to the renovation work carried out at the Pentagon has been leaked in its entirety.","The data leaked from the company's servers includes all project work(Exp. PENTAGON), employee information, confidential company agreements and etc. In particular, all data related to the renovation work carried out at the Pentagon has been leaked in its entirety.",2026-02-11,2026-02-19,False,379c0612-a31d-45ff-9918-979583b42701,2026-09-17_page012.json
dragonforce,"R.J. Zavoral & Sons, Inc.",www.rjzavoral.com,"1706 Bygland Rd SE P.O. Box 435 East Grand Forks, Minnesota 56721-9258",111428083712,103.78,,"Established in 1951, R.J. Zavoral and Sons, Inc. is a leading earth moving and construction services contractor based in East Grand Forks, MN, specializing in asphalt paving, road and rail construction, site work, and underground utilities. The company serves clients across the Red River Valley, including municipalities, private businesses, and industries, providing solutions for flood mitigation and environmental site management. With a commitment to quality and family values, R.J. Zavoral and Sons employs innovative technologies to ensure efficient project execution and customer satisfaction. Their extensive experience in construction has allowed them to build strong relationships with various clients, further solidifying their reputation in the industry","Established in 1951, R.J. Zavoral and Sons, Inc. is a leading earth moving and construction services contractor based in East Grand Forks, MN, specializing in asphalt paving, road and rail construction, site work, and underground utilities. The company serves clients across the Red River Valley, including municipalities, private businesses, and industries, providing solutions for flood mitigation and environmental site management. With a commitment to quality and family values, R.J. Zavoral and Sons employs innovative technologies to ensure efficient project execution and customer satisfaction. Their extensive experience in construction has allowed them to build strong relationships with various clients, further solidifying their reputation in the industry",2026-02-11,2026-02-19,False,e5469bc2-4711-4aa5-a1e6-0ff279a0734b,2026-09-17_page012.json
dragonforce,adelphi.uk.com,adelphi.uk.com,https://www.adelphi.uk.com/,491629101056,457.87,,The Adelphi Group supplies a wide range of packaging and processing equipment for various industries.,The Adelphi Group supplies a wide range of packaging and processing equipment for various industries.,2026-02-11,2026-02-23,False,0157607d-e39c-4cf6-90f1-ef593096b366,2026-09-17_page012.json
dragonforce,Esposito Bros. Construction Ltd,www.espositobros.com,"290 Healey Rd Bolton Ontario, Canada. L7E 1C9",55027589120,51.25,,"Esposito Bros. Construction Ltd. is a leading construction company based in Bolton, Ontario, recognized as one of the top bridge contractors. With over four decades of experience, the firm specializes in managing complex projects involving bridges, roads, demolition, and underground infrastructure. Their commitment to safety and innovation ensures that they provide exceptional construction services while fostering a collaborative work environment. Targeting a diverse clientele, they deliver groundbreaking solutions while maintaining a strong focus on environmental sensitivity and community engagement.","Esposito Bros. Construction Ltd. is a leading construction company based in Bolton, Ontario, recognized as one of the top bridge contractors. With over four decades of experience, the firm specializes in managing complex projects involving bridges, roads, demolition, and underground infrastructure. Their commitment to safety and innovation ensures that they provide exceptional construction services while fostering a collaborative work environment. Targeting a diverse clientele, they deliver groundbreaking solutions while maintaining a strong focus on environmental sensitivity and community engagement.",2026-02-06,2026-02-15,False,0c47ced9-95eb-41ac-8388-88b67778d657,2026-09-17_page012.json
dragonforce,Heavy Motions Inc,www.heavymotions.com,"2134 S. Green Privado, Ontario, CA 91761",26234707968,24.43,,"Heavy Motions Inc. specializes in advanced hydraulic solutions that cater to various industries, including mobile trucks, construction, agriculture, and oil & gas. The company offers a wide range of high-performance hydraulic products, such as pumps, valves, and cylinders, designed to meet modern demands and future challenges. With a focus on innovation and reliability, Heavy Motions Inc. aims to power the machines that drive global progress. Their products are tailored for clients seeking efficient hydraulic components for their operations.","Heavy Motions Inc. specializes in advanced hydraulic solutions that cater to various industries, including mobile trucks, construction, agriculture, and oil & gas. The company offers a wide range of high-performance hydraulic products, such as pumps, valves, and cylinders, designed to meet modern demands and future challenges. With a focus on innovation and reliability, Heavy Motions Inc. aims to power the machines that drive global progress. Their products are tailored for clients seeking efficient hydraulic components for their operations.",2026-02-05,2026-02-13,False,8cd2902b-e56f-4b6f-91f0-4db888d55dcf,2026-09-17_page012.json
dragonforce,Platinum Drywall Inc,www.platinumdrywall.net,"5423 W 65th Street Little Rock, AR 72209",68573474816,63.86,,Platinum Drywall has been providing drywall and framing services to commercial construction companies since 2001. They specialize in metal framing and truss systems and acoustic applications for commercial projects. Their services include: Drywall Installation Acoustic Ceilings Insulation Wall Systems Fire and Soundproofing Joint Compound Finishing Tenant Improvements Metal Stud Framing Metal Roof Trusses Load-Bearing Metal Stud Systems Hollow Metal Door Frames Metal Support Drywall,Platinum Drywall has been providing drywall and framing services to commercial construction companies since 2001. They specialize in metal framing and truss systems and acoustic applications for commercial projects. Their services include: Drywall Installation Acoustic Ceilings Insulation Wall Systems Fire and Soundproofing Joint Compound Finishing Tenant Improvements Metal Stud Framing Metal Roof Trusses Load-Bearing Metal Stud Systems Hollow Metal Door Frames Metal Support Drywall,2026-02-05,2026-02-13,False,836f6ae1-7ea5-4212-9df9-4c6e7f823a96,2026-09-17_page012.json
dragonforce,Wayco Inc,www.waycoinc.com,https://waycoinc.com,56463409152,52.59,,"Wayco, Inc. is a family-owned company with over 50 years of experience providing full-service paving solutions in northeastern Pennsylvania. Their extensive offerings include asphalt paving, oil chipping, aggregate sales, concrete services, excavating, and utility site work. The company prides itself on its knowledgeable staff, including licensed engineers for project consultation, and is a PA State Certified Contractor with products approved by PennDOT. Wayco, Inc. caters to clients in need of paving and construction services, ensuring high-quality results through a dedicated team.","Wayco, Inc. is a family-owned company with over 50 years of experience providing full-service paving solutions in northeastern Pennsylvania. Their extensive offerings include asphalt paving, oil chipping, aggregate sales, concrete services, excavating, and utility site work. The company prides itself on its knowledgeable staff, including licensed engineers for project consultation, and is a PA State Certified Contractor with products approved by PennDOT. Wayco, Inc. caters to clients in need of paving and construction services, ensuring high-quality results through a dedicated team.",2026-02-05,2026-02-21,False,2c740bbf-6650-422e-bee7-f04df28a3e92,2026-09-17_page012.json
dragonforce,Perpetuuiti,www.ptechnosoft.com,https://www.ptechnosoft.com,638129750016,594.3,,"An initial analysis of the structure and names of the files revealed that the directory contains software source codes, configuration and installation files, backup copies of information systems, database structures and dumps, as well as financial, administrative, operational, and technical documentation related to the functioning of the organization's IT systems. However, the presence or absence of personal data, including contact telephone numbers, cannot be reliably confirmed without additional analysis of the contents of the backups and databases, which indicates a potential area of risk in the context of data protection and information security management requirements. Listing files = 145MB.","An initial analysis of the structure and names of the files revealed that the directory contains software source codes, configuration and installation files, backup copies of information systems, database structures and dumps, as well as financial, administrative, operational, and technical documentation related to the functioning of the organization's IT systems. However, the presence or absence of personal data, including contact telephone numbers, cannot be reliably confirmed without additional analysis of the contents of the backups and databases, which indicates a potential area of risk in the context of data protection and information security management requirements. Listing files = 145MB.",2026-02-05,2026-02-25,False,143fe1cb-0391-4b13-8e04-2bcd514f463e,2026-09-17_page012.json
dragonforce,Erickson Thorpe & Swainston,etsreno.com,"1885 S Arlington Ave Ste 205, Reno, Nevada, USA",534152900608,497.47,,"The law firm of Erickson, Thorpe & Swainston was founded in 1969. Since then, the firm has effectively and successfully represented its clients in state and federal courts in Nevada and Northern California. As experienced trial and appellate attorneys, we vigorously defend our clients' interests while remaining committed to the highest legal ethics.","The law firm of Erickson, Thorpe & Swainston was founded in 1969. Since then, the firm has effectively and successfully represented its clients in state and federal courts in Nevada and Northern California. As experienced trial and appellate attorneys, we vigorously defend our clients' interests while remaining committed to the highest legal ethics.",2026-02-02,2026-01-30,False,ba05a922-3cf5-4f2c-968b-cc33e47349ac,2026-09-17_page012.json
dragonforce,T & M Electric LLC,tmelectricinc.com,"200 College Drive, Orange Park, FL 32065",34509447168,32.14,,"T&M Electric LLC is a state certified full-service electrical contractor based in northeast Florida, specializing in residential and commercial electrical installations and services. They offer a range of services including new construction, electrical troubleshooting, panel upgrades, generator installations, and LED lighting upgrades. Their commitment to quality service, professionalism, and customer satisfaction distinguishes them in the electrical contracting industry. The company targets homeowners and businesses in northeast Florida, providing reliable and efficient solutions for all electrical needs","T&M Electric LLC is a state certified full-service electrical contractor based in northeast Florida, specializing in residential and commercial electrical installations and services. They offer a range of services including new construction, electrical troubleshooting, panel upgrades, generator installations, and LED lighting upgrades. Their commitment to quality service, professionalism, and customer satisfaction distinguishes them in the electrical contracting industry. The company targets homeowners and businesses in northeast Florida, providing reliable and efficient solutions for all electrical needs",2026-01-27,2026-01-27,False,92245a48-2640-47a9-a611-3f54f314fd9f,2026-09-17_page012.json
dragonforce,Mullinax Ford,mullinaxford.com,"1551 E Semoran Blvd, Apopka, Florida, 32...",316375941120,294.65,,"Located in Apopka, FL, Mullinax Ford is proud to be one of the premier dealerships in the area. From the moment you walk into our showroom, you'll know our commitment to Customer Service is second to none. We strive to make your experience with Mullinax Ford a good one - for the life of your vehicle. Whether you need to Purchase, Finance, or Service a New or Pre-Owned Ford, you've come to the right place","Located in Apopka, FL, Mullinax Ford is proud to be one of the premier dealerships in the area. From the moment you walk into our showroom, you'll know our commitment to Customer Service is second to none. We strive to make your experience with Mullinax Ford a good one - for the life of your vehicle. Whether you need to Purchase, Finance, or Service a New or Pre-Owned Ford, you've come to the right place",2026-01-25,2026-02-01,False,8ba838e1-c373-4384-b8f8-217a377b7066,2026-09-17_page012.json
dragonforce,www.advancedcoolingtech.us,www.advancedcoolingtech.us,"Location: 3151 Independence Dr, Livermore CA 94551-7595, United States",2225967104,2.07,,"Advanced Cooling Technologies, Inc is a leading provider of medical cooling solutions, specializing in the distribution of Airsys Medical Chillers in the USA. They offer a comprehensive range of services including replacement chiller sales, maintenance contracts, OEM parts, and technical support. With over 20 years of experience, ACT is recognized for delivering quality service and high availability chillers to hospitals, contractors, and industry peers.","Advanced Cooling Technologies, Inc is a leading provider of medical cooling solutions, specializing in the distribution of Airsys Medical Chillers in the USA. They offer a comprehensive range of services including replacement chiller sales, maintenance contracts, OEM parts, and technical support. With over 20 years of experience, ACT is recognized for delivering quality service and high availability chillers to hospitals, contractors, and industry peers.",2026-01-24,2025-11-06,False,9ef107a0-9db8-4917-ad0a-dbdfd51668c0,2026-09-17_page013.json
dragonforce,www.hansemerkurintl.com,www.hansemerkurintl.com,"Siegfried-Wedells-Platz 1, 20354 Hamburg, Germany",104008421376,96.87,,"HanseMerkur, founded in 1875 and headquartered in Germany, is an insurance company specializing in health insurance and other insurance products. The company offers customized insurance solutions with a focus on quality service and competitive pricing.","HanseMerkur, founded in 1875 and headquartered in Germany, is an insurance company specializing in health insurance and other insurance products. The company offers customized insurance solutions with a focus on quality service and competitive pricing.",2026-01-24,2025-11-07,False,2f5a80ec-1f58-4876-8fb2-64da4dfbd2a6,2026-09-17_page013.json
dragonforce,Uinta Bank,uintabank.com,"695 Parkway Dr, Mountain View, Wyoming,",206512332800,192.33,,"Established in 1919, Uinta Bank is a community bank headquartered in Mountain View, Wyoming. Uinta Bank is proud to provide community banking to the individuals, families and businesses located in Uinta County, the Bridger Valley, and neighboring communities. Personal service has been a legacy passed from generation to generation in the communities Uinta Bank serves. As a community member, we continue to serve in civic leadership and philanthropic capacities. As a community bank, we continue to provide financial services in a manner consistent with the demands of our customers. To remain competitive, Uinta Bank has adapted to the changing needs of customers as well as the changing nature of the banking industry. However, as we change and grow, we continue to place emphasis on the following: Uinta Bank offers a wide range of products and services to meet the needs of the communities we serve. High-quality, personal customer service is offered at all levels of the organization","Established in 1919, Uinta Bank is a community bank headquartered in Mountain View, Wyoming. Uinta Bank is proud to provide community banking to the individuals, families and businesses located in Uinta County, the Bridger Valley, and neighboring communities. Personal service has been a legacy passed from generation to generation in the communities Uinta Bank serves. As a community member, we continue to serve in civic leadership and philanthropic capacities. As a community bank, we continue to provide financial services in a manner consistent with the demands of our customers. To remain competitive, Uinta Bank has adapted to the changing needs of customers as well as the changing nature of the banking industry. However, as we change and grow, we continue to place emphasis on the following: Uinta Bank offers a wide range of products and services to meet the needs of the communities we serve. High-quality, personal customer service is offered at all levels of the organization",2026-01-22,2026-01-23,False,61627972-2b73-484f-ae0d-b010ee8b9da5,2026-09-17_page013.json
dragonforce,"SINBON Electronics Co., Ltd",sinbon.com,"New Taipei City, Xizhi District, 4F-13, No 79, Sec. 1 Xin Tai Wu Rd221, Taiwan",1706953936896,1589.72,,"This is an updated notice. SINBON Electronics, a major Taiwanese maker of electronic components that works with companies like ASML Holding N.V. and trades under the ticker 3023.TW, has been hit by our attack. The breach hit both the headquarters and the U.S. office. We stayed in the network for several weeks, siphoning off a massive amount of company data, including information on senior managers and executives. Initially we prepared a leak package of roughly 650,000 files totaling about 840 GB. That bundle traditionally contains financial and accounting records, reports, client data, and personal information. In addition, the material includes documentation of the partnership with ASML Holding N.V., production paperwork, and actual records of defects and the company’s financial health. We warned that these files are only a fraction of what we have. We warned that if our threat wasn’t taken seriously, we would have been forced to increase the volume of data we published. We told senior management about it, but our words weren’t taken seriously enough. Now we’ve put together an expanded list of files for release. The total data size is now 1.55 TB. Besides the previously mentioned files, we’ve added a huge (about 740 GB) archive of email correspondence covering business and internal communications from offices in two countries. We’re reaching out to the company’s leadership once more to say we’re open to dialogue and to resolve this incident. We have already sent our contact details to the executives’ email addresses. Use those details to reach out to us so we can discuss how to keep the data from being released while your company continues to grow and thrive.","This is an updated notice. SINBON Electronics, a major Taiwanese maker of electronic components that works with companies like ASML Holding N.V. and trades under the ticker 3023.TW, has been hit by our attack. The breach hit both the headquarters and the U.S. office. We stayed in the network for several weeks, siphoning off a massive amount of company data, including information on senior managers and executives. Initially we prepared a leak package of roughly 650,000 files totaling about 840 GB. That bundle traditionally contains financial and accounting records, reports, client data, and personal information. In addition, the material includes documentation of the partnership with ASML Holding N.V., production paperwork, and actual records of defects and the company’s financial health. We warned that these files are only a fraction of what we have. We warned that if our threat wasn’t taken seriously, we would have been forced to increase the volume of data we published. We told senior management about it, but our words weren’t taken seriously enough. Now we’ve put together an expanded list of files for release. The total data size is now 1.55 TB. Besides the previously mentioned files, we’ve added a huge (about 740 GB) archive of email correspondence covering business and internal communications from offices in two countries. We’re reaching out to the company’s leadership once more to say we’re open to dialogue and to resolve this incident. We have already sent our contact details to the executives’ email addresses. Use those details to reach out to us so we can discuss how to keep the data from being released while your company continues to grow and thrive.",2026-01-17,2026-01-21,False,a789f621-e9a1-46d6-afcb-1da852500d29,2026-09-17_page013.json
dragonforce,JR Advertising Specialties,jradspec.com,"888 Beaver Grade Rd, Coraopolis, Pennsylvania, United States",108278317056,100.84,,"JR Advertising Specialties Inc specializes in promotional products and business gifts, offering a vast selection to meet various needs. Their product range includes apparel, bags, drinkware, office supplies, and awards, catering to businesses looking to enhance their brand visibility. The company prides itself on providing high-quality merchandise with fast delivery times and budget-friendly prices. With a commitment to personalized recommendations, they aim to simplify the shopping experience for their clients.","JR Advertising Specialties Inc specializes in promotional products and business gifts, offering a vast selection to meet various needs. Their product range includes apparel, bags, drinkware, office supplies, and awards, catering to businesses looking to enhance their brand visibility. The company prides itself on providing high-quality merchandise with fast delivery times and budget-friendly prices. With a commitment to personalized recommendations, they aim to simplify the shopping experience for their clients.",2026-01-16,2026-01-16,False,91f163ea-0108-48b3-b6ad-b5053c4991d5,2026-09-17_page013.json
dragonforce,NWIMS IT Group,www.nwims.com,"NWIMS IT Support Ltd, Whinfell Business Park, Longpool, Kendal LA9 6ER",350665457664,326.58,,NWIMS IT Group provides a complete service for all your technology needs including computer repair and upgrade services for Home and Small Business Users.,"NWIMS IT Group provides a complete service for all your technology needs including computer repair and upgrade services for Home and Small Business Users. That it's not always an option to take your equipment in for repair or assistance. Therefore they offer a unique service where we will arrange a visit to you at your Home and/or office, where they can fix the problems in your own environment and answer any questions that you may have. At times a site visit will not be necessary and assistance can be given remotely. Here is a summary of the some of the services they offer: Internet and networks installed Hardware and Software upgrades Communications : Mobile Phones, Broadband, VOIP Phone systems Lost file and crash recovery, as well as system backup Virus, Trojan and Malware removal Hardware and Software Sales Security and Internet Filtering Office Virtualization Network Support Hardware upgrades and installations Assistance with other computer problems",2026-01-16,2026-01-12,False,99191269-ff2d-44f7-a1d3-7809ab6aa32a,2026-09-17_page013.json
dragonforce,"1171 Rue Notre Dame O, Victoriaville, QC G6P 7L1, Canada. (819) 758-0313",soteck.com,soteck,1672493625344,1557.63,,"Soteck specializes in air treatment, automation, industrial refrigeration, and energy efficiency, catering specifically to the agri-food sector. They provide comprehensive engineering solutions to help clients maintain optimal production conditions for quality products. With over 25 years of experience serving North American food processing plants, their team guarantees performance and client satisfaction. Soteck focuses on creating stable environments to enhance operational efficiency for both agri-food and industrial clients","Soteck specializes in air treatment, automation, industrial refrigeration, and energy efficiency, catering specifically to the agri-food sector. They provide comprehensive engineering solutions to help clients maintain optimal production conditions for quality products. With over 25 years of experience serving North American food processing plants, their team guarantees performance and client satisfaction. Soteck focuses on creating stable environments to enhance operational efficiency for both agri-food and industrial clients",2026-01-15,2026-01-15,False,ef8272e9-70a8-4792-8d5f-df9d413d1676,2026-09-17_page013.json
dragonforce,UBS Office,ubsoffice.com,"302 Us Hwy 46, Fairfield, New Jersey, USA. +1 (973) 276-6299",93338492928,86.93,,"United Business Systems specializes in simplifying the management of hardcopy and digital documents for various industries, with a strong focus on education. Their offerings include printers, copiers, print management, document management, and cloud printing solutions, all designed to enhance efficiency and security. UBS is recognized for its commitment to service excellence, providing reliable support and technology solutions tailored to client needs. The company emphasizes sustainability and cost savings, making it a preferred partner for organizations looking to optimize their document workflows.","United Business Systems specializes in simplifying the management of hardcopy and digital documents for various industries, with a strong focus on education. Their offerings include printers, copiers, print management, document management, and cloud printing solutions, all designed to enhance efficiency and security. UBS is recognized for its commitment to service excellence, providing reliable support and technology solutions tailored to client needs. The company emphasizes sustainability and cost savings, making it a preferred partner for organizations looking to optimize their document workflows.",2026-01-02,2025-12-31,False,128f7e86-5543-41c1-a213-ac9d7f8581d5,2026-09-17_page013.json
dragonforce,NK Technologies,nktechnologies.com,"3511 Charter Park Dr, San Jose, California, USA. +1 (408) 871-7510",876892045312,816.67,,"Founded in 1982, NK Technologies is a current sensing technology manufacturer and distributor headquartered in San Jose, California. Products include sensing switches, AC transducers, fault sensors, and more. As a leader in the industry, NK Technologies takes its commitment to customers seriously and considers customer satisfaction a top priority. Timely response to customer inquiries; knowledgeable technical support; a willingness to develop custom solutions to meet specific customer needs; and an organizational commitment to delivering reliable, quality product on time are the hallmarks of excellence which our customers have come to rely on and expect from NK Technologies, a company built upon a history of innovation","Founded in 1982, NK Technologies is a current sensing technology manufacturer and distributor headquartered in San Jose, California. Products include sensing switches, AC transducers, fault sensors, and more. As a leader in the industry, NK Technologies takes its commitment to customers seriously and considers customer satisfaction a top priority. Timely response to customer inquiries; knowledgeable technical support; a willingness to develop custom solutions to meet specific customer needs; and an organizational commitment to delivering reliable, quality product on time are the hallmarks of excellence which our customers have come to rely on and expect from NK Technologies, a company built upon a history of innovation",2025-12-29,2026-01-02,False,ca9647eb-67d9-47f5-a33e-49299d53b499,2026-09-17_page013.json
dragonforce,Burnex,burnexcorp.com,"5418 Business Pkwy, Ringwood, Illinois, USA. +1 (815) 728-1317",736005947392,685.46,,"Burnex Corporation is a leading manufacturer of precision metal stampings and wire forms, offering both custom and standard metal parts for various industries since 1972. The company utilizes innovative technology and unique manufacturing capabilities, including Planetary Geared stamping and bending technology, to provide a wide range of forming possibilities. With a focus on design flexibility and short lead times, Burnex serves clients globally across sectors such as aeronautics, automotive, medical, and electrical. Their experienced team, with an average tenure of 18 years, ensures a high level of expertise and continuity in meeting diverse customer needs","Burnex Corporation is a leading manufacturer of precision metal stampings and wire forms, offering both custom and standard metal parts for various industries since 1972. The company utilizes innovative technology and unique manufacturing capabilities, including Planetary Geared stamping and bending technology, to provide a wide range of forming possibilities. With a focus on design flexibility and short lead times, Burnex serves clients globally across sectors such as aeronautics, automotive, medical, and electrical. Their experienced team, with an average tenure of 18 years, ensures a high level of expertise and continuity in meeting diverse customer needs",2025-12-29,2025-12-30,False,f46e177f-4a43-4cef-abea-2216f2ecf204,2026-09-17_page013.json
dragonforce,Barnes & Jones,www.barnesandjones.com,"91 Pacella Park Dr, Randolph, Massachusetts, United States",43805507584,40.8,,"Barnes & Jones was founded before the turn of the century by two engineers: Walter Barnes, a graduate of The Massachusetts Institute of Technology, and Bill Jones, a graduate of The Worcester Polytechnic Institute. Around 1897, the two joined forces to design and layout two-pipe steam heating systems for new commercial construction projects throughout Boston, New York City and Chicago. By applying their engineering expertise, the partners built a strong reputation for designing quiet, trouble free and efficient steam heating systems. Because most steam traps of the day were inherently inefficient and problematic, Barnes and Jones focused their talents to develop a more efficient and reliable steam trap. In 1902, Barnes & Jones introduced their first line of balanced-pressured thermostatic steam traps to improve overall system performance.","Barnes & Jones was founded before the turn of the century by two engineers: Walter Barnes, a graduate of The Massachusetts Institute of Technology, and Bill Jones, a graduate of The Worcester Polytechnic Institute. Around 1897, the two joined forces to design and layout two-pipe steam heating systems for new commercial construction projects throughout Boston, New York City and Chicago. By applying their engineering expertise, the partners built a strong reputation for designing quiet, trouble free and efficient steam heating systems. Because most steam traps of the day were inherently inefficient and problematic, Barnes and Jones focused their talents to develop a more efficient and reliable steam trap. In 1902, Barnes & Jones introduced their first line of balanced-pressured thermostatic steam traps to improve overall system performance.",2025-12-27,2025-12-31,False,ba78a599-b0fc-4d8b-bd21-6773d6a6bf65,2026-09-17_page013.json
dragonforce,Centro Médico Palafox,www.centromedicopalafox.es,"El Caracol, Paseo Independencia 24-26 Centro Comercial, Planta -2 - Local 96, 50004 Zaragoza",105026326528,97.81,,"At Palafox Medical Center, we offer comprehensive healthcare services through a wide range of medical specialties. Our center boasts a broad spectrum of services and professionals, ensuring the complete well-being of you and your loved ones.","At Palafox Medical Center, we offer comprehensive healthcare services through a wide range of medical specialties. Our center boasts a broad spectrum of services and professionals, ensuring the complete well-being of you and your loved ones.",2025-12-27,2026-01-01,False,e54a028c-5807-42e3-931b-9fefe267bdde,2026-09-17_page013.json
dragonforce,Caramel,www.caramel-shop.co.uk,"87-135 Harrods Fl 4, London, Greater London",136842399744,127.44,,"Founded in 1999 and headquartered in London, England, Caramel is a company that manufactures and sells apparel items.","Founded in 1999 and headquartered in London, England, Caramel is a company that manufactures and sells apparel items.",2025-12-27,2026-01-01,False,d9fde603-23c2-4e9c-9aa1-a242ff4eca8e,2026-09-17_page013.json
dragonforce,BMW Guatemala,www.bmw.com.gt,www.bmw.com.gt,55214678016,51.42,,"BMW Guatemala is a company that operates in the Automobile Dealers industry. It employs 250to499 people and has 10Mto25M of revenue. The company is headquartered in Guatemala City, Guatemala, Guatemala","BMW Guatemala is a company that operates in the Automobile Dealers industry. It employs 250to499 people and has 10Mto25M of revenue. The company is headquartered in Guatemala City, Guatemala, Guatemala",2025-12-27,2026-01-01,False,bed18c92-e86f-4909-a7b0-eff76c9e98d4,2026-09-17_page013.json
dragonforce,Neurological Associates,www.neuroassociates.us,www.neuroassociates.us,77876170752,72.53,,"Neuro Associates, located in Kirkland, Washington, is a neurology clinic established in 1974 with a team of four highly experienced neurologists. The clinic offers comprehensive neurological services, including advanced MRI diagnostics, while prioritizing personalized and compassionate patient care. They emphasize accessibility and cost-effectiveness, not charging facility fees, and focus on one-on-one consultations between patients and their physicians. Neuro Associates aims to support patients with a wide range of neurological conditions through tailored treatment plans and a commitment to improving their quality of life.","Neuro Associates, located in Kirkland, Washington, is a neurology clinic established in 1974 with a team of four highly experienced neurologists. The clinic offers comprehensive neurological services, including advanced MRI diagnostics, while prioritizing personalized and compassionate patient care. They emphasize accessibility and cost-effectiveness, not charging facility fees, and focus on one-on-one consultations between patients and their physicians. Neuro Associates aims to support patients with a wide range of neurological conditions through tailored treatment plans and a commitment to improving their quality of life.",2025-12-27,2026-01-01,False,1f1a5c3d-343b-48e8-9fdd-d0d520a75a1c,2026-09-17_page013.json
dragonforce,National Credit Regulator (NCR),www.ncr.org.za,"127 15th Rd, Halfway House, Midrand, South Africa",45120425984,42.02,,"The National Credit Regulator (NCR) is the statutory body established under the National Credit Act 34 of 2005 to regulate the South African credit industry. The NCR is responsible for the registration of credit providers, credit bureaus, debt counsellors, payment distribution agents, and alternative dispute resolution agents. It monitors compliance with the Act, enforces regulations, and promotes consumer education to ensure a fair, transparent, and accessible credit market.","The National Credit Regulator (NCR) is the statutory body established under the National Credit Act 34 of 2005 to regulate the South African credit industry. The NCR is responsible for the registration of credit providers, credit bureaus, debt counsellors, payment distribution agents, and alternative dispute resolution agents. It monitors compliance with the Act, enforces regulations, and promotes consumer education to ensure a fair, transparent, and accessible credit market.",2025-12-24,2025-12-04,False,86439ee0-fe94-4bf3-8cf7-056c60e87c1d,2026-09-17_page013.json
dragonforce,Tri-State Metal Roofing Supply,tri-statemetalroofing.com,"3113 E Deseret Dr, Saint George, Utah, 84790, United States",37291597824,34.73,,"Tri-State Metal Roofing Supply is Utah's top metal roof supplier offering a variety of roofing and siding materials factory-direct, including standing seam and corrugated panels. They provide quality American-made materials at manufacturer-direct pricing and offer delivery services and fast, free estimates. With excellent customer service and lead times, they serve clients through their three locations in Riverdale, Payson, and St. George.","Tri-State Metal Roofing Supply is Utah's top metal roof supplier offering a variety of roofing and siding materials factory-direct, including standing seam and corrugated panels. They provide quality American-made materials at manufacturer-direct pricing and offer delivery services and fast, free estimates. With excellent customer service and lead times, they serve clients through their three locations in Riverdale, Payson, and St. George.",2025-12-24,2025-12-23,False,32370c72-e544-4420-b27c-bb59b1384a96,2026-09-17_page013.json
dragonforce,Prime Label,primelabel.com,"536 7th St SE, Washington, +1 (202) 546-3333",72082198528,67.13,,"Prime Label Consultants (PLC) specializes in consulting services for food label compliance with USDA and FDA regulations. Their offerings include label expediting, consulting, training, software solutions, auditing, and outsourcing tailored for the food industry. PLC serves a diverse clientele, including manufacturers, retailers, and brand marketers, providing comprehensive support from label development to regulatory approval. With a strong track record and daily interactions with government regulators, PLC is a trusted partner for over half of the top 100 food companies in the U.S.","Prime Label Consultants (PLC) specializes in consulting services for food label compliance with USDA and FDA regulations. Their offerings include label expediting, consulting, training, software solutions, auditing, and outsourcing tailored for the food industry. PLC serves a diverse clientele, including manufacturers, retailers, and brand marketers, providing comprehensive support from label development to regulatory approval. With a strong track record and daily interactions with government regulators, PLC is a trusted partner for over half of the top 100 food companies in the U.S.",2025-12-24,2025-12-24,False,4db829b9-a1b6-4d55-8187-c741ea49b5bf,2026-09-17_page013.json
dragonforce,Váhostav,vahostav-sk.sk,"Priemyselná 6, Bratislava, 821 09, Slovakia",241452711936,224.87,,"VÁHOSTAV is one of the leading construction companies in Slovakia, specializing in complex and technically demanding projects across various sectors including transportation, engineering, and industrial construction. The company operates both domestically and internationally, utilizing advanced technologies through its own production facilities and subsidiaries. VÁHOSTAV is committed to sustainable development principles, integrating quality, safety, and environmental management systems certified under ISO standards. Their current projects include modernization of railway corridors and infrastructure improvements, reflecting their dedication to minimizing waste and maximizing resource efficiency.","VÁHOSTAV is one of the leading construction companies in Slovakia, specializing in complex and technically demanding projects across various sectors including transportation, engineering, and industrial construction. The company operates both domestically and internationally, utilizing advanced technologies through its own production facilities and subsidiaries. VÁHOSTAV is committed to sustainable development principles, integrating quality, safety, and environmental management systems certified under ISO standards. Their current projects include modernization of railway corridors and infrastructure improvements, reflecting their dedication to minimizing waste and maximizing resource efficiency.",2025-12-21,2025-12-28,False,a3343b56-0067-4d03-bf5e-2e316225a8b4,2026-09-17_page013.json
dragonforce,Colonial Metals,colonialmetals.com,"PO Box Triumph Industrial Parkpo, Maryland, USA. +1 (410) 398-7200",581956714496,541.99,,"Colonial Metals, Inc. is a full-service global supplier specializing in over 600 precious metal-based chemicals and services. The company is dedicated to providing personal and reliable customer service, fostering trust and comfort among its clients. Committed to sustainability, Colonial Metals aims to reduce greenhouse gas emissions by 25% by 2030 through various environmental initiatives. Their product offerings include refining services, analytical capabilities, and custom synthesis for various industrial markets","Colonial Metals, Inc. is a full-service global supplier specializing in over 600 precious metal-based chemicals and services. The company is dedicated to providing personal and reliable customer service, fostering trust and comfort among its clients. Committed to sustainability, Colonial Metals aims to reduce greenhouse gas emissions by 25% by 2030 through various environmental initiatives. Their product offerings include refining services, analytical capabilities, and custom synthesis for various industrial markets",2025-12-19,2025-12-23,False,2e5c0b7e-a199-4a9a-b7a9-f38fc2145d43,2026-09-17_page013.json
dragonforce,Unipres Alabama Inc.,unipres.co.jp,"990 Duncan Farms Rd, Steele, AL 35987, United States",125739216896,117.1,"{'id': 2, 'tag': 'Chat'}","Unipres is a leading manufacturer of press-formed automotive components in the world. It designs, develops and offers car body structural parts, including upper and lower car body parts, bumper parts, front side members, steering members , fuel tanks and transmission products.It started working in United Kingdom in 1987 and is headquartered in Sunderland. The company is a wholly owned subsidiary of Unipres Corporation","Unipres is a leading manufacturer of press-formed automotive components in the world. It designs, develops and offers car body structural parts, including upper and lower car body parts, bumper parts, front side members, steering members , fuel tanks and transmission products.It started working in United Kingdom in 1987 and is headquartered in Sunderland. The company is a wholly owned subsidiary of Unipres Corporation",2025-12-18,2025-12-22,False,1e4a1771-ca8e-498c-a961-6e20180c091d,2026-09-17_page013.json
dragonforce,Edward J Kone,edkone-attorney.com,"1499 W Palmetto Park Rd Ste 408, Boca, Florida, USA. +1 (561) 393-8722",428289142784,398.88,,"Edward J. Kone, P.A. is a law firm focused on providing legal services in criminal defense, traffic violations, and personal injury cases. The firm, led by experienced trial attorneys Edward J. Kone and Gregg D. Kone, aims to offer high-quality representation at reasonable fees while prioritizing the needs of their clients. They serve clients throughout South Florida, particularly in Palm Beach, Miami-Dade, and Broward Counties, and are dedicated to winning cases, often offering free consultations. Their practice areas include handling various misdemeanors and felonies, traffic infractions, DUI cases, and personal injury lawsuits","Edward J. Kone, P.A. is a law firm focused on providing legal services in criminal defense, traffic violations, and personal injury cases. The firm, led by experienced trial attorneys Edward J. Kone and Gregg D. Kone, aims to offer high-quality representation at reasonable fees while prioritizing the needs of their clients. They serve clients throughout South Florida, particularly in Palm Beach, Miami-Dade, and Broward Counties, and are dedicated to winning cases, often offering free consultations. Their practice areas include handling various misdemeanors and felonies, traffic infractions, DUI cases, and personal injury lawsuits",2025-12-16,2025-12-21,False,b1dfa82e-1a25-4608-81c5-bc8e7f321d59,2026-09-17_page013.json
dragonforce,Leger & Shaw,legershaw.com,"Headquarters 935 Gravier St Ste 2150, New Orleans, USA. +1 (504) 588-9043",820054269952,763.74,,"Leger & Shaw is a New Orleans-based law firm established in 1979, specializing in maritime and admiralty law, class actions, complex litigation, commercial litigation, and serious personal injury claims. The firm is committed to providing personal service and effectively advocating for clients' rights throughout their legal journeys. Known for handling high-profile and complex cases, Leger & Shaw has recovered substantial settlements for clients affected by significant incidents such as the BP Oil Spill. Their contingency fee arrangement allows clients to seek legal representation without upfront costs, ensuring access to experienced legal services","Leger & Shaw is a New Orleans-based law firm established in 1979, specializing in maritime and admiralty law, class actions, complex litigation, commercial litigation, and serious personal injury claims. The firm is committed to providing personal service and effectively advocating for clients' rights throughout their legal journeys. Known for handling high-profile and complex cases, Leger & Shaw has recovered substantial settlements for clients affected by significant incidents such as the BP Oil Spill. Their contingency fee arrangement allows clients to seek legal representation without upfront costs, ensuring access to experienced legal services",2025-12-16,2025-12-21,False,7d700afd-90b5-43c7-8cc3-714913337eac,2026-09-17_page013.json
dragonforce,GPC Industries,gpcind.co.uk,"Taurus House Halton Rd, Spilsby, Lincolnshire UK. +44 1790753835",336736927744,313.61,,"GPC Industries Ltd is a leading trade supplier of high-quality access, handling, and storage products in the UK. With over 40 years of experience, they offer a wide range of equipment including ladders, trucks, trolleys, and various storage solutions, emphasizing UK-manufactured items as well as imported goods. Their intended clients include businesses in need of materials handling and safety equipment. GPC Industries is dedicated to providing exceptional products that meet high specifications and industry standards.","GPC Industries Ltd is a leading trade supplier of high-quality access, handling, and storage products in the UK. With over 40 years of experience, they offer a wide range of equipment including ladders, trucks, trolleys, and various storage solutions, emphasizing UK-manufactured items as well as imported goods. Their intended clients include businesses in need of materials handling and safety equipment. GPC Industries is dedicated to providing exceptional products that meet high specifications and industry standards.",2025-12-16,2025-12-31,False,000efe9b-a4ac-4c39-ab94-789c54b904ea,2026-09-17_page013.json
dragonforce,LiftPRO,liftpro.com,"5959 Seville Rd, Duluth, Minnesota, USA +1 (218) 729-9211",404393500672,376.62,,"LiftPRO has over 40 years of experience providing lifting, rigging, and weighing solutions for various industries, including transportation and military applications, internationally. They offer a comprehensive range of lifting products such as slings, rigging hardware, and custom fabrication services, tailored to handle unique lifting challenges. LiftPRO also provides professional training on-site, ensuring clients safely and effectively utilize their products. With a strong emphasis on quality and safety, their products are rigorously tested and certified to meet industry standards.","LiftPRO has over 40 years of experience providing lifting, rigging, and weighing solutions for various industries, including transportation and military applications, internationally. They offer a comprehensive range of lifting products such as slings, rigging hardware, and custom fabrication services, tailored to handle unique lifting challenges. LiftPRO also provides professional training on-site, ensuring clients safely and effectively utilize their products. With a strong emphasis on quality and safety, their products are rigorously tested and certified to meet industry standards.",2025-12-16,2025-12-17,False,fcbfaee3-c4ec-4e96-9b35-60f7139ffcf5,2026-09-17_page014.json
dragonforce,McKee-Pownall Equine Services,mckeepownall.ca,"12240 Second Line, Campbellville, Canada (519) 856-8225",130007891968,121.08,,"McKee-Pownall Equine Services specializes in equine veterinary care, focusing on lameness, sport horse medicine, pre-purchase exams, dentistry, and overall wellness. They provide both in-clinic and on-farm diagnostic services utilizing advanced technology. The company operates multiple locations, including Campbellville, Caledon, and Uxbridge, and employs a team of 17 veterinarians and over 35 support staff. Their Equine Performance Centre is dedicated to assessing and treating performance issues in horses, addressing root causes beyond just lameness.","McKee-Pownall Equine Services specializes in equine veterinary care, focusing on lameness, sport horse medicine, pre-purchase exams, dentistry, and overall wellness. They provide both in-clinic and on-farm diagnostic services utilizing advanced technology. The company operates multiple locations, including Campbellville, Caledon, and Uxbridge, and employs a team of 17 veterinarians and over 35 support staff. Their Equine Performance Centre is dedicated to assessing and treating performance issues in horses, addressing root causes beyond just lameness.",2025-12-16,2025-12-17,False,d943ed9b-2473-443e-adfe-a37103f4d9d7,2026-09-17_page014.json
dragonforce,Amla Commerce,www.amla.io,"10400 W Innovation Dr #210 Milwaukee, WI 53226",9164144640,8.53,,"Amla Commerce develops ecommerce software platforms. Architected with a focus on long-term sustainability, the platforms offer unmatched flexibility and scalability, as well as premium feature sets and deep functionality proven to enable growth and support even the most complex operational needs for mid-market and enterprise-level companies. Amla Commerce is the parent company of Artifi Labs, an enterprise product customization platform, and Znode, a .NET ecommerce platform with headless architecture and multi-store capabilities. Artifi and Znode power the ecommerce experiences of hundreds of companies across dozens of industries including apparel and soft goods, promotional products, uniforms, CPG and retail. Amla Commerce is a privately-held company, headquartered in Milwaukee, WI.","Amla Commerce develops ecommerce software platforms. Architected with a focus on long-term sustainability, the platforms offer unmatched flexibility and scalability, as well as premium feature sets and deep functionality proven to enable growth and support even the most complex operational needs for mid-market and enterprise-level companies. Amla Commerce is the parent company of Artifi Labs, an enterprise product customization platform, and Znode, a .NET ecommerce platform with headless architecture and multi-store capabilities. Artifi and Znode power the ecommerce experiences of hundreds of companies across dozens of industries including apparel and soft goods, promotional products, uniforms, CPG and retail. Amla Commerce is a privately-held company, headquartered in Milwaukee, WI.",2025-12-16,2025-11-27,False,5cc80f3b-a219-4c26-bdbe-e3f9736ea52c,2026-09-17_page014.json
dragonforce,Temple Shalom,templeshalom.net,"8401 Grubb Rd, Chevy Chase, Maryland USA +1 (301) 587-2273",99634311168,92.79,,"Temple Shalom is a Reform Jewish community of approximately 400 families who celebrate the diversity of modern Judaism in the Washington, D.C. area by welcoming members as part of one congregational family, accepting them as they are, and encouraging personal growth through programs and activities. Temple Shalom places Torah at the center, where serious learning is for everyone, where prayer and music is meaningful, participatory, and powerful, and where people feel a strong sense of belonging","Temple Shalom is a Reform Jewish community of approximately 400 families who celebrate the diversity of modern Judaism in the Washington, D.C. area by welcoming members as part of one congregational family, accepting them as they are, and encouraging personal growth through programs and activities. Temple Shalom places Torah at the center, where serious learning is for everyone, where prayer and music is meaningful, participatory, and powerful, and where people feel a strong sense of belonging",2025-12-13,2025-12-16,False,d683b994-cc4d-41e3-81ce-646c31561a8d,2026-09-17_page014.json
dragonforce,HKR Architects,hkrarchitects.com,"55 High Holborn, London, Greater London, WC1V 6BX, United Kingdom",143935799296,134.05,,"HKR Architects is a prominent international architecture and urban design practice founded in 1992, with offices located in London, Dublin, Dubai, and Abu Dhabi. The firm specializes in various sectors including living, working, staying, masterplanning, modular, and learning environments. Their services cater to a diverse range of clients seeking innovative architectural solutions. HKR Architects is committed to delivering high-quality design and planning services across multiple regions.","HKR Architects is a prominent international architecture and urban design practice founded in 1992, with offices located in London, Dublin, Dubai, and Abu Dhabi. The firm specializes in various sectors including living, working, staying, masterplanning, modular, and learning environments. Their services cater to a diverse range of clients seeking innovative architectural solutions. HKR Architects is committed to delivering high-quality design and planning services across multiple regions.",2025-12-12,2025-12-15,False,1d4b0d06-355a-44cc-83b6-891bf19bcb07,2026-09-17_page014.json
dragonforce,A.S.A.P. Restoration,asaprestorationfl.com,"1805 S. Powerline Road Suite A106 Deerfield Beach, FL 33442",378789273600,352.78,,"ASAP Restoration FL is a Florida-based company specializing in emergency restoration services for water, fire, and mold damage, operating 24/7 across South Florida. With over 30 years of experience, they offer comprehensive services including hurricane disaster relief, crime scene cleanup, and both residential and commercial construction. Their client-centric approach and commitment to quality have led to a strong reputation and high customer satisfaction ratings. Targeting residential homeowners, property managers, and commercial businesses, they ensure efficient recovery and restoration solutions","ASAP Restoration FL is a Florida-based company specializing in emergency restoration services for water, fire, and mold damage, operating 24/7 across South Florida. With over 30 years of experience, they offer comprehensive services including hurricane disaster relief, crime scene cleanup, and both residential and commercial construction. Their client-centric approach and commitment to quality have led to a strong reputation and high customer satisfaction ratings. Targeting residential homeowners, property managers, and commercial businesses, they ensure efficient recovery and restoration solutions",2025-12-11,2025-12-12,False,987ba02c-df8b-4b3d-abd6-f1f53a14725b,2026-09-17_page014.json
dragonforce,VoiceTeam Call,www.voiceteam.com,"Santiago de los Caballeros, Santiago, Dominican Republic",233999806464,217.93,,"VoiceTeam is a leading nearshore provider of sales, customer service and back office support, headquartered in Santiago, Dominican Republic with operations in San Francisco, California. Our experienced workforce provides excellent customer service, high performance sales and detailed business processing support. Unlike outsourcers in India and the Philippines, here at VoiceTeam, we hire agents who previously lived in the US and have a deep knowledge of American culture. Quality, efficiency and execution are our main priorities. Our quality assurance team records 100% of all calls and chats from our sales and customer services teams. For our back office support and digital work, we provide two quality assurance checks on all projects. Our services include: • Customer Acquisition • Customer Service • Back Office Support • Digital Task Support ""VoiceTeam has proven time and again that they can meet the ever changing demands and challenges of clients across multiple industry verticals","VoiceTeam is a leading nearshore provider of sales, customer service and back office support, headquartered in Santiago, Dominican Republic with operations in San Francisco, California. Our experienced workforce provides excellent customer service, high performance sales and detailed business processing support. Unlike outsourcers in India and the Philippines, here at VoiceTeam, we hire agents who previously lived in the US and have a deep knowledge of American culture. Quality, efficiency and execution are our main priorities. Our quality assurance team records 100% of all calls and chats from our sales and customer services teams. For our back office support and digital work, we provide two quality assurance checks on all projects. Our services include: • Customer Acquisition • Customer Service • Back Office Support • Digital Task Support ""VoiceTeam has proven time and again that they can meet the ever changing demands and challenges of clients across multiple industry verticals",2025-12-08,2025-12-15,False,c8fe1a05-5f5d-4503-9a1e-d40eab2be63a,2026-09-17_page014.json
dragonforce,City of La Vergne,www.lavergnetn.gov,"5093 Murfreesboro Rd, La Vergne, Tennessee, United States",409808650240,381.66,,"The City of La Vergne provides essential services including police and fire departments, public library, and community events aimed at engaging and educating local residents. It focuses on community safety and development through various programs and activities, such as the Rape Aggression Defense training and the annual Fall Festival. The city also emphasizes recreational opportunities and public engagement through events like the Summer Safety Day and Howl at the Moon 5k. La Vergne serves its residents and visitors by fostering a vibrant community atmosphere and ensuring public safety.","The City of La Vergne provides essential services including police and fire departments, public library, and community events aimed at engaging and educating local residents. It focuses on community safety and development through various programs and activities, such as the Rape Aggression Defense training and the annual Fall Festival. The city also emphasizes recreational opportunities and public engagement through events like the Summer Safety Day and Howl at the Moon 5k. La Vergne serves its residents and visitors by fostering a vibrant community atmosphere and ensuring public safety.",2025-12-08,2025-12-15,False,62ce9f7d-7c6b-4b89-a4bd-f262ce48d7e4,2026-09-17_page014.json
dragonforce,"Smith Roberts Baldischwiler, LLC | OKC Engineering Firm",www.srbok.com,"Oklahoma City 100 NE 5th Street, OKC, OK 73104",94816509952,88.3,,"Many projects of large companies are now available to public. Customer information, confidential data, and much more.","Many projects of large companies are now available to public. Customer information, confidential data, and much more. Successful engineering projects begin with careful collaboration between all stakeholders involved in the projects. SRB's greatest strength lies in its commitment to open communication at all stages of the project between citizens, government, utilities, and other design professionals.",2025-12-08,2025-12-09,False,c7000ac0-ee16-47fb-afb0-05f0c7ea487d,2026-09-17_page014.json
dragonforce,HESCO,hesco.ca,"Address:#4, 1005 Eby Road SW Edmonton, Alberta T6X 2N9 Toll-Free Phone:(866) 924 - 2727 Phone:(780) 429 - 2727",605155913728,563.6,,"HESCO Foodservice Ltd., based out of Edmonton and Calgary, specializes in providing a wide range of products, cleaning supplies, commercial equipment, and kitchen design for the foodservice industry. Leaders in Food Service Supply & Design for over 95 years To learn more about the company, please visit www.hesco.ca","HESCO Foodservice Ltd., based out of Edmonton and Calgary, specializes in providing a wide range of products, cleaning supplies, commercial equipment, and kitchen design for the foodservice industry. Leaders in Food Service Supply & Design for over 95 years To learn more about the company, please visit www.hesco.ca",2025-12-08,2025-12-11,False,51277a45-560a-4f45-95ac-92a3df7dc270,2026-09-17_page014.json
dragonforce,Jack Levine,jacklevinecpa.com,"Headquarters 3050 Biscayne Blvd Ste 302, Miami, Florida. Phone Number (305) 912-0085",269025652736,250.55,,"Jack Levine PA CPAs is a boutique CPA firm based in the Midtown/Wynwood area of Miami, specializing in corporate tax and accounting services for businesses, individuals, estates, and trusts. With over 35 years of experience, the firm focuses on providing personalized service to clients in various industries, including real estate, healthcare, and e-commerce, while also serving not-for-profit organizations. They utilize advanced technology to ensure secure communication and are committed to maximizing tax savings for their clients. The firm primarily serves the South Beach, Miami Beach, and Aventura areas, with a growing presence in the greater South Florida region and beyond","Jack Levine PA CPAs is a boutique CPA firm based in the Midtown/Wynwood area of Miami, specializing in corporate tax and accounting services for businesses, individuals, estates, and trusts. With over 35 years of experience, the firm focuses on providing personalized service to clients in various industries, including real estate, healthcare, and e-commerce, while also serving not-for-profit organizations. They utilize advanced technology to ensure secure communication and are committed to maximizing tax savings for their clients. The firm primarily serves the South Beach, Miami Beach, and Aventura areas, with a growing presence in the greater South Florida region and beyond",2025-12-06,2025-12-11,False,aaf5da75-2058-4665-a165-ecc67f45f32a,2026-09-17_page014.json
dragonforce,Precision Compounding,pcrxomaha.com,"15722 W Center Rd, Omaha, Nebraska, 68130, United States",88345481216,82.28,,"Precision Compounding Pharmacy, located in Omaha, NE, specializes in creating customized medications that fit the unique needs of each patient. They collaborate with healthcare providers and patients to develop unique formulations, ensuring that all compounded medications are safe, effective, and accurately made. Their services include general compounding, men's and women's health, dermatology, low dose naltrexone, veterinary care, and nutritionals. With a commitment to quality and personalized care, they aim to achieve the best therapeutic outcomes for their clients.","Precision Compounding Pharmacy, located in Omaha, NE, specializes in creating customized medications that fit the unique needs of each patient. They collaborate with healthcare providers and patients to develop unique formulations, ensuring that all compounded medications are safe, effective, and accurately made. Their services include general compounding, men's and women's health, dermatology, low dose naltrexone, veterinary care, and nutritionals. With a commitment to quality and personalized care, they aim to achieve the best therapeutic outcomes for their clients.",2025-12-05,2025-12-10,False,fcdbea71-2987-42f0-8134-7ab17c890343,2026-09-17_page014.json
dragonforce,3S Software (Secured Smart Systems Overview Metrics),3segypt.com,"Building 8 Ahmed Fakhry Street, Nasr City, Cairo, Egypt. Building 54 Ahmed Fakhry Street, Nasr City, Cairo, Egypt",36276142080,33.78,,"3S Group is a world-class provider of diverse technology services, specializing in software development, applications integration, data management, and analytics. They offer scalable and reliable solutions utilizing Microsoft technologies in areas such as e-business and enterprise applications. The company also designs, integrates, installs, and maintains integrated security systems, catering to a wide range of clients. With over 200 experts and 500 projects completed in 17 years, they focus on understanding client needs to provide tailored technology solutions","3S Group is a world-class provider of diverse technology services, specializing in software development, applications integration, data management, and analytics. They offer scalable and reliable solutions utilizing Microsoft technologies in areas such as e-business and enterprise applications. The company also designs, integrates, installs, and maintains integrated security systems, catering to a wide range of clients. With over 200 experts and 500 projects completed in 17 years, they focus on understanding client needs to provide tailored technology solutions",2025-12-05,2025-12-08,False,4d38cb24-43ec-4ff5-8688-e717a2c27ed1,2026-09-17_page014.json
dragonforce,Capo Brothers,www.capobrothers.com,"1971 Lakeland Ave, Ronkonkoma, New York, United States",267781533696,249.39,"{'id': 2, 'tag': 'Chat'}","Capo Brothers is a premier commercial truck dealer located in Ronkonkoma and West Babylon, specializing in the sales, service, and parts of Isuzu and Mitsubishi Fuso commercial trucks. They offer a wide selection of new and used medium duty and cabover trucks, as well as various truck bodies from trusted brands. Serving clients in New York, New Jersey, and Connecticut, Capo Brothers also provides truck rentals for both household and business needs. With a commitment to excellence, they have been recognized for exceeding high-quality standards in customer experience.","Capo Brothers is a premier commercial truck dealer located in Ronkonkoma and West Babylon, specializing in the sales, service, and parts of Isuzu and Mitsubishi Fuso commercial trucks. They offer a wide selection of new and used medium duty and cabover trucks, as well as various truck bodies from trusted brands. Serving clients in New York, New Jersey, and Connecticut, Capo Brothers also provides truck rentals for both household and business needs. With a commitment to excellence, they have been recognized for exceeding high-quality standards in customer experience.",2025-12-03,2025-12-10,False,37f2506e-c73b-45df-a5d9-fcd09873cf4b,2026-09-17_page014.json
dragonforce,Immling Festival DER Festspielort im Chiemgau,immling.de,Telefon: +49 (0)8055/9034-16 E-Mail: walter.ulrich@immling.de,123280093184,114.81,,,"DAS FESTIVAL TEAM Umgeben von der schönen Natur des Chiemgau liegt Immling – ein Festspielort, der überrascht. Bereits die Anreise durch den Wald weckt Neugier. Sobald sich die Bäumen lichten, erwartet die Besucher ein einmaliges Zusammenspiel aus Kultur und Natur. Das Gut Immling mit seiner Blumenpracht und seinen Tieren, auf einem idyllischen grünen Hügel gelegen, schafft eine Atmosphäre, die bezaubert. Intendant und Schöpfer des Immling Festival Ludwig Baumann und die musikalische Leiterin Cornelia von Kerssenbrock heißen Sie mit ihrem Team herzlich willkommen!",2025-12-02,2025-12-10,False,ad4bcd01-43b9-4d6d-9465-c7f127fa3869,2026-09-17_page014.json
dragonforce,Basra Transports,basratransports.com,basratransports.com,34576076800,32.2,,"Basra Transports is a transportation and logistics company that handles freight transportation across North America, including the United States and Canada.","Basra Transports is a transportation and logistics company that handles freight transportation across North America, including the United States and Canada. 514-631-5600 info@basratransport.com",2025-12-02,2025-12-03,False,44ed4b5e-3685-4805-ad36-519a2804faed,2026-09-17_page014.json
dragonforce,Capital Star Oil & Gas Inc.,www.capitalstaroilngas.com,"4400 Post Oak Parkway, Suite 2360 Houston, TX 77027",46734381056,43.52,,"Capital Star Oil & Gas, Inc. is a small independent oil & gas company based in Houston, Texas. Most of drilling activities are financed through private placement investments for investors looking for tax benefits, including deductions for intangible drilling costs (IDC). Minimizing risk by using 3-D seismic and expert consultants before selecting prospects. Capital Star Oil & Gas, Inc. was established in 2002.","Capital Star Oil & Gas, Inc. is a small independent oil & gas company based in Houston, Texas. Most of drilling activities are financed through private placement investments for investors looking for tax benefits, including deductions for intangible drilling costs (IDC). Minimizing risk by using 3-D seismic and expert consultants before selecting prospects. Capital Star Oil & Gas, Inc. was established in 2002.",2025-12-02,2025-11-20,False,e8cc066e-6a65-4e02-b3d6-116212e40517,2026-09-17_page014.json
dragonforce,Mobilelink USA,mobilelinkusa.com,"575 Julie Rivers Drive, Sugar Land, TX, 77478 +1 832-532-7931",5546275237888,5165.37,,"Mobilelink USA is a private Cricket Wireless company that deals in providing unlimited 5G LTE services and state of the art devices with an understanding of what keeps the customers loyal to a brand. As the largest Exclusive Retailer of Cricket, we focus on creating a customer experience that distinguishes us from others. We take pride in offering personal and professional services along with products that meet the needs of our valued clients. We operate with a high level of integrity and thrive on innovation that allows our customers to take advantage of a 5G LTE Network with no annual contract through 550+ retail locations across the USA. Mobilelink is becoming revered as the company of choice when purchasing all your wireless needs or when looking for a new venture with your device.","Mobilelink USA is a private Cricket Wireless company that deals in providing unlimited 5G LTE services and state of the art devices with an understanding of what keeps the customers loyal to a brand. As the largest Exclusive Retailer of Cricket, we focus on creating a customer experience that distinguishes us from others. We take pride in offering personal and professional services along with products that meet the needs of our valued clients. We operate with a high level of integrity and thrive on innovation that allows our customers to take advantage of a 5G LTE Network with no annual contract through 550+ retail locations across the USA. Mobilelink is becoming revered as the company of choice when purchasing all your wireless needs or when looking for a new venture with your device.",2025-12-02,2025-12-09,False,4ccaed51-bb96-47b7-96f8-a21c6ca291fa,2026-09-17_page014.json
dragonforce,Division 10,division10inc.com,"7846 Trinity Rd Ste 110, Cordova, Tennessee",136080920576,126.74,,"Division 10 Inc is a company based in Memphis, Tennessee, specializing in supplying specialty products to the construction industry since 1989. They offer services including product sales, estimating services, and installation quotes. Their clients range from contractors to automotive companies, evidenced by testimonials highlighting their successful project contributions. The company prides itself on its commitment to quality and customer satisfaction","Division 10 Inc is a company based in Memphis, Tennessee, specializing in supplying specialty products to the construction industry since 1989. They offer services including product sales, estimating services, and installation quotes. Their clients range from contractors to automotive companies, evidenced by testimonials highlighting their successful project contributions. The company prides itself on its commitment to quality and customer satisfaction",2025-11-30,2025-12-01,False,fe1d8a54-a42d-46fa-bcd4-8e3d2aa48372,2026-09-17_page014.json
dragonforce,Enerre Pharma Lda,enerrepharma.com,"Contactos Lourenço Rosa Diretor comercial +351 918 650 000 Morada Rua Nº 2 - Zona de Arruamentos da Matinha. Edificio Verde., R/C Dto. 1950-073 Lisboa",237399121920,221.1,,A Enerre Pharma nasce da necessidade de adaptação aos novos tempos.,"A Enerre Pharma nasce da necessidade de adaptação aos novos tempos. Tendo como base fundadora, a estrutura e experiência de mais de 40 anos da empresa Enerre Produções e Representações Lda., a Enerre Pharma nasce da necessidade de adaptação aos novos tempos. Já com contactos estabelecidos além fronteiras e com um know-how que temos vindo a aperfeiçoar com todos estes anos de experiência no mercado, arregaçámos as mangas e arriscamos novos desafios!",2025-11-27,2025-12-01,False,fd82aab3-62b6-4b02-848a-025a0c9324a9,2026-09-17_page014.json
dragonforce,Shelbra International,shelbra.com,"Headquarters 51 Ave Nw, Edmonton, Alberta, T6E 6A5, Canada Phone Number (780) 439-5481",124828938240,116.26,,"Shelbra International is currently under construction, indicating that they are in the process of developing their offerings. Specific details about their products and services are not available at this time. The company may be looking to reach clients who are interested in their future offerings.","Shelbra International is currently under construction, indicating that they are in the process of developing their offerings. Specific details about their products and services are not available at this time. The company may be looking to reach clients who are interested in their future offerings.",2025-11-26,2025-11-20,False,c0e9a262-b5be-40b6-9da5-37fbf4532b99,2026-09-17_page014.json
dragonforce,Barr Trucking Inc.,barrcos.com,"4146 IL 154 Pinckneyville, IL 62274",19536629760,18.19,,"Barr Trucking was formed in 1981 by William Mark Barr and his Father William DeWitt Barr in Pinckneyville, IL. At the time, Barr Trucking consisted of two water delivery trucks and one dump truck utilized to deliver residential rock. In 1983 Mark acquired his father’s share of the company with visions of expanding into new markets. The next year Mark purchased the company’s first semi, a 1975 R Model Mack. With an expanding fleet and company growth, a new facility was in order. In 1989, Barr Trucking purchased a large work shop and storage yard west of Pinckneyville, IL where the company operates today.","Barr Trucking was formed in 1981 by William Mark Barr and his Father William DeWitt Barr in Pinckneyville, IL. At the time, Barr Trucking consisted of two water delivery trucks and one dump truck utilized to deliver residential rock. In 1983 Mark acquired his father’s share of the company with visions of expanding into new markets. The next year Mark purchased the company’s first semi, a 1975 R Model Mack. With an expanding fleet and company growth, a new facility was in order. In 1989, Barr Trucking purchased a large work shop and storage yard west of Pinckneyville, IL where the company operates today.",2025-11-22,2026-02-24,False,c579fa0b-8ff8-4411-8aaf-96a4d3128973,2026-09-17_page014.json
dragonforce,Healthcare & More,healthcareandmoore.com,"540 Pleasant Valley Rd Ste 103, Diamond Springs, California, 95619, United States",18456264704,17.19,,"Healthcare & Moore, led by independent insurance broker Myra 'Lynn' Moore, specializes in a comprehensive range of insurance products including Medicare plans, health insurance, life insurance, annuities, and dental coverage. The company is dedicated to providing exceptional service and assisting clients, particularly seniors, in navigating their healthcare insurance options. By offering free consultations and personalized guidance, they aim to ensure clients make informed choices about their insurance needs. With access to over 6,225 products from 305 organizations, Healthcare & Moore is committed to finding the best coverage for their clients’ specific situations.","Healthcare & Moore, led by independent insurance broker Myra 'Lynn' Moore, specializes in a comprehensive range of insurance products including Medicare plans, health insurance, life insurance, annuities, and dental coverage. The company is dedicated to providing exceptional service and assisting clients, particularly seniors, in navigating their healthcare insurance options. By offering free consultations and personalized guidance, they aim to ensure clients make informed choices about their insurance needs. With access to over 6,225 products from 305 organizations, Healthcare & Moore is committed to finding the best coverage for their clients’ specific situations.",2025-11-22,2025-11-28,False,963cd978-7b55-4d0e-9b69-d236e97fd239,2026-09-17_page014.json
dragonforce,Fueling Solutions Inc.,fueling-solutions.com,"4790 Irvine Blvd Ste 105-358, Irvine, California, 92620, United States",17213800448,16.03,,"Fueling Solutions, Inc. specializes in providing commercial, industrial, and mission-critical fueling systems across over 30 countries on four continents. The company offers a range of services including sales, service, and installation for convenience store point-of-sale systems, fuel dispensers, and monitoring systems. They are also involved in complex industrial fueling systems and mission-critical environments such as data centers and government systems. Established in 1986, they have completed thousands of projects, catering to various sectors including convenience stores, bulk plants, and local government fueling systems.","Fueling Solutions, Inc. specializes in providing commercial, industrial, and mission-critical fueling systems across over 30 countries on four continents. The company offers a range of services including sales, service, and installation for convenience store point-of-sale systems, fuel dispensers, and monitoring systems. They are also involved in complex industrial fueling systems and mission-critical environments such as data centers and government systems. Established in 1986, they have completed thousands of projects, catering to various sectors including convenience stores, bulk plants, and local government fueling systems.",2025-11-22,2025-11-26,False,a8d035d9-3c50-4b58-bfb3-1a4f1f4ef457,2026-09-17_page014.json
dragonforce,Nugent Supply,nugentsupply.com,"217 Colson Pl, Loveland, Colorado, 80537, United States",6014529536,5.6,,"Nugent Supply Company is a Women Business Enterprise (WBE) and a member of the Specialty Tools and Fasteners Distributors Association (STAFDA) based in Loveland, Colorado. They specialize in the distribution of construction supplies such as nuts, bolts, fasteners, and strut, offering delivery directly to job sites across Colorado and Wyoming. Established in 1994, they prioritize customer service and provide next day delivery through dedicated drivers. Their showroom invites clients to visit and engage with their extensive catalog of products and services.","Nugent Supply Company is a Women Business Enterprise (WBE) and a member of the Specialty Tools and Fasteners Distributors Association (STAFDA) based in Loveland, Colorado. They specialize in the distribution of construction supplies such as nuts, bolts, fasteners, and strut, offering delivery directly to job sites across Colorado and Wyoming. Established in 1994, they prioritize customer service and provide next day delivery through dedicated drivers. Their showroom invites clients to visit and engage with their extensive catalog of products and services.",2025-11-22,2025-11-26,False,709af1a8-5ee1-4f2d-8ea4-1763fc00dfb9,2026-09-17_page015.json
dragonforce,Summit Construction Supply,summitconstructionsupply.com,"255 42nd St SW Unit E1, Loveland, Colorado, 80537, United States",5973590016,5.56,,"Summit Construction Supply is a leading commercial construction product supplier based in Loveland, Colorado, specializing in providing a wide range of construction materials to mechanical, electrical, drywall, and carpentry contractors. Established in 2015, the company prides itself on extensive product knowledge and exceptional customer service, offering next-day deliveries and on-site inventory management support. With over 8,000 items stocked and access to more than 200 manufacturers, they are committed to meeting the specific needs of their clients throughout Northern Colorado and Wyoming. The company also offers consulting services to assist clients with material applications and product selections for their projects.","Summit Construction Supply is a leading commercial construction product supplier based in Loveland, Colorado, specializing in providing a wide range of construction materials to mechanical, electrical, drywall, and carpentry contractors. Established in 2015, the company prides itself on extensive product knowledge and exceptional customer service, offering next-day deliveries and on-site inventory management support. With over 8,000 items stocked and access to more than 200 manufacturers, they are committed to meeting the specific needs of their clients throughout Northern Colorado and Wyoming. The company also offers consulting services to assist clients with material applications and product selections for their projects.",2025-11-22,2025-11-26,False,24cbcf6d-f819-4417-8d60-fc60b63b717a,2026-09-17_page015.json
dragonforce,Parsirang,parsirang.com,"Iran, Fars Province, Shiraz, Kilometer 10, Shiraz–Beyza Road, Melosjan Industrial Town",11410087936,10.63,,"Parsirang is a large Iranian agro-industrial company focused on egg production, but also involved in feed, olive farming, and compost fertilizer. They run a sizable operation in Fars Province and have significant capacity and certifications.","Parsirang is a large Iranian agro-industrial company focused on egg production, but also involved in feed, olive farming, and compost fertilizer. They run a sizable operation in Fars Province and have significant capacity and certifications.",2025-11-22,2025-11-23,False,1f374b13-e11e-40ae-a487-3afccaed61f5,2026-09-17_page015.json
dragonforce,Bodega San Huberto,bodegassanhuberto.com.ar,"Buenos Aires, Buenos Aires F.D., Argentina",37454569472,34.88,,"Bodega | San Huberto offers a welcoming environment for all, catering to both Spanish and English-speaking clients. The company focuses on creating a friendly atmosphere for visitors. Although specific products and services are not mentioned, the name suggests a potential emphasis on food and beverages. Their intended clientele likely includes local residents and tourists seeking a culturally enriching experience","Bodega | San Huberto offers a welcoming environment for all, catering to both Spanish and English-speaking clients. The company focuses on creating a friendly atmosphere for visitors. Although specific products and services are not mentioned, the name suggests a potential emphasis on food and beverages. Their intended clientele likely includes local residents and tourists seeking a culturally enriching experience",2025-11-22,2025-12-27,False,82d1b057-2db6-4f62-9e88-10e5ecb6ea37,2026-09-17_page015.json
dragonforce,C&M Software,www.cmsw.com,"27 Alameda Rio Pardo, Barueri, Sao Paulo, 06400, Brazil",422965014528,393.92,,"C&M Software is a leading technology company specializing in solutions for the financial market. Their offerings include automated processes, secure payment integrations, and payment solutions tailored for both immediate and installment transactions. The intended clients range from financial institutions to retail and corporate sectors, aiming to enhance efficiency and risk management within their financial operations. With a commitment to innovation, C&M Software is recognized for providing robust and flexible technology services that streamline payment processes and improve business intelligence.","C&M Software is a leading technology company specializing in solutions for the financial market. Their offerings include automated processes, secure payment integrations, and payment solutions tailored for both immediate and installment transactions. The intended clients range from financial institutions to retail and corporate sectors, aiming to enhance efficiency and risk management within their financial operations. With a commitment to innovation, C&M Software is recognized for providing robust and flexible technology services that streamline payment processes and improve business intelligence.",2025-11-22,2025-11-28,False,5bbdd020-7091-4ab5-bd2f-5399ac74585a,2026-09-17_page015.json
dragonforce,Emond Publishing,emond.ca,"1 Eglinton Ave E Ste 600, Toronto, Ontario, Canada",109446356992,101.93,,"Emond Publishing is a Canadian publisher specializing in legal education materials and resources for law students and professionals. Their product offerings include textbooks, exam preparation materials, and publications focused on various legal subjects such as criminal law and immigration law. They cater primarily to college and university students, law school attendees, and legal practitioners preparing for certification exams. Emond Publishing is committed to providing high-quality resources by Canadians, for Canadians.","Emond Publishing is a Canadian publisher specializing in legal education materials and resources for law students and professionals. Their product offerings include textbooks, exam preparation materials, and publications focused on various legal subjects such as criminal law and immigration law. They cater primarily to college and university students, law school attendees, and legal practitioners preparing for certification exams. Emond Publishing is committed to providing high-quality resources by Canadians, for Canadians.",2025-11-21,2025-11-22,False,17200368-aed9-48f4-9b9b-4a881236f01c,2026-09-17_page015.json
dragonforce,Gruenberg Kelly Della,newyorklawgroup.com,"700 Koehler Ave, Ronkonkoma, New York, 11779, United States",132689907712,123.58,,"One more law firm, which posts glossy Instagram updates about its victories, has now shut down its phones after confronting client‑data leaks and other problems, leaving customers in the lurch. We’re prepared to take down that post immediately once the firm’s representatives contact us and begin negotiations to prevent the release of the data for which they are responsible. If you’re a client, reach out to the firm and tell them you do not want your medical or financial information made public.","One more law firm, which posts glossy Instagram updates about its victories, has now shut down its phones after confronting client‑data leaks and other problems, leaving customers in the lurch. We’re prepared to take down that post immediately once the firm’s representatives contact us and begin negotiations to prevent the release of the data for which they are responsible. If you’re a client, reach out to the firm and tell them you do not want your medical or financial information made public. Gruenberg Kelly Della is a Long Island-based law firm specializing in personal injury cases, dedicated to achieving justice for the wrongfully injured. Their experienced legal team handles a wide range of cases, including car accidents, medical malpractice, and wrongful death, with a strong commitment to client advocacy. The firm operates on a contingency fee basis, ensuring that clients pay no legal fees unless they win their case. With a proven track record of recovering hundreds of millions for their clients, they are passionate about helping individuals navigate the complexities of personal injury law.",2025-11-21,2025-12-15,False,b2302e3e-87fa-49b4-86ae-3393404e46f4,2026-09-17_page015.json
dragonforce,PAN,www.panemirates.com,"West Corniche Road, Al Marina, Abu Dhabi",17201582080,16.02,,"Founded in 1991 by the current CEO and Managing Director, Mr. Abdul Rahman Al Shamsi, Pan Emirates Furniture has built a regional reputation for great quality products of home and office furniture, including accessory items at a very reasonable price. We take pride in giving customers the experience of a rich business tradition that made us a market leader in furniture wholesaling and retailing.","Founded in 1991 by the current CEO and Managing Director, Mr. Abdul Rahman Al Shamsi, Pan Emirates Furniture has built a regional reputation for great quality products of home and office furniture, including accessory items at a very reasonable price. We take pride in giving customers the experience of a rich business tradition that made us a market leader in furniture wholesaling and retailing.",2025-11-20,2025-10-28,False,732b675f-7f96-437e-af81-062d03e02774,2026-09-17_page015.json
dragonforce,Du,du.ae,"Dubai Hills Estate, EMAAR Park Building 2, Al Khail Rd",47553912832,44.29,,"Emirates Integrated Telecommunications Company P.J.S.C., commercially rebranded as du in February 2007, is one of the two main telecom operators in the United Arab Emirates. du offers fixed line, mobile telephony, internet and digital television services across the UAE. It also provides carrier services, a data hub, internet exchange facilities and satellite service for broadcasters. It expanded its services in support of economic and social transformation of UAE and operates subsidiaries such as EITC Investment Holdings Limited, Edara (Telco Operations FZ-LLC), Smart Dubai Platform Project Company LLC and EITC Singapore PTE. LTD.","Emirates Integrated Telecommunications Company P.J.S.C., commercially rebranded as du in February 2007, is one of the two main telecom operators in the United Arab Emirates. du offers fixed line, mobile telephony, internet and digital television services across the UAE. It also provides carrier services, a data hub, internet exchange facilities and satellite service for broadcasters. It expanded its services in support of economic and social transformation of UAE and operates subsidiaries such as EITC Investment Holdings Limited, Edara (Telco Operations FZ-LLC), Smart Dubai Platform Project Company LLC and EITC Singapore PTE. LTD.",2025-11-20,2025-11-21,False,8f8976b7-465c-4799-8271-2784d4d2a915,2026-09-17_page015.json
dragonforce,"Kettle, Sánchez & Co",www.kettlesanchez.com,"La Isabela Motocross Park, Av. Pdte. Jacobo Majluta Azar, Santo Domingo, Dominican Republic",27515326464,25.63,,"Kettle, Sánchez & Co / OARN is located in Santo Domingo. Kettle, Sánchez & Co / OARN is working in General chemical wholesale, Corporate management, Pharmacies and drug stores activities","Kettle, Sánchez & Co / OARN is located in Santo Domingo. Kettle, Sánchez & Co / OARN is working in General chemical wholesale, Corporate management, Pharmacies and drug stores activities",2025-11-20,2025-10-24,False,d6df820c-216c-4da6-85ca-f16b318ef4f4,2026-09-17_page015.json
dragonforce,Persians - Cortinas - Todos - Alfombrass,canetcam.com,TELÉFONO: +506 2280-1050 whatsapp,366769930240,341.58,,Descubra las Mejores Cortinas y Persianas en Costa Rica con Persianas Canet,"Descubra las Mejores Cortinas y Persianas en Costa Rica con Persianas Canet En Canet somos expertos en cortinas y persianas en Costa Rica, ofrecemos soluciones de primera para el recubrimiento de ventanas y superficies. Nuestros asesores especializados le ayudarán a seleccionar la opción ideal que se ajuste a sus necesidades y estilo, garantizando la elección perfecta en cortinas y persianas.",2025-11-13,2025-11-11,False,dc4305db-8f03-4025-bce2-8314953878b0,2026-09-17_page015.json
dragonforce,Ponzini S.p.A.,ponzini.com.cn,"via Vittorio Veneto, 68 20824 Lazzate (MB) – Italy Ph.: +39 02 9630941 Fax +39 02 96329581 ponzini@ponzini.com",337412427776,314.24,,"Founded in 1862, Ponzini S.p.A. is a global leader in personal care product manufacturing. With over 160 years of history, the company has evolved to offer innovative and sustainable solutions in cosmetics and oral hygiene. Ponzini emphasizes quality, technology, creativity, sustainability, flexibility and health and safety.","Founded in 1862, Ponzini S.p.A. is a global leader in personal care product manufacturing. With over 160 years of history, the company has evolved to offer innovative and sustainable solutions in cosmetics and oral hygiene. Ponzini emphasizes quality, technology, creativity, sustainability, flexibility and health and safety.",2025-11-08,2025-11-12,False,21c530bf-f261-4324-a277-63a87116447d,2026-09-17_page015.json
dragonforce,GB Mail,gb-mail.co.uk,"Griffin House Griffin Ln Aylesbury, England, HP19 8BE",6862602240,6.39,,"GB Mail is a privately owned and leading mailing house located centrally in the home counties. With a strong ethos of delivering mail with no fuss, on time and in full, the company boasts a dedicated and knowledgeable team passionate about all aspects of print and mail. Their services include storage & fulfilment, postal solutions, print personalisation, database cleansing, international mail, direct mail, and subscription mail.","GB Mail is a privately owned and leading mailing house located centrally in the home counties. With a strong ethos of delivering mail with no fuss, on time and in full, the company boasts a dedicated and knowledgeable team passionate about all aspects of print and mail. Their services include storage & fulfilment, postal solutions, print personalisation, database cleansing, international mail, direct mail, and subscription mail.",2025-11-07,2026-01-04,False,d9b5f95d-c93b-417c-b006-9598eeb171f0,2026-09-17_page015.json
dragonforce,DCS TECHNOLOGIES INC.,dcstech.ca,"8333 130 St, Surrey, BC V3W 7X4",6192365568,5.77,,"DCS Technology Inc. is providing complete IT Solutions since 2004. They are specialized in Point of Sale systems, Website Designing, Technical Support, and Computer Networking Solutions. With 17 years of experience, DCS serving over 5000 businesses in North America.","DCS Technology Inc. is providing complete IT Solutions since 2004. They are specialized in Point of Sale systems, Website Designing, Technical Support, and Computer Networking Solutions. With 17 years of experience, DCS serving over 5000 businesses in North America.",2025-11-07,2025-10-29,False,6df28d18-de03-49f2-87b1-4420908c07b9,2026-09-17_page015.json
dragonforce,SAIGON INDUSTRIAL SERVICE,saigonservice.vn,26/10 Le Van Duyet Str. - Gia Dinh Ward – Ho Chi Minh City - Vietnam,71429058560,66.52,,"Since Saigon Industrial Service's establishment in 2012, we have more than 10 years of experience in supplying, installing, processing, maintaining and repairing valves, pumps and other equipment in the oil and gas industry and electricity for numerous partners, both domestic (Petro Vietnam, BSR, PVGas, PTSC M&C, EVNGENCO2 TPC Can Tho, EVNGENCO3 TPC Phu My, etc.) and international (Ansaldo Energia, Clyde Bergeman, Petroseal, Enertork, Alco valve, VESL, MSD, VIAR, Firsa, Goodwin, PBV, BFE, DHV Valve, etc.)","Since Saigon Industrial Service's establishment in 2012, we have more than 10 years of experience in supplying, installing, processing, maintaining and repairing valves, pumps and other equipment in the oil and gas industry and electricity for numerous partners, both domestic (Petro Vietnam, BSR, PVGas, PTSC M&C, EVNGENCO2 TPC Can Tho, EVNGENCO3 TPC Phu My, etc.) and international (Ansaldo Energia, Clyde Bergeman, Petroseal, Enertork, Alco valve, VESL, MSD, VIAR, Firsa, Goodwin, PBV, BFE, DHV Valve, etc.)",2025-11-05,2025-11-06,False,82284c7e-e9a8-469c-a69a-d628faf58552,2026-09-17_page015.json
dragonforce,G. Hauswirth Architects,hauswirth-architekten.ch,G. Hauswirth Architekten AG Lauenenstrasse 18 3780 Gstaad Schweiz T +41 (0) 33 748 80 50 E-Mail: info@hauswirth-architekten.ch,1578952904704,1470.51,,G. Hauswirth Architects,"G. Hauswirth Architects G. Hauswirth Architekten AG is one of the leading architectural firms for chalets in Gstaad - Saanenland. Our core areas are residential, hotel, commercial and cultural facilities. We combine tailor-made architecture, Swiss tradition and modern design in our work. We attach great importance to the realization of individual wishes in every phase of a project.",2025-11-03,2025-11-03,False,8cdea9c4-d365-4e3f-99e9-fa1366c0d5a4,2026-09-17_page015.json
dragonforce,West Welch Reed Engineers,wwrengrs.com,"5417 Ball Camp Pike, Knoxville, Tennessee 37921, United States",112411193344,104.69,,"West, Welch, Reed Engineers, Inc. offers engineering services focused on transforming ideas into tangible projects. They cater to a diverse range of clients, providing expertise across various engineering disciplines. With a commitment to quality and innovation, the firm aims to deliver solutions that meet their clients' specific needs. Their office is located in Knoxville, Tennessee.","West, Welch, Reed Engineers, Inc. offers engineering services focused on transforming ideas into tangible projects. They cater to a diverse range of clients, providing expertise across various engineering disciplines. With a commitment to quality and innovation, the firm aims to deliver solutions that meet their clients' specific needs. Their office is located in Knoxville, Tennessee.",2025-10-26,2025-10-02,False,f1fe2c81-ac35-4b89-a448-8a20674dac32,2026-09-17_page015.json
dragonforce,Saturn Machine,saturnmachine.com,"223 N Willie Pride Rd, Sturgis, Kentucky, 42459, United States",109918961664,102.37,,"Saturn Machine is a leading designer and manufacturer of equipment for major steel companies in North America, specializing in steel fabrication, machining, laser processing, and sandblasting. The company prides itself on delivering high-quality products and problem-solving solutions, supported by a team of skilled professionals and advanced machinery. With capabilities in mechanical and electrical engineering, hydraulic system design, and welding fabrication, Saturn Machine aims to expand its services to a broader client base. Their commitment to customer satisfaction and excellence in design sets them apart in the steel products manufacturing industry.","Saturn Machine is a leading designer and manufacturer of equipment for major steel companies in North America, specializing in steel fabrication, machining, laser processing, and sandblasting. The company prides itself on delivering high-quality products and problem-solving solutions, supported by a team of skilled professionals and advanced machinery. With capabilities in mechanical and electrical engineering, hydraulic system design, and welding fabrication, Saturn Machine aims to expand its services to a broader client base. Their commitment to customer satisfaction and excellence in design sets them apart in the steel products manufacturing industry.",2025-10-26,2025-09-30,False,f544f775-593c-4c36-b28e-ee9f3ffad595,2026-09-17_page015.json
dragonforce,Latona Trucking,latonatrucking.com,"620 S Main St, Pittston, PA 18640, United States",78286008320,72.91,,latonatrucking.com is a company that operates in the Transportation industry. It employs 100to249 people and has 1Mto5M of revenue.,latonatrucking.com is a company that operates in the Transportation industry. It employs 100to249 people and has 1Mto5M of revenue.,2025-10-26,2025-10-05,False,b124d528-fdd8-402a-a946-1121a6e08b8b,2026-09-17_page015.json
dragonforce,Integra SAP,integrasap.com,"Km 9.5 Highway to El Salvador, Everest Building Tower 3, Office 3AB, Level 3, Santa Catarina Pinula, Guatemala.",493814317056,459.9,,"Integra SAP helps businesses solve tough financial challenges. They work with companies to boost cash flow, increase sales performance, and get real-time business insights. Their team helps business owners track finances better, find ways to make more money, and understand exactly what's happening in their company right now","Integra SAP helps businesses solve tough financial challenges. They work with companies to boost cash flow, increase sales performance, and get real-time business insights. Their team helps business owners track finances better, find ways to make more money, and understand exactly what's happening in their company right now",2025-10-20,2025-11-09,False,ef2d73ae-4b90-495a-a830-fba09de19937,2026-09-17_page015.json
dragonforce,SERAPHITA GmbH,seraphita.ch,Mülimattring 16 4566 Halten Telefon: +41 32 675 07 51 Email: info(at)seraphita.ch,130140352512,121.2,,Tax Return February 2025,"Tax Return February 2025 Good preparation will save time and save time for a transplant. Would you like to prepare the following documents: - latest tax return - last final assessment order - Salary certificate (including additional earnings) - Balance sheets and income statement for self-employment - Certificate from the Unemployment Insurance Fund (daily allowance) - Reference pensions and pensions (AHV/IV, pension benefits, lifetime pensions, etc.) - Certificates of disability compensation (military, sick leave, accidents or unemployment benefits) - Annual report including VAT on Interest loans and expenses (bank, postal, etc.) - Catalog of securities of custodian banks, as well as reports on the purchase and sale of securities (including invoices). Dividend loans) - Receipts for payment of interest on the debt (receipts are required) - Rental income or cost of ownership-Disposal - Supporting documents on the conversion and maintenance of the property - A certificate of any extraordinary contributions to Pension Fund - Certificate of deposits Column 3 a (supporting documents required) - Supporting documents on travel expenses for work / meals outside the home - Supporting documents on professional expenses (work tools, technical literature, etc.)",2025-10-20,2025-11-02,False,e9cdcad5-59fc-471d-b3ec-6893d5c24d2b,2026-09-17_page015.json
dragonforce,Egaraset,egaraset.com,"Carrer De Berga 41, Terrassa, Catalonia",47766396928,44.49,,"Egaraset specializes in providing adaptable and flexible IT solutions tailored for small and medium enterprises (SMEs) and religious congregations. With over 20 years of experience, they offer services including ERP, financial management, and customer relationship management to improve efficiency for over 400 companies and 1,000 communities worldwide. Their team of IT professionals ensures close and efficient service to clients, understanding their specific needs. The company is committed to evolving its solutions according to the changing environments of its clients","Egaraset specializes in providing adaptable and flexible IT solutions tailored for small and medium enterprises (SMEs) and religious congregations. With over 20 years of experience, they offer services including ERP, financial management, and customer relationship management to improve efficiency for over 400 companies and 1,000 communities worldwide. Their team of IT professionals ensures close and efficient service to clients, understanding their specific needs. The company is committed to evolving its solutions according to the changing environments of its clients",2025-10-20,2025-10-16,False,98ce10bf-c523-4612-b6d5-f7408fdf7a18,2026-09-17_page015.json
dragonforce,Marmotech,www.marmotech.com.do,"La Roberto Patoriza, Santo Domingo, Dominican Republic",974020657152,907.13,,"It owns and manages eight quarries that include marble, travertine, limestone and coralline stones that are processed with state-of-the-art European technology. Consequently precision of designs and cut is ensured by employing the use of machinery operated with CAD/CAM technology for the manufacturing of all products. In performing both extraction and processing tasks, our corporation is committed to the development of a sustainable mining industry that is based on environmental protection policies that have deserved the acknowledgement of our clients. Marmotech exports its products to America, Europe and the Middle East: namely United Kingdom, Italy, Spain, Israel, Brazil, Argentina, Venezuela, Canada, and United States as well as to nearly the entire Caribbean region.","It owns and manages eight quarries that include marble, travertine, limestone and coralline stones that are processed with state-of-the-art European technology. Consequently precision of designs and cut is ensured by employing the use of machinery operated with CAD/CAM technology for the manufacturing of all products. In performing both extraction and processing tasks, our corporation is committed to the development of a sustainable mining industry that is based on environmental protection policies that have deserved the acknowledgement of our clients. Marmotech exports its products to America, Europe and the Middle East: namely United Kingdom, Italy, Spain, Israel, Brazil, Argentina, Venezuela, Canada, and United States as well as to nearly the entire Caribbean region.",2025-10-18,2025-10-24,False,2628adde-9f49-4ec0-8148-fff2324dc398,2026-09-17_page015.json
dragonforce,Dental Society of La Plata,www.solp.org.ar,"46 Av. 13 N680 E/ 45 Y, La Plata, Buenos Aires, 1900, Argentina",978489024512,911.29,,"The Sociedad Odontológica de La Plata (SOLP) is an organization focused on the promotion and advancement of dentistry through education, research, and community services. They offer various online services, educational courses, and access to a library with resources for dental professionals. The intended clients include dentists and dental practitioners in the La Plata area looking for support, resources, and continuing education. SOLP also engages with the community through updates and announcements on social media platforms.","The Sociedad Odontológica de La Plata (SOLP) is an organization focused on the promotion and advancement of dentistry through education, research, and community services. They offer various online services, educational courses, and access to a library with resources for dental professionals. The intended clients include dentists and dental practitioners in the La Plata area looking for support, resources, and continuing education. SOLP also engages with the community through updates and announcements on social media platforms.",2025-10-17,2025-10-24,False,c6b2da13-79ae-4649-bf73-6d563584ee7e,2026-09-17_page015.json
dragonforce,gardiners solicitors,gardinerssolicitors.co.uk,19-21 North End Road West Kensington London W14 8ST Tel: 020 7603 7245 Fax: 020 7603 3302 Kensington High Street DX47208,93843238912,87.4,,"We are a small firm of solicitors based in West Kensington, close to Olympia, established in 1997 by Paul Gardiner. We specialise in:","We are a small firm of solicitors based in West Kensington, close to Olympia, established in 1997 by Paul Gardiner. We specialise in: - Property - Shared Ownership - Employment law We offer private criminal work. We are not confined to the London area and can arrange to buy and sell properties throughout the UK. We have considerable experience in respect of shared ownership work.",2025-10-17,2025-10-25,False,8f5eda55-f760-495a-a07d-e03fa96f413a,2026-09-17_page016.json
dragonforce,José Guma S.A.,joseguma.com,"adre Marcos Perdia 579, Colonia Caroya, Córdoba, Argentina +54 9 3525 420659",81006579712,75.44,,José Guma S.A.,"José Guma S.A. Occupation: production of household chemicals and hygiene products (soap, cleaning products) + contract manufacturing for third-party brands. Location: Colonia Caroya, Cordoba Province, Argentina. Legal address / factory / site: Lot 1, Malabrigo (Lot 1, Barrio Malabrigo, Cordoba) — part of the company's infrastructure. Structure: one of the heads/President is Jorge Alfredo Gleria. Membership in sustainable initiatives: for example, they are a member of the RSPO (Organization for Sustainable Palm Oil Production).",2025-10-16,2025-10-18,False,078e25d3-95e7-492f-8303-c9628c2a5592,2026-09-17_page016.json
dragonforce,The Law Offices of Michael C George,www.lawofficemcg.com,"3001 Broadway, West Palm Beach, Florida, 33407, United States",475253321728,442.61,,"The Law Office of Michael C. George, P.A. specializes in personal injury and criminal law, providing legal representation for clients throughout Florida who have been victims of negligence. Their services include handling cases related to automobile accidents, medical malpractice, workplace injuries, and more. The firm is dedicated to offering personalized attention and expert legal guidance, ensuring clients receive the support they need during challenging times. With a history of successful settlements and a commitment to client advocacy, they strive to achieve the best possible outcomes for their clients.","The Law Office of Michael C. George, P.A. specializes in personal injury and criminal law, providing legal representation for clients throughout Florida who have been victims of negligence. Their services include handling cases related to automobile accidents, medical malpractice, workplace injuries, and more. The firm is dedicated to offering personalized attention and expert legal guidance, ensuring clients receive the support they need during challenging times. With a history of successful settlements and a commitment to client advocacy, they strive to achieve the best possible outcomes for their clients.",2025-10-14,2025-10-20,False,1eb43fe2-e402-4efe-81d7-be5394b66059,2026-09-17_page016.json
dragonforce,Autorotor,www.autorotorgroup.com,"Via Dell'industria 4, Vaiano Cremasco, Lombardy, 26010, Italy",133827444736,124.64,,"Autorotor builds custom machinery for factories and manufacturing plants. They make rotating tables, transport belts, rings, and robotic handling equipment that help companies move and position products quickly and accurately. From small workshops to big industrial facilities, Autorotor creates machines that make production lines run smoother and faster.","Autorotor builds custom machinery for factories and manufacturing plants. They make rotating tables, transport belts, rings, and robotic handling equipment that help companies move and position products quickly and accurately. From small workshops to big industrial facilities, Autorotor creates machines that make production lines run smoother and faster.",2025-10-14,2025-10-20,False,49aae3cb-88b4-4610-a673-a32df94352b6,2026-09-17_page016.json
dragonforce,Fountains Condominium Operations,www.fcocondo.com,"4615 Fountains Dr Ste B, Lake Worth, Florida, 33467, United States",487117991936,453.66,,"Fountains Condominium Operations Inc. is an in-house management company dedicated to ensuring the beauty, safety, and stability of the area, promoting neighborliness and pride among the residents, and forming a base for representation in matters affecting the community. This web site provides services to residents of Fountains of Palm Beach. If you need more information or have an issue to bring to our attention, please follow the links for our Board Members or other appropriate contacts contained herein.","Fountains Condominium Operations Inc. is an in-house management company dedicated to ensuring the beauty, safety, and stability of the area, promoting neighborliness and pride among the residents, and forming a base for representation in matters affecting the community. This web site provides services to residents of Fountains of Palm Beach. If you need more information or have an issue to bring to our attention, please follow the links for our Board Members or other appropriate contacts contained herein.",2025-10-13,2025-10-20,False,efaf7c86-bf78-47c4-915b-d2436ee81713,2026-09-17_page016.json
dragonforce,Express Logistics and Distribution Ltd,eld.bg,"Tsarigradsko Shose Blvd.139 Sofia, Bulgaria",620655099904,578.03,,"We expect Express Logistics and Distribution Ltd to contact us to prevent the publication of a large volume of private data over many years. Express Logistics and Distribution Ltd. is the most advanced distribution and logistics company in Bulgaria, with the largest direct market coverage, 900 employees and a fleet of 380 vehicles. Express Logistics and Distribution Ltd. is one of the 10 largest companies in Bulgaria. ELD is ranked 5th most dynamic company in Southeast Europe, according to ""SEE TOP 100"" research. We develop long-term partnership with companies which prefer honesty, reliability and security.","We expect Express Logistics and Distribution Ltd to contact us to prevent the publication of a large volume of private data over many years. Express Logistics and Distribution Ltd. is the most advanced distribution and logistics company in Bulgaria, with the largest direct market coverage, 900 employees and a fleet of 380 vehicles. Express Logistics and Distribution Ltd. is one of the 10 largest companies in Bulgaria. ELD is ranked 5th most dynamic company in Southeast Europe, according to ""SEE TOP 100"" research. We develop long-term partnership with companies which prefer honesty, reliability and security.",2025-10-11,2025-10-19,False,16ee1a86-1b1f-441a-8d5c-9a67e84bb5d4,2026-09-17_page016.json
dragonforce,Downes,downesbrokerage.com.au,"Unit 2, No. 1 Industry Blvd. Carrum Downs, Victoria 3201 admin@downesbrokerage.com.au +61 03 9708 2180",106021789696,98.74,,Proudly managing FMCG brands for over 35 years.,"Proudly managing FMCG brands for over 35 years. With over 94% coverage of the major grocery retailers, Downes services Woolworths, Coles, Independent Supermarkets (including IGA & Foodworks), Bunnings, Big W and Priceline. ​ We have the ability to manage products from development stage, all the way through the submission phase right up to ranging on shelves. With extensive experience in FMCG sales, merchandising and planogram implementation across all retailers Downes is a valuable resource that can be utilised for your brand in the Australian marketplace. ​ In addition to all the major retailers that Downes services, we also have the ability to buy/sell products into each state and territory with our direct to store model for independent retailers. Where supply via the Metcash DC is not an option Downes can give brands a much greater reach with our team of full time sales reps servicing this channel on a regular call cycle. ​ Downes is a business who truly values honesty, integrity and transparency. We are a passionate, loyal business who deliver on our promises.",2025-10-10,2025-10-10,False,7b8043b5-c540-4f65-b5c2-4ae47ce34962,2026-09-17_page016.json
dragonforce,"Cofiex Asesoría de Empresas, S.L",cofiex.es,Spain es,73278906368,68.25,,"Cofiex Asesoría de Empresas, S.L.","Cofiex Asesoría de Empresas, S.L. Type: Business consulting and tax advisory firm Location: Navalmoral de la Mata, Cáceres, Extremadura, Spain Industry: Accounting, fiscal and labor management services Main services: Accounting (Contabilidad): bookkeeping, annual reports, and compliance with Spanish GAAP. Tax advisory (Fiscal): corporate and personal tax returns, VAT filings, tax optimization. Labor management (Laboral): payroll, social security filings, employee contracts. Business consultancy (Empresarial): company formation, administrative and legal support. Clients: small and medium-sized businesses, freelancers (autónomos), and local corporations. Typical contact: cofiex@cofiex.es Legal form: Sociedad Limitada (S.L.) — the Spanish equivalent of a limited liability company. Current website: The domain cofiex.es technically exists but hosts a blank WordPress page (“My Blog – Hello world!” as of mid-2025). Their operations appear to continue offline or through direct contact, not through an active website.",2025-10-08,2025-08-28,False,a38c3739-ad34-40ae-b643-9672bb1e04f6,2026-09-17_page016.json
dragonforce,Grupo Serex,gruposerex.com,Venezuela,118995083264,110.82,,Segramar — Bulk Handling at Ports,"Segramar — Bulk Handling at Ports Bulk cargo unloading and loading of raw materials at Maracaibo and Puerto Cabello ports. Berthing assistance for bulk carriers. Import, export and commercialization of animal-feed raw materials. Transmarine — Shipping Agency Full ship agency services for bulk carriers in Venezuela. Operational and logistics support alongside modern procedures focused on safety and environmental compliance. Office in Puerto Cabello (Carabobo). Transcargo — Heavy Transport & Logistics National bulk transport of commodities (corn, wheat, coal, etc.). Heavy/oversized cargo movements: equipment, structures, platforms. National and international logistics solutions; HQ in Zulia state. Proalex (Productora de Alimentos Serex) — Poultry & Feed Poultry processing and commercialization (packed chicken and by-products). Manufacturing of animal balanced feed (ABA). Vertically integrated from breeding to processing. Alto Prado — Cacao Products Production and national/international commercialization of Venezuelan cacao. Product lines: cocoa beans, nibs, liquor (paste), butter, powder. Emphasis on traceability and sustainability. Group overview The group frames itself as integrated solutions for bulk loading/unloading and raw-material transport, with parallel poultry and cacao businesses. Handy if you enjoy conglomerates that do everything from docking a bulker to selling chicken nuggets.",2025-10-08,2025-10-01,False,11feeb2f-afc5-407c-80b7-ad90a4a8d1a1,2026-09-17_page016.json
dragonforce,Allgäu Stern Hotel,allgaeustern.de,"Buchfinkenweg 2, Sonthofen, Bavaria, 87527, Germany Phone Number +49 83212790",13672628224,12.73,,"AllgäuSternHotel in Sonthofen is a versatile hotel in the Allgäu region, catering to both vacationers and conference attendees. With over 400 rooms and suites, it offers a blend of relaxation and activity, featuring a wellness area, multiple dining options, and a variety of experiences throughout the year. The hotel is well-equipped for events, boasting over 20 modern meeting rooms and a unique event location, the Sonnenkopfhütte. With a focus on comfort, culinary delights, and natural beauty, AllgäuSternHotel is a prime destination for leisure and business travelers alike.","AllgäuSternHotel in Sonthofen is a versatile hotel in the Allgäu region, catering to both vacationers and conference attendees. With over 400 rooms and suites, it offers a blend of relaxation and activity, featuring a wellness area, multiple dining options, and a variety of experiences throughout the year. The hotel is well-equipped for events, boasting over 20 modern meeting rooms and a unique event location, the Sonnenkopfhütte. With a focus on comfort, culinary delights, and natural beauty, AllgäuSternHotel is a prime destination for leisure and business travelers alike.",2025-10-08,2025-09-19,False,6337b4a4-abc2-441b-95c7-83d99d6d3851,2026-09-17_page016.json
dragonforce,LC Informatique Sàrl,lc-informatique.ch,Chemin de la Praille 5 1920 Martigny,1569292288,1.46,,,Conseil – Vente Installation informatique Dépannage informatique Réparation toutes marques LC Informatique Sàrl Chemin de la Praille 5 1920 Martigny,2025-10-08,2025-10-03,False,fa558b56-ed0a-4140-b1ef-7aee101fb9b8,2026-09-17_page016.json
dragonforce,Asserson,asserson.co.uk,"Central Court, 25 Southampton Buildings, London WC2A 1AL, United Kingdom",416170647552,387.59,,"(Clients, counterparties, lobbying, deceit, intimidation, pressure on journalists, and other tactics, as revealed in over half a million documents) Asserson Law Offices is a dynamic and creative law firm based in the UK, specializing in various practice areas including dispute resolution, corporate law, and real estate. They aim to support a diverse client base including startups and established businesses in navigating legal challenges in areas such as banking finance and employment law. The firm is recognized for its innovative approach to legal services and commitment to providing effective solutions. Asserson Law Offices is regulated by the Solicitors Regulation Authority, emphasizing their adherence to professional standards.","(Clients, counterparties, lobbying, deceit, intimidation, pressure on journalists, and other tactics, as revealed in over half a million documents) Asserson Law Offices is a dynamic and creative law firm based in the UK, specializing in various practice areas including dispute resolution, corporate law, and real estate. They aim to support a diverse client base including startups and established businesses in navigating legal challenges in areas such as banking finance and employment law. The firm is recognized for its innovative approach to legal services and commitment to providing effective solutions. Asserson Law Offices is regulated by the Solicitors Regulation Authority, emphasizing their adherence to professional standards.",2025-09-26,2025-09-26,False,398e0f05-a9c1-492d-aa72-345ee5c8a683,2026-09-17_page016.json
dragonforce,Cardinal Machinery,www.cardinalmachinery.com,"7535 Appling Center Dr, Memphis, Tennessee, 38133, United States",111934681088,104.25,,"(Full data) Cardinal Machinery is a family-owned business with over 50 years of experience in the Machine Tool Industry, serving clients across Tennessee, Alabama, Mississippi, Louisiana, Arkansas, Georgia, and Florida. They provide a range of products including metal cutting tools, EDM, grinding equipment, and various parts and accessories. The company emphasizes customer support with services such as preventative maintenance and quick diagnostics by experienced technicians. With a strong commitment to superior service, Cardinal Machinery aims to enhance clients' production and uptime capabilities through advanced technology solutions.","(Full data) Cardinal Machinery is a family-owned business with over 50 years of experience in the Machine Tool Industry, serving clients across Tennessee, Alabama, Mississippi, Louisiana, Arkansas, Georgia, and Florida. They provide a range of products including metal cutting tools, EDM, grinding equipment, and various parts and accessories. The company emphasizes customer support with services such as preventative maintenance and quick diagnostics by experienced technicians. With a strong commitment to superior service, Cardinal Machinery aims to enhance clients' production and uptime capabilities through advanced technology solutions.",2025-09-26,2025-09-15,False,f8cf69c0-b804-496a-90b8-7e004948e67c,2026-09-17_page016.json
dragonforce,Memphis Millwork,memphismasterworks.com,"1049 Galloway Ave, Memphis, Tennessee, 38105, United States",117271044096,109.22,,"(Client data, accounting records, and internal documentation) Memphis Millwork specializes in commercial architectural millwork, catering to clients in Memphis and the surrounding areas. The company focuses on providing high-quality millwork solutions for various architectural projects. They are known for their expertise in crafting custom millwork that enhances the aesthetics and functionality of commercial spaces. Memphis Millwork is committed to delivering exceptional craftsmanship and customer service.","(Client data, accounting records, and internal documentation) Memphis Millwork specializes in commercial architectural millwork, catering to clients in Memphis and the surrounding areas. The company focuses on providing high-quality millwork solutions for various architectural projects. They are known for their expertise in crafting custom millwork that enhances the aesthetics and functionality of commercial spaces. Memphis Millwork is committed to delivering exceptional craftsmanship and customer service.",2025-09-26,2025-09-12,False,0af20558-c8fd-443d-b42b-81789ebe63c7,2026-09-17_page016.json
dragonforce,FTCS Forage,ftcs-forage.com,"5031, Chemin de Phalempin, 59273 Fretin, France",207608418304,193.35,,"(Client data, accounting records, and internal documentation) FTCS Forage is a company that operates in the Civil Engineering Construction industry. It employs 100to249 people and has 5Mto10M of revenue. The company is headquartered in Fretin, Hauts-de-France, France.","(Client data, accounting records, and internal documentation) FTCS Forage is a company that operates in the Civil Engineering Construction industry. It employs 100to249 people and has 5Mto10M of revenue. The company is headquartered in Fretin, Hauts-de-France, France.",2025-09-26,2025-09-24,False,42b3bbc1-ade5-4738-924b-f9833724088c,2026-09-17_page016.json
dragonforce,Rothmann Immobilien,engelvoelkers.de,"Vancouverstraße 2a, 20457 Hamburg, Germany",110140882944,102.58,,(Client data inside) Rothmann Immobilien GmbH is a company that operates in the Real Estate industry. It employs 1to4 people and has 1Mto5M of revenue.,(Client data inside) Rothmann Immobilien GmbH is a company that operates in the Real Estate industry. It employs 1to4 people and has 1Mto5M of revenue.,2025-09-26,2025-09-11,False,272df1d6-a411-4460-9dac-d4088a5009dc,2026-09-17_page016.json
dragonforce,Greenville Legal,www.greenvillelegal.com,"1001 E Washington St, Greenville, SC 29601",3301463552000,3074.73,,"David R. Price, Jr., P.A. is a personal injury law firm based in Greenville, South Carolina, specializing in a wide range of legal matters including auto accidents, wrongful death, and workers' compensation. They offer comprehensive legal representation for individuals and families impacted by personal injury and criminal defense cases. The firm has a strong track record of success, having recovered millions for clients and being recognized as Best Law Firm multiple times. Their dedicated team is committed to providing personalized legal services and ensuring clients receive the justice they deserve.","David R. Price, Jr., P.A. is a personal injury law firm based in Greenville, South Carolina, specializing in a wide range of legal matters including auto accidents, wrongful death, and workers' compensation. They offer comprehensive legal representation for individuals and families impacted by personal injury and criminal defense cases. The firm has a strong track record of success, having recovered millions for clients and being recognized as Best Law Firm multiple times. Their dedicated team is committed to providing personalized legal services and ensuring clients receive the justice they deserve.",2025-09-23,2025-09-23,False,caae0126-b202-4c4b-aad8-6ec07adfe449,2026-09-17_page016.json
dragonforce,Concord New Energy Group,cn.cnegroup.com,Hong Kong Room 390 139 F,116779479040,108.76,,"Concord New Energy Group Limited (CNE) specializes in wind and solar power operation. To date, we are the only pure vertical integrated clean energy power company listed on the Hong Kong Stock Exchange.","Concord New Energy Group Limited (CNE) specializes in wind and solar power operation. To date, we are the only pure vertical integrated clean energy power company listed on the Hong Kong Stock Exchange.",2025-09-16,2025-09-08,False,ff58a3ee-bdbc-4887-81ba-42cece7dffdc,2026-09-17_page016.json
dragonforce,Engineered Advantage,www.eapsc.net,"255 Calle Canals, San Juan, Puerto Rico, 00907",267889139712,249.49,,"Engineered Advantage, PSC (EA) is an architecture and engineering (A/E) firm dedicated to serving the public and private sector in the areas of architecture, civil engineering, structural engineering, field inspections, and construction management in Puerto Rico, Florida and recently after hurricane Irma and Maria in St. Thomas, St. Croix and St. Maarten.","Engineered Advantage, PSC (EA) is an architecture and engineering (A/E) firm dedicated to serving the public and private sector in the areas of architecture, civil engineering, structural engineering, field inspections, and construction management in Puerto Rico, Florida and recently after hurricane Irma and Maria in St. Thomas, St. Croix and St. Maarten.",2025-09-08,2025-09-15,False,7c13c128-0467-4993-b709-3904396c8706,2026-09-17_page016.json
dragonforce,Caprez Ingenieure AG,www.caprez-ing.ch,"22 Aquasanastrasse, Chur, Grisons 7000, Switzerland",801921875968,746.85,,"Caprez Ingenieure AG provides structural, civil, bridge, water supply, sewage, snow-making, building maintenance, and special fields engineering services.","Caprez Ingenieure AG provides structural, civil, bridge, water supply, sewage, snow-making, building maintenance, and special fields engineering services.",2025-09-01,2025-09-15,False,e4578944-4728-41d5-9088-116c9a6e75ff,2026-09-17_page016.json
dragonforce,Engineered Components,engcomponents.com,"1100 Davis Rd, Elgin, Illinois, 60123, United States",119273377792,111.08,,"(Financial documents, counterparties, clients) We also distribute a multitude of other components that are utilized by original equipment manufacturers worldwide. Our Anchor Bolt division provides these products to countless fastener companies that operate in a range of industries, from coast to coast. Founded in 1983, ECC has continually grown in the areas of technology, market share and acquisition. Our highly-trained and tenured sales staff offers an unparalleled level of technical knowledge, service and personality. Additionally, with stocking warehouses located across the country that support a variance of VMI and in-plant material management programs, we have the ability to respond rapidly - and effectively - to our customers' needs. 1983 - Established","(Financial documents, counterparties, clients) We also distribute a multitude of other components that are utilized by original equipment manufacturers worldwide. Our Anchor Bolt division provides these products to countless fastener companies that operate in a range of industries, from coast to coast. Founded in 1983, ECC has continually grown in the areas of technology, market share and acquisition. Our highly-trained and tenured sales staff offers an unparalleled level of technical knowledge, service and personality. Additionally, with stocking warehouses located across the country that support a variance of VMI and in-plant material management programs, we have the ability to respond rapidly - and effectively - to our customers' needs. 1983 - Established",2025-08-30,2025-09-08,False,8b14c088-5fd1-47d6-8e58-1d30fc34d837,2026-09-17_page016.json
dragonforce,Provalve Armaturen GmbH & Co. KG,provalve.de,"Am Stadtberg 2A, 39167 Hohe Börde, Germany",12582268928,11.72,,"(Financial documents, counterparties, clients) PROVALVE Armaturen GmbH & Co. KG specializes in high-quality valves and fittings designed for demanding applications, primarily in the power generation and chemical industries. The company focuses on manufacturing high-pressure and special valves capable of safely transporting hazardous materials under extreme conditions. They ensure a consistently high quality throughout all stages of development and production. Their product range includes a variety of valve types such as gate valves, check valves, and low-temperature fittings, adhering to DIN and ASME standards.","(Financial documents, counterparties, clients) PROVALVE Armaturen GmbH & Co. KG specializes in high-quality valves and fittings designed for demanding applications, primarily in the power generation and chemical industries. The company focuses on manufacturing high-pressure and special valves capable of safely transporting hazardous materials under extreme conditions. They ensure a consistently high quality throughout all stages of development and production. Their product range includes a variety of valve types such as gate valves, check valves, and low-temperature fittings, adhering to DIN and ASME standards.",2025-08-30,2025-08-30,False,8566db00-f4db-4f5e-871f-7593ec21ca40,2026-09-17_page016.json
dragonforce,Toowoomba Friendly Society Dispensary,tfsd.com.au,"8 Mylne St, Toowoomba, Queensland, 4350, Australia",38464184320,35.82,,"(Financial documents, counterparties, clients) Friendlies Mobility & Independent Living is a trusted community health partner based in Toowoomba, offering mobility products for sale and hire, as well as pharmacy and NDIS services. With a focus on enhancing health, wellbeing, and independence, they provide expert advice and support to their members and the broader community. The company is committed to maintaining old-fashioned customer service while adapting to advances in medical research and technology. Their offerings include a range of mobility aids like lifting chairs, grab rails, and non-slip mats.","(Financial documents, counterparties, clients) Friendlies Mobility & Independent Living is a trusted community health partner based in Toowoomba, offering mobility products for sale and hire, as well as pharmacy and NDIS services. With a focus on enhancing health, wellbeing, and independence, they provide expert advice and support to their members and the broader community. The company is committed to maintaining old-fashioned customer service while adapting to advances in medical research and technology. Their offerings include a range of mobility aids like lifting chairs, grab rails, and non-slip mats.",2025-08-30,2025-08-30,False,3a03823a-d71f-4c4f-bdfb-903d41b55e56,2026-09-17_page016.json
dragonforce,Park Country Club,parkclub.org,"4949 Sheridan Dr, Buffalo, New York, 14221, United States",38901125120,36.23,,"(financial documentation and clients' data internally) Park Country Club is a premier traditional country club located in Western New York. The club offers a comprehensive, member-focused experience with a diverse range of activities suitable for all ages. It emphasizes a welcoming atmosphere of fellowship and friendship, striving to provide exceptional service to its members. The intended clients are individuals and families seeking a community-oriented recreational environment.","(financial documentation and clients' data internally) Park Country Club is a premier traditional country club located in Western New York. The club offers a comprehensive, member-focused experience with a diverse range of activities suitable for all ages. It emphasizes a welcoming atmosphere of fellowship and friendship, striving to provide exceptional service to its members. The intended clients are individuals and families seeking a community-oriented recreational environment.",2025-08-30,2025-08-30,False,cf1cdfdc-590c-4edf-8f30-e024b3bcdaee,2026-09-17_page016.json
dragonforce,Hilco Metal Building & Roofing Supply,hilcosupply.com,"12503 Hwy 6, Navasota, Texas, 77868, United States",100542783488,93.64,,"Hilco Metal Building & Metal Roofing Supply specializes in providing a comprehensive range of metal buildings, roofing materials, and custom-designed arenas specifically aimed at clients in industrial, oil field, and retail sectors. They offer products such as barndominiums, fencing supplies, and other building components to suit both residential and commercial needs. Serving a wide geographic area in Texas, they cater to clients requiring durable and efficient building materials for storage, equestrian, and construction projects. Their commitment to quality and customer service ensures that clients can source both in-stock and custom order items efficiently.","Hilco Metal Building & Metal Roofing Supply specializes in providing a comprehensive range of metal buildings, roofing materials, and custom-designed arenas specifically aimed at clients in industrial, oil field, and retail sectors. They offer products such as barndominiums, fencing supplies, and other building components to suit both residential and commercial needs. Serving a wide geographic area in Texas, they cater to clients requiring durable and efficient building materials for storage, equestrian, and construction projects. Their commitment to quality and customer service ensures that clients can source both in-stock and custom order items efficiently.",2025-08-30,2025-08-30,False,56a2264d-da76-40f4-8b10-38d91dbdcd7f,2026-09-17_page017.json
dragonforce,ABM Wireless INC,abmwireless.com,"205 Marcus Blvd, Hauppauge, New York, 11788, United States",112652562432,104.92,,"Inscope is a New York based Master Dealer in the wireless distribution space. Established in 2002, we have grown to become one of the largest Master Dealers for AT&T in the Tri-State area; and among the largest sellers of wireless accessories in the US. InScope has achieved recognition for its growth from its Carrier partners and from Entrepreneur magazine, which recognized us as #33 in its Hot 100 list of fastest growing businesses in the US in 2008. InScope has been founded by wireless industry veterans that understand and embrace the constantly evolving nature of our industry. Our operations have been built to adapt to the varying requirements of our customers over the years, our latest iteration being a focus on accessories to increase the effectiveness of todays multi-functional wireless communication devices.","Inscope is a New York based Master Dealer in the wireless distribution space. Established in 2002, we have grown to become one of the largest Master Dealers for AT&T in the Tri-State area; and among the largest sellers of wireless accessories in the US. InScope has achieved recognition for its growth from its Carrier partners and from Entrepreneur magazine, which recognized us as #33 in its Hot 100 list of fastest growing businesses in the US in 2008. InScope has been founded by wireless industry veterans that understand and embrace the constantly evolving nature of our industry. Our operations have been built to adapt to the varying requirements of our customers over the years, our latest iteration being a focus on accessories to increase the effectiveness of todays multi-functional wireless communication devices.",2025-08-30,2025-08-26,False,f2bcbf64-414f-4993-93a9-78468e834d5a,2026-09-17_page017.json
dragonforce,Grupo DIRIA,www.grupodiria.com,"Diria Grand Boulevard, Tamarindo, Guanacaste, Costa Rica",159306887168,148.37,,"Grupo Diria is a provider of luxury accommodation in Tamarindo Beach, Costa Rica, offering a range of hotels and resorts. The company is committed to respecting cultural traditions while ensuring modern comfort and security for its guests. Their mission is focused on tourism and hospitality, delivering an authentic Costa Rican experience. Intended clients include travelers seeking high-quality lodging and an immersive cultural experience.","Grupo Diria is a provider of luxury accommodation in Tamarindo Beach, Costa Rica, offering a range of hotels and resorts. The company is committed to respecting cultural traditions while ensuring modern comfort and security for its guests. Their mission is focused on tourism and hospitality, delivering an authentic Costa Rican experience. Intended clients include travelers seeking high-quality lodging and an immersive cultural experience.",2025-08-27,2025-09-05,False,38ad9d7a-d7d8-4117-896b-040344ec7191,2026-09-17_page017.json
dragonforce,The Smile Spa,www.drrussosmilespa.com,"4450 Bluebonnet Blvd Ste C, Baton Rouge, Louisiana, United States",70238318592,65.41,,"At the Smile Spa in Baton Rouge, LA, Dr. Aimee Russo-Mounger provides a variety of dental and spa services. Schedule a dentist appointment or fun spa day.","At the Smile Spa in Baton Rouge, LA, Dr. Aimee Russo-Mounger provides a variety of dental and spa services. Schedule a dentist appointment or fun spa day.",2025-08-27,2025-09-02,False,360b2eb6-67e7-439d-a407-00bf43bf8b9f,2026-09-17_page017.json
dragonforce,Selartex,selartex.com,"Chemin du Pou de Las Coulobres 66100 Perpignan, France",67636199424,62.99,,"Selartex is a prominent wholesaler of home textiles in France, boasting over 35 years of experience. The company specializes in offering a wide range of home linen products, including bed linen, decorative textiles, table linen, and bath linen, with more than 6000 items available in stock. Selartex puts a strong emphasis on quality while providing competitive prices, making it a reliable choice for professionals seeking home textile supplies. Committed to staying on top of current living trends, Selartex regularly updates its product offerings and tailors its services to meet the diverse needs of its clientele.","Selartex is a prominent wholesaler of home textiles in France, boasting over 35 years of experience. The company specializes in offering a wide range of home linen products, including bed linen, decorative textiles, table linen, and bath linen, with more than 6000 items available in stock. Selartex puts a strong emphasis on quality while providing competitive prices, making it a reliable choice for professionals seeking home textile supplies. Committed to staying on top of current living trends, Selartex regularly updates its product offerings and tailors its services to meet the diverse needs of its clientele.",2025-08-23,2025-08-09,False,44d516d4-e541-469b-9800-a9e9740ac5a2,2026-09-17_page017.json
dragonforce,George Haney & Son,georgehaneyair.com,"1260 Lincoln Ave Ste 1200, Pasadena, California, United States",16848003072,15.69,,"George Haney & Son Inc is a family-owned HVAC contractor based in Pasadena, CA, providing services to the San Fernando and San Gabriel Valleys. With a strong reputation since 1927, they specialize in the installation, maintenance, and repair of various HVAC systems, including central AC, heating, and mini-split systems. As a Carrier Factory Authorized Dealer, they cater to both residential and commercial clients, offering customized solutions with a focus on energy efficiency. Their experienced technicians are available for emergency services and emphasize outstanding customer service and value.","George Haney & Son Inc is a family-owned HVAC contractor based in Pasadena, CA, providing services to the San Fernando and San Gabriel Valleys. With a strong reputation since 1927, they specialize in the installation, maintenance, and repair of various HVAC systems, including central AC, heating, and mini-split systems. As a Carrier Factory Authorized Dealer, they cater to both residential and commercial clients, offering customized solutions with a focus on energy efficiency. Their experienced technicians are available for emergency services and emphasize outstanding customer service and value.",2025-08-23,2025-08-19,False,1c8f47cd-110c-4193-a810-9072ab752500,2026-09-17_page017.json
dragonforce,Dottori Commercialisti Associati,www.ppidottoricommercialisti.it,"Corso Magenta N 56, Milan, Lombardy, 20100, Italy",130970292224,121.98,,"(including financial documentation and client data) DCA - Dottori Commercialisti Associati is a professional association founded by members with over 20 years of experience in tax and corporate consulting. They offer services including tax and fiscal advice, corporate consulting, and business and accounting advice. The firm aims to assist clients needing guidance in various financial matters. Their location is in Milan, Italy.","(including financial documentation and client data) DCA - Dottori Commercialisti Associati is a professional association founded by members with over 20 years of experience in tax and corporate consulting. They offer services including tax and fiscal advice, corporate consulting, and business and accounting advice. The firm aims to assist clients needing guidance in various financial matters. Their location is in Milan, Italy.",2025-08-23,2025-08-22,False,5640da12-9154-46bb-867f-438f0d1a79da,2026-09-17_page017.json
dragonforce,GEA Consulting Engineers,gea-pllc.com,"545 8th Ave Fl 11, New York City, New York, 10018, United States",133418164224,124.26,"{'id': 2, 'tag': 'Chat'}","(including financial documentation and client data) Founded in 1996, GEA Consulting Engineers is an engineering firm specializing in the design of mechanical, electrical, plumbing and fire protection systems for other businesses in the area. The company is based in New York City, New York.","(including financial documentation and client data) Founded in 1996, GEA Consulting Engineers is an engineering firm specializing in the design of mechanical, electrical, plumbing and fire protection systems for other businesses in the area. The company is based in New York City, New York.",2025-08-23,2025-08-22,False,b8e14e1a-548f-4eec-bd6e-a590126e57c9,2026-09-17_page017.json
dragonforce,Fullcolour.com Limited,fullcolour.com,"2 Roe Street, Congleton, United Kingdom, CW12 1PS Company number: 11977545 (Active) Director: Andrew Warren (appointed 3 May 2019)",5255438336,4.89,,"We are a family printing business providing Printed Products since 1993. Brochures, leaflets, folders, business stationery, banners, pads and much more.","We are a family printing business providing Printed Products since 1993. Brochures, leaflets, folders, business stationery, banners, pads and much more.",2025-08-22,2025-08-19,False,e6ee4044-3ac0-4cd3-b784-f6b8beb8a9ca,2026-09-17_page017.json
dragonforce,Sonitrol Security Solutions (SecureFL),sonitrolftl.com,"1770 NW 64th St, Fort Lauderdale, FL, USA (954) 772-9700 info@securefl.com",99707744256,92.86,,Our mission is to provide the best in electronic security so that OUR community is a safer place to live and work.,Our mission is to provide the best in electronic security so that OUR community is a safer place to live and work.,2025-08-21,2025-06-13,False,d0191eda-0d3b-44cc-b550-a3eb8fd886f8,2026-09-17_page017.json
dragonforce,Tomb Multimedia Productions,tombmedia.com,info@tombmedia.com,6558269440,6.11,,Providing guidance to the right solution in this ever-evolving landscape we call tomorrow.,Providing guidance to the right solution in this ever-evolving landscape we call tomorrow.,2025-08-21,2025-08-01,False,4c9946ce-2d12-4621-8643-c59d18b1af80,2026-09-17_page017.json
dragonforce,IT-Welt und Telekommunikation verschmelzen,griebsch.de,Systemhaus Griebsch GmbH Hasselfelder Weg 3 37445 Walkenried Tel.: +49 5525 95996990 Fax: +49 5525 95996919 info@griebsch.de www.griebsch.de,66751131648,62.17,,IT-Welt und Telekommunikation verschmelzen,"IT-Welt und Telekommunikation verschmelzen Wir haben uns auf diese Entwicklung eingestellt und stehen für unsere Kunden als Komplettanbieter für Branchensoftware, Büroanwendungen und Telekommunikationslösungen bereit.",2025-08-21,2025-07-28,False,e60700d5-fb25-4086-a014-1ac150c6e657,2026-09-17_page017.json
dragonforce,Krewett,krewett.de,Ingenieurbüro Dipl.-Ing. K. Krewett Unterm Fröndenberg 12 D-58644 Iserlohn info@krewett.de 02371-12788,16153300992,15.04,,"Das Ingenieurbüro Dipl.-Ing. K. Krewett in Iserlohn bietet fundierte Ingenieurdienstleistungen in verschiedenen Bereichen wie Bauplanung, technische Beratung und Projektmanagement. Mit langjähriger Erfahrung und hoher Fachkompetenz unterstützen wir private und gewerbliche Kunden bei der Planung, Umsetzung und Betreuung technischer Projekte – kompetent, zuverlässig und individuell.","Das Ingenieurbüro Dipl.-Ing. K. Krewett in Iserlohn bietet fundierte Ingenieurdienstleistungen in verschiedenen Bereichen wie Bauplanung, technische Beratung und Projektmanagement. Mit langjähriger Erfahrung und hoher Fachkompetenz unterstützen wir private und gewerbliche Kunden bei der Planung, Umsetzung und Betreuung technischer Projekte – kompetent, zuverlässig und individuell.",2025-08-21,2025-08-03,False,5cfb26bc-6660-4a85-a25e-5f60fc48fe93,2026-09-17_page017.json
dragonforce,InEar hear the difference,inear.de,InEar GmbH & Co. KG Nordring 25 64807 Dieburg Germany,98262720512,91.51,,"InEar GmbH & Co. KG ist ein deutscher Hersteller hochwertiger Hörlösungen mit Sitz in Dieburg. Das Unternehmen entwickelt, produziert und vertreibt innovative In-Ear-Monitore und Audiotechnik für professionelle Nutzung sowie Endkunden. Mit modernsten Fertigungstechniken, eigenem Support und Service garantiert InEar höchste Qualität und langjährige Erfahrung in der Audioindustrie.","InEar GmbH & Co. KG ist ein deutscher Hersteller hochwertiger Hörlösungen mit Sitz in Dieburg. Das Unternehmen entwickelt, produziert und vertreibt innovative In-Ear-Monitore und Audiotechnik für professionelle Nutzung sowie Endkunden. Mit modernsten Fertigungstechniken, eigenem Support und Service garantiert InEar höchste Qualität und langjährige Erfahrung in der Audioindustrie.",2025-08-21,2025-08-03,False,8d0a5e28-9cad-4e0d-a976-9cf490cb68db,2026-09-17_page017.json
dragonforce,TechSourceOne IT Solutions Provider,tsomail.com,South Florida (877) 614-8324 Toll-Free (954) 372-5180 Local,51338092544,47.81,,Email services & protection,"Email services & protection Managed email services including SPAM filters, anti-virus, anti-malware protection.",2025-08-21,2025-08-16,False,957a6ced-c93a-4f25-a3f6-32ae64c99d1f,2026-09-17_page017.json
dragonforce,fiermann-eller.de,dr-fiermann.de,ÜBAG Dr. Fiermann / Dr. Eller Dres. med. Katharina und David Eller Irrlrinnig 1 91301 Forchheim-Kersbach,12059942912,11.23,,Fachärzte für Allgemeinmedizin und Innere Medizin,"Fachärzte für Allgemeinmedizin und Innere Medizin Die hausärztliche Medizin bildet die Grundsäule der ärztlichen Versorgung. Wir beraten Sie gerne als erste Anlaufstelle zu allen Gesundheitsfragen wie auch Vorsorge, Nachsorge und Rehabilitation.",2025-08-21,2025-08-08,False,fa603220-0abe-44bc-859f-fd67c42879d1,2026-09-17_page017.json
dragonforce,Dualinfor hito inovation,dualinfor.pt,"Rua do Matadouro, 31-A 2040-213 Rio Maior",53076807680,49.43,,,"Dualinfor : Desde 1998 Operamos no mercado português desde Novembro de 1998. Oferecemos uma gama selecionada de produtos e de serviços especialmente orientados ao Mercado Empresarial, PMEs, Profissionais Liberais, Administrações Públicas e Privadas. Uma equipa altamente qualificada, comprometida e motivada, a par de uma sólida carteira de clientes e de parceiros de negócio, constituem o principal ativo desta organização que tem por objetivo continuar a merecer a confiança e reconhecimento da comunidade em geral.",2025-08-21,2025-08-21,False,4291cf86-d51e-456d-ad4b-3b116989c66c,2026-09-17_page017.json
dragonforce,PLN,www.pln.co.id,"no 135 Jalan Trunojoyo Blok M I, Jakarta",4117549056,3.83,,"Core business is the supply of electricity, especially in generation, transmission and distribution. Obtaining the task of electrifying all over the archipelago, PLN has the obligation to increase installed capacity for power supply and the development of electricity infrastructure such as transmission networks, substations, and distribution networks. At all times, we continue to improve ourselves and improve services, considering that electricity is a basic infrastructure need that will create a multiplier effect for the progress of the Indonesian economy.","Core business is the supply of electricity, especially in generation, transmission and distribution. Obtaining the task of electrifying all over the archipelago, PLN has the obligation to increase installed capacity for power supply and the development of electricity infrastructure such as transmission networks, substations, and distribution networks. At all times, we continue to improve ourselves and improve services, considering that electricity is a basic infrastructure need that will create a multiplier effect for the progress of the Indonesian economy. Our business continues to expand into various business sectors through subsidiaries, associated entities, joint ventures, and special purpose vehicles (SPV) under the auspices of the PLN Group. Through the implementation of SOLID (Securing Business Sustainability, Optimizing Cost Efficiency, Leading Industry Capabilities, Increasing Profit Contribution and Developing New Edge) business portfolios, we will continue to develop services to become a World Class Electricity Company.",2025-08-21,2025-08-15,False,42444dba-ad92-4aa1-ae1c-57b684adecd1,2026-09-17_page017.json
dragonforce,Diversified Project Services International,dpsiinc.com,"5351 Olive Dr Ste 100, Bakersfield, California",66545655808,61.98,,"Diversified Project Services International, Inc. (DPSI) is a leader in engineering, geomatics (surveying), planning, permitting, inspection, energy management and construction management.","Diversified Project Services International, Inc. (DPSI) is a leader in engineering, geomatics (surveying), planning, permitting, inspection, energy management and construction management.",2025-08-06,2025-08-14,False,9e9755d5-7fe7-472b-8f78-9fa72b421605,2026-09-17_page017.json
dragonforce,Koenig Hausverwaltung,koenig-hausverwaltung.de,"Wilhelm-Grasmehr-Straße 6 -8, 52078 Aachen, Alemania",99206553600,92.39,,"Seit mehr als 30 Jahren beschäftigen wir uns zuverlässig, kompetent und mit großem Engagement mit der Verwaltung","Seit mehr als 30 Jahren beschäftigen wir uns zuverlässig, kompetent und mit großem Engagement mit der Verwaltung",2025-08-04,2025-07-25,False,a80534f9-4279-4917-8ee1-0941534cc0c2,2026-09-17_page017.json
dragonforce,Wedlich,wedlich.com,WEDLICH.Umzug & Service Karl-von-Linde Straße 6 95447,97207209984,90.53,,"WEDLICH. Immobilien & Projektentwicklung war bis 2023 ein Fullservice-Logistiker mit Hauptsitz in Bayreuth. Unser Unternehmen bietet seit 2024 bundesweit zuverlässige und flexible Leistungen in den Segmenten Gewerbeimmobilien, Projektierung und Projektentwicklung. Ihre Zufriedenheit steht für uns an erster Stelle.","WEDLICH. Immobilien & Projektentwicklung war bis 2023 ein Fullservice-Logistiker mit Hauptsitz in Bayreuth. Unser Unternehmen bietet seit 2024 bundesweit zuverlässige und flexible Leistungen in den Segmenten Gewerbeimmobilien, Projektierung und Projektentwicklung. Ihre Zufriedenheit steht für uns an erster Stelle.",2025-08-04,2025-07-25,False,9ee41bdb-76fa-47b6-bc0d-842ed6e6cd35,2026-09-17_page017.json
dragonforce,K2L,k2l-gmbh.de,"K2l GmbH Nürnberg Sulzbacher Str. 46 - 48 90489 Nürnberg, Germany",106315632640,99.01,,"Die Digitalisierung schreitet mit Riesenschritten voran. Seit unserer Gründung im Jahr 2003 beraten wir stets auf dem neuesten technischen Stand und unterstützen unsere Kunden dabei, mit der Entwicklung schrittzuhalten.","Die Digitalisierung schreitet mit Riesenschritten voran. Seit unserer Gründung im Jahr 2003 beraten wir stets auf dem neuesten technischen Stand und unterstützen unsere Kunden dabei, mit der Entwicklung schrittzuhalten.",2025-08-04,2025-08-04,False,f53d9460-ecbd-4795-8a0d-d047f126fdbe,2026-09-17_page017.json
dragonforce,Newton Electrical Contractors,electrician-harrogate.co.uk,Unit 5a Birchwood Mews Harrogate HG2 8DN,116429176832,108.43,,High profile NICEIC Approved Electrical Contractors based in Harrogate and Ripon. We pride ourselves on our quality workmanship within our local family run business,High profile NICEIC Approved Electrical Contractors based in Harrogate and Ripon. We pride ourselves on our quality workmanship within our local family run business,2025-08-04,2025-07-12,False,b542f7a3-f9a3-4eae-ab6e-eb717e695468,2026-09-17_page017.json
dragonforce,Pitman Farms,pitmanfarms.com,"909 Pitman Ave, Wentzville, Missouri, 63385, United States",229744947200,213.97,,"(Financial, banking, and audit documentation. Suppliers, clients, mail correspondence, and many more interesting things about how to significantly increase profits while store shelves are empty due to the H5N1 virus.) Pitman Farms has been distributing fine poultry meats since 1954, establishing partnerships to deliver premium poultry products at both local and national levels. The company prides itself on offering quality protein sources to its diverse clientele. By choosing Pitman Farms, customers can expect high-quality poultry that meets their needs. With over 65 years of experience, Pitman Farms continues to prioritize quality in its offerings.","(Financial, banking, and audit documentation. Suppliers, clients, mail correspondence, and many more interesting things about how to significantly increase profits while store shelves are empty due to the H5N1 virus.) Pitman Farms has been distributing fine poultry meats since 1954, establishing partnerships to deliver premium poultry products at both local and national levels. The company prides itself on offering quality protein sources to its diverse clientele. By choosing Pitman Farms, customers can expect high-quality poultry that meets their needs. With over 65 years of experience, Pitman Farms continues to prioritize quality in its offerings.",2025-08-02,2025-08-09,False,cfaeb484-8b8b-436c-8d02-8223ae0c7c7f,2026-09-17_page017.json
dragonforce,Clemens Construction,clemensconstruction.com,"1435 Walnut St Fl 2, Philadelphia, Pennsylvania, United States",121914814464,113.54,,"(Banking, insurance, financial, and HR documentation. Audit. Client documentation.) Clemens Construction is a reputable construction firm based in Philadelphia, specializing in renovation and construction projects for the hospitality and commercial sectors. They serve a diverse clientele including hotels, educational institutions, and commercial properties, emphasizing quality and open communication throughout their projects. With a strong track record of successful collaborations, they have earned recognition for their professionalism and ability to manage complex projects while minimizing disruption to operations. The company is committed to delivering exceptional results, making them a preferred partner for construction needs in their market.","(Banking, insurance, financial, and HR documentation. Audit. Client documentation.) Clemens Construction is a reputable construction firm based in Philadelphia, specializing in renovation and construction projects for the hospitality and commercial sectors. They serve a diverse clientele including hotels, educational institutions, and commercial properties, emphasizing quality and open communication throughout their projects. With a strong track record of successful collaborations, they have earned recognition for their professionalism and ability to manage complex projects while minimizing disruption to operations. The company is committed to delivering exceptional results, making them a preferred partner for construction needs in their market.",2025-08-02,2025-08-09,False,e68b3f39-daca-4507-8e46-f40aa4b1f36b,2026-09-17_page018.json
dragonforce,Framon S.p.A.,framon.it,"Via Francesco Lana, 31, 25065 Lumezzane BS, Italy",113207074816,105.43,,"FRAMON S.p.A. is an important company that since 1973 is present in the worldwide market as one of the main manufacturing company of non-ferrous casting components for the furniture and lighting industry. It has three catalogues with about 10.000 articles ; a very good part of them is available in the warehouse. FRAMON S.p.A. is a very flexible "" foundry "" that makes use of some of the most important technologies of transformation of the raw materials, like die-casting, gravity casting with and without core, hot stamping; mainly product are made with aluminium, brass, zama and plastic. With the support of an internal designer and qualified technicians, today FRAMON S.p.A. is able to conceive, propose and develop new articles starting with the realization of drawings and possible prototypes, creating projects and stamps, up to the concrete manufacturing also under customer exclusive projects and design.","FRAMON S.p.A. is an important company that since 1973 is present in the worldwide market as one of the main manufacturing company of non-ferrous casting components for the furniture and lighting industry. It has three catalogues with about 10.000 articles ; a very good part of them is available in the warehouse. FRAMON S.p.A. is a very flexible "" foundry "" that makes use of some of the most important technologies of transformation of the raw materials, like die-casting, gravity casting with and without core, hot stamping; mainly product are made with aluminium, brass, zama and plastic. With the support of an internal designer and qualified technicians, today FRAMON S.p.A. is able to conceive, propose and develop new articles starting with the realization of drawings and possible prototypes, creating projects and stamps, up to the concrete manufacturing also under customer exclusive projects and design.",2025-07-31,2025-08-01,False,14b04226-a8b7-4df9-93e3-48186c952000,2026-09-17_page018.json
dragonforce,Banco Guanabara,bancoguanabara.com.br,"8255 Av. Brasil, Rio de Janeiro, Rio de Janeiro",4597522432,4.28,,"Banco Guanabara, financiamento de veculos comerciais, financie seu nibus, caminhes e Sprinters, CDC, Leasing, BNDES Finame e Finame Leasing, Av. Brasil 8.255 Ramos Rio de Janeiro RJ CEP: 21030.000, Tel.: (21) 2562-9600","Banco Guanabara, financiamento de veculos comerciais, financie seu nibus, caminhes e Sprinters, CDC, Leasing, BNDES Finame e Finame Leasing, Av. Brasil 8.255 Ramos Rio de Janeiro RJ CEP: 21030.000, Tel.: (21) 2562-9600",2025-07-30,2025-07-23,False,38d10bf3-62df-40f8-a8ec-478c57745626,2026-09-17_page018.json
dragonforce,Software Design Consulting Group,sd-lb.com,"Badaro City, Kfoury - Sabak L Khel Street Khatoun Building, 6th Floor, Lebanon",28350697472,26.4,,"Software Design Consulting Group specializes in tailored software solutions aimed at optimizing business processes across various industries in Dubai, Beirut, and Riyadh. The company offers a range of products, including ERP systems, mobile solutions, and management tools, designed for retail, media booking, and construction sectors. Their services also include project management, training, customization, and ongoing support to ensure successful software implementation and client satisfaction. With over 40 years of ERP experience, they focus on innovative solutions and exceptional customer service to drive clients' business growth.","Software Design Consulting Group specializes in tailored software solutions aimed at optimizing business processes across various industries in Dubai, Beirut, and Riyadh. The company offers a range of products, including ERP systems, mobile solutions, and management tools, designed for retail, media booking, and construction sectors. Their services also include project management, training, customization, and ongoing support to ensure successful software implementation and client satisfaction. With over 40 years of ERP experience, they focus on innovative solutions and exceptional customer service to drive clients' business growth.",2025-07-28,2025-07-22,False,89ca6401-52bd-4dce-b2cb-545f147a4e2c,2026-09-17_page018.json
dragonforce,Votava Nantz & Johnson,vnjlaw.com,"9237 Ward Pkwy Ste 240, Kansas City, Missouri, United States",108235657216,100.8,,"(Including customer data) VNJ Law is a prominent law firm in Kansas and Missouri that specializes in personal injury cases, including auto accidents, medical malpractice, and wrongful death. The firm boasts over 75 years of combined experience, focusing on maximizing client compensation through skilled representation. Their commitment to providing dedicated legal support ensures clients receive personal attention during challenging times. VNJ Law offers free consultations and operates on a no recovery, no fee basis, making their services accessible to those in need.","(Including customer data) VNJ Law is a prominent law firm in Kansas and Missouri that specializes in personal injury cases, including auto accidents, medical malpractice, and wrongful death. The firm boasts over 75 years of combined experience, focusing on maximizing client compensation through skilled representation. Their commitment to providing dedicated legal support ensures clients receive personal attention during challenging times. VNJ Law offers free consultations and operates on a no recovery, no fee basis, making their services accessible to those in need.",2025-07-28,2025-08-01,False,faf6a782-2a66-4972-bf8e-430f60942c75,2026-09-17_page018.json
dragonforce,Emerson Chiropractic,emmersonchiropractic.com,"7855 S. Emerson Ave, Suite Q Indianapolis, IN 46237",103143632896,96.06,,"Emerson Chiropractic has been serving the Southside of Indianapolis, Greenwood, and surrounding communities for over 25 years. Dr. Christian Carter is dedicated to helping the community they are in and providing the care to improve your quality of life.","Emerson Chiropractic has been serving the Southside of Indianapolis, Greenwood, and surrounding communities for over 25 years. Dr. Christian Carter is dedicated to helping the community they are in and providing the care to improve your quality of life. Main business activities are Chiropractics, Massage, Therapeutic Exercises, Nutrition, and Soft Tissue Taping.",2025-07-25,2025-06-23,False,9828cee0-e7f6-47d0-bc71-ce4e9c53d478,2026-09-17_page018.json
dragonforce,md-labels-gmbh.com,md-labels.de,Chocimska 2 62-800 Kalisz,71198842880,66.31,,Property of the Company,"Property of the Company Production of product labels. Brief description of Mehmet-Serif Dalyanoglu, label production, ""MD Labels"" Mehmet-Serif Dalyanoglu, label manufacturer, ""MD Labels,"" based in Bochum is listed in the Creditreform company database with the legal form of a commercial enterprise. The company is economically active. The company is currently managed by one manager (one owner). The company's VAT ID is available in the company data. The company has one location. Data on a principal bank is available.",2025-07-25,2025-06-30,False,1f45b5ab-c867-4935-bf88-c5c93af77213,2026-09-17_page018.json
dragonforce,5àSec,5asec.com,"Route De Jussy 1-3, Chêne-Bourg, Geneva, 1225, Switzerland",311054757888,289.69,"{'id': 2, 'tag': 'Chat'}","To our surprise, company representatives stated that for a network of over 2000 dry cleaners, publishing database dumps for several countries of presence would not cause problems, and customers are not important. Their investors expressed the same opinion. Therefore, we are forced to keep our promise and publish this data in full. Current and future partners of the network, as well as all customers, should think very carefully about who they trust.","To our surprise, company representatives stated that for a network of over 2000 dry cleaners, publishing database dumps for several countries of presence would not cause problems, and customers are not important. Their investors expressed the same opinion. Therefore, we are forced to keep our promise and publish this data in full. Current and future partners of the network, as well as all customers, should think very carefully about who they trust. 5aSec was created in 1968 from a real innovative concept based on services with a good quality/price ratio accessible to everybody, straight forward rates with only 5 different prices (hence the «5» in 5aSec) and with fast delivery return. From then on, 5aSec has benefited from a huge development thanks to a commercial offer which came at the right moment. In 30 years, the brand has first expanded in the French territory and then began its great international expansion. In 2001, 5aSec took a new dimension with the arrival of a new investor - EAC Group - and of Olivier Bedat who gave a new dynamism to the group. In 2007, 5aSec's shareholder changed and the Investment company ING Parcom acquires the group. This evolution allowed the 5aSec Group to strenghten its leader position, to continue its international development and to reinforce its shops network.",2025-07-16,2025-07-21,False,058f4b92-ae99-45c7-bf35-5d2d6754b3de,2026-09-17_page018.json
dragonforce,Burnett and Son Meat,burnettandson.com,"1420 S Myrtle Ave, Monrovia, California, 91016, United States",112837709824,105.09,,"Burnett and Son Meat Company develops ready-to-eat microwaveable meats and meals using a unique blend of culinary proficiency, food trend knowledge, food science, and manufacturing expertise. Have our fully cooked meats delivered frozen directly to your door. You'll love how flavorful and easy a meal from Burnett and Son Meat Co actually is! Our product development team is composed of food scientists and professional chefs dedicated to developing creative new precooked meals for the whole family to enjoy.","Burnett and Son Meat Company develops ready-to-eat microwaveable meats and meals using a unique blend of culinary proficiency, food trend knowledge, food science, and manufacturing expertise. Have our fully cooked meats delivered frozen directly to your door. You'll love how flavorful and easy a meal from Burnett and Son Meat Co actually is! Our product development team is composed of food scientists and professional chefs dedicated to developing creative new precooked meals for the whole family to enjoy.",2025-07-16,2025-07-18,False,c99b43f7-3ed6-4e81-86a6-46681b360be8,2026-09-17_page018.json
dragonforce,Waverly Cabinets,waverlycabinets.com,"345 Enterprise Way, Pittston, Pennsylvania, 18640, United States",108747292672,101.28,,"Waverly Cabinets specializes in providing affordable, high-quality Ready-To-Assemble (RTA) cabinets and related products, including vanities and flooring. Their services include professional design consultations, financing options, and online resources for assembly and installation. The company caters to both individual homeowners and trade professionals seeking quality cabinetry solutions. Waverly Cabinets is committed to excellent customer service and fast shipping, making it a top choice for kitchen and bathroom renovations.","Waverly Cabinets specializes in providing affordable, high-quality Ready-To-Assemble (RTA) cabinets and related products, including vanities and flooring. Their services include professional design consultations, financing options, and online resources for assembly and installation. The company caters to both individual homeowners and trade professionals seeking quality cabinetry solutions. Waverly Cabinets is committed to excellent customer service and fast shipping, making it a top choice for kitchen and bathroom renovations.",2025-07-16,2025-08-05,False,644c3960-89db-42f0-9104-fcd9df0238a1,2026-09-17_page018.json
dragonforce,DA Whitacre Construction,www.dawhitacre.com,"1108 Greenfield Dr, El Cajon, California, 92021, United States",106302849024,99.0,,"D.A. Whitacre Construction, Inc. is a San Diego-based commercial construction firm with nearly 40 years of experience. The company specializes in framing and has worked on notable projects such as the US Fish Wildlife HQ, SeaWorld attractions, and various educational and hospitality facilities. Their clients include prominent institutions like San Diego State University and Hotel Del Coronado, highlighting their expertise in both commercial and large-scale construction projects. D.A. Whitacre is committed to quality construction services in the residential and commercial markets.","D.A. Whitacre Construction, Inc. is a San Diego-based commercial construction firm with nearly 40 years of experience. The company specializes in framing and has worked on notable projects such as the US Fish Wildlife HQ, SeaWorld attractions, and various educational and hospitality facilities. Their clients include prominent institutions like San Diego State University and Hotel Del Coronado, highlighting their expertise in both commercial and large-scale construction projects. D.A. Whitacre is committed to quality construction services in the residential and commercial markets.",2025-07-16,2025-07-22,False,1e7b54cb-a346-42a4-8530-e563f02cd80a,2026-09-17_page018.json
dragonforce,Joni L Janecki & Associates,jlja.com,"515 Swift St, Santa Cruz, California, 95060, United States",112910671872,105.16,,"Joni L. Janecki & Associates has been designing ecologically restorative and award-winning outdoor environments for over 30 years, fostering connections to nature. Their diverse projects include libraries, community centers, parks, and educational facilities, showcasing their expertise in creating functional and beautiful landscapes. They serve a wide range of clients, including nonprofits, community foundations, and educational institutions. Their work emphasizes sustainability and community engagement, making them a leader in landscape architecture.","Joni L. Janecki & Associates has been designing ecologically restorative and award-winning outdoor environments for over 30 years, fostering connections to nature. Their diverse projects include libraries, community centers, parks, and educational facilities, showcasing their expertise in creating functional and beautiful landscapes. They serve a wide range of clients, including nonprofits, community foundations, and educational institutions. Their work emphasizes sustainability and community engagement, making them a leader in landscape architecture.",2025-07-16,2025-07-14,False,554dc9f3-5c62-42ec-aab1-776ae9ed9c8d,2026-09-17_page018.json
dragonforce,Mausolff Immobilien,mausolff.de,"Ahornstr. 3 47447 Moers , Germany",58984775680,54.93,,"Selling and renting real estate is a matter of absolute trust. With over 35 years of experience and numerous continuing education courses, I am confident that I am the right partner for your project as a real estate agent in Moers.","Selling and renting real estate is a matter of absolute trust. With over 35 years of experience and numerous continuing education courses, I am confident that I am the right partner for your project as a real estate agent in Moers.",2025-07-15,2025-07-07,False,ec549869-3650-4bc7-bf74-1e300b2b662b,2026-09-17_page018.json
dragonforce,Home Solutions of Iowa,homesolutionsiowa.com,"16180 SE Laurel St, Waukee, Iowa, 50263, United States",100568195072,93.66,,"Home Solutions of Iowa is a comprehensive exterior remodeling company that specializes in offering high-quality LeafGuard® gutters, roofing solutions, and insulation services to homeowners throughout Iowa.","Home Solutions of Iowa is a comprehensive exterior remodeling company that specializes in offering high-quality LeafGuard® gutters, roofing solutions, and insulation services to homeowners throughout Iowa.",2025-07-15,2025-06-23,False,2d671fb1-5c39-4a97-a272-d6cac4d51c3e,2026-09-17_page018.json
dragonforce,Farben-Zentrum Schlegel,farben-schlegel.de,"27 Bahnhofstr., Bad Schussenried, Baden-Wuertte, Germany",76547432448,71.29,,"We are always happy to help you, whether it is roof paints for the renovation of your roof tiles, filling spray cans with varnishes, industrial varnishes or paints, as well as floor coatings and design coverings of all kinds.","We are always happy to help you, whether it is roof paints for the renovation of your roof tiles, filling spray cans with varnishes, industrial varnishes or paints, as well as floor coatings and design coverings of all kinds.",2025-07-15,2025-07-06,False,b518f2b4-3165-4603-8db4-efebbb1624c2,2026-09-17_page018.json
dragonforce,Greeniverse,greeniverse.com,"5101 E University Dr Ste 605, Denton, Texas, United State",236300582912,220.07,,Greeniverse is a leading solar system company that assists to design and install a solar system to meet the needs of homes and businesses.,Greeniverse is a leading solar system company that assists to design and install a solar system to meet the needs of homes and businesses.,2025-07-15,2025-06-30,False,01dc8359-1370-49e7-8f27-7fd2d21e18ba,2026-09-17_page018.json
dragonforce,Belk,belk.com,"2801 W Tyvola Rd, Charlotte, North Carolina",167847104512,156.32,,"Headquartered in Monroe, North Carolina, Belk is a department store that offers apparel, shoes, accessories, cosmetics, home furnishings and wedding registry online and in-store.","Headquartered in Monroe, North Carolina, Belk is a department store that offers apparel, shoes, accessories, cosmetics, home furnishings and wedding registry online and in-store. Public Statement: Our intention was never to destroy your business. We provided you with the opportunity to address your negligence and keep your customer data intact, but you chose to refuse payment at the agreement stage. As a result, people have suffered. We hope this serves as a lesson for others.",2025-07-14,2025-06-19,False,7aac09ef-2133-4d9b-80be-7ea1194b42d7,2026-09-17_page018.json
dragonforce,PPC Mechanical Seals,ppcmechanicalseals.com,"2769 Mission Dr, Baton Rouge, Louisiana, 70805, United States",108411174912,100.97,"{'id': 2, 'tag': 'Chat'}","PPC Mechanical Seals was founded in 1958 in Baton Rouge, Louisiana and was one of the first mechanical seal companies to provide repair service on all types of seals. PPC then took the knowledge and experience it gained from repairing seals to design, engineer, and manufacture their own proprietary products. Today PPC Mechanical Seals products are operating in some of the most demanding applications throughout the process industry. Customers large and small are utilizing the quality products produced by PPC, and relying upon the excellent service and support provided by our experienced staff. Sealing pumps, mixers, compressors, centrifuges, and other pieces of rotating equipment is routine for PPC. PPC offers a complete range of seal designs including single and double cartridge seals, metal bellows seals, split single and double seals, as well as custom engineered seals. Each is available in a broad range of materials and sizes. PPC places a significant emphasis on ""service"".","PPC Mechanical Seals was founded in 1958 in Baton Rouge, Louisiana and was one of the first mechanical seal companies to provide repair service on all types of seals. PPC then took the knowledge and experience it gained from repairing seals to design, engineer, and manufacture their own proprietary products. Today PPC Mechanical Seals products are operating in some of the most demanding applications throughout the process industry. Customers large and small are utilizing the quality products produced by PPC, and relying upon the excellent service and support provided by our experienced staff. Sealing pumps, mixers, compressors, centrifuges, and other pieces of rotating equipment is routine for PPC. PPC offers a complete range of seal designs including single and double cartridge seals, metal bellows seals, split single and double seals, as well as custom engineered seals. Each is available in a broad range of materials and sizes. PPC places a significant emphasis on ""service"".",2025-07-09,2025-07-09,False,05f724f8-906e-4739-8177-815852cc2c3f,2026-09-17_page018.json
dragonforce,"City of Keene, NH",www.keene.nh.us,"3 Washington St, Keene, New Hampshire, 03431, United States",675488378880,629.1,"{'id': 2, 'tag': 'Chat'}","Keene is a city in Cheshire County, New Hampshire, United States. The population was 23,409 at the 2010 census. It is the seat of Cheshire County. Keene is home to Keene State College and Antioch University New England and formerly hosted the state's annual Pumpkin Festival.","Keene is a city in Cheshire County, New Hampshire, United States. The population was 23,409 at the 2010 census. It is the seat of Cheshire County. Keene is home to Keene State College and Antioch University New England and formerly hosted the state's annual Pumpkin Festival.",2025-07-07,2025-07-18,False,5d08a3c9-5764-413f-bb52-44f502c0a144,2026-09-17_page018.json
dragonforce,Silver Lining Herbs,www.silverliningherbs.com,"1208 Burley Ave, Buhl, Idaho, 83316, United States",136689704960,127.3,,"Silver Lining Herbs specializes in herbal supplements for horses, dogs, and humans, providing natural health products aimed at enhancing the well-being of both pets and their owners. Their range includes various formulations that address health needs such as immune support, joint health, and digestive function. The company is family-owned and has over 25 years of experience in promoting animal health and performance. With a focus on education and optimal care, they offer product bundles designed to ensure the wellness of all family members, including pets.","Silver Lining Herbs specializes in herbal supplements for horses, dogs, and humans, providing natural health products aimed at enhancing the well-being of both pets and their owners. Their range includes various formulations that address health needs such as immune support, joint health, and digestive function. The company is family-owned and has over 25 years of experience in promoting animal health and performance. With a focus on education and optimal care, they offer product bundles designed to ensure the wellness of all family members, including pets.",2025-07-05,2025-07-05,False,ac195db9-3752-4efb-b115-5c2ae11e58d3,2026-09-17_page018.json
dragonforce,JCC Rockland,jccrockland.org,"450 W Nyack Rd, West Nyack, New York, 10994, United States",9761484800,9.09,,"The JCC Rockland is dedicated to the enrichment and continuity of Jewish life and to the preservation and celebration of our rich heritage. The center shall strengthen individual awareness and connection to the Jewish community, the state of Israel, and the community at large through recreational, physical, educational, social, and cultural programs.","The JCC Rockland is dedicated to the enrichment and continuity of Jewish life and to the preservation and celebration of our rich heritage. The center shall strengthen individual awareness and connection to the Jewish community, the state of Israel, and the community at large through recreational, physical, educational, social, and cultural programs.",2025-07-02,2025-07-02,False,4d26296c-31be-45d0-be6b-807ac461b8aa,2026-09-17_page018.json
dragonforce,HKG Duty Free,hkgdutyfree.com,"821 S Stanton St, El Paso, Texas, 79901, United States",63129120768,58.79,,"(database dumps inside) HKG Duty Free is the market leader in electronics, but also now developing comprehensive fashion brand portfolio including Mont Blanc, Fossil, Michael Kors, A/X Armani Exchange, Diesel, DKNY, Adidas, Guess, Tommy Hilfiger, Casio, and Lacoste. Also, HKG Duty Free offers wide array of famous fragrance brands launching new programs throughout the year. In addition, popular international and domestic spirits and tobacco brand are offered tax free for export in all HKG Duty Free locations. Moving south, HKG recently acquired two stores located in Belize offering the same brands and categories to customers crossing into Mexico. Coming soon, HKG will introduce its first Duty Free Store opening in Queretaro International Airport, Mexico.","(database dumps inside) HKG Duty Free is the market leader in electronics, but also now developing comprehensive fashion brand portfolio including Mont Blanc, Fossil, Michael Kors, A/X Armani Exchange, Diesel, DKNY, Adidas, Guess, Tommy Hilfiger, Casio, and Lacoste. Also, HKG Duty Free offers wide array of famous fragrance brands launching new programs throughout the year. In addition, popular international and domestic spirits and tobacco brand are offered tax free for export in all HKG Duty Free locations. Moving south, HKG recently acquired two stores located in Belize offering the same brands and categories to customers crossing into Mexico. Coming soon, HKG will introduce its first Duty Free Store opening in Queretaro International Airport, Mexico.",2025-07-02,2025-06-28,False,22a111c8-93b7-42c7-9305-b916e1d3929a,2026-09-17_page018.json
dragonforce,Allegheny Answering Service,answering-svc.com,"PO Box 115, Ingomar, Pennsylvania, 15127, United States",61746200576,57.51,,"Allegheny Answering Service offers a diverse range of communication solutions including answering services and call center services, operating 24/7/365 from their location in the United States. They cater to a wide array of clients, from startups to Fortune 500 companies, ensuring that their services can be tailored to meet various business needs. The company emphasizes security and disaster recovery to provide reliable service during any circumstances. Additionally, they prioritize social responsibility by supporting community initiatives and causes important to their clients and employees.","Allegheny Answering Service offers a diverse range of communication solutions including answering services and call center services, operating 24/7/365 from their location in the United States. They cater to a wide array of clients, from startups to Fortune 500 companies, ensuring that their services can be tailored to meet various business needs. The company emphasizes security and disaster recovery to provide reliable service during any circumstances. Additionally, they prioritize social responsibility by supporting community initiatives and causes important to their clients and employees.",2025-07-02,2025-06-27,False,2a71edba-c2c0-4388-af40-1617cec23f98,2026-09-17_page018.json
dragonforce,Cahill Seeds,www.cahillseeds.com,"669 Hwy 5, Flaxville, Montana, 59222, United States",61122224128,56.92,,"Cahill Seeds is one of the largest seed growers in eastern Montana, established in 1996. The company specializes in identifying, testing, and multiplying seed genetics to support growers and processors. They offer a wide variety of seeds including wheat, peas, lentils, chickpeas, canola, and various forage crops. Cahill Seeds serves clients across eastern Montana, other states, and Canada, working closely with plant breeders to deliver optimal seed solutions.","Cahill Seeds is one of the largest seed growers in eastern Montana, established in 1996. The company specializes in identifying, testing, and multiplying seed genetics to support growers and processors. They offer a wide variety of seeds including wheat, peas, lentils, chickpeas, canola, and various forage crops. Cahill Seeds serves clients across eastern Montana, other states, and Canada, working closely with plant breeders to deliver optimal seed solutions.",2025-07-02,2025-07-11,False,bec9e701-5704-4bab-8e54-39ac7f4571a7,2026-09-17_page018.json
dragonforce,Dealmed Medical Supplies,dealmed.com,"3512 Quentin Rd Ste 200, Brooklyn, New York, United States",113693835264,105.89,,"(Data of the entire group of companies) Dealmed provides a comprehensive range of medical supplies designed for healthcare professionals. Their products cater to various medical needs, ensuring quality and reliability. Dealmed serves hospitals, clinics, and other healthcare facilities as its primary clients. The company is dedicated to enhancing patient care through its innovative supply solutions.","(Data of the entire group of companies) Dealmed provides a comprehensive range of medical supplies designed for healthcare professionals. Their products cater to various medical needs, ensuring quality and reliability. Dealmed serves hospitals, clinics, and other healthcare facilities as its primary clients. The company is dedicated to enhancing patient care through its innovative supply solutions.",2025-06-26,2025-06-26,False,c73c5785-3fac-4338-bc57-bda6f63d1e17,2026-09-17_page019.json
dragonforce,Antigo Construction,antigoconstruction.com,"2520 Clermont St, Antigo, WI 54409, United States",112060354560,104.36,,"(including email) Antigo Construction is located in Antigo, Wisconsin, and is the company headquarters for the North American and international business operations. Antigo entered the pavement rehabilitation business in 1982 when it imported from Germany the first of six guillotine-style concrete pavement breakers. In 1988 Antigo began operating the 8600 Badger Breaker® and in 1995 introduced the MHB Badger Breaker® to respond to the growing demand for more efficient and effective concrete breaking technology. Today Antigo is the worldwide leader in concrete pavement rehabilitation: concrete rubblization - 45 million square yards (38m m2), crack/break and seat - 82 million square yards (69m m2), break for removal - 106 million square yards (88m m2). Antigo has the equipment, people and experience to get the job done right.","(including email) Antigo Construction is located in Antigo, Wisconsin, and is the company headquarters for the North American and international business operations. Antigo entered the pavement rehabilitation business in 1982 when it imported from Germany the first of six guillotine-style concrete pavement breakers. In 1988 Antigo began operating the 8600 Badger Breaker® and in 1995 introduced the MHB Badger Breaker® to respond to the growing demand for more efficient and effective concrete breaking technology. Today Antigo is the worldwide leader in concrete pavement rehabilitation: concrete rubblization - 45 million square yards (38m m2), crack/break and seat - 82 million square yards (69m m2), break for removal - 106 million square yards (88m m2). Antigo has the equipment, people and experience to get the job done right.",2025-06-26,2025-06-25,False,5e45838d-5efe-4e1d-a355-ded1452cdcba,2026-09-17_page019.json
dragonforce,Johnstone Supply Dallas-Fort Worth,fisscosupply.com,"9050 Autobahn Dr Ste 100, Dallas, Texas, 75237, United States",104362663936,97.2,,"Our team is driven by the opportunity to deliver outstanding service to everyone who may visit our stores. Ethics, partnership and integrity are the main values which moves our business forward. Fissco Supply was born on the expansion of our brazilian parent company, Frigelar North American, Inc. Frigelar North America, Inc. is a 55 years old enterprise, which works with the best suppliers in the world. We are happy to bring the same excellence to the US.","Our team is driven by the opportunity to deliver outstanding service to everyone who may visit our stores. Ethics, partnership and integrity are the main values which moves our business forward. Fissco Supply was born on the expansion of our brazilian parent company, Frigelar North American, Inc. Frigelar North America, Inc. is a 55 years old enterprise, which works with the best suppliers in the world. We are happy to bring the same excellence to the US.",2025-06-26,2025-06-25,False,2868cd8c-2c6d-4a5d-98ff-265288ec37f3,2026-09-17_page019.json
dragonforce,Brown & Brown PC,brown-brown-pc.com,"110 Great Rd Ste 100, Bedford, Massachusetts, United States",111072063488,103.44,,"(Including data of several thousand customers) Brown & Brown, P.C., provides the comprehensive legal service and personal, life-long attention of a general practitioner while ensuring that our clients receive the experienced, specialized attention required in todays complex legal environment.","(Including data of several thousand customers) Brown & Brown, P.C., provides the comprehensive legal service and personal, life-long attention of a general practitioner while ensuring that our clients receive the experienced, specialized attention required in todays complex legal environment.",2025-06-23,2025-06-20,False,14ac7d8c-ad09-49de-a203-b1a672e5333f,2026-09-17_page019.json
dragonforce,Brown & Winters,brownandwinters.com,"2533 S. Coast Highway 101 Suite 270 Cardiff-by-the-Sea, California, 92007-2133",120626102272,112.34,,"(Including customer data and email) Brown & Winters is a specialized environmental and environmental insurance law firm operating in California, serving public entities such as ports, cities, counties, and school districts. With over 30 years of experience, they focus on investigating and remediating contaminated sites under the oversight of various environmental agencies. The firm is a recognized leader in Brownfields Redevelopment and actively contributes to environmental education initiatives for California youths. Their innovative approaches combine environmental remediation funding with insights from insurance archaeology to effectively address complex contamination issues.","(Including customer data and email) Brown & Winters is a specialized environmental and environmental insurance law firm operating in California, serving public entities such as ports, cities, counties, and school districts. With over 30 years of experience, they focus on investigating and remediating contaminated sites under the oversight of various environmental agencies. The firm is a recognized leader in Brownfields Redevelopment and actively contributes to environmental education initiatives for California youths. Their innovative approaches combine environmental remediation funding with insights from insurance archaeology to effectively address complex contamination issues.",2025-06-23,2025-06-16,False,ad8c0bbf-bf7d-4d19-a4af-851d50529785,2026-09-17_page019.json
dragonforce,Hilliard Enterprises,locomotiveparts.net,"25221 AR-365 North, North Little Rock, AR 72113, Arkansas, United States",29095600128,27.1,,"Hilliard Enterprises, Incorporated specializes in the worldwide sale, service, and parts supply for used locomotives and marine engines. They pride themselves on providing world-class service and quality parts tailored to meet the unique needs of each customer. Their extensive inventory includes a variety of used Detroit engines, traction motors, and parts from various manufacturers. Hilliard Enterprises serves a diverse clientele in the locomotive and marine industries, ensuring expert support and solutions.","Hilliard Enterprises, Incorporated specializes in the worldwide sale, service, and parts supply for used locomotives and marine engines. They pride themselves on providing world-class service and quality parts tailored to meet the unique needs of each customer. Their extensive inventory includes a variety of used Detroit engines, traction motors, and parts from various manufacturers. Hilliard Enterprises serves a diverse clientele in the locomotive and marine industries, ensuring expert support and solutions.",2025-06-23,2025-06-23,False,63c3e10c-955c-4d19-b5ae-e7fbb8c7c44a,2026-09-17_page019.json
dragonforce,Agganis Driving School,agganis.com,"580 Main St Ste 208, Reading, Massachusetts, United States",16925540352,15.76,,"Agganis Driving School offers a comprehensive driving program that includes classes, road tests, and specialized training such as defensive driving techniques. The school provides licensed instructors, a fleet of new vehicles, and flexible scheduling options to accommodate diverse learners. They also offer pre-approved vehicle sponsorship for license tests and a unique Parent Awareness Class. Targeting teens and new drivers, Agganis focuses on delivering an elevated driving education experience tailored for safety and professionalism.","Agganis Driving School offers a comprehensive driving program that includes classes, road tests, and specialized training such as defensive driving techniques. The school provides licensed instructors, a fleet of new vehicles, and flexible scheduling options to accommodate diverse learners. They also offer pre-approved vehicle sponsorship for license tests and a unique Parent Awareness Class. Targeting teens and new drivers, Agganis focuses on delivering an elevated driving education experience tailored for safety and professionalism.",2025-06-23,2025-06-21,False,2868ef55-01be-4ccd-aa3b-3776b9132bde,2026-09-17_page019.json
dragonforce,Strait Steel,straitsteel.com,"8400 Molly Pitcher Hwy, Greencastle, Pennsylvania, United States",118214258688,110.1,,"Strait Steel Inc - an AISC Certified Company - specializes in structural steel fabrication with projects varying from 500 tons to 3500 tons, and single projects up to 12,000 tons. As one of the industry leaders in the north east and mid-atlantic regions, Strait Steel takes pride in providing its customers with a quality service which has built our reputation as a premiere fabricator. Strait Steel has been providing a quality product for over 5 decades.","Strait Steel Inc - an AISC Certified Company - specializes in structural steel fabrication with projects varying from 500 tons to 3500 tons, and single projects up to 12,000 tons. As one of the industry leaders in the north east and mid-atlantic regions, Strait Steel takes pride in providing its customers with a quality service which has built our reputation as a premiere fabricator. Strait Steel has been providing a quality product for over 5 decades.",2025-06-17,2025-06-10,False,35e2388d-dda3-4542-8d53-80bf548943df,2026-09-17_page019.json
dragonforce,Clayton Construction,claytonconstruction.net,"121 Venture Blvd Ste A, Spartanburg,South Carolina, United States",105465679872,98.22,,"Clayton Construction Company, Inc. is a leading general contractor in the southeast, boasting over forty years of experience in delivering high-quality construction services. Their extensive portfolio includes projects in various sectors such as industrial, healthcare, educational, and commercial spaces. The company is dedicated to building strong relationships with clients through a comprehensive design/build process and excellent post-construction follow-up. Recognized as one of the fastest-growing companies in South Carolina, Clayton Construction prioritizes safety, quality, and innovative technology in project execution.","Clayton Construction Company, Inc. is a leading general contractor in the southeast, boasting over forty years of experience in delivering high-quality construction services. Their extensive portfolio includes projects in various sectors such as industrial, healthcare, educational, and commercial spaces. The company is dedicated to building strong relationships with clients through a comprehensive design/build process and excellent post-construction follow-up. Recognized as one of the fastest-growing companies in South Carolina, Clayton Construction prioritizes safety, quality, and innovative technology in project execution.",2025-06-17,2025-05-03,False,c0f09458-3d19-4774-83e8-e12cb026df2b,2026-09-17_page019.json
dragonforce,Trackside Services,tracksidesolutions.com,"5045 N 35th St, Milwaukee, Wisconsin, 53209, United States",94119309312,87.66,,"Trackside Services, Inc. manufactures and sells new and remanufactured hydraulic and pneumatic braking systems that eliminate human error, reduce car damage, minimize dwell time and increase capacity by as much as 20 percent. Our equipment is used in railroad freight yards, port authority, mining concerns, coal transfer, automotive and power plants and anywhere car stabilization and speed control are required. Manufactured in the USA, we pride ourselves in: Providing quality products and solutions since 1996. Providing rolling stock energy management. Creating innovative technology to produce efficient and reliable products. Decreasing costs for our customers. Increasing profits for our customers. Providing extensive customer service and support second to none.","Trackside Services, Inc. manufactures and sells new and remanufactured hydraulic and pneumatic braking systems that eliminate human error, reduce car damage, minimize dwell time and increase capacity by as much as 20 percent. Our equipment is used in railroad freight yards, port authority, mining concerns, coal transfer, automotive and power plants and anywhere car stabilization and speed control are required. Manufactured in the USA, we pride ourselves in: Providing quality products and solutions since 1996. Providing rolling stock energy management. Creating innovative technology to produce efficient and reliable products. Decreasing costs for our customers. Increasing profits for our customers. Providing extensive customer service and support second to none.",2025-06-17,2025-05-20,False,eb7facea-6cbe-4a24-8b4d-b9086ef8e089,2026-09-17_page019.json
dragonforce,Pressure Dynamics International,www.pressuredynamics.com,"58 Tarlton Cres, Perth Airport, Western Australia, Australia",114719055872,106.84,,"Pressure Dynamics International is a company that operates in the Industrial Machinery & Equipment industry. It employs 50to99 people and has 10Mto25M of revenue. The company is headquartered in Perth Airport, Western Australia, Australia","Pressure Dynamics International is a company that operates in the Industrial Machinery & Equipment industry. It employs 50to99 people and has 10Mto25M of revenue. The company is headquartered in Perth Airport, Western Australia, Australia",2025-06-17,2025-06-03,False,fb407350-db86-4359-bc29-73c362a6014b,2026-09-17_page019.json
dragonforce,Huesman Schmid Insurance Agency,huesmanschmid.com,"5670 Cheviot Rd, Cincinnati, Ohio, 45247, United States",94533361664,88.04,,"(including client documentation and email) Huesman Schmid Insurance Agency is a company that operates in the Insurance industry. It employs 10to19 people and has 5Mto10M of revenue. The company is headquartered in Cincinnati, Ohio.","(including client documentation and email) Huesman Schmid Insurance Agency is a company that operates in the Insurance industry. It employs 10to19 people and has 5Mto10M of revenue. The company is headquartered in Cincinnati, Ohio.",2025-06-17,2025-05-17,False,65ec0970-249c-4b6f-bc03-cd9d787c275f,2026-09-17_page019.json
dragonforce,TN CPA,thncpa.com,"202 Industrial Blvd Ste 504, Sugar Land, Texas, United States",53722972160,50.03,,"(including databases and email) TN CPA offers expert financial solutions and accounting services tailored for businesses in Texas. Their services include tax planning, cash flow management, part-time CFO services, and strategic business coaching, among others. The company aims to assist small business owners and high net-worth individuals by providing reliable bookkeeping, payroll, and tax-integrated strategies. They focus on empowering clients with insightful data to help spot financial issues and opportunities for growth.","(including databases and email) TN CPA offers expert financial solutions and accounting services tailored for businesses in Texas. Their services include tax planning, cash flow management, part-time CFO services, and strategic business coaching, among others. The company aims to assist small business owners and high net-worth individuals by providing reliable bookkeeping, payroll, and tax-integrated strategies. They focus on empowering clients with insightful data to help spot financial issues and opportunities for growth.",2025-06-17,2025-05-21,False,46271db4-44fd-4d2a-978d-0d9635daa2b4,2026-09-17_page019.json
dragonforce,TSE Industries & WHK Biosystems,tse-industries.com,"5180 113th Ave N, Clearwater, Florida, 33760, United States",148783403008,138.57,,"TSE Industries Inc is a manufacturer of custom-molded plastics, rubber parts, and elastomers. It is based in Clearwater, Florida.","TSE Industries Inc is a manufacturer of custom-molded plastics, rubber parts, and elastomers. It is based in Clearwater, Florida. Established in 2012, WHK BioSystems is a contract manufacturer of single-use process components and assemblies for the biopharmaceutical, life sciences, and medical industries.",2025-06-17,2025-05-24,False,6ab94f22-ba55-46e7-abb0-4f93e56ddd3f,2026-09-17_page019.json
dragonforce,Alaffia,alaffia.com,"6230 Capitol Blvd SE, Tumwater, Washington, 98501, United States",106423496704,99.11,,"Alaffia was founded in 2003 in the Olympia, Washington garage of husband and wife team, Olowo-n'djo Tchala and Prairie Rose Hyde. Alaffia crafts popular beauty and body care products using traditional African methods. Alaffia is ""Fair for Life"" certified by the Institute for Marketecology (IMO), one of the most renowned international inspection and certification agencies for organic and fair trade accountability.","Alaffia was founded in 2003 in the Olympia, Washington garage of husband and wife team, Olowo-n'djo Tchala and Prairie Rose Hyde. Alaffia crafts popular beauty and body care products using traditional African methods. Alaffia is ""Fair for Life"" certified by the Institute for Marketecology (IMO), one of the most renowned international inspection and certification agencies for organic and fair trade accountability.",2025-06-17,2025-05-23,False,671601fe-aefd-4c35-948d-b45106c6a225,2026-09-17_page019.json
dragonforce,Technology Consultants Group,tcgrpinc.com,"424a Boston St, Topsfield, Massachusetts, 01983, Massachusetts, United States",654241792,0.61,,"TCG Sales Technology Consultant Group New, Renew, & Used Systems, Parts We Buy or Trade in Equipment to Recycle, Reuse, or Resell","TCG Sales Technology Consultant Group New, Renew, & Used Systems, Parts We Buy or Trade in Equipment to Recycle, Reuse, or Resell",2025-06-17,2025-05-23,False,6c97690a-fc8c-4d3e-9bfe-c6b5bbd60fcf,2026-09-17_page019.json
dragonforce,coBuilder,cobuilder.com,"Strandveien 12, Lysaker, Akershus, 1366, Norway",46246834176,43.07,,"(including complete databases) Cobuilder is a tech company providing digital solutions for the construction industry, aiming to enhance collaboration, digitalization, and sustainability across the entire value chain. Their offerings include asset data management, digital product passports, and sustainability reporting to meet new requirements. Cobuilder's solutions facilitate seamless information flow among construction stakeholders by integrating with other BIM software through APIs. They also provide consultancy services to develop digital strategies that optimize efficiency and reduce costs.","(including complete databases) Cobuilder is a tech company providing digital solutions for the construction industry, aiming to enhance collaboration, digitalization, and sustainability across the entire value chain. Their offerings include asset data management, digital product passports, and sustainability reporting to meet new requirements. Cobuilder's solutions facilitate seamless information flow among construction stakeholders by integrating with other BIM software through APIs. They also provide consultancy services to develop digital strategies that optimize efficiency and reduce costs.",2025-06-17,2025-06-06,False,82a1de86-1075-45e8-a0ae-ac7c70de8f8f,2026-09-17_page019.json
dragonforce,Equip'LaboFROID,equiplabofroid.com,"3 Rue de la Combe d'Enfer, 21850 Saint-Apollinaire, France",101266681856,94.31,,"Équip'Labo FROID, se positionne en tant que leader sur le marché du matériel des métiers de bouche.","Équip'Labo FROID, se positionne en tant que leader sur le marché du matériel des métiers de bouche.",2025-06-17,2025-05-02,False,43e4697d-6f59-4f1e-bc82-0e6981aa335e,2026-09-17_page019.json
dragonforce,Metropolis Country Club,metropoliscc.org,"289 Dobbs Ferry Rd, White Plains, New York, 10607, United States",110412263424,102.83,,"Metropolis Country Club offers a variety of membership options and recreational activities including golf, racquets, and aquatics. The club features a golf course, professional golf instruction, and amenities such as a clubhouse and dining facilities. It is designed to provide family-oriented activities and private event hosting for its members. The intended clients are individuals and families looking for a comprehensive lifestyle and recreational experience.","Metropolis Country Club offers a variety of membership options and recreational activities including golf, racquets, and aquatics. The club features a golf course, professional golf instruction, and amenities such as a clubhouse and dining facilities. It is designed to provide family-oriented activities and private event hosting for its members. The intended clients are individuals and families looking for a comprehensive lifestyle and recreational experience.",2025-06-17,2025-05-29,False,564e5bf1-e583-4a5d-89fd-2d36e4354e0f,2026-09-17_page019.json
dragonforce,Ess Brothers & Sons,essbrothers.com,"9350 County Road 19 Unit 1, Loretto, Minnesota, United States",30162481152,28.09,,"Ess Brothers and Sons' mission is to provide products and services, in an honorable way, that exceed the expectations and needs of each and every one of our clients. If we don't have a product in stock, we will find it, and if we can't find it, we will make it. Ess Brothers and Sons was establish in 1867 by Joseph Ess and is now in its sixth generation of ownership with Troy and Trent continuing the tradition of excellence established over 148 years ago. From Joseph's establishing a blacksmith and wagon shop to Frank creating a foundry to Edmund and Wallace's vision of supplying municipal castings to Tom's business expansion, the many Ess generations have done what few men do, provide their children with a pathway for a legacy of success.","Ess Brothers and Sons' mission is to provide products and services, in an honorable way, that exceed the expectations and needs of each and every one of our clients. If we don't have a product in stock, we will find it, and if we can't find it, we will make it. Ess Brothers and Sons was establish in 1867 by Joseph Ess and is now in its sixth generation of ownership with Troy and Trent continuing the tradition of excellence established over 148 years ago. From Joseph's establishing a blacksmith and wagon shop to Frank creating a foundry to Edmund and Wallace's vision of supplying municipal castings to Tom's business expansion, the many Ess generations have done what few men do, provide their children with a pathway for a legacy of success.",2025-06-17,2025-05-12,False,feec2605-03c9-4eb7-bbce-63a25b1e0785,2026-09-17_page019.json
dragonforce,Bridgehead,bridgehead.ca,"130 Anderson St, Ottawa, Ontario, K1R 6T7, Canada",14498074624,13.5,,"Bridgehead Coffee specializes in exceptional organic Fairtrade coffee sourced from small-scale farmers. With over 40 years of experience, they emphasize sustainability and ethical practices in their offerings. Their product range includes a variety of coffees, teas, brewing tools, and subscriptions aimed at conscious consumers. They also provide wholesale opportunities and catering services to businesses and organizations.","Bridgehead Coffee specializes in exceptional organic Fairtrade coffee sourced from small-scale farmers. With over 40 years of experience, they emphasize sustainability and ethical practices in their offerings. Their product range includes a variety of coffees, teas, brewing tools, and subscriptions aimed at conscious consumers. They also provide wholesale opportunities and catering services to businesses and organizations.",2025-06-17,2025-05-15,False,983eb7c7-7084-4512-a2c5-8db7689801c6,2026-09-17_page019.json
dragonforce,Clark Mechanical,www.clarkmechanicalinc.com,"30537 Potomac Way Ste 103, Charlotte Hall, Maryland, United States",291154026496,271.16,,"The Clark Mechanical Company, LLC. is a privately owned, full service HVAC contracting firm. We provide a wide range of HVAC and plumbing services to commercial clients. The ""Work hard and take pride in your work"" attitude has been passed down thru the generations. The Clark family has been in the construction industry since 1916.","The Clark Mechanical Company, LLC. is a privately owned, full service HVAC contracting firm. We provide a wide range of HVAC and plumbing services to commercial clients. The ""Work hard and take pride in your work"" attitude has been passed down thru the generations. The Clark family has been in the construction industry since 1916.",2025-06-16,2025-06-21,False,97b3b909-9f5d-4ca4-bf17-eb4eefadee82,2026-09-17_page019.json
dragonforce,AXT,www.atx.com,"4281 Technology Dr, Fremont, California, 94538,United States",493643677696,459.74,"{'id': 2, 'tag': 'Chat'}","AXT, Inc. designs, develops, manufactures, and distributes compound and single element semiconductor substrates. The company offers indium phosphide for use in data center connectivity using light/lasers, high-speed data transfer in data centers, 5G communications, fiber optic lasers and detectors, consumer devices, passive optical networks, silicon photonics, photonic integrated circuits, thermo-photovoltaics, RF amplifier and switching, infrared light-emitting diode (LEDS) motion control, lidar for robotics and autonomous vehicles, and infrared thermal imaging. It also provides semi-insulating gallium arsenide (GaAs) substrates for use in Wi-Fi and IoT devices, transistors, direct broadcast television, power amplifiers, satellite communications, and solar cells; and semi-conducting GaAs substrates that are used in LEDs, screen displays using micro-LEDs, printer head lasers and LEDs, 3-D sensing using VCSELs, data center communication using VCSELs, sensors for industrial robotics/near","AXT, Inc. designs, develops, manufactures, and distributes compound and single element semiconductor substrates. The company offers indium phosphide for use in data center connectivity using light/lasers, high-speed data transfer in data centers, 5G communications, fiber optic lasers and detectors, consumer devices, passive optical networks, silicon photonics, photonic integrated circuits, thermo-photovoltaics, RF amplifier and switching, infrared light-emitting diode (LEDS) motion control, lidar for robotics and autonomous vehicles, and infrared thermal imaging. It also provides semi-insulating gallium arsenide (GaAs) substrates for use in Wi-Fi and IoT devices, transistors, direct broadcast television, power amplifiers, satellite communications, and solar cells; and semi-conducting GaAs substrates that are used in LEDs, screen displays using micro-LEDs, printer head lasers and LEDs, 3-D sensing using VCSELs, data center communication using VCSELs, sensors for industrial robotics/near",2025-06-16,2025-06-24,False,9370c522-cc0b-4a53-8d97-5f2f7b1b99ea,2026-09-17_page019.json
dragonforce,Strafford County NH,www.strafford.nh.us,"259 County Farm Rd Unit 204, Dover, New Hampshire,United States",891239268352,830.03,"{'id': 2, 'tag': 'Chat'}","Strafford County is a county in the U.S. state of New Hampshire. As of the 2020 census, the population was 130,889. Its county seat is Dover. Strafford County was one of the five original counties identified for New Hampshire in 1769.","Strafford County is a county in the U.S. state of New Hampshire. As of the 2020 census, the population was 130,889. Its county seat is Dover. Strafford County was one of the five original counties identified for New Hampshire in 1769.",2025-06-16,2025-06-21,False,b15ffbab-08b6-41cd-bb4e-1237a8204c7b,2026-09-17_page019.json
dragonforce,Statesman Business Advisors,statesmanbiz.com,"1900 West Loop South, Suite 850 Houston, TX 77027-3238, Texas, United States, 512-372-1000",123185418249,114.73,"{'id': 2, 'tag': 'Chat'}","Another law firm that not only cannot protect confidential customer data, but after the leak, instead of negotiations, happily went to receive insurance compensation for itself. How will hundreds of their clients who have lost their confidential information react to this? How much damage will this do to their business? We don't know that. Just as we don't know how the insurance company will react when it finds out that its client intentionally increased the damage by refusing to engage in dialogue.","Another law firm that not only cannot protect confidential customer data, but after the leak, instead of negotiations, happily went to receive insurance compensation for itself. How will hundreds of their clients who have lost their confidential information react to this? How much damage will this do to their business? We don't know that. Just as we don't know how the insurance company will react when it finds out that its client intentionally increased the damage by refusing to engage in dialogue.",2025-04-24,2025-04-29,False,d6ddd9b2-6d7d-41db-ade4-497fc20f893f,2026-09-17_page020.json
dragonforce,Beaumont Products,citrusmagic.com,"1560 Big Shanty Dr NW, Kennesaw, Georgia, 30144, United States",23284469556,21.69,"{'id': 2, 'tag': 'Chat'}","Founded in 1991, Georgia, Beaumont Products Inc. manufactures consumer products designed for air care, specialty cleaning and personal care. Located in Kennesaw, Georgia.","Founded in 1991, Georgia, Beaumont Products Inc. manufactures consumer products designed for air care, specialty cleaning and personal care. Located in Kennesaw, Georgia.",2025-04-24,2025-04-29,False,ab0404e0-4951-4b50-b659-b817fa2bc3de,2026-09-17_page020.json
dragonforce,RRS Foodservice,rrsfoodservice.com,"201 Haley Rd, Ashland, Virginia, 23005, United States",27855019523,25.94,"{'id': 2, 'tag': 'Chat'}","RRS Foodservice has all of the products you need to successfully operate your Quick Serve Restaurant, Deli, or Convenience Store. We can supply you with the best products to accommodate fast service, as well as a full line of take out supplies to keep your customers on the go. Benefits of RRS Foodservice: We can accommodate all of your menu needs, including paper supplies, chemicals, and produce We offer online ordering for your convenience In addition to your sales consultant, we have a helpful inside sales support team Free rebate tracking and reporting","RRS Foodservice has all of the products you need to successfully operate your Quick Serve Restaurant, Deli, or Convenience Store. We can supply you with the best products to accommodate fast service, as well as a full line of take out supplies to keep your customers on the go. Benefits of RRS Foodservice: We can accommodate all of your menu needs, including paper supplies, chemicals, and produce We offer online ordering for your convenience In addition to your sales consultant, we have a helpful inside sales support team Free rebate tracking and reporting",2025-04-22,2025-05-19,False,7a313d13-eb6b-4e58-b774-34f1c657f22d,2026-09-17_page020.json
dragonforce,City of Grove,www.cityofgroveok.gov,"104 W 3rd St Rm 5, Grove, Oklahoma, 74344, United States",84744086151,78.92,,"City of Grove is a company that operates in the Government industry. It employs 10to19 people and has 500Kto1M of revenue. The company is headquartered in Grove, Oklahoma.","City of Grove is a company that operates in the Government industry. It employs 10to19 people and has 500Kto1M of revenue. The company is headquartered in Grove, Oklahoma.",2025-04-16,2025-04-30,False,c311eca0-65d5-4000-a613-4bce06108111,2026-09-17_page020.json
dragonforce,Iris ID,www.irisid.com,"8 Clarke Dr, Cranbury, New Jersey, 08512, United States",219756415876,204.66,,"Iris ID Systems develops, markets, sells, and distributes iris recognition technology products worldwide. The company also offers access control, time and attendance, public safety and justice, transportation and immigration, and national identity solutions. Iris ID Systems was founded in 1997 and is based in Cranbury, New Jersey.","Iris ID Systems develops, markets, sells, and distributes iris recognition technology products worldwide. The company also offers access control, time and attendance, public safety and justice, transportation and immigration, and national identity solutions. Iris ID Systems was founded in 1997 and is based in Cranbury, New Jersey.",2025-04-16,2025-04-28,False,8eb9b1f8-f124-4dfc-8e5f-19fb437f2585,2026-09-17_page020.json
dragonforce,Setpoint Systems,www.setpointsystems.com,"8167 Southpark Cir Ofc Ext 238, Littleton, Colorado, United States",160842019646,149.8,,"Setpoint Systems is a lean automation integration firm providing engineering, design, build, and controls experts for turn key custom automated solutions using the Toyota Production System (TPS) methodology. Since 1992 Setpoint has designed, manufactured, and marketed automated manufacturing equipment to increase productivity and quality for companies in a variety of industries. Setpoint has developed a methodology and system that mitigates customers risk and maximizes the customers return on investment.","Setpoint Systems is a lean automation integration firm providing engineering, design, build, and controls experts for turn key custom automated solutions using the Toyota Production System (TPS) methodology. Since 1992 Setpoint has designed, manufactured, and marketed automated manufacturing equipment to increase productivity and quality for companies in a variety of industries. Setpoint has developed a methodology and system that mitigates customers risk and maximizes the customers return on investment.",2025-04-15,2025-04-27,False,816d47f3-8966-41b4-9475-3c1d00afd396,2026-09-17_page020.json
dragonforce,Pratt Homes,pratthomes.com,"3500 Willow Lake Blvd Ste 100, Vadnais Heights,Minnesota, United States",103266205548,96.17,,"Check out the videos below to learn more about our home selection, design, and building processes. Our company has always been a family affair ever since Uncle Doug moved into the first official Pratt Home in Scandia in 1973. Each newly married and with student loans to pay off, brothers Len and Lowell banded together, determined to create a legacy. They hired relatives and school friends as their business grew through the first start-up years. Now, nearly 1,000 families have chosen to make their dream homes with us, and we feel a deep sense of pride knowing that each home was built to our high standards and with our philosophy of quality construction and customer satisfaction. In 1976, the Pratts began the development side of their business with five homes in Forest Lake. Three years later, they commenced with their first large-scale project: Birch Lake Woods, building over 60 single family homes and 128 multiple condo units in White Bear Lake.","Check out the videos below to learn more about our home selection, design, and building processes. Our company has always been a family affair ever since Uncle Doug moved into the first official Pratt Home in Scandia in 1973. Each newly married and with student loans to pay off, brothers Len and Lowell banded together, determined to create a legacy. They hired relatives and school friends as their business grew through the first start-up years. Now, nearly 1,000 families have chosen to make their dream homes with us, and we feel a deep sense of pride knowing that each home was built to our high standards and with our philosophy of quality construction and customer satisfaction. In 1976, the Pratts began the development side of their business with five homes in Forest Lake. Three years later, they commenced with their first large-scale project: Birch Lake Woods, building over 60 single family homes and 128 multiple condo units in White Bear Lake.",2025-04-14,2025-04-27,False,c70a4dd5-52f8-4f36-9e69-1f701744f65b,2026-09-17_page020.json
dragonforce,Pryor Morrow,pryor-morrow.com,"102 Rosecrest Dr, Columbus, MS 39701, United States",109486306467,101.97,,"Pryor Morrow is a firm specializing in architecture, engineering, and interior design, focused on serving schools, governments, and recreational facilities. With a commitment to building strong relationships, the company prioritizes client needs and aims to create impactful community spaces that enhance people's lives. Their experienced team, boasting over 200 years of combined experience, strives to deliver exceptional results while mentoring the next generation of designers. By designing innovative structures, they aim to leave a lasting legacy for future generations.","Pryor Morrow is a firm specializing in architecture, engineering, and interior design, focused on serving schools, governments, and recreational facilities. With a commitment to building strong relationships, the company prioritizes client needs and aims to create impactful community spaces that enhance people's lives. Their experienced team, boasting over 200 years of combined experience, strives to deliver exceptional results while mentoring the next generation of designers. By designing innovative structures, they aim to leave a lasting legacy for future generations.",2025-04-14,2025-04-27,False,c0be1d83-9493-4d6a-8730-90f3e043af47,2026-09-17_page020.json
dragonforce,KraftKisarna,kraftkisarna.se,"Fågelsångsvägen 22, 186 42 Vallentuna",107123567648,99.77,,"We at KraftKisarna mainly carry out electrical control and fire alarm installations, and maintain railways and train stations around Sweden.","We at KraftKisarna mainly carry out electrical control and fire alarm installations, and maintain railways and train stations around Sweden. We also carry out complete electrical installations in infrastructure, lighting and power in track and track-related environments, associated peripheral areas such as walking – cycle paths and welcoming green areas. Also bridge, tunnel and platform work. Our staff has good experience and is specially trained to work safely on track and track environments. Despite our young age as a company, we have been able to carry out a large number of projects in the field of railways throughout Sweden. Our primary end customers are the Swedish Transport Administration, municipalities and industries.",2025-04-14,2025-04-17,False,0a63d947-b905-49c3-8877-0b20d7f22c4b,2026-09-17_page020.json
dragonforce,Ossman Consultants Limited,ossman.co.uk,591 London Road Cheam Sutton SM3 9AG 0208 330 7711 info@ossman.co.uk www.ossman.co.uk,105705552578,98.45,,,"Ossman Consultants Limited is one of London's leading accountancy firms. We are an established company with over 20 years experience in the industry. We are based in Kew Gardens and have clients from a much wider area. We provide our services to all kinds of businesses, fromstart-ups and small companies through to medium and large enterprises. With our experience, we help your business grow and face the challenges with you, as well as developing it into a successful operation. At Ossman Consultants Limited we are committed to providing you with a service tailored to your individual needs. We keep track of all the essentials for you, and we provide effective, innovative advice on how to add value to your personal, business or family finance. We believe in growth through excellent, efficient service. We build relationships by empowering ourselves to give you confidence. We focus on you to exceed expectations.",2025-04-12,2025-04-21,False,3298eaf0-94e0-478a-945f-696e5f8eceb1,2026-09-17_page020.json
dragonforce,Harris Steel,www.harrissteelco.com,"1223 S 55th Ct, Cicero, Illinois, 60804, United States",62238991022,57.96,,"Harris Steel Company is a steel slitting and processing manufacturer that has been operating since 1950, focusing on building long-term relationships with customers and suppliers. The company emphasizes the importance of competing in the market and continuously improving its knowledge of products and capabilities. Harris Steel is dedicated to maintaining a reputation for consistent performance aligned with its business philosophies. The company aims to elevate standards through ongoing improvement at both individual and company levels.","Harris Steel Company is a steel slitting and processing manufacturer that has been operating since 1950, focusing on building long-term relationships with customers and suppliers. The company emphasizes the importance of competing in the market and continuously improving its knowledge of products and capabilities. Harris Steel is dedicated to maintaining a reputation for consistent performance aligned with its business philosophies. The company aims to elevate standards through ongoing improvement at both individual and company levels.",2025-04-09,2025-04-17,False,df7682c7-edcf-4067-9ace-eff479755b98,2026-09-17_page020.json
dragonforce,Service Trade SpA,stitaly.it,"Via Larga 15, Milano, Lombardy, 20122, Italy",96498414789,89.87,,"Service Trade SpA is a company that operates in the Consumer Electronics & Computers Retail industry. It employs 50to99 people and has 5Mto10M of revenue. The company is headquartered in Milano, Lombardy, Italy.","Service Trade SpA is a company that operates in the Consumer Electronics & Computers Retail industry. It employs 50to99 people and has 5Mto10M of revenue. The company is headquartered in Milano, Lombardy, Italy.",2025-04-09,2025-04-20,False,7a64ab1f-81f9-4946-b694-61fd87b6c560,2026-09-17_page020.json
dragonforce,Miller & Caggiano,millercaggiano.com,"1 Old Country Rd Ste 265, Carle Place, New York, United States",110194975695,102.63,,"Miller Caggiano & Kaplan, LLP. is a law firm that was created out of a deep-rooted desire to assist the injured and disabled worker with the sometimes frustrating legal process associated with disability claims. Before embarking on their legal careers, the partners at Miller Caggiano & Kaplan had vast experience with organized labor. This experience included working within labor unions such as the Sheet Metal Workers International Association Local 137 and the Communication Workers of America Local 1104. In fact, Greg Caggiano was a shop steward with Local 1104 for many years and brings this experience in working towards protecting the rights of injured workers and their families. The attorneys at Miller Caggiano & Kaplan, LLP. have dedicated their entire legal careers to advocating for the injured and disabled.","Miller Caggiano & Kaplan, LLP. is a law firm that was created out of a deep-rooted desire to assist the injured and disabled worker with the sometimes frustrating legal process associated with disability claims. Before embarking on their legal careers, the partners at Miller Caggiano & Kaplan had vast experience with organized labor. This experience included working within labor unions such as the Sheet Metal Workers International Association Local 137 and the Communication Workers of America Local 1104. In fact, Greg Caggiano was a shop steward with Local 1104 for many years and brings this experience in working towards protecting the rights of injured workers and their families. The attorneys at Miller Caggiano & Kaplan, LLP. have dedicated their entire legal careers to advocating for the injured and disabled.",2025-04-09,2025-04-18,False,b74f165d-5701-4c03-a9b4-490e69e0591a,2026-09-17_page020.json
dragonforce,Coulter & Tateoka,dac-law.com,"11576 S State St Ste 503, Draper, Utah, 84020, United States",111062596983,103.44,,"Coulter Tateoka Attorneys At Law is a law firm based in Draper, Utah, specializing in Business and Real Estate law. They offer a wide range of legal services to individuals and small businesses across Utah and the West, including estate planning and personal injury assistance. The firm is dedicated to providing personalized service to meet the legal needs of their clients and to assist in both preventive and dispute resolution strategies. With a focus on cost-effective solutions, their experienced attorneys aim to achieve the best outcomes for their clients.","Coulter Tateoka Attorneys At Law is a law firm based in Draper, Utah, specializing in Business and Real Estate law. They offer a wide range of legal services to individuals and small businesses across Utah and the West, including estate planning and personal injury assistance. The firm is dedicated to providing personalized service to meet the legal needs of their clients and to assist in both preventive and dispute resolution strategies. With a focus on cost-effective solutions, their experienced attorneys aim to achieve the best outcomes for their clients.",2025-04-07,2025-04-20,False,d051a873-45a4-4099-9e5f-4f8e5f1ac1ad,2026-09-17_page020.json
dragonforce,Precision Textiles,www.precisiontextiles-usa.com,"200 Maltese Dr, Totowa, New Jersey, 07512, United Sates",510392370072,475.34,,"Founded in 1987, Totowa, New Jersey-based Precision Textiles is a global supplier of coated fabrics, nonwovens and laminates for companies in the mattress, home furnishings, automotive and health care industries, as well as military apparel. With a specialized emphasis on flame retardant compliant materials designed for use in mattresses and sleep products, the company manufactures its family of products at its 250,000-square-foot headquarters that includes a state-of-the-art laboratory, factory and warehouse. The company also holds four additional warehouses strategically located in the U.S., as well as a warehouse in Asia.","Founded in 1987, Totowa, New Jersey-based Precision Textiles is a global supplier of coated fabrics, nonwovens and laminates for companies in the mattress, home furnishings, automotive and health care industries, as well as military apparel. With a specialized emphasis on flame retardant compliant materials designed for use in mattresses and sleep products, the company manufactures its family of products at its 250,000-square-foot headquarters that includes a state-of-the-art laboratory, factory and warehouse. The company also holds four additional warehouses strategically located in the U.S., as well as a warehouse in Asia.",2025-04-07,2025-04-22,False,10142b98-67a7-4d87-bdb4-341c445d18b3,2026-09-17_page020.json
dragonforce,Texla Energy Management,www.texlaenergy.com,"1100 Louisiana St Ste 4700, Houston, Texas, 770.",10356168182,9.64,,"Texla Energy Management, Inc. is a privately-held energy marketing company based out of Houston, Texas","Texla Energy Management, Inc. is a privately-held energy marketing company based out of Houston, Texas",2025-04-04,2025-04-12,False,08cbb8f1-7f20-41d4-9723-3df3fbdf2caf,2026-09-17_page020.json
dragonforce,IACC Holdings,iacc.holdings,"Plot (45b) 4th Floor, North 90 Street, 5th Settlement, New Cairo, Egypt, 11835",29797861231,27.75,,"IACC Holdings is a privately owned investment company with a focus on shipping and logistics. Our origins trace back to 1979, when industry pioneer Mostafa El Ahwal founded International Associated Cargo Carrier (IACC). Decades of being at the forefront of the Egyptian and regional markets, has poised IACC Holdings to take a leadership role in investing in, and developing the regional and global supply chain.","IACC Holdings is a privately owned investment company with a focus on shipping and logistics. Our origins trace back to 1979, when industry pioneer Mostafa El Ahwal founded International Associated Cargo Carrier (IACC). Decades of being at the forefront of the Egyptian and regional markets, has poised IACC Holdings to take a leadership role in investing in, and developing the regional and global supply chain.",2025-04-04,2025-04-10,False,078042f8-10cf-4064-98b5-838d5f42301f,2026-09-17_page020.json
dragonforce,Condista,www.condista.com,"2105 NW 102nd Ave Ste 3, Miami, Florida, 33172, United States",199195764034,185.52,,"Condista specializes in Spanish language pay TV and caters to the U.S. Hispanic and Latin American markets. They offer a diverse portfolio that includes traditional TV channels, fast channels, SVOD platforms, and extensive ad sales services aimed at maximizing ROI. The company represents nearly 30 TV stations from Latin America and Europe, targeting the expanding Hispanic community in the U.S. Additionally, Condista provides media services through Condista Labs, supporting global content providers to enhance their distribution.","Condista specializes in Spanish language pay TV and caters to the U.S. Hispanic and Latin American markets. They offer a diverse portfolio that includes traditional TV channels, fast channels, SVOD platforms, and extensive ad sales services aimed at maximizing ROI. The company represents nearly 30 TV stations from Latin America and Europe, targeting the expanding Hispanic community in the U.S. Additionally, Condista provides media services through Condista Labs, supporting global content providers to enhance their distribution.",2025-04-03,2025-04-14,False,c87cc477-9ded-44db-898a-f68ff3a42713,2026-09-17_page020.json
dragonforce,Altara,altara.com,"3430 American River Drive, Suite 200 Sacramento, CA 95864 US Contact: Gregory Kaeser (877) 374-4377 x3712",106481077730,99.17,,Altara is a global Microsoft Dynamics Gold Certified partner recognized for providing outstanding ERP & CRM implementations and Microsoft expertise. Our relentless pursuit of customer satisfaction and ability to implement customer specific solutions backed with unparalleled support places us in the top Microsoft Dynamics partners worldwide. What makes Altara a leading Microsoft® Dynamics provider also makes us a valuable partner in furthering the success of our clients’ businesses.,Altara is a global Microsoft Dynamics Gold Certified partner recognized for providing outstanding ERP & CRM implementations and Microsoft expertise. Our relentless pursuit of customer satisfaction and ability to implement customer specific solutions backed with unparalleled support places us in the top Microsoft Dynamics partners worldwide. What makes Altara a leading Microsoft® Dynamics provider also makes us a valuable partner in furthering the success of our clients’ businesses.,2025-04-01,2025-04-27,False,8d18c198-7943-4296-9340-7b29d674fb09,2026-09-17_page020.json
dragonforce,National Electronic Transit (N.E.T),net-move.com,"230 Clay Ave, Lyndhurst, NJ 07071, USA +1 201-939-6500",84595432224,78.79,,"Located in Lyndhurst, NJ, National Electronic Transit (N.E.T) specializes in high-value specialized delivery and print production logistics","Located in Lyndhurst, NJ, National Electronic Transit (N.E.T) specializes in high-value specialized delivery and print production logistics",2025-04-01,2025-04-04,False,bdac5791-13f7-4292-95b1-86939129e8fe,2026-09-17_page020.json
dragonforce,Dermatology Solutions,www.dermatologysolutions.com,"14071 Metropolis Ave, Fort Myers, Florida, 3391 United States",84157597533,78.38,,"At Dermatology Solutions, we provide the highest quality dermatology care, aesthetic and cosmetic dermatology, and now Mohs surgery to the community of Fort Myers, Florida and surrounding areas. Our office specializes in skin care to help you attain healthy and beautiful skin. Whether you are seeking medical care for a problematic skin condition or you simply want to preserve and enhance your skin's youthful glow, our team of medical professionals is committed to providing you with exceptional care for your skin care needs","At Dermatology Solutions, we provide the highest quality dermatology care, aesthetic and cosmetic dermatology, and now Mohs surgery to the community of Fort Myers, Florida and surrounding areas. Our office specializes in skin care to help you attain healthy and beautiful skin. Whether you are seeking medical care for a problematic skin condition or you simply want to preserve and enhance your skin's youthful glow, our team of medical professionals is committed to providing you with exceptional care for your skin care needs",2025-03-31,2025-04-10,False,dce64b94-35eb-4556-8953-a02f816ec76e,2026-09-17_page020.json
dragonforce,Industrial Dynamics,industrialdynamics.com,"405 Gordon Dr, Exton, Pennsylvania, 19341, United States",62108172274,57.84,,"Industrial Dynamics Co specializes in flow measurement and management products, offering liquid flowmeters, totalizers, valves, filters, and customized systems for various industrial applications. With over 40 years of experience, the company serves a wide range of sectors including chemical, food and beverage, and pharmaceuticals. They provide not only products but also application assistance and control systems tailored to meet specific customer needs. Industrial Dynamics Co represents multiple leading manufacturers, ensuring a comprehensive inventory and repair support.","Industrial Dynamics Co specializes in flow measurement and management products, offering liquid flowmeters, totalizers, valves, filters, and customized systems for various industrial applications. With over 40 years of experience, the company serves a wide range of sectors including chemical, food and beverage, and pharmaceuticals. They provide not only products but also application assistance and control systems tailored to meet specific customer needs. Industrial Dynamics Co represents multiple leading manufacturers, ensuring a comprehensive inventory and repair support.",2025-03-31,2025-04-11,False,437fcffe-3a59-475c-9266-f43e7422973b,2026-09-17_page020.json
dragonforce,Southern Avionics,southernavionics.com,"5055 Belmont St, Beaumont, Texas, 77707, United States",106076441265,98.79,,"Southern Avionics specializes in marine and aviation navigation aids, including Non-Directional Beacon (NDB) production and support, serving a variety of operational needs worldwide. Their product lineup includes NDB transmitters, DGPS systems, antenna tuning units, and a range of accessories tailored for both industrial, civil, and military applications. The company also provides extensive services such as technical support, equipment training, field engineering, and onsite assistance for NDB and DGPS systems. With over six decades of experience in the industry, Southern Avionics continues to enhance their products to ensure safe and reliable navigation solutions.","Southern Avionics specializes in marine and aviation navigation aids, including Non-Directional Beacon (NDB) production and support, serving a variety of operational needs worldwide. Their product lineup includes NDB transmitters, DGPS systems, antenna tuning units, and a range of accessories tailored for both industrial, civil, and military applications. The company also provides extensive services such as technical support, equipment training, field engineering, and onsite assistance for NDB and DGPS systems. With over six decades of experience in the industry, Southern Avionics continues to enhance their products to ensure safe and reliable navigation solutions.",2025-03-31,2025-04-08,False,66a7f780-8c85-4024-93fc-094d5f43b967,2026-09-17_page020.json
dragonforce,Talley Metal Fabrication,jtalleycorp.com,"989 W 7th St, San Jacinto, California, 92582, United States",36795250654,34.27,,"Talley Metal Fabrication, located in Southern California, specializes in high-quality structural steel, ornamental iron, electric gates, and custom metal fabrication. Since 1962, the company has been a leader in iron fabrication, providing premier craftsmanship and reliable results. Their offerings include customizable electric gates and a strong commitment to quality in ornamental iron products. Talley Metal Fabrication serves clients looking for high-quality metal solutions in various industries.","Talley Metal Fabrication, located in Southern California, specializes in high-quality structural steel, ornamental iron, electric gates, and custom metal fabrication. Since 1962, the company has been a leader in iron fabrication, providing premier craftsmanship and reliable results. Their offerings include customizable electric gates and a strong commitment to quality in ornamental iron products. Talley Metal Fabrication serves clients looking for high-quality metal solutions in various industries.",2025-03-31,2025-04-08,False,1d42c65c-a4f8-4282-8f66-eb107cc99767,2026-09-17_page020.json
dragonforce,Atlanta Plastic & Reconstructive Specialists,atlplasticsurgeon.com,"5673 Peachtree Dunwoody Rd Ste 870, Atlanta, Georgia, United States",89579818566,83.43,,"Atlanta Plastic & Reconstructive Specialists offers a team of board-certified plastic surgeons to serve you. All of our doctors have years of education and experience! In case that wasn't enough, Atlanta Plastic & Reconstructive Specialists offers the only triple board-certified plastic surgeon in the United States. You are a person, not a procedure! At Atlanta Plastic & Reconstructive Specialists, the doctors take the time to get to know the clients and fully understand their goals for cosmetic surgery. A person's happiness comes first, that is why you'll never be rushed through haphazardly at Atlanta Plastic & Reconstructive Specialists. Atlanta Plastic & Reconstructive Specialists is dedicated to safety. They use only the finest materials and modern techniques to ensure you the highest quality as well as top-notch safety. To ensure further safety for their clients, Atlanta Plastic & Reconstructive Specialists office is located in the medical office building of St. Joseph's Hospital","Atlanta Plastic & Reconstructive Specialists offers a team of board-certified plastic surgeons to serve you. All of our doctors have years of education and experience! In case that wasn't enough, Atlanta Plastic & Reconstructive Specialists offers the only triple board-certified plastic surgeon in the United States. You are a person, not a procedure! At Atlanta Plastic & Reconstructive Specialists, the doctors take the time to get to know the clients and fully understand their goals for cosmetic surgery. A person's happiness comes first, that is why you'll never be rushed through haphazardly at Atlanta Plastic & Reconstructive Specialists. Atlanta Plastic & Reconstructive Specialists is dedicated to safety. They use only the finest materials and modern techniques to ensure you the highest quality as well as top-notch safety. To ensure further safety for their clients, Atlanta Plastic & Reconstructive Specialists office is located in the medical office building of St. Joseph's Hospital",2025-03-31,2025-04-07,False,37322c2a-bdec-49a0-b56e-3cd2d2884f63,2026-09-17_page021.json
dragonforce,Phil Smith Automotive Group,www.philsmithauto.com,"4250 N Federal Hwy, Lighthouse Point, Florida, United States",384859051476,358.43,,"Phil Smith Automotive Group, headquartered in Lighthouse Point, Florida, is a dealership that sells and services Acura, Kia, Dodge, Jeep, Subaru, Chevrolet, Chrysler, Toyota, Mercedes-Benz, Ford, Lincoln, Hyundai, Nissan, and Ram vehicles.","Phil Smith Automotive Group, headquartered in Lighthouse Point, Florida, is a dealership that sells and services Acura, Kia, Dodge, Jeep, Subaru, Chevrolet, Chrysler, Toyota, Mercedes-Benz, Ford, Lincoln, Hyundai, Nissan, and Ram vehicles.",2025-03-29,2025-04-07,False,c54d3491-9047-448a-b6bc-348694e74e35,2026-09-17_page021.json
dragonforce,Thaon-les-Vosges,thaonlesvosges.fr,"6 avenue des Fusillés 88150 Thaon-les-Vosges, France",9821177138,9.15,,Municipality of the commune of Thaon-les-Vosges,Municipality of the commune of Thaon-les-Vosges,2025-03-26,2025-04-02,False,f33b8474-76b9-4377-bbd3-6fc111681d07,2026-09-17_page021.json
dragonforce,architekturbuero-heller.de,architekturbuero-heller.de,Am Stadthafen 16 17235 Neustrelitz Tel: 03981-23 85 75 Fax: 03981-238577,103373942641,96.27,,"Our buildings differ not only in their appearance or location, but above all in the individual needs and ideas of our clients.","Our buildings differ not only in their appearance or location, but above all in the individual needs and ideas of our clients. In order to meet the high standards of this maxim, it is not just a matter of combining current forms or reflecting a trendy style. We do not pick up on fads, but design buildings that reflect the individuality of their users and enhance their quality of life on a daily basis.",2025-03-22,2025-03-26,False,71f21939-be4e-4593-a516-3e2fbcc7851d,2026-09-17_page021.json
dragonforce,Colemanmaterials,www.colemanmaterials.com,"3702 W Dora Ave, Wichita, Kansas, 67213, United States",144875608284,134.93,,"Coleman Materials is a concrete materials supplier that aims to redefine the expectations of contractors regarding such suppliers. They offer a wide range of products, including rebar, masonry, thermal moisture, and construction products. Their commitment to hard work and fast delivery helps ensure they meet every promise made to their clients. They primarily serve contractors in the construction industry, providing innovative solutions and reliable materials","Coleman Materials is a concrete materials supplier that aims to redefine the expectations of contractors regarding such suppliers. They offer a wide range of products, including rebar, masonry, thermal moisture, and construction products. Their commitment to hard work and fast delivery helps ensure they meet every promise made to their clients. They primarily serve contractors in the construction industry, providing innovative solutions and reliable materials",2025-03-20,2025-03-27,False,7ed871f8-ec9a-459a-8712-8d9ccded941a,2026-09-17_page021.json
dragonforce,Yadea Group Holdings Ltd,yadea.com,"31/F, Tower Two, Times Square, 1 Matheson Street, Causeway Bay, Hong Kong",1205433652658,1122.65,,Stock Code 1585 for Hong Kong Exchanges. One of the leaders in the production of electric bicycles and electric motorcycles in China.,"Stock Code 1585 for Hong Kong Exchanges. One of the leaders in the production of electric bicycles and electric motorcycles in China. Yadea Group Holdings Ltd is an investment holding company principally engaged in the production and sales of electric two-wheelers and related accessories. The Company operates two segments. Electric Two-wheeled Vehicles and Related Accessories segment is principally engaged in the research and development, manufacturing and sales of electric two-wheeled vehicles and related accessories. Batteries segment is mainly engaged in the production and sales of batteries. The Company's products include Guanneng series, three-wheel series, motorcycle series, scooter series, classic series, and others. The Company's products are exported to other countries in Southeast Asia, including the Philippines, Thailand, Malaysia, Laos, and others.",2025-03-17,2025-03-31,False,31e94519-8c96-4b1e-8a85-699e7bc27ea4,2026-09-17_page021.json
dragonforce,DTS -services,dtsservices.uk,"UK, London, St Dts, 112",2291413857,2.13,,"Car repair, car service, sales and etc.","Car repair, car service, sales and etc.",2025-03-16,2025-03-27,False,b8edf6a4-8eda-4668-89a8-f88afe158493,2026-09-17_page021.json
dragonforce,Moncaro,moncaro.com,"Via Madonna del Piano, 7/a, 60036 Montecarotto AN, Italy",207765342444,193.5,,"Moncaro is comfortably established in its territory thanks to its agriculturalists and its vineyards. The company plays an important role in the development of economic activities linked to tradition and land, such as viniculture. Committed to the research and conservation of the biodiversity of the many micro-environments of Le Marche region, Moncaro is a fundamental custodian of the memory of this land, a contributor to the maintenance of the economic and social structures and, consequently, of the landscape. Projects conducted by Moncaro, in collaboration with various universities, have led to the selection of local yeasts and to the identification, study and replanting of clones of early Verdicchio vines planted in these hills in bygone times. Moncaro also provides ongoing support to associations and initiatives connected to the culture and history of the territory.","Moncaro is comfortably established in its territory thanks to its agriculturalists and its vineyards. The company plays an important role in the development of economic activities linked to tradition and land, such as viniculture. Committed to the research and conservation of the biodiversity of the many micro-environments of Le Marche region, Moncaro is a fundamental custodian of the memory of this land, a contributor to the maintenance of the economic and social structures and, consequently, of the landscape. Projects conducted by Moncaro, in collaboration with various universities, have led to the selection of local yeasts and to the identification, study and replanting of clones of early Verdicchio vines planted in these hills in bygone times. Moncaro also provides ongoing support to associations and initiatives connected to the culture and history of the territory.",2025-03-15,2025-03-27,False,b17de842-bd2c-4870-b9af-0711f49a6d0e,2026-09-17_page021.json
dragonforce,Kleen-Pak Products,kleen-pak.com,"2 Loyang Ln, #04-03 Loyang Industrial Estate 508913, Singapore",215960143268,201.13,,"Started in 2003, Kleen-Pak Products Pte Ltd is a leading supplier in Southeast Asia through the design, testing, manufacturing, marketing and distribution of premium quality branded and private-label hygienic products such as wet wipes, pre-moistened beauty mask sheets, sachet products and wiper sheets. We have a very large portfolio of hygienic products from housebrands to private-labels & contract packaging across a wide variety of applications. Our operations & manufacturing facility in Singapore is ISO9001:2008 certified by SGS International and cosmetic GMP certified by the Health Sciences Authority of the Ministry of Health. Kleen-Pak is constantly developing innovative hygienic products for new applications for our housebrands and private-label customers. Our housebrands are available in different categories through NUFRESH and BELLO in personal care, MYGENIE and CHAMPS in baby care, KLEEN-UP in home care and BEST FRIENDS in pet care.","Started in 2003, Kleen-Pak Products Pte Ltd is a leading supplier in Southeast Asia through the design, testing, manufacturing, marketing and distribution of premium quality branded and private-label hygienic products such as wet wipes, pre-moistened beauty mask sheets, sachet products and wiper sheets. We have a very large portfolio of hygienic products from housebrands to private-labels & contract packaging across a wide variety of applications. Our operations & manufacturing facility in Singapore is ISO9001:2008 certified by SGS International and cosmetic GMP certified by the Health Sciences Authority of the Ministry of Health. Kleen-Pak is constantly developing innovative hygienic products for new applications for our housebrands and private-label customers. Our housebrands are available in different categories through NUFRESH and BELLO in personal care, MYGENIE and CHAMPS in baby care, KLEEN-UP in home care and BEST FRIENDS in pet care.",2025-03-15,2025-05-19,False,f94b5aaf-fd88-4f58-b3ba-d3c630ed0a7c,2026-09-17_page021.json
dragonforce,E Leet Woodworking,eleetwoodworking.com,"10175 3 Mile Rd, Plainwell, Michigan, 49080, United States",6330522471,5.9,,"E. Leet Woodworking custom designs and fabricates unique and high-quality wood products for businesses using precise CNC woodworking technology. Their services include CNC machining of wood, composites, and metal with decades of fine woodworking expertise. Located in the United States, they offer unlimited opportunities for developing new products through a partnership, aiming to help businesses reach the next level of success.","E. Leet Woodworking custom designs and fabricates unique and high-quality wood products for businesses using precise CNC woodworking technology. Their services include CNC machining of wood, composites, and metal with decades of fine woodworking expertise. Located in the United States, they offer unlimited opportunities for developing new products through a partnership, aiming to help businesses reach the next level of success.",2025-03-05,2025-03-17,False,05d81a7c-9831-4358-8dd0-db42a218011b,2026-09-17_page021.json
dragonforce,Steel Dynamics UK,steel-dynamics.co.uk,"Walker Industrial Estate, Unit 8 Walker Rd, Guide, Blackburn BB1 2QE, United Kingdom",175171155045,163.14,,"Steel Dynamics are one of the leading steel stockholders and Processors in the UK. Offering a wide range of stainless steel in a variety of grades our customer base ranges from Nuclear and Architectural to the Oil & Gas, food and processing and Petrochemical Industries. With our experience it's no surprise why many blue chip companies UK and worldwide trust Steel Dynamics to satisfy their requirements in every respect. The central goal of our company vision is to be world class in the eyes of our customers. With a multi-million pound investment strategy in the latest processing technology we are at the forefront of both technological advances as well as having an enviable reputation for delivering bespoke materials packages on time in full. At Steel Dynamics we don't just sell steel we sell service. Our average lead time is 3-4 days and we are 98%+ on time. Significant investments in inventory and a very flexible supply chain allow us to react to spikes in demand.","Steel Dynamics are one of the leading steel stockholders and Processors in the UK. Offering a wide range of stainless steel in a variety of grades our customer base ranges from Nuclear and Architectural to the Oil & Gas, food and processing and Petrochemical Industries. With our experience it's no surprise why many blue chip companies UK and worldwide trust Steel Dynamics to satisfy their requirements in every respect. The central goal of our company vision is to be world class in the eyes of our customers. With a multi-million pound investment strategy in the latest processing technology we are at the forefront of both technological advances as well as having an enviable reputation for delivering bespoke materials packages on time in full. At Steel Dynamics we don't just sell steel we sell service. Our average lead time is 3-4 days and we are 98%+ on time. Significant investments in inventory and a very flexible supply chain allow us to react to spikes in demand.",2025-03-05,2025-03-25,False,b8b8bdf9-6448-494c-bf0a-9d3d625cf252,2026-09-17_page021.json
dragonforce,Vercoe Insurance Brokers,vercoes.co.nz,"67 Broadway, Matamata, Waikato, New Zealand",65146862352,60.67,,"Vercoe Insurance Brokers have been the preferred insurance brokers for Calley Building since 2008. They came to us highly recommended by family members who had a long standing relationship with the company over many years. It is the opinion of many people that dealing with insurance is stressful and time consuming, this is true if you do not have an astute company like Vercoes at the helm. We have found Linda, Adrienne and the rest of the Vercoes team to be extremely helpful and vigilant towards our business and personal insurance requirements. They have certainly lived up to the expectations we had of them and they have contributed immensely towards our strong business structures since 2008. We have full confidence in the policies Vercoe Insurance Brokers provide us as we have had to make several claims over the years and every time our policies have provided the required cover. The claim process is always stress free and managed very well by the Vercoes professional team.","Vercoe Insurance Brokers have been the preferred insurance brokers for Calley Building since 2008. They came to us highly recommended by family members who had a long standing relationship with the company over many years. It is the opinion of many people that dealing with insurance is stressful and time consuming, this is true if you do not have an astute company like Vercoes at the helm. We have found Linda, Adrienne and the rest of the Vercoes team to be extremely helpful and vigilant towards our business and personal insurance requirements. They have certainly lived up to the expectations we had of them and they have contributed immensely towards our strong business structures since 2008. We have full confidence in the policies Vercoe Insurance Brokers provide us as we have had to make several claims over the years and every time our policies have provided the required cover. The claim process is always stress free and managed very well by the Vercoes professional team.",2025-03-05,2025-03-20,False,9d56dca4-3542-4309-8384-caea7e428b82,2026-09-17_page021.json
dragonforce,Cotswold Fayre,cotswold-fayre.co.uk,"22 High St, Reading, Berkshire, RG7 5AW, United Kingdom",157345848434,146.54,,"Cotswold Fayre was started by Paul Hargreaves in the Early Nineties originally as the wholesale distribution arm of a number of small Cotswold based companies. With the tremendous growth of interest in high quality products that are not available in the multiples during this time, Cotswold Fayre has grown and developed considerably. Cotswold Fayre now supply over 700 customers now and has over 80 suppliers. These suppliers are all speciality producers mainly from the UK, but now some are from as far away as New Zealand and South Africa. NOTE: To view our product range and make an order you need to become a registered customer","Cotswold Fayre was started by Paul Hargreaves in the Early Nineties originally as the wholesale distribution arm of a number of small Cotswold based companies. With the tremendous growth of interest in high quality products that are not available in the multiples during this time, Cotswold Fayre has grown and developed considerably. Cotswold Fayre now supply over 700 customers now and has over 80 suppliers. These suppliers are all speciality producers mainly from the UK, but now some are from as far away as New Zealand and South Africa. NOTE: To view our product range and make an order you need to become a registered customer",2025-03-05,2025-03-17,False,80635c8d-aacd-4222-a7a0-e86dd0f301c8,2026-09-17_page021.json
dragonforce,GS Floor Designs,www.gsfloor.com,"855 W University Dr, Arlington Heights",62630063034,58.33,,"For over 25 years, G.S. Floor Designs, Inc has served Chicagoland with outstanding service and a drive to perfection. Beginning his professional career as a carpet installer, George Stevenson and his wife Denise have built an award-winning team in order to provide you, the customer, with the best possible service imaginable. Headquartered in Arlington Heights, Illinois and serving the Midwest with facilities located in Hudson, Ohio and Kansas City, Missouri, G.S. Floor Designs, Inc strives every day to meet and exceed every expectation set by their customers.","For over 25 years, G.S. Floor Designs, Inc has served Chicagoland with outstanding service and a drive to perfection. Beginning his professional career as a carpet installer, George Stevenson and his wife Denise have built an award-winning team in order to provide you, the customer, with the best possible service imaginable. Headquartered in Arlington Heights, Illinois and serving the Midwest with facilities located in Hudson, Ohio and Kansas City, Missouri, G.S. Floor Designs, Inc strives every day to meet and exceed every expectation set by their customers.",2025-02-26,2025-03-03,False,2a6d2184-8871-4fe7-982f-4e743cf4fa55,2026-09-17_page021.json
dragonforce,Tristram European,tristrameuropean.co.nz,"3 Hillside Road, Wairau Valley, Auckland 0627, New Zealand",36219897135,33.73,,"Tristram European is a group of privately-owned Volkswagen, SKODA and MG dealerships located on Auckland's North Shore and West Auckland. Our main goal is to provide the best possible service and help you find exactly what you're looking for. Whether you're after something fun or convenient we can help you out. The search starts right here on our website, which is why we have provided a number of tools to help you get started. Our services at Tristram will continue long after you have purchased one of our new or used vehicles. Our service department will take care of any and all of your maintenance and repair needs. They can also answer questions about parts and give honest estimates on cost and time. Whatever your automotive needs may be, we can help you out.","Tristram European is a group of privately-owned Volkswagen, SKODA and MG dealerships located on Auckland's North Shore and West Auckland. Our main goal is to provide the best possible service and help you find exactly what you're looking for. Whether you're after something fun or convenient we can help you out. The search starts right here on our website, which is why we have provided a number of tools to help you get started. Our services at Tristram will continue long after you have purchased one of our new or used vehicles. Our service department will take care of any and all of your maintenance and repair needs. They can also answer questions about parts and give honest estimates on cost and time. Whatever your automotive needs may be, we can help you out.",2025-02-21,2025-02-27,False,1fd89388-9dfd-4f04-9e0c-645574ac86c2,2026-09-17_page021.json
dragonforce,Al Bawani,www.albawani.net,"Prince Sultan Street, Olaya, Riyadh, Saudi Arabia",7652638259312,7127.07,,"Al Bawani, headquartered in Riyadh, Saudi Arabia, is a construction company specializing in housing complexes, industrial & commercial buildings, hospitals, educational institutions, and more","Al Bawani, headquartered in Riyadh, Saudi Arabia, is a construction company specializing in housing complexes, industrial & commercial buildings, hospitals, educational institutions, and more",2025-02-14,2025-03-04,False,e9a82c5d-58fa-47f7-826d-5baebe0b70fc,2026-09-17_page021.json
dragonforce,O&S Associates,oandsassociates.com,"145 Main St, Hackensack, New Jersey, 07601",416872618588,388.24,"{'id': 2, 'tag': 'Chat'}","Founded in 1996, O&S Associates is a national full service multi-disciplined Architectural, Engineering and Planning firm. The firm is headquartered in Hackensack, New Jersey.","Founded in 1996, O&S Associates is a national full service multi-disciplined Architectural, Engineering and Planning firm. The firm is headquartered in Hackensack, New Jersey.",2025-02-04,2025-02-24,False,dd3fba24-8aca-4b9d-b33e-7d2f37157dc0,2026-09-17_page021.json
dragonforce,Accelerator,accelerator.no,"81 Lahaugmoveien, Skjetten, Akershus, 2013",1070576116,1.0,,"Accelerator AS is a 100% Norwegian, owner-lead logistics provider with broad competence in the field of Third Party Logistics (3PL).","Accelerator AS is a 100% Norwegian, owner-lead logistics provider with broad competence in the field of Third Party Logistics (3PL).",2025-02-04,2025-02-08,False,77df47b6-0f23-4d58-a211-88782a004ea1,2026-09-17_page021.json
dragonforce,Land and Lakes,land-and-lakes.com,"123 N Northwest Hwy Fl 2, Park Ridge",384771991,0.36,,"Land and Lakes Company has been providing excavation services since our inception in 1966. During the past 41 years, we have moved hundreds of millions of cubic yards of earth while completing both construction projects and environmental projects.","Land and Lakes Company has been providing excavation services since our inception in 1966. During the past 41 years, we have moved hundreds of millions of cubic yards of earth while completing both construction projects and environmental projects.",2025-01-30,2024-12-02,False,d82fcc09-b431-4b68-adbd-a38f0a6d0059,2026-09-17_page021.json
dragonforce,Angotti & Reilly,angotti-reilly.com,"2200 Jerrold Ave Ste E, San Francisco",3925699550,3.66,,"Angotti & Reilly, Inc brings a service-first approach, competitive pricing, and over 35 years of successful experience in building and engineering to every project we undertake. We offer a variety of construction, construction management and development services on projects up to $25 million in budget.","Angotti & Reilly, Inc brings a service-first approach, competitive pricing, and over 35 years of successful experience in building and engineering to every project we undertake. We offer a variety of construction, construction management and development services on projects up to $25 million in budget.",2025-01-30,2024-08-09,False,7835f4f8-eb93-48ce-b2e3-cdeda6690cb6,2026-09-17_page021.json
dragonforce,Engineering Design Initiative,edi-dolejs.com,"1112 N 5th St, Minneapolis, Minnesota, 55411",3188268661,2.97,,"Engineering Design Initiative (edi), is a consulting firm focused on sustainable design, energy and the environment. EDI offers full service design, assessment and planning services supporting the mechanical, electrical and low-voltage engineering disciplines. EDI believes that by providing superior customer service coupled with creative, sound engineering, and skilled project management we are making a positive impact on the consulting engineering industry and to our clients through the work we produce.","Engineering Design Initiative (edi), is a consulting firm focused on sustainable design, energy and the environment. EDI offers full service design, assessment and planning services supporting the mechanical, electrical and low-voltage engineering disciplines. EDI believes that by providing superior customer service coupled with creative, sound engineering, and skilled project management we are making a positive impact on the consulting engineering industry and to our clients through the work we produce.",2025-01-30,2024-08-23,False,7b5e236b-a264-40bf-8190-f1fbd26e6237,2026-09-17_page021.json
dragonforce,SCP Building Products,scp-bp.co.uk,"Babbage Rd, Totnes, Devon, TQ9 5JA",34646841563,32.27,,"SCP started in 1981 as a humble trading post for fixings and plastics aimed at the local window fitting trade. Since the sister company Southfield Windows was resident in the same building, this made a lot of sense as there was always regular trade from the small army of window fitters that descended on the building each morning to stock up for the days fitting. As this continued, and word got round the local trades, the business enjoyed healthy growth through a rapidly increasing customer base. This gave us the ability to expand ranges, strengthen buying power and build relationships with suppliers, many of which are still alive and strong today and are the backbone of our business.","SCP started in 1981 as a humble trading post for fixings and plastics aimed at the local window fitting trade. Since the sister company Southfield Windows was resident in the same building, this made a lot of sense as there was always regular trade from the small army of window fitters that descended on the building each morning to stock up for the days fitting. As this continued, and word got round the local trades, the business enjoyed healthy growth through a rapidly increasing customer base. This gave us the ability to expand ranges, strengthen buying power and build relationships with suppliers, many of which are still alive and strong today and are the backbone of our business.",2025-01-30,2024-07-25,False,db395522-20b5-464b-a969-4688550c62aa,2026-09-17_page021.json
dragonforce,"Kats, Jamison & Associates",mkats.com,"1 Bustleton Pike, Feasterville Trevose",5256768876,4.9,,"Kats Jamison and Associates is a law firm serving Southeastern PA, NJ, and more, specializing in personal injury cases such as car accidents, motorcycle accidents, slip and falls, medical malpractice, and criminal defense. The firm prides itself on its track record of multi-million dollar settlements and verdicts, representing clients with humanity, humility, and honor, regardless of case size.","Kats Jamison and Associates is a law firm serving Southeastern PA, NJ, and more, specializing in personal injury cases such as car accidents, motorcycle accidents, slip and falls, medical malpractice, and criminal defense. The firm prides itself on its track record of multi-million dollar settlements and verdicts, representing clients with humanity, humility, and honor, regardless of case size.",2025-01-30,2024-08-06,False,ea6bc755-a185-4bbc-8859-2c5058d6e8e9,2026-09-17_page021.json
dragonforce,USGlobeCorp,usglobecorp.com,"2115 Jericho Turnpike Garden City Park, NY 11040",7835743493,7.3,,"Offering over 5,000 toner cartridges and imaging supplies from over 30 top manufacturers, repair service for computers, laptops, printers, copiers, fax machines, scanners, shredders and typewriters.","Offering over 5,000 toner cartridges and imaging supplies from over 30 top manufacturers, repair service for computers, laptops, printers, copiers, fax machines, scanners, shredders and typewriters.",2025-01-30,2024-08-06,False,49c72bc9-1dfa-43cc-8812-1c40e3f5591f,2026-09-17_page021.json
dragonforce,Farrar Corporation,farrarusa.com,"301 Levee Drive Manhattan, KS 66502",74975286113,69.83,,"Farrar Corporation is a leading supplier of ductile iron castings and quality machined components. With over 90 years of quality American manufacturing behind us, we deliver innovative ISO-certified results in pattern design, heat treating, CNC machining and assembly services.","Farrar Corporation is a leading supplier of ductile iron castings and quality machined components. With over 90 years of quality American manufacturing behind us, we deliver innovative ISO-certified results in pattern design, heat treating, CNC machining and assembly services.",2025-01-30,2025-02-05,False,cb0b1dba-8b83-47be-9bf7-b5363d11fbb8,2026-09-17_page022.json
dragonforce,BENASSI IMMOBILIARE SAS DI BENASSI ROBERTO E C.,studiomontanini.com,"Via Prampolini, 58, 42023 Cadelbosco di Sopra RE, Italia",156494270394,145.75,,68.20.01 - Locazione immobiliare di beni propri o in leasing (affitto),68.20.01 - Locazione immobiliare di beni propri o in leasing (affitto),2025-01-28,2024-12-25,False,2b22345b-68e2-463f-8c68-2cce43382c07,2026-09-17_page022.json
dragonforce,North American Spares,nasltd.com,"10777 Sherman Way, Sun Valley, CA 91352, United State",275722399009,256.79,"{'id': 2, 'tag': 'Chat'}","North American Spares provides strategic turn-key solutions for military aircraft maintenance, offering services that go beyond parts supply.","North American Spares provides strategic turn-key solutions for military aircraft maintenance, offering services that go beyond parts supply.",2025-01-27,2025-02-13,False,de73353b-97c8-493b-bf57-52793f345b02,2026-09-17_page022.json
dragonforce,Aquasys,www.aquasys.cz,"CZ, Jamská 2488/65, 591 01 Žďár nad Sázavou Česká republika",104265621113,97.1,,"Construction company specializing in the implementation of water, environmental, transport and engineering network construction.","Construction company specializing in the implementation of water, environmental, transport and engineering network construction.",2025-01-26,2025-02-07,False,2638ff55-c088-4975-b8e1-e387c80bdfbc,2026-09-17_page022.json
dragonforce,Mapping Solutions,www.mappingsolutions.com,"Michigan, United States, 124 Merriweather Rd, Suite 200 Grosse Pointe Farms, MI 48236",106395177680,99.09,,"We pride ourselves on being the GIS (geographic information systems) software solutions experts that our clients turn to again and again. From retailing, to health care, telecommunications, manufacturing, and public administration, our clients know that a friendly, knowledgeable Mapping Solutions staff member will always be available to help solve a business challenge.","We pride ourselves on being the GIS (geographic information systems) software solutions experts that our clients turn to again and again. From retailing, to health care, telecommunications, manufacturing, and public administration, our clients know that a friendly, knowledgeable Mapping Solutions staff member will always be available to help solve a business challenge.",2025-01-26,2025-02-07,False,0f770de8-09dd-4e54-88a4-1c320667d7e1,2026-09-17_page022.json
dragonforce,Jan Nygaard,jan-nygaard.dk,"1-7 Os Ejby Erhvervsvej, Glostrup, Denmark",93281948259,86.88,,"Jan Nygaard As is a company that operates in the Industrial Machinery & Equipment industry. It employs 100to249 people and has 10Mto25M of revenue. The company is headquartered in Glostrup, Capital Region, Denmark.","Jan Nygaard As is a company that operates in the Industrial Machinery & Equipment industry. It employs 100to249 people and has 10Mto25M of revenue. The company is headquartered in Glostrup, Capital Region, Denmark.",2025-01-24,2025-02-07,False,d01a1791-f858-42d2-a84e-291664e49978,2026-09-17_page022.json
dragonforce,Heartcentre,heartcentre.net.au,"267 Elizabeth Dr, Vincentia, New South Wales 2540, Australia",5451845120,5.08,,"Three Heart Centre sites located at Castle Hill, Merrylands West and Rouse Hill. Professional staff. Prompt access to all investigations and therapy.","Three Heart Centre sites located at Castle Hill, Merrylands West and Rouse Hill. Professional staff. Prompt access to all investigations and therapy.",2025-01-24,2025-02-11,False,5a45bee6-6523-44ec-9004-035fbeda056a,2026-09-17_page022.json
dragonforce,Sawley Lock O'Callaghan,sawleylock.com.au,"176 Prospect Rd, Prospect, South Australia",23861714912,22.22,,Sawley Lock O'Callaghan is an experienced South Australian company dedicated to providing our clients with the highest calibre of service from a broad base of skills and expertise in land surveying and spatial information. We combine high-quality customer service and the use of modern surveying technology to provide services across a wide range of applications - including,Sawley Lock O'Callaghan is an experienced South Australian company dedicated to providing our clients with the highest calibre of service from a broad base of skills and expertise in land surveying and spatial information. We combine high-quality customer service and the use of modern surveying technology to provide services across a wide range of applications - including,2025-01-22,2025-01-28,False,53e32b13-5df3-4e6b-a23a-fdf8cca0719b,2026-09-17_page022.json
dragonforce,PT PINS Indonesia,pins.co.id,"The Telkom Hub, Tower II lt.42 Jl. Jendral Gatot Subroto Kav. 52, Jakarta Selatan 12710, Indonesia",388849438398,362.14,,"PT PINS Indonesia adalah anak usaha Telkom Indonesia yang bergerak di bidang IoT. Untuk mendukung kegiatan bisnisnya, perusahaan ini memiliki delapan kantor area, yakni di Medan, Jakarta, Bandung, Semarang, Surabaya, Denpasar, Makassar, dan Balikpapan.","PT PINS Indonesia adalah anak usaha Telkom Indonesia yang bergerak di bidang IoT. Untuk mendukung kegiatan bisnisnya, perusahaan ini memiliki delapan kantor area, yakni di Medan, Jakarta, Bandung, Semarang, Surabaya, Denpasar, Makassar, dan Balikpapan.",2025-01-13,2025-01-26,False,7af0bed0-5070-489b-a00f-69bd3b67d15a,2026-09-17_page022.json
dragonforce,Cogitis,cogitis.fr,"153 Av. du Professeur Jean Louis Viala Cs 74307, 34090 Montpellier, France",87504421316,81.49,,"COGITIS, syndicat mixte pour le traitement de l'information et les nouvelles technologies : les competences d’une SSII et d’un cabinet conseil au service des collectivites publiques.","COGITIS, syndicat mixte pour le traitement de l'information et les nouvelles technologies : les competences d’une SSII et d’un cabinet conseil au service des collectivites publiques.",2024-12-31,2025-01-10,False,74c06b0d-5ce8-4939-8b11-64070706a54f,2026-09-17_page022.json
dragonforce,Asheville Eye Associates,ashevilleeye.com,"1196 Skyland Dr, Sylva, North Carolina",579239832694,539.46,"{'id': 2, 'tag': 'Chat'}","Asheville Eye Associates is headquartered in Asheville, North Carolina. The offers services such as, cataract surgery, glaucoma and diabetic vision care, lasik and PRK surgery, full service optical services. The company was founded in 1986.","Asheville Eye Associates is headquartered in Asheville, North Carolina. The offers services such as, cataract surgery, glaucoma and diabetic vision care, lasik and PRK surgery, full service optical services. The company was founded in 1986.",2024-12-28,2025-01-05,False,c2f8b989-3ca8-46b6-856b-298fb4bc8771,2026-09-17_page022.json
dragonforce,Ikav Global Energy,ikav.com,"9 Pl De Clairefontaine, Luxembourg",189892786434,176.85,,"IKAV is an international asset management group that provides institutional investors with investment solutions spanning a broad range of infrastructure energy assets, including solar, concentrated solar power, wind, energy efficiency, geothermal, thermal power plants and upstream.","IKAV is an international asset management group that provides institutional investors with investment solutions spanning a broad range of infrastructure energy assets, including solar, concentrated solar power, wind, energy efficiency, geothermal, thermal power plants and upstream.",2024-12-28,2024-01-06,False,a08ed349-eb89-4e22-9eef-62ce068604ff,2026-09-17_page022.json
dragonforce,Marine Floats,marinefloats.com,"313 E F St, Tacoma, Washington, 98421",99734012550,92.88,,"Marine Floats designs, manufactures, constructs and maintains commercial and residential marinas, dock systems, covered moorage and other waterfront solutions.","Marine Floats designs, manufactures, constructs and maintains commercial and residential marinas, dock systems, covered moorage and other waterfront solutions.",2024-12-14,2024-12-23,False,7d05370d-bd3a-4dc2-af7c-9984e262cd28,2026-09-17_page022.json
dragonforce,Engineered Tower Solutions,ets-pllc.com,"3227 Wellington Ct, Raleigh, North Carolina",289307744243,269.44,,"Engineered Tower Solutions, PLLC (ETS) is a full service engineering company specializing in telecommunication towers and residential/commercial industries.","Engineered Tower Solutions, PLLC (ETS) is a full service engineering company specializing in telecommunication towers and residential/commercial industries.",2024-12-14,2025-03-31,False,898ada9b-c215-4022-beeb-cfe66c7c72ee,2026-09-17_page022.json
dragonforce,Williams Tank Lines,www.williamstanklines.com,"1477 Tillie Lewis Dr, Stockton, California",205365209065,191.26,,"Williams Tank Lines is one of the largest for hire bulk petroleum carriers in California. The corporate office is located in Stockton, California. The company was founded in April of 1976 by Michael and Marlys Williams.","Williams Tank Lines is one of the largest for hire bulk petroleum carriers in California. The corporate office is located in Stockton, California. The company was founded in April of 1976 by Michael and Marlys Williams.",2024-12-14,2024-12-23,False,dc6e6587-0b9a-450c-99e7-ca6584775618,2026-09-17_page022.json
dragonforce,FINN,finncorp.com,"9281 Le Saint Dr, Fairfield, Ohio, 45014",219964078085,204.86,"{'id': 2, 'tag': 'Chat'}","FINN Corporation has a worldwide presence with more than 100 North American dealer and service locations, plus others in Australia, South America, Africa and Europe.","FINN Corporation has a worldwide presence with more than 100 North American dealer and service locations, plus others in Australia, South America, Africa and Europe.",2024-12-14,2024-12-23,False,d1c44cb7-efca-44ae-8d00-0fe4f0c590bd,2026-09-17_page022.json
dragonforce,Precision Walls,precisionwalls.com,"1230 NE Maynard Rd, Cary, North Carolina, 27513, United States",488639680213,455.08,,"Projects and infrastructure of banks, hospitals, hotels, industrial and government buildings, and even Google and Berkeley data centers. All this was developed by Precision Walls, which did not take responsibility for the loss of these documents and the damage caused to its customers.","Projects and infrastructure of banks, hospitals, hotels, industrial and government buildings, and even Google and Berkeley data centers. All this was developed by Precision Walls, which did not take responsibility for the loss of these documents and the damage caused to its customers.",2024-12-06,2024-12-17,False,7750802a-80d9-4211-ae62-57f55a285aba,2026-09-17_page022.json
dragonforce,Mobigator Technology Group,www.mobigator.com,"11/F, KPP, 55 King Yip St Kwun Tong, Kowloon, Hong Kong",193279465840,180.01,,MOBIGATOR TECHNOLOGY GROUP is a leading technology management and consulting firm with over 700 professionals globally.,MOBIGATOR TECHNOLOGY GROUP is a leading technology management and consulting firm with over 700 professionals globally.,2024-11-30,2024-12-05,False,f2d191c8-b144-42cf-9548-97e29c4a36e0,2026-09-17_page022.json
dragonforce,SUSTA S.r.l.,susta-stampi.com,"Zona Industriale Villa Zaccheo, 64020 Castellalto (TE), Italy",356347678818,331.87,,"Susta inizia la sua attività di progettazione e costruzione di stampi per componentistica auto nel 1992, anno di avvio dell’azienda.","Susta inizia la sua attività di progettazione e costruzione di stampi per componentistica auto nel 1992, anno di avvio dell’azienda. Una forte motivazione e la volontà di accrescere il valore dei propri servizi segnano profondamente la sua storia. La selezione delle risorse e la gestione dei team, l’organizzazione dei flussi di lavoro, il costante aggiornamento delle competenze e delle tecnologie sono le leve sulle quali Susta ha costruito il proprio successo.",2024-11-18,2024-11-24,False,088092cd-bca5-4b18-a258-e29b6a0ebb20,2026-09-17_page022.json
dragonforce,Nunziaplast Srl,nunziaplast.it,"27 Via Europa, Castelcovati, Lombardy, 25030, Italy",79238397189,73.8,,Nunziaplast Srl was founded in 1975. The company's line of business includes the manufacturing of plastics products.,Nunziaplast Srl was founded in 1975. The company's line of business includes the manufacturing of plastics products.,2024-11-15,2024-11-23,False,45f015b7-df29-4f95-803b-d2baa280c5df,2026-09-17_page022.json
dragonforce,Scolari,scolarisrl.com,"2 Via Romiglia, Paderno Franciacorta, Lombardy, Italy",96253608455,89.64,,"Da oltre 70 anni siamo specialisti nella progettazione e produzione di essiccatoi industriali e di impianti per il compostaggio, la tostatura e il raffreddamento. Grazie a una lunga esperienza sul mercato ea un consolidato know-how tecnico, offriamo ai nostri clienti soluzioni personalizzate per il trattamento e l’essiccazione industriale di qualsiasi tipologia di prodotto, da quelli agricoli, alimentari e agroalimentari a quelli industriali.","Da oltre 70 anni siamo specialisti nella progettazione e produzione di essiccatoi industriali e di impianti per il compostaggio, la tostatura e il raffreddamento. Grazie a una lunga esperienza sul mercato ea un consolidato know-how tecnico, offriamo ai nostri clienti soluzioni personalizzate per il trattamento e l’essiccazione industriale di qualsiasi tipologia di prodotto, da quelli agricoli, alimentari e agroalimentari a quelli industriali.",2024-11-02,2024-11-07,False,c2e55826-0539-4805-b127-ca1cbc5e74ec,2026-09-17_page022.json
dragonforce,Accuracy International,accuracyinternational.com,"PO Box 81, Portsmouth, Hampshire, PO3 5SJ, United Kingdom",239731006027,223.27,"{'id': 2, 'tag': 'Chat'}","Accuracy International is a British firearms manufacturer based in Portsmouth, England. The company specializes in sniper rifles, anti-materiel rifles and civilian competition rifles.","Accuracy International is a British firearms manufacturer based in Portsmouth, England. The company specializes in sniper rifles, anti-materiel rifles and civilian competition rifles. The company was founded in 1978 by a group of individuals including British Olympic shooting gold medalist Malcolm Cooper, Sarah Cooper, and Martin Kay, along with the firearms designers Dave Walls and David Caig.",2024-10-25,2024-11-03,False,61f8563d-b42b-4b79-b12c-e4d4ad39b33a,2026-09-17_page022.json
dragonforce,Mastery Schools,www.masterycharter.org,"5700 Wayne Ave, Philadelphia, Pennsylvania, 19144, United States",183812855254,171.19,"{'id': 2, 'tag': 'Chat'}","Founded in 2001, Mastery Charter Schools is a charter school network in Philadelphia, Pennsylvania and Camden, New Jersey.","Founded in 2001, Mastery Charter Schools is a charter school network in Philadelphia, Pennsylvania and Camden, New Jersey.",2024-10-25,2024-10-30,False,4c4d3f84-fb54-4145-855d-f093849afea8,2026-09-17_page022.json
dragonforce,Durham Region,durham.ca,"605 Rossland Rd E, Whitby, Ontario, L1N 0B7, Canada",21368234657,19.9,,"The Regional Municipality of Durham is celebrating its 50th anniversary this year, and we are inviting residents to celebrate and learn more about the Region we call home!","The Regional Municipality of Durham is celebrating its 50th anniversary this year, and we are inviting residents to celebrate and learn more about the Region we call home! PS And in honor of this holiday, there was a data leak that the administration ignored.",2024-10-14,2024-10-23,False,2a1388ab-34cd-4651-9538-cf75d5caac5e,2026-09-17_page022.json
dragonforce,"Orbit Software, Inc.",www.busboss.com,"424 King Street Pottstown, PA 19464-5610, USA",424366141884,395.22,,"Orbit Software specializes in providing user friendly, cutting edge software programs for generating and managing school bus routes. We also provide hardware used for GPS tracking of vehicles & students.","Orbit Software specializes in providing user friendly, cutting edge software programs for generating and managing school bus routes. We also provide hardware used for GPS tracking of vehicles & students.",2024-10-08,2024-09-19,False,19c3acd0-fdfa-4fe3-9935-63a3d5e4bc10,2026-09-17_page023.json
dragonforce,Lyomark Pharma,lyomark.com,"17 Keltenring, Oberhaching, Bavaria, 82041, Germany",55089066318,51.31,,"Lyomark Pharma was founded in Oberhaching, near Munich, in 1989 as a contract manufacturer and active ingredient manufacturer for niche products. As the name suggests, Lyomark supplies sterile lyophilised and liquid products, and has firmly established itself in this sector of the pharmaceutical industry over the last 25 years.","Lyomark Pharma was founded in Oberhaching, near Munich, in 1989 as a contract manufacturer and active ingredient manufacturer for niche products. As the name suggests, Lyomark supplies sterile lyophilised and liquid products, and has firmly established itself in this sector of the pharmaceutical industry over the last 25 years.",2024-10-03,2024-10-09,False,e60e5846-5886-4d8e-863b-9351c7448ba4,2026-09-17_page023.json
dragonforce,Zimmerman & Walsh,www.zimwalsh.com,"1707 E State St 1, Rockford, Illinois, 61104, United States",106204042652,98.91,,"At Zimmerman & Walsh, LLP, we are dedicated to carrying on the legacy of founder Steven P. Zimmerman who passed away in 2015. Every day, we are proud to serve our fellow community members at an affordable rate as attorney Zimmerman did at his firm for 16 years. With unmatched compassion, enthusiasm and experience, we are not your typical Illinois law firm. Our team works together to ensure we are as thorough as possible when it comes to handling cases. We are more than just a law firm. We treat our clients like family, and we will protect your interests from the onset.","At Zimmerman & Walsh, LLP, we are dedicated to carrying on the legacy of founder Steven P. Zimmerman who passed away in 2015. Every day, we are proud to serve our fellow community members at an affordable rate as attorney Zimmerman did at his firm for 16 years. With unmatched compassion, enthusiasm and experience, we are not your typical Illinois law firm. Our team works together to ensure we are as thorough as possible when it comes to handling cases. We are more than just a law firm. We treat our clients like family, and we will protect your interests from the onset.",2024-09-23,2024-09-30,False,bfbb7d00-7412-478b-bd47-b53520c101cb,2026-09-17_page023.json
dragonforce,KGK Group,www.sparklegemsinc.com,"20w 47th St Suite#1101, New York City, New York, United States",165949860211,154.55,,KGK - THE BEGINNING OF WORLDWIDE TRUST. The foundation for the worldwide trust that KGK Group enjoys today was laid more than a hundred years ago b...,KGK - THE BEGINNING OF WORLDWIDE TRUST. The foundation for the worldwide trust that KGK Group enjoys today was laid more than a hundred years ago b...,2024-09-23,2024-09-30,False,d2e316d0-4888-42d0-beb3-f74be2ad67c7,2026-09-17_page023.json
dragonforce,Graminex,graminex.com,"Michigan, United States",18448177539,17.18,,"Graminex®, L.L.C. is the leading producer of natural and solvent-free Graminex® Flower Pollen Extract.","Graminex®, L.L.C. is the leading producer of natural and solvent-free Graminex® Flower Pollen Extract.",2024-09-23,2024-10-01,False,3df59348-489d-4187-9910-1073afc3e46d,2026-09-17_page023.json
dragonforce,Arc-Com,arc-com.com,"33 Ramland Road South Orangeburg, NY 10962, United States",1190077225374,1108.35,,"Arc-Com is a leading designer, manufacturer and supplier of design-driven, high-performance textiles and wallcoverings.","Arc-Com is a leading designer, manufacturer and supplier of design-driven, high-performance textiles and wallcoverings.",2024-09-09,2024-09-19,False,25e98027-334a-4d9f-97f5-dbf793dda9e2,2026-09-17_page023.json
dragonforce,Controlled Power,www.controlledpowerinc.com,"17909 Bothell Everett Hwy SE Suite 102 Bothell, Washington 98012, United States",337855014536,314.65,,Control & Power has been representing many of the leading manufacturers in the fluid power & process control industries.,Control & Power has been representing many of the leading manufacturers in the fluid power & process control industries.,2024-09-09,2024-09-19,False,ff352216-adf4-480b-a44d-866a42ca2063,2026-09-17_page023.json
dragonforce,PhD Services,www.phdservices.net,"519 Abington St, Peoria, Illinois, 61603, United States",63924551434,59.53,,"Established in 1962, PHD Services is a women-owned and operated facility services provider headquartered in Illinois. With a rich legacy spanning over six decades, we have grown from a local enterprise to a regional leader, serving clients across the US. We provide a comprehensive range of support services that includes professional cleaning, facility support, grounds maintenance, and supply chain solutions.","Established in 1962, PHD Services is a women-owned and operated facility services provider headquartered in Illinois. With a rich legacy spanning over six decades, we have grown from a local enterprise to a regional leader, serving clients across the US. We provide a comprehensive range of support services that includes professional cleaning, facility support, grounds maintenance, and supply chain solutions.",2024-09-05,2024-09-15,False,5066e404-9247-4b73-8aee-92faef8cb064,2026-09-17_page023.json
dragonforce,Deane Roofing and Cladding,deaneroofing.com,"5920 Macleod Trl SW Ste 705, Calgary, Alberta",7075502509,6.59,,Deane Roofing and Cladding Limited operates from Northampton based Head Office and operates nationwide.,Deane Roofing and Cladding Limited operates from Northampton based Head Office and operates nationwide.,2024-08-22,2024-10-01,False,0f6d0d05-b1fd-4528-9436-7faafdb264d7,2026-09-17_page023.json
dragonforce,Raifalsa-Alelor Raifalsa-Alelor,www.alelor.fr,"4 Rue De La Gare, Mietesheim, Grand-Est, 67580",24285174759,22.62,,Raifalsa-Alelor is a company that operates in the Food & Beverage industry.,Raifalsa-Alelor is a company that operates in the Food & Beverage industry.,2024-08-22,2024-10-05,False,efa0a77a-c047-4c1e-95dd-a4a401c21074,2026-09-17_page023.json
dragonforce,Igloo Cellulose,cellulose.com,"1485 Transcanada, Dorval, Quebec, H9P 2V3",14145591944,13.17,,"Over the years, we have promoted an effective technology for cellulose application in walls and attics, floors, ceilings and other enclosed spaces.","Over the years, we have promoted an effective technology for cellulose application in walls and attics, floors, ceilings and other enclosed spaces.",2024-08-22,2024-08-21,False,335698b8-86e1-4921-8fdd-37925dbc17cd,2026-09-17_page023.json
dragonforce,Sherwood Stainless & Aluminium,sherwoodaluminium.com,"The Science Park Mammoth Dr, Wolverhampton",7288962459,6.79,,Sherwood Stainless Steel and Aluminium is a privately owned leading specialist supplier and processor of stainless steel/ aluminium flat rolled.,Sherwood Stainless Steel and Aluminium is a privately owned leading specialist supplier and processor of stainless steel/ aluminium flat rolled.,2024-08-22,2024-08-17,False,d4d7b8d8-c122-49bf-b9ee-6283abccd760,2026-09-17_page023.json
dragonforce,SMK Ingenieurbüro,smk.de,"52 Söhren, Schönkirchen, Schleswig-Holstein, 24232, Germany",584919821154,544.75,,We design and accompany the introduction of new CAD/CAM systems and robot applications in the maritime industry. We take part in and initiate resea...,We design and accompany the introduction of new CAD/CAM systems and robot applications in the maritime industry. We take part in and initiate resea...,2024-08-18,2024-09-05,False,a6456406-8eb1-437a-a1dd-0bf830a67200,2026-09-17_page023.json
dragonforce,J&J Network Engineering,jjnetwork.com.hk,"Hong Kong, China",124201620152,115.67,,We have success to gain a group of renowned customers and J&J is recognized in the Building Automation and HVAC Control industrial.,We have success to gain a group of renowned customers and J&J is recognized in the Building Automation and HVAC Control industrial.,2024-08-17,2024-09-03,False,cbd36ce6-3fe8-4a1f-96ba-a38222075ee7,2026-09-17_page023.json
dragonforce,Carver Companies,carvercompanies.com,"494 Western Tpke Ste 1, Altamont, New York",51513825087,47.98,,Freight & Logistics Services,Freight & Logistics Services,2024-08-17,2024-09-03,False,47be096a-f93f-412d-8415-cdd0e9c9853e,2026-09-17_page023.json
dragonforce,Yang Enterprises,yangenterprises.com,"1420 Alafaya Trl Ste 200, Oviedo, Florida",76317625370,71.08,,"Yang Enterprises is a high-technology woman-owned, small disadvantaged company built on a strong culture of ethics.","Yang Enterprises is a high-technology woman-owned, small disadvantaged company built on a strong culture of ethics.",2024-08-17,2024-09-03,False,6b9b8f42-cbb8-4a94-9a1d-16dae0a4f457,2026-09-17_page023.json
dragonforce,Hayes Beer Distributing,hayesbeer.com,"12160 S Central Ave, Alsip, Illinois, 60803, United States",5188578861,4.83,,"Founded in 1956, Hayes Beer Distributing is one of the leading distributors of a large variety of beers in Chicago. It offers more than 100 brands of beer, including Blue Moon, Bohemia, Buckler, Carta Blanca, Corona Light, Fosters Bitter, Hacker-Pschorr and Miller Lite. The company also provides beer from brands, such as Pacifico, Red Dog, Verdi, Tsingtao, Tecate, Steel Reserve and Molson Canadian.","Founded in 1956, Hayes Beer Distributing is one of the leading distributors of a large variety of beers in Chicago. It offers more than 100 brands of beer, including Blue Moon, Bohemia, Buckler, Carta Blanca, Corona Light, Fosters Bitter, Hacker-Pschorr and Miller Lite. The company also provides beer from brands, such as Pacifico, Red Dog, Verdi, Tsingtao, Tecate, Steel Reserve and Molson Canadian.",2024-08-02,2024-08-18,False,29454024-5e01-4fc9-a5ff-c6b69fd6edd4,2026-09-17_page023.json
dragonforce,David E Shambach Architect,www.shambach.com,"261 N Court Ave, Tucson, Arizona, 85701, United States",131943170388,122.88,,"David E. Shambach, Architect, Inc. [DESA] is a well-respected architecture firm in Tucson, Arizona. Established in 1993 and incorporated in 1994, DESA has continued to expand and develop our abilities in architecture, planning, interior design, project management / administration, sustainability, estimating, and construction. This broad depth of talent, knowledge, and experience enables DESA to successfully create, develop, and manage projects from initial client consultation through design and construction, culminating in functional, sustainable, and dignified buildings and spaces.","David E. Shambach, Architect, Inc. [DESA] is a well-respected architecture firm in Tucson, Arizona. Established in 1993 and incorporated in 1994, DESA has continued to expand and develop our abilities in architecture, planning, interior design, project management / administration, sustainability, estimating, and construction. This broad depth of talent, knowledge, and experience enables DESA to successfully create, develop, and manage projects from initial client consultation through design and construction, culminating in functional, sustainable, and dignified buildings and spaces.",2024-08-02,2024-08-11,False,87ab4093-3164-4fd6-9802-19a854657ee4,2026-09-17_page023.json
dragonforce,BK Aerospace,b-kmfg.com,"100 Technology Park, Arab, Alabama, 35016",20858154691,19.43,,"> What do you think about the classified documents, orders and much more by BOEING?","> What do you think about the classified documents, orders and much more by BOEING? > What about the Hellfire Dummy Seeker blueprints? Offer a full range of complementary services to our customers for design, test, manufacture and assembly of complex hardware.",2024-07-25,2024-09-03,False,77314f8f-ee47-4b7e-a121-7a78d9803394,2026-09-17_page023.json
dragonforce,Dimbleby Funeral Homes,www.dimblebyfuneralhomes.com,"40 Main St, Whitesboro, New York, 13492, United States",176069274765,163.98,,"Since 1931, the Dimbleby Funeral Homes have been caring for families during the most difficult time of their lives. Our commitment to excellence and our passion for providing exceptional service to the families we are privileged to serve is unsurpassed in our area. Our team of caring professionals will assist your family in creating a meaningful, personalized and memorable ceremony to honor your loved one.","Since 1931, the Dimbleby Funeral Homes have been caring for families during the most difficult time of their lives. Our commitment to excellence and our passion for providing exceptional service to the families we are privileged to serve is unsurpassed in our area. Our team of caring professionals will assist your family in creating a meaningful, personalized and memorable ceremony to honor your loved one.",2024-07-24,2024-08-03,False,a48dd706-263d-4ea5-8a43-052943c394a6,2026-09-17_page023.json
dragonforce,John Gallin & Son,gallin.com,"102 Madison Avenue, 9th Floor, New York, NY 10016",841748611803,783.94,,"Our firm was founded in 1886 by John Gallin, an Irish immigrant. The firm continues to be run by the Gallin family, now in its fourth generation of management.","Our firm was founded in 1886 by John Gallin, an Irish immigrant. The firm continues to be run by the Gallin family, now in its fourth generation of management. We work on projects located throughout the New York City metro area. Additionally, we have special expertise working with the unique demands of Manhattan high-rise buildings. Our clients comprise a cross-section of area businesses, including finance, retail, insurance, real estate, and law. We also have a great deal of experience working with non-profits and schools.",2024-07-24,2024-08-05,False,499ddf76-6f3a-45a1-a6d7-7845587a24cd,2026-09-17_page023.json
dragonforce,SBRPCA,www.rcc911.org,"4440 W Broadway, Hawthorne, California, 90250, United States",58444255229,54.43,,"South Bay Regional Public Communications Authority (SBRPCA), hosted by the City of Hawthorne, provides dispatching services of multiple police and fi re departments in southern California, including El Segundo, Hermosa Beach, Gardena, and Manhattan Beach. Business Challenge.","South Bay Regional Public Communications Authority (SBRPCA), hosted by the City of Hawthorne, provides dispatching services of multiple police and fi re departments in southern California, including El Segundo, Hermosa Beach, Gardena, and Manhattan Beach. Business Challenge.",2024-07-16,2024-08-02,False,8c52fef0-180e-44a8-abb5-7fa693b0752d,2026-09-17_page023.json
dragonforce,Mainland Machinery,mainlandmachinery.com,"2255 Townline Road, Abbotsford, British Columbia, Canada",108486159461,101.04,"{'id': 2, 'tag': 'Chat'}","Having rich experience in the industrial mining equipment industry, Mainland Machinery is a one-stop shop for all companies in steel and heavy metal","Having rich experience in the industrial mining equipment industry, Mainland Machinery is a one-stop shop for all companies in steel and heavy metal",2024-07-16,2024-07-25,False,709b7dae-c020-456a-a736-bf3b4ffa91fd,2026-09-17_page023.json
dragonforce,Raffmetal Spa,www.raffmetal.it,"82 Via Malpaga 1, Casto, Lombardy, 25070, Italy",160753332744,149.71,,Minerals & Mining,Minerals & Mining,2024-07-08,2024-07-28,False,553dcce1-1eb4-4e7a-9009-b6f4f16e21ce,2026-09-17_page023.json
dragonforce,Vermont Panurgy,panurgyvt.com,"21 Gregory Dr Ste 3, South Burlington, Vermont",2933908859,2.73,,"For over 30 years, we have also been providing outstanding IT and training services for state agencies.","For over 30 years, we have also been providing outstanding IT and training services for state agencies.",2024-07-02,2024-07-19,False,adf86d09-3d2b-44d2-9a63-66f2b0bba9d5,2026-09-17_page024.json
dragonforce,Gray & Adams,adm.gray-adams.com,"Head Office South Rd, Fraserburgh",8968870122,8.35,,Gray & Adams is the UK market-leader in the manufacture of specialist temperature controlled and bespoke vehicles.,Gray & Adams is the UK market-leader in the manufacture of specialist temperature controlled and bespoke vehicles.,2024-07-02,2024-07-20,False,a4115d40-cd69-458f-9179-635428b0c9d4,2026-09-17_page024.json
dragonforce,Elite Fitness,elitefitness.co.nz,"92 Crawford St, Dunedin, Otago, New Zealand",5696420644,5.31,,Elite Fitness has grown over the last 28 years with a true pioneering kiwi spirit to now being one of the largest fitness retailers in Australasia,Elite Fitness has grown over the last 28 years with a true pioneering kiwi spirit to now being one of the largest fitness retailers in Australasia,2024-07-02,2024-07-08,False,056c3636-11b2-4c95-96db-b99ef813aa63,2026-09-17_page024.json
dragonforce,Grand Rapids Gravel,grgravel.com,"2700 28th St SW, Wyoming, Michigan, 49519",11772522495,10.96,,"GRAND RAPIDS GRAVEL COMPANY, Kalkman Redi-Mix and Port City Redi-Mix have been delivering quality products since 1920.","GRAND RAPIDS GRAVEL COMPANY, Kalkman Redi-Mix and Port City Redi-Mix have been delivering quality products since 1920.",2024-07-02,2024-07-20,False,ce31e7c9-a127-4a2b-99d4-d6cdc01b7ffe,2026-09-17_page024.json
dragonforce,Hampden Veterinary Hospital,hampdenvets.co.uk,"Holgate Park Dr, Upper Poppleton, North Yorkshire",238479335737,222.1,,"We are proud to remain an independent Practice, which enable us to ensure you and your animals continue to receive the best individual care possibl e. There has been a veterinary practice at our present Hospital site in Aylesbury for over 100 years, which at that time was on the edge of the town and where the vet worked out of his Georgian house with stables in what was his back garden. This building continued to be used as part of our Small Animal Hospital till 2009. We fully renovated it in 2011 to use as our Farm Practice Office.","We are proud to remain an independent Practice, which enable us to ensure you and your animals continue to receive the best individual care possibl e. There has been a veterinary practice at our present Hospital site in Aylesbury for over 100 years, which at that time was on the edge of the town and where the vet worked out of his Georgian house with stables in what was his back garden. This building continued to be used as part of our Small Animal Hospital till 2009. We fully renovated it in 2011 to use as our Farm Practice Office.",2024-07-01,2024-07-19,False,a8576367-5674-4d30-99ca-a9a221499bfa,2026-09-17_page024.json
dragonforce,Super Gardens,supergardens.com.au,"111 Global Ave, Essendon Fields, Victoria, 3041",128964145446,120.11,,"Founded in 1989, Super Gardens is a commercial grounds and landscaping company. Services include Commercial Mowing, Garden Maintenance, Complete Am enity, and Fine Turf Management, Playground Construction, and more. The company is headquartered in Mulgrave, Victoria, Australia.","Founded in 1989, Super Gardens is a commercial grounds and landscaping company. Services include Commercial Mowing, Garden Maintenance, Complete Am enity, and Fine Turf Management, Playground Construction, and more. The company is headquartered in Mulgrave, Victoria, Australia.",2024-07-01,2024-07-12,False,6db94d0a-a595-4666-b3bc-0182cac9c8a1,2026-09-17_page024.json
dragonforce,Oahu Transit Services,thebus.org,"811 Middle St Rm 225, Honolulu, Hawaii, 96819",413066945,0.38,,"Founded in 1991, The Oahu Transit Services Group (OTS) owns and operates a fleet of buses for Honolulu, Hawaii, referred to collectively as TheBus.They recently began a new commuter ferry service, called The Boat.","Founded in 1991, The Oahu Transit Services Group (OTS) owns and operates a fleet of buses for Honolulu, Hawaii, referred to collectively as TheBus.They recently began a new commuter ferry service, called The Boat. Another major leak, about 800,000 records that include personal data of customers, you can get acquainted with the columns of the database, [RecNum] [RefNo] [Reason] [IDType] [IDNumber] [PassType] [Fee] [FName] [LName] [Addr1] [Addr2] [City] [State] [ZipCode] [Phone] [SSN] [Sex] [DOB] [Resident_Status] [ExpDate] [NewExpDate] [ADAFlag] [PCAFlag] [Desc1] [Desc2] [Dept] [Comments] [Duration] [Months] [Login] [EXCLUDE] [LOCATION] [IDTYPE_CODE] [REASON_CODE] [ModDate] [ModBy] [SAFLAG] [BUSEXPDATE] [IDTYPE_CODE2] [DISABILITY_STATUS] [NEWBUSEXPDATE] we give this company 7 days to get in touch, otherwise their customers will suffer due to their negligence.",2024-06-15,2024-07-08,False,5a51914c-554d-4650-be48-f4f3e37be0e8,2026-09-17_page024.json
dragonforce,Seafrigo,seafrigo.com,"58 Rue Du Général Chanzy, Le Havre, Normandy",46177388522,43.01,,"Seafrigo Group is an international freight and logistics company specializing in food transportation. Seafrigo services include ocean, air, and road freight transportation, container drayage, and temperature-controlled warehousing. Seafrigo is headquartered in Le Havre, France with offices across the globe.","Seafrigo Group is an international freight and logistics company specializing in food transportation. Seafrigo services include ocean, air, and road freight transportation, container drayage, and temperature-controlled warehousing. Seafrigo is headquartered in Le Havre, France with offices across the globe.",2024-06-09,2024-06-28,False,0a72d1a7-aa9d-4770-bf11-2f89e2086240,2026-09-17_page024.json
dragonforce,EvoEvents,evoevents.co.nz,P.O. Box 24034 3253 Hamilton,6588340501,6.14,,Online competition resource.,Online competition resource.,2024-06-08,2024-07-10,False,a191adc0-a3d5-4006-a5b7-1cc5f1bdf49b,2026-09-17_page024.json
dragonforce,Parrish-McCall Constructors,parrish-mccall.com,"3455 SW 42nd Ave, Gainesville, Florida, 32608",77183441501,71.88,,"Parrish-McCall Constructors is a full-service commercial construction company based in Gainesville, Florida that provides services in General Contracting, Design-Build, and Construction Management. We specialize in K-12 education, healthcare, higher education, government, and commercial construction for both public and private clients. Formed in 1968 as M.M. Parrish Construction Company, Parrish-McCall continues to be a relationship based construction firm whose primary goal is to build lasting relationships with clients by delivering quality and value through an open, transparent process.","Parrish-McCall Constructors is a full-service commercial construction company based in Gainesville, Florida that provides services in General Contracting, Design-Build, and Construction Management. We specialize in K-12 education, healthcare, higher education, government, and commercial construction for both public and private clients. Formed in 1968 as M.M. Parrish Construction Company, Parrish-McCall continues to be a relationship based construction firm whose primary goal is to build lasting relationships with clients by delivering quality and value through an open, transparent process.",2024-06-08,2024-07-09,False,dd864f9c-0ba5-4ae7-9ef3-fd9bf04f7708,2026-09-17_page024.json
dragonforce,Barrett Eye Care,barretteyecare.com,"11450 N Meridian St Ste 120, Carmel, Indiana",1341744177,1.25,,"At Barrett Eye Care we pride ourselves on being a full service, comprehensive, ophthalmology clinic. We are equipped to handle the full spectrum ofeye problems ranging from complex medical eye diseases to routine eye exams. We provide multiple services and procedures which can help our patients to see better and enjoy a higher quality of life.","At Barrett Eye Care we pride ourselves on being a full service, comprehensive, ophthalmology clinic. We are equipped to handle the full spectrum ofeye problems ranging from complex medical eye diseases to routine eye exams. We provide multiple services and procedures which can help our patients to see better and enjoy a higher quality of life.",2024-06-08,2024-07-05,False,657fe035-7175-4358-bfa9-c86dc2a161f6,2026-09-17_page024.json
dragonforce,Hoppecke,hoppecke-us.com,"1 Bontkirchener St, Brilon, Nordrhein-Westfalen",27201289912,25.33,,"Since 1927, the family company Hoppecke has been developing and producing industrial battery systems and is headquartered in Nordrhein-Westfalen, Germany. Hoppecke specializes in such sectors as solar energy, reserve power for IT/telecoms, power stations, motive power, uninterrupted power supplies, and special power for rail and underground.","Since 1927, the family company Hoppecke has been developing and producing industrial battery systems and is headquartered in Nordrhein-Westfalen, Germany. Hoppecke specializes in such sectors as solar energy, reserve power for IT/telecoms, power stations, motive power, uninterrupted power supplies, and special power for rail and underground.",2024-06-08,2024-06-27,False,86dd4253-f483-4bee-9ae4-b49e151d2712,2026-09-17_page024.json
dragonforce,Davis & Young,davisyounglaw.com,"1960 The Alameda Ste 210, San Jose, California",36277685962,33.79,,"Davis & Young is a respected full service civil litigation law firm based in San Jose, CA. Based in San Jose, California, Davis & Young has over 80years of combined experience in litigation and mediation. Our attorneys are recognized by the legal community for resolving disputes successfully while maintaining high professional standards. The firm's client-centered approach ensures that your case is handled with diligence and responsiveness at all stages. Davis & Young handles a broad range of legal matters, from employment disputes and public entity defense to catastrophic personal injury and wrongful death. Learn More about our practice areas.","Davis & Young is a respected full service civil litigation law firm based in San Jose, CA. Based in San Jose, California, Davis & Young has over 80years of combined experience in litigation and mediation. Our attorneys are recognized by the legal community for resolving disputes successfully while maintaining high professional standards. The firm's client-centered approach ensures that your case is handled with diligence and responsiveness at all stages. Davis & Young handles a broad range of legal matters, from employment disputes and public entity defense to catastrophic personal injury and wrongful death. Learn More about our practice areas.",2024-05-31,2024-06-19,False,5a055199-ce5d-41ce-b85e-f8a485350b43,2026-09-17_page024.json
dragonforce,biremote.net,one.biremote.net,"URB. LAS AMERICAS CALLE 8 #H7, BAYAMON, PR 00959",11462701514,10.68,,B & I CONSULTING SERVICES GROUP,B & I CONSULTING SERVICES GROUP,2024-05-31,2024-06-17,False,c2718e25-cb27-49f3-a1a0-a0e9fa08f919,2026-09-17_page024.json
dragonforce,I.L.A. Local 1964,local1964.org,"11 Teaneck Rd Ridgefield Park, NJ 07660",2960087519,2.76,,"Local 1964, International Longshoremen’s Association, Industrial & Miscellaneous Workers, represents workers in various industries and professions, running the gamut from Ocean Shipping, Trucking & Warehousing Logistics, to Nurses Aides, Dialysis Technicians, Building Maintenance workers, Grocery Store and Laundry Workers.","Local 1964, International Longshoremen’s Association, Industrial & Miscellaneous Workers, represents workers in various industries and professions, running the gamut from Ocean Shipping, Trucking & Warehousing Logistics, to Nurses Aides, Dialysis Technicians, Building Maintenance workers, Grocery Store and Laundry Workers. Chartered in 1970 the people of Local 1964 I.L.A. have fought hard to negotiate higher wages, good Health Benefits, Pensions, Vacations and Sick leave for its Union members for over 50 years. We have insisted that Employers maintain and deliver decent working conditions and schedules. Additionally, Local 1964 I.L.A. has gone to every length to protect its members and provide job security to every worker covered by a Collective Bargaining Agreement. Local 1964 is one of the largest International Longshoremen’s Local Unions with Union Membership in States stretching from the East Coast to California and multiple other States throughout the country from the Great Lakes to the Gulf of Mexico. Local 1964 I.L.A. belongs to The South Atlantic and Gulf Coast District, Atlantic Coast District and the Great Lakes District of the I.L.A. It is with your participation in mind that we have created this website. We hope that this tool helps you regarding frequently asked questions about your Union membership, organizing and benefits. The strength of any Union is its Members and the degree to which those Members participate. Local 1964 has always encouraged its members to participate in Union affairs.",2024-05-29,2024-06-27,False,6b4720a1-5c8e-4eab-a3e9-b4303f0799c0,2026-09-17_page024.json
dragonforce,WindCom,windcomservices.com,"5151 World Houston Pkwy Ste 100, Houston, Texas",4856211579,4.52,,"WindCom is an industry innovator focused on providing solutions to customer's wind blade needs. High levels of technical competence paired with flexible repair options offer customers year-round, reliable service. Every step of the blade repair process utilizes technology so customers can quickly and easily monitor their fleet. From zero-loss, high-speed inspections to online repair documentation and work instructions, WindCom is able to rapidly and safely respond to the most demanding repairs in the wind market. Working with WindCom ensures quality blade repair results the first time.","WindCom is an industry innovator focused on providing solutions to customer's wind blade needs. High levels of technical competence paired with flexible repair options offer customers year-round, reliable service. Every step of the blade repair process utilizes technology so customers can quickly and easily monitor their fleet. From zero-loss, high-speed inspections to online repair documentation and work instructions, WindCom is able to rapidly and safely respond to the most demanding repairs in the wind market. Working with WindCom ensures quality blade repair results the first time.",2024-05-16,2024-06-17,False,bb318143-698b-42d6-9f7c-cc98a8ab26fa,2026-09-17_page024.json
dragonforce,Dean Lumber & Supply,dean-lumber.com,"24425 Three Notch Rd, Hollywood, Maryland",6743106296,6.28,,"Located in the heart of Southern Maryland, Dean Lumber offers an almost endless supply of your home building or remodeling needs. Whether it is garage doors or cabinets, millwork, insulation, spray foam, shower doors, mirrors, locksets, surrounds, countertops, vanities, siding or more, Dean Lumber has you covered. Not only does Dean Lumber carry all these fine products for your home remodeling projects, these products are from the top manufacturers, companies like: Anderson, Fiberon, Therma Tru, Simonton, Formica, Corian, Heatilator, Kraftmaid, GAF, Trex, Azek, Hurd, Amarr, Raynor, Certainteed, Hardi, and many more.","Located in the heart of Southern Maryland, Dean Lumber offers an almost endless supply of your home building or remodeling needs. Whether it is garage doors or cabinets, millwork, insulation, spray foam, shower doors, mirrors, locksets, surrounds, countertops, vanities, siding or more, Dean Lumber has you covered. Not only does Dean Lumber carry all these fine products for your home remodeling projects, these products are from the top manufacturers, companies like: Anderson, Fiberon, Therma Tru, Simonton, Formica, Corian, Heatilator, Kraftmaid, GAF, Trex, Azek, Hurd, Amarr, Raynor, Certainteed, Hardi, and many more.",2024-05-16,2024-06-05,False,181137ec-2591-42e5-884c-2eec0b45510a,2026-09-17_page024.json
dragonforce,Motor Munich,motormunich.cat,"133 Costa I Germany, Sabadell, Catalonia",40973954330,38.16,,"Motor Munich is the official dealer of BMW and MINI since 1988 in Barcelona Area. It has facilities in Sant Cugat, Terrassa and Sabadell which total over 15,000 m2. Works as an integral dealer in order to fully serve the needs of the customer. Motor Munich offers a highly skilled team always trained Technical Service BMW. Thus combining car sales with the specialist services to the client: - Sales of new cars is complemented by the sale of original spare parts for the BMW brand.","Motor Munich is the official dealer of BMW and MINI since 1988 in Barcelona Area. It has facilities in Sant Cugat, Terrassa and Sabadell which total over 15,000 m2. Works as an integral dealer in order to fully serve the needs of the customer. Motor Munich offers a highly skilled team always trained Technical Service BMW. Thus combining car sales with the specialist services to the client: - Sales of new cars is complemented by the sale of original spare parts for the BMW brand.",2024-05-14,2024-05-09,False,5cfed9d5-4ef3-4fd4-bdbd-98de7635be5d,2026-09-17_page024.json
dragonforce,Connelly Security Systems,cssltd.co.uk,"16 Taylor St, Ayr, Ayrshire, KA8 8AU",17907125890,16.68,,"C.S.S. is now one of Scotland's most progressive security companies, employing over fifty customer liaison people ranging from customer service personnel, security surveyors, installation engineers, service engineers, control room operators and a strong management team. C.S.S operate from a purpose built head office in Glasgow that is a genuine 24hr operation business. Our service people are on call 365 days a year to respond to the needs of our customers at any time we are needed. C.S.S operate one of only a few National Security Industry approved Alarm Receiving Centres in Scotland. We monitor thousands of alarm systems from all over Scotland and pass the alerts via direct links to the emergency Police & Fire authority control centres. Our plan for the future is to continue providing a prompt, reliable service to our valued existing customer base. This has been one of the major factors in spreading the word to new customers that C.S.S is a company that can be trusted to provide security solutions, backed up with a quick response to any service requirement that may arise.","C.S.S. is now one of Scotland's most progressive security companies, employing over fifty customer liaison people ranging from customer service personnel, security surveyors, installation engineers, service engineers, control room operators and a strong management team. C.S.S operate from a purpose built head office in Glasgow that is a genuine 24hr operation business. Our service people are on call 365 days a year to respond to the needs of our customers at any time we are needed. C.S.S operate one of only a few National Security Industry approved Alarm Receiving Centres in Scotland. We monitor thousands of alarm systems from all over Scotland and pass the alerts via direct links to the emergency Police & Fire authority control centres. Our plan for the future is to continue providing a prompt, reliable service to our valued existing customer base. This has been one of the major factors in spreading the word to new customers that C.S.S is a company that can be trusted to provide security solutions, backed up with a quick response to any service requirement that may arise.",2024-05-14,2024-05-21,False,d53a75f1-1678-473a-997b-6e91d0cbbc9f,2026-09-17_page024.json
dragonforce,Hardings Transport,hardings-transport.com,"22 Industrial Estate Reg's Way, Coalville, US",1357824146,1.26,,"Starting out as a single man-in-a-van operation over 30 years ago, Hardings Transport Ltd has established itself as a leading international operator, being the choice haulier for local businesses and international corporations alike. Our success can be directly linked to our deep-rooted belief that reputation is critical; both yours and ours. The company has weathered many storms. Having endured the most recent economic upheaval and emerged ambitious for growth, we now plan to continue our evolution by maintaining our reputation for reliability, retaining skilled employees, and sustaining continued investment. We pride ourselves on the level of service that we provide; continually keeping customer satisfaction central to our operation. Reliability is a key quality in our constitution, which can be seen by our untarnished standing and by the number of key customers that continue to work with us. Our operation has been built around just in time campaigns, so we are perfectly geared to react to any short notice requirements demanded by our customers. We regularly update our fleet to uphold our image and implement up to the minute technology to stay ahead of our competitors. The latest edition to our services is 24hr tracking capabilities on our entire fleet, increasing the level of service that we are able to provide. With vehicles ranging from sprinter vans to curtain sider artics and refrigerated trailers we are capable of providing any type of service that you may require. And, with 55,000sq. ft. of warehouse space and 20,000sq. ft. of under-canopy area, we can be as flexible as you need us to be. Contact us today to find out how we can improve your supply chain.","Starting out as a single man-in-a-van operation over 30 years ago, Hardings Transport Ltd has established itself as a leading international operator, being the choice haulier for local businesses and international corporations alike. Our success can be directly linked to our deep-rooted belief that reputation is critical; both yours and ours. The company has weathered many storms. Having endured the most recent economic upheaval and emerged ambitious for growth, we now plan to continue our evolution by maintaining our reputation for reliability, retaining skilled employees, and sustaining continued investment. We pride ourselves on the level of service that we provide; continually keeping customer satisfaction central to our operation. Reliability is a key quality in our constitution, which can be seen by our untarnished standing and by the number of key customers that continue to work with us. Our operation has been built around just in time campaigns, so we are perfectly geared to react to any short notice requirements demanded by our customers. We regularly update our fleet to uphold our image and implement up to the minute technology to stay ahead of our competitors. The latest edition to our services is 24hr tracking capabilities on our entire fleet, increasing the level of service that we are able to provide. With vehicles ranging from sprinter vans to curtain sider artics and refrigerated trailers we are capable of providing any type of service that you may require. And, with 55,000sq. ft. of warehouse space and 20,000sq. ft. of under-canopy area, we can be as flexible as you need us to be. Contact us today to find out how we can improve your supply chain.",2024-05-14,2024-06-03,False,279cc5c7-1b46-4707-bb00-c5d2b329074a,2026-09-17_page024.json
dragonforce,Malone,www.maloneaccountants.ie,"Main St, Rathcoole, South Dublin, Ireland",16473314929,15.34,,"Malone Chartered Accountants in Ireland, provides top quality Accountancy and Tax services for Sole Traders to Medium Sized Enterprises.","Malone Chartered Accountants in Ireland, provides top quality Accountancy and Tax services for Sole Traders to Medium Sized Enterprises.",2024-05-14,2024-06-05,False,394ec0ea-9406-40db-8780-b47c9c8592f7,2026-09-17_page024.json
dragonforce,Watt Carmichael,www.wattcarmichael.com,"365 Bay St Ste 1200, Toronto, Ontario, M5H 2V1",29317203144,27.3,,"Watt Carmichael Inc. is a full-service investment management firm offering a full range of investments, including; T-Bills and GIC's, common and preferred shares, trust units, corporate and government bonds, foreign securities, exchange-traded funds, options, mutual funds, segregated funds, and insurance solutions. Our focus is integrity, service, and performance.","Watt Carmichael Inc. is a full-service investment management firm offering a full range of investments, including; T-Bills and GIC's, common and preferred shares, trust units, corporate and government bonds, foreign securities, exchange-traded funds, options, mutual funds, segregated funds, and insurance solutions. Our focus is integrity, service, and performance.",2024-05-14,2024-05-17,False,53354aff-a980-42ab-8c6e-cad15ac3befa,2026-09-17_page024.json
dragonforce,Persyn,www.persyn.be,"113a Blokellestraat, Zwevegem, Flanders, 8550, Belgium",29317203144,27.3,,"Construction. [persyn is een betrouwbaar, gezond en innovatief bouwbedrijf,gespecialiseerd in industriële en infrastructuurwerken,met waardering voor personeel enaandacht voor klantgerichte oplossingen.Onze specialiteiten zijn : rioleringswerken, wegeniswerken, pompstations, stationsgebouwen, bruggen, tunnels en industriële projecten.]","Construction. [persyn is een betrouwbaar, gezond en innovatief bouwbedrijf,gespecialiseerd in industriële en infrastructuurwerken,met waardering voor personeel enaandacht voor klantgerichte oplossingen.Onze specialiteiten zijn : rioleringswerken, wegeniswerken, pompstations, stationsgebouwen, bruggen, tunnels en industriële projecten.]",2024-05-13,2024-06-11,False,4f1a7007-6cb8-4d67-a1d4-3f5f90a7532d,2026-09-17_page024.json
dragonforce,Monocon International Refractory,monocon.com,"Old Denaby, Doncaster, South Yorkshire",4895815020,4.56,,"Monocon International Refractories is a company dedicated to the development and supply of innovative, quality products to steelmakers around the world. Located near Doncaster in the north of England, a modern office and factory complex is the base from which customers and an international network of agents are serviced. Nearly 30 years ago the company began by supplying the steel industry with refractory products essential to the repair of the working linings of high powered electric arc furnaces. That foothold in the market proved to be the first step in establishing a relationship with steelmakers that has led to the development and introduction of many successful products.","Monocon International Refractories is a company dedicated to the development and supply of innovative, quality products to steelmakers around the world. Located near Doncaster in the north of England, a modern office and factory complex is the base from which customers and an international network of agents are serviced. Nearly 30 years ago the company began by supplying the steel industry with refractory products essential to the repair of the working linings of high powered electric arc furnaces. That foothold in the market proved to be the first step in establishing a relationship with steelmakers that has led to the development and introduction of many successful products.",2024-05-13,2024-05-31,False,5364b3d9-347b-4beb-aa18-c5bf874fd001,2026-09-17_page024.json
dragonforce,Accurate Lock and Hardware,accuratelockandhardware.com,"1 Annie Pl 1, Stamford, Connecticut, 06902, US",15981386878,14.88,,"Offer stunning custom door hardware for clients seeking unique door hardware for their custom residences, resorts, hotels, shops, restaurants, churches and commercial spaces. Baltica was founded in 1997 with the vision to merge the beauty of custom door hardware with the custom architecture which is being designed by our generation. The splendor of hand-finished door hardware stands out amid the mass produced product offerings in this fast track world which we live in. Each one of us is creating history. We can chose to create surroundings with an attention to detail and fine craftsmanship, or to create living spaces which reflect the throw away culture which we live in today. We can choose products which are made-to-order and handcrafted by artisans, or choose mass produced products which are made by machines along assembly lines in immense industrial buildings. The choice is ours. Our talented designers create custom hardware for homeowners, architects, interior designers and custom millworkers. We bring original designs to life. Baltica offers custom door hardware which is made in the tradition of old world craftsmanship of a bygone era. Our bespoke architectural hardware is sand cast of the finest bronze, brass and white bronze.","Offer stunning custom door hardware for clients seeking unique door hardware for their custom residences, resorts, hotels, shops, restaurants, churches and commercial spaces. Baltica was founded in 1997 with the vision to merge the beauty of custom door hardware with the custom architecture which is being designed by our generation. The splendor of hand-finished door hardware stands out amid the mass produced product offerings in this fast track world which we live in. Each one of us is creating history. We can chose to create surroundings with an attention to detail and fine craftsmanship, or to create living spaces which reflect the throw away culture which we live in today. We can choose products which are made-to-order and handcrafted by artisans, or choose mass produced products which are made by machines along assembly lines in immense industrial buildings. The choice is ours. Our talented designers create custom hardware for homeowners, architects, interior designers and custom millworkers. We bring original designs to life. Baltica offers custom door hardware which is made in the tradition of old world craftsmanship of a bygone era. Our bespoke architectural hardware is sand cast of the finest bronze, brass and white bronze.",2024-05-13,2024-06-07,False,257e3a8c-35fa-4668-b444-80e1f02b2678,2026-09-17_page025.json
dragonforce,Altipal,www.altipal.com.co,"69 Cra. B 19 A 47, Cundinamarca, Colombia",197247491779,183.7,,"Marketing and distribution of leading brands in the market, accompanied by a team of extraordinary, passionate, committed and enterprising people.","Marketing and distribution of leading brands in the market, accompanied by a team of extraordinary, passionate, committed and enterprising people.",2024-05-13,2024-06-01,False,a8d90c8c-8384-4a7b-8d94-577e70baeded,2026-09-17_page025.json
dragonforce,Fullington Trailways,fullingtontours.com,"PO Box 211, Clearfield, Pennsylvania, 16830",51442347274,47.91,,"Fullington Auto Bus Co. Inc. provides transportation services. It offers intercity scheduled line run services from central Pennsylvania to destinations in Pittsburgh, Harrisburg, and Wilkes-Barre, Pennsylvania; and Buffalo, New York. The company also provides round trip transportation, limousines, VIP cruises, and school bus contracting services, as well as gift cards. Fullington Auto Bus Co. Inc. was founded in 1908 and is based in Clearfield, Pennsylvania. As of September, 2009, Fullington Auto Bus Co. Inc. operates as a subsidiary of RATP Développement.","Fullington Auto Bus Co. Inc. provides transportation services. It offers intercity scheduled line run services from central Pennsylvania to destinations in Pittsburgh, Harrisburg, and Wilkes-Barre, Pennsylvania; and Buffalo, New York. The company also provides round trip transportation, limousines, VIP cruises, and school bus contracting services, as well as gift cards. Fullington Auto Bus Co. Inc. was founded in 1908 and is based in Clearfield, Pennsylvania. As of September, 2009, Fullington Auto Bus Co. Inc. operates as a subsidiary of RATP Développement.",2024-04-15,2024-05-10,False,f76edaf0-8889-4786-9704-a53a477b1573,2026-09-17_page025.json
dragonforce,Deacon Jones,www.speakindeacon.com,"1109 N Brightleaf Blvd, Smithfield, North Carolina, United States",35058077348,32.65,,"Our financing team is filled with knowledgeable professionals experienced in processing auto loans and leases. Each time one of our loyal customersis ready to begin their financing journey at Deacon Jones, they can count on finding a loan or lease option that works with their lifestyle and needs. Looking to put the car of your dreams in your driveway, on your terms? Fill out your finance application at Deacon Jones today!","Our financing team is filled with knowledgeable professionals experienced in processing auto loans and leases. Each time one of our loyal customersis ready to begin their financing journey at Deacon Jones, they can count on finding a loan or lease option that works with their lifestyle and needs. Looking to put the car of your dreams in your driveway, on your terms? Fill out your finance application at Deacon Jones today!",2024-04-15,2024-05-09,False,56b3878e-a7fd-4efb-b23a-67a23de209a3,2026-09-17_page025.json
dragonforce,New Production Concept,www.npcitaly.com,Via Errico Malatesta 27/29 40026 Imola (BO) - Italy,20647172371,19.23,,New Production Concept is a versatile company with a streamline organization able to provide a complete service for the production of automatic machines.,New Production Concept is a versatile company with a streamline organization able to provide a complete service for the production of automatic machines.,2024-04-09,2024-04-29,False,6890a3e9-4533-420a-8533-ce6e58880e81,2026-09-17_page025.json
dragonforce,Vstblekinge Miljo,vmab.se,"101-20 Perstorpsvägen 91, Morrum, Blekinge, Sweden",10997338008,10.24,,Vstblekinge Miljo AB is a company that operates in the Transportation/Trucking/Railroad industry.,Vstblekinge Miljo AB is a company that operates in the Transportation/Trucking/Railroad industry.,2024-04-09,2024-04-03,False,2236dbaf-5081-4beb-9101-8037b9405d30,2026-09-17_page025.json
dragonforce,Rigcon,www.rigcon.com,rigcom.com.au,2922184350,2.72,,Civil Engineering Construction,Civil Engineering Construction,2024-04-09,2024-04-21,False,e18dc36b-cc21-495e-ab1f-e4e0df33305c,2026-09-17_page025.json
dragonforce,Team Locum,teamlocum.com,"1st Floor, 3 Regal Court 8, Sovereign Road Kings Norton Business Centre Birmingham B30 3FJ",20964829776,19.53,,"Team Locum is a leading, specialist agency, run by healthcare professionals, and placing locum Pharmacists, Optometrists, Carers and other healthcare personnel, with an extensive range of highly satisfied clients across the UK.","Team Locum is a leading, specialist agency, run by healthcare professionals, and placing locum Pharmacists, Optometrists, Carers and other healthcare personnel, with an extensive range of highly satisfied clients across the UK.",2024-04-09,2024-06-22,False,4f2505f5-4ee5-41f3-b145-9db8d42e0094,2026-09-17_page025.json
dragonforce,MajuHome Concept,www.online.majuhome.com.my,"8/3,Eco Santuari, 42500 Telok Panglima Garang, Selangor, Malaysia",7345831852,6.84,,"Since 1986, MajuHome Concept has been one of the favourite brand to Malaysian consumers when it comes to furniture solutions that is of good quality that comes with latest and trendy design. We are proud to be providing our customers the luxury of getting all-inclusive furniture shopping experience in an enormous display house, ONE STOP under one roof.","Since 1986, MajuHome Concept has been one of the favourite brand to Malaysian consumers when it comes to furniture solutions that is of good quality that comes with latest and trendy design. We are proud to be providing our customers the luxury of getting all-inclusive furniture shopping experience in an enormous display house, ONE STOP under one roof.",2024-04-09,2024-04-18,False,8d520d61-f814-408e-9bec-4e0bd08f416b,2026-09-17_page025.json
dragonforce,Swansea & South Wales,www.swansea.com,"Cambrian House, Cambrian Place, Swansea, SA1 1RH",5553749420,5.17,,"Swansea & South Wales has several investments across different sectors including Travel, Hospitality, Real Estate & Sports. Swansea.com has the ethos of employing local people and working closely with its local community and key stakeholders. We currently directly employ over 200 people across South Wales. Swansea.com continues to look at new opportunities to further its business interests, committed to investing in Swansea. Although the COVID-19 pandemic has made the last 18 months very difficult for every business, we have continued to invest in several new opportunities.","Swansea & South Wales has several investments across different sectors including Travel, Hospitality, Real Estate & Sports. Swansea.com has the ethos of employing local people and working closely with its local community and key stakeholders. We currently directly employ over 200 people across South Wales. Swansea.com continues to look at new opportunities to further its business interests, committed to investing in Swansea. Although the COVID-19 pandemic has made the last 18 months very difficult for every business, we have continued to invest in several new opportunities.",2024-04-09,2024-05-06,False,e7265254-8242-4c1a-b072-f5a641eba40f,2026-09-17_page025.json
dragonforce,Saint Cecilia's Church of England School,saintcecilias.london,"Sutherland Grove, London, SW18 5JR",7271420572,6.77,,"Saint Cecilia’s is a vibrant Church of England secondary school with a distinctive Christian ethos for pupils aged 11-18 years. The school first opened in September 2003 on the site of Wandsworth Boys School. It currently has close to 1,000 pupils on roll, including approximately 200 students in its thriving Sixth Form.","Saint Cecilia’s is a vibrant Church of England secondary school with a distinctive Christian ethos for pupils aged 11-18 years. The school first opened in September 2003 on the site of Wandsworth Boys School. It currently has close to 1,000 pupils on roll, including approximately 200 students in its thriving Sixth Form.",2024-04-09,2024-05-08,False,64f6a44b-a987-4741-b0b9-47baf3c09710,2026-09-17_page025.json
dragonforce,Kadushisoft,www.kadushisoft.com,"61 Kaya Heldu, Willemstad, Curacao",4815194220,4.48,,"Kadushisoft is committed to supporting a diverse range of customer needs. By eliminating the heavy services approach used by other vendors, we enable agile production of custom made application software. Kadushisoft’s clients experience the competency proven in networking and hardware sustainability, enticing firms like yours to rely on Kadushisoft’s ability to reinforce your company’s IT. Founded in 2004, Kadushisoft is a privately held firm with its office located in Willemstad, Curacao.","Kadushisoft is committed to supporting a diverse range of customer needs. By eliminating the heavy services approach used by other vendors, we enable agile production of custom made application software. Kadushisoft’s clients experience the competency proven in networking and hardware sustainability, enticing firms like yours to rely on Kadushisoft’s ability to reinforce your company’s IT. Founded in 2004, Kadushisoft is a privately held firm with its office located in Willemstad, Curacao.",2024-04-09,2024-04-24,False,a5e9be96-0f8e-4d6b-8e2c-3a639312db20,2026-09-17_page025.json
dragonforce,PalauGov,www.palaugov.pw,"P.O. Box 6051 Koror, Palau 96940",22868622547,21.3,,"We have read the article that was published here (https://*.media/palau-attack-who-was-behind-china-us) and would like to point out that our motivation is financial and we have nothing to do with political issues. Representatives of this state came to us, but for some reason they did not clarify the information about the leak. In three days, all the data from Palau will be available on our blog. You can find a lot of interesting information there. Thank you for your attention. Remember, this is just the beginning.","We have read the article that was published here (https://*.media/palau-attack-who-was-behind-china-us) and would like to point out that our motivation is financial and we have nothing to do with political issues. Representatives of this state came to us, but for some reason they did not clarify the information about the leak. In three days, all the data from Palau will be available on our blog. You can find a lot of interesting information there. Thank you for your attention. Remember, this is just the beginning.",2024-04-07,2024-04-07,False,7a087bc8-55dc-4a58-bd5a-6b7eaa3d5ec6,2026-09-17_page025.json
dragonforce,Teton Orthopaedics,tetonortho.com,"555 E Broadway Ave, Jackson, Wyoming, 83001",20915775231,19.48,,"For over 30 years, Teton Orthopaedics has provided exceptional orthopaedic care to the residents of Wyoming and beyond. Only the most dedicated, accomplished professionals earn a place on our team. Our highly-trained physicians are Board Certified and Fellowship trained, each practicing in a specific field of orthopaedics. This means that your exact needs can be taken care of with the most precise level of expertise. No matter how common or obscure your problem, we have the capability to offer the best treatment. With 9 clinic locations across the state, we make it convenient for patients seeking premier healthcare close to home. Our mission at Teton Orthopaedics is to continue providing world-class orthopaedic care, compassion, and expertise to our local residents and visitors.","For over 30 years, Teton Orthopaedics has provided exceptional orthopaedic care to the residents of Wyoming and beyond. Only the most dedicated, accomplished professionals earn a place on our team. Our highly-trained physicians are Board Certified and Fellowship trained, each practicing in a specific field of orthopaedics. This means that your exact needs can be taken care of with the most precise level of expertise. No matter how common or obscure your problem, we have the capability to offer the best treatment. With 9 clinic locations across the state, we make it convenient for patients seeking premier healthcare close to home. Our mission at Teton Orthopaedics is to continue providing world-class orthopaedic care, compassion, and expertise to our local residents and visitors.",2024-04-05,2024-04-22,False,af747cd1-c71b-4784-8478-2843e157ca10,2026-09-17_page025.json
dragonforce,Aussizz Group,www.aussizzgroup.com,"Block Court 288-290 Collins St L 1, Melbourne",299481405043,278.91,,"Established in 2009, Aussizz Group is one of the most trusted names offering quality immigration and education consultancy services. The team at Aussizz Group is accredited with many licenses and certifications including MARA (Migration Agents Registration Authority), MIA (Migration Institute of Australia) and QEAC (Qualified Education Agent Counsellor). Their expertise includes providing customised, tailor-made solutions in student visa, employer-sponsored visa, partner visa, business visa, visitor visa and GSM visa. The company also assists with professional year program, IELTS and PTE coaching and accommodation in Australia.","Established in 2009, Aussizz Group is one of the most trusted names offering quality immigration and education consultancy services. The team at Aussizz Group is accredited with many licenses and certifications including MARA (Migration Agents Registration Authority), MIA (Migration Institute of Australia) and QEAC (Qualified Education Agent Counsellor). Their expertise includes providing customised, tailor-made solutions in student visa, employer-sponsored visa, partner visa, business visa, visitor visa and GSM visa. The company also assists with professional year program, IELTS and PTE coaching and accommodation in Australia.",2024-04-05,2024-04-22,False,8f41eb99-5550-4d17-bc46-74ae5089fe44,2026-09-17_page025.json
dragonforce,Dunbier Boat Trailers,www.dunbier.com,"124 Lahrs Rd, Ormeau, Queensland, 4208, Australia",1371627280,1.28,,"Established in 1969, Dunbier Marine Products has been manufacturing boat trailers for all types of Australian Boaties for over 50 years, building its reputation on quality, strength and reliability. With the Head Office situated in Braeside (Melbourne), Dunbier services the Australian market through 5 interstate offices, as well as an experienced and dedicated dealer network. Dunbier are proudly Australian family owned, operated and our trailers still made in Australia. With our support network across the country, you can feel safe knowing that we are there with you, wherever you go.","Established in 1969, Dunbier Marine Products has been manufacturing boat trailers for all types of Australian Boaties for over 50 years, building its reputation on quality, strength and reliability. With the Head Office situated in Braeside (Melbourne), Dunbier services the Australian market through 5 interstate offices, as well as an experienced and dedicated dealer network. Dunbier are proudly Australian family owned, operated and our trailers still made in Australia. With our support network across the country, you can feel safe knowing that we are there with you, wherever you go.",2024-03-25,2024-04-23,False,2db362e6-090e-40f0-b039-82670e600e7c,2026-09-17_page025.json
dragonforce,Greenline Service,www.greenlineva.com,"11417 Tidewater Trl, Fredericksburg, Virginia",6277364627,5.85,,Industrial Machinery & Equipment.,Industrial Machinery & Equipment.,2024-03-25,2024-04-23,False,bf105b70-1557-4197-8a2a-dc9078ae06ee,2026-09-17_page025.json
dragonforce,Ward Transport & Logistics,wardtlc.com,"1436 Ward Trucking Dr, Altoona, PA 16602",616476872963,574.14,"{'id': 1, 'tag': 'Audio'}; {'id': 2, 'tag': 'Chat'}","Founded in 1931, Ward Transport & Logistics delivers obsessive customer service in the form of LTL and Logistics & Brokerage Services. Ward Transport & Logistics is headquartered in Altoona, Pennsylvania.","Founded in 1931, Ward Transport & Logistics delivers obsessive customer service in the form of LTL and Logistics & Brokerage Services. Ward Transport & Logistics is headquartered in Altoona, Pennsylvania.",2024-03-19,2024-03-28,False,d284b10b-fe54-4839-b51b-7188d80469a2,2026-09-17_page025.json
dragonforce,Jasper-Dubois County Public Library,www.jdcpl.us,"100 3rd Ave Ste B, Jasper, Indiana, 47546",156774352910,146.01,,Jasper-Dubois County Public Library.,Jasper-Dubois County Public Library.,2024-03-19,2024-04-19,False,98a23925-0520-4a83-a0e0-d565a5f6a28d,2026-09-17_page025.json
dragonforce,Crystal Window & Door Systems,crystalwindows.com,"3110 Whitestone Expy, Flushing, New York",66932832650,62.34,,"Crystal Window & Door Systems, LTD is a manufacturer of windows and door systems for commercial and residential buildings. The company was founded in 1990 and is headquartered in Flushing, New York.","Crystal Window & Door Systems, LTD is a manufacturer of windows and door systems for commercial and residential buildings. The company was founded in 1990 and is headquartered in Flushing, New York.",2024-03-01,2024-03-22,False,55743c0c-64b3-4531-85c2-76d125b93473,2026-09-17_page025.json
dragonforce,Artissimo Designs,artissimodesigns.com,"2100 E Grand Ave Ste 400, El Segundo, California",31442983889,29.28,,"Artissimo Designs is a leading manufacturer of ready to hang wall art offering canvas paintings, and including Acrylic, Glass, Metal, Shadowboxes,Wood art. Artissimo Designs is located in California.","Artissimo Designs is a leading manufacturer of ready to hang wall art offering canvas paintings, and including Acrylic, Glass, Metal, Shadowboxes,Wood art. Artissimo Designs is located in California.",2024-02-29,2024-04-02,False,caa66938-5d12-450b-b9d7-c4c1a30247a1,2026-09-17_page025.json
dragonforce,Erwat,www.erwat.co.za,"Erwat Bapsfontein Rd, Kempton Park, Gauteng, South Africa",12312346625,11.47,,ERWAT is a truly indigenous South African company with extensive expertise in all aspects of water and wastewater management.,"ERWAT is a truly indigenous South African company with extensive expertise in all aspects of water and wastewater management. ERWAT’s purpose is to improve the environment and human well-being by providing sustainable water care and resource recovery. Serving the public and private sectors, ERWAT promotes a healthy environment by providing cost-effective wastewater treatment solutions through innovative technologies developed to meet the ever-growing demand for improved quality in wastewater treatment.",2024-02-29,2024-03-31,False,bf96b2d9-906e-48fa-a339-92ef53414021,2026-09-17_page025.json
dragonforce,Westward 360,westward360.com,"129 E Calhoun St, Woodstock, Illinois, 60098, United States",11811776336,11.0,,"Westward360 is dedicated to providing exceptional community management, rental management and brokerage services. Serving multiple markets throughout the United States, we have the systems, strategies, and expertise to meet the specialized needs of even the most demanding client. With more than 50,000 homes under management, we’re your all-in-one real estate solution.","Westward360 is dedicated to providing exceptional community management, rental management and brokerage services. Serving multiple markets throughout the United States, we have the systems, strategies, and expertise to meet the specialized needs of even the most demanding client. With more than 50,000 homes under management, we’re your all-in-one real estate solution.",2024-02-18,2024-03-04,False,cc813868-782c-479b-b4e0-7605f8492ce7,2026-09-17_page025.json
dragonforce,Compression Leasing Services,compressionleasing.com,"1935 N Loop Ave, Casper, Wyoming, 82601, United States",44137923027,41.11,,"CLS is a world leader in high pressure compressor fabrication, sales, rentals, service and support. We design, fabricate, sell, rent and service standard to high pressure compressors. On-site fabrication, testing and painting by our expert staff provides the highest level of craftsmanship and quality.","CLS is a world leader in high pressure compressor fabrication, sales, rentals, service and support. We design, fabricate, sell, rent and service standard to high pressure compressors. On-site fabrication, testing and painting by our expert staff provides the highest level of craftsmanship and quality.",2024-02-18,2024-03-12,False,7526b86e-27b1-4fe2-b19c-13e20b90bf56,2026-09-17_page025.json
dragonforce,Ohio Lottery,ohiolottery.com,"7462 Webster St, Dayton, Ohio, 45414, United States",101725153615,94.74,,"Long negotiations that seem to have led to nothing, about 1.500.000 records that contain (SSN, DOB) Ohio Lottery clients. This is about 12% of the population of the state of Ohio and these are just our conservative estimates. Especially for your convenience, we have exported records from the database into a convenient CSV format, and you also have the opportunity to download full copies of the databases. Ohio Lottery themselves were warned that people could suffer, which in general apparently does not bother them at all, these are the consequences of negligence.","Long negotiations that seem to have led to nothing, about 1.500.000 records that contain (SSN, DOB) Ohio Lottery clients. This is about 12% of the population of the state of Ohio and these are just our conservative estimates. Especially for your convenience, we have exported records from the database into a convenient CSV format, and you also have the opportunity to download full copies of the databases. Ohio Lottery themselves were warned that people could suffer, which in general apparently does not bother them at all, these are the consequences of negligence.",2024-01-22,2024-03-06,False,24a55869-7d28-4aa0-b26d-bf0355ef7426,2026-09-17_page026.json
dragonforce,Geologics,geologics.com,"5500 Cherokee Ave Ste 400, Alexandria, Virginia, 22312, United States",131950348078,122.89,,"GeoLogics has grown to become a successful and award-winning high-technology company supporting the defense, IT, and telecommunications industries, as well as numerous government agencies. The company's technical contributions are part of the International Space Station, NASA launch and ground control systems, missile defense systems, government and corporate IT operations, and web systems.","GeoLogics has grown to become a successful and award-winning high-technology company supporting the defense, IT, and telecommunications industries, as well as numerous government agencies. The company's technical contributions are part of the International Space Station, NASA launch and ground control systems, missile defense systems, government and corporate IT operations, and web systems.",2023-12-29,2024-01-11,False,39d955e7-2396-44c2-9025-1ba0d8d09d85,2026-09-17_page026.json
dragonforce,Kinetic Leasing,kineticlease.com,"2575 41st St S Ste 1, Fargo, North Dakota, 58104, United States",36465799240,33.96,,"Kinetic Leasing, Inc. is a general equipment leasing company providing flexible, creative leasing solutions to middle market businesses and municipalities across the United States. Headquartered in Fargo, North Dakota.","Kinetic Leasing, Inc. is a general equipment leasing company providing flexible, creative leasing solutions to middle market businesses and municipalities across the United States. Headquartered in Fargo, North Dakota.",2023-12-21,2024-01-20,False,e31fb13a-e949-4e99-a41a-c112291878c2,2026-09-17_page026.json
dragonforce,ACE Air Cargo,aceaircargo.com,"5901 Lockheed Ave, Anchorage, Alaska, 99502, United States",56476466970,52.6,,"ACE offers scheduled cargo flights, passenger and cargo charters, small package service and logistics.","ACE offers scheduled cargo flights, passenger and cargo charters, small package service and logistics.",2023-12-21,2024-01-13,False,922b0d9d-597d-4139-a1b1-b59fcea0534d,2026-09-17_page026.json
dragonforce,Yakult Australia,yakult.com.au,"Pty. PO Box dandenong, Dandenong South, Victoria, 3164, Australia",102209971914,95.19,,Yakult produces the highest quality probiotics.,"Yakult produces the highest quality probiotics. *Company database, contracts, passports and much more.",2023-12-20,2023-12-28,False,ae7f6433-6c2a-421c-be91-c14b65b3c730,2026-09-17_page026.json
dragonforce,Greater Cincinnati Behavioral Health,gcbhs.com,"1501 Madison Rd Ste 3, Cincinnati, Ohio, 45206, United States",77738931660,72.4,"{'id': 1, 'tag': 'Audio'}",Greater Cincinnati Behavioral Health Services (GCB) is the most comprehensive mental health provider in Southwestern Ohio and Northern Kentucky serving people with mental illness and related barriers. GCB is a fully certified.,Greater Cincinnati Behavioral Health Services (GCB) is the most comprehensive mental health provider in Southwestern Ohio and Northern Kentucky serving people with mental illness and related barriers. GCB is a fully certified.,2023-12-14,2023-12-29,False,a790f2ce-42c2-499b-a8b8-518d3ff3d876,2026-09-17_page026.json
dragonforce,Cooper Research Technology,cooper.co.uk,"1 Albert Court Peasehill Rd Unit, Nottingham, Derbyshire, DE5 3AQ, United States",69489343616,64.72,,"Cooper Research Technology Limited (also known as Cooper Technology) is a British manufacturer of high-performance civil engineering materials testing equipment, based in Ripley, Derbyshire, England.","Cooper Research Technology Limited (also known as Cooper Technology) is a British manufacturer of high-performance civil engineering materials testing equipment, based in Ripley, Derbyshire, England.",2023-12-13,2023-12-27,False,36ff94cf-030c-4556-b5d3-79182aa23fdd,2026-09-17_page026.json
dragonforce,Decina,decina.com.au,"26-28 Waldaree St, Gepps Cross, South Australia, 5094, Australia",117012775653,108.98,,Decina has made over one million baths in our Queensland factory since 1989 and is 100% Australian owned. Decina is Australia's first choice in bathroom products when it comes to quality and value. All of Decina's products comply with stringent Australian Standards.,Decina has made over one million baths in our Queensland factory since 1989 and is 100% Australian owned. Decina is Australia's first choice in bathroom products when it comes to quality and value. All of Decina's products comply with stringent Australian Standards.,2023-12-13,2023-12-28,False,c3871801-9de6-41db-95e8-01a8b1b94c50,2026-09-17_page026.json
dragonforce,Seven Seas,sevenseasgroup.com,"8207 N Loop East Suit 100, Houston, Texas, 77029, United States",28474032215,26.52,,"Established in 1971, Seven Seas is a global maritime services group specializing in the provision of general ship supplies, stores, spare parts, and leading technical maritime brands through multiple ports across the world. Seven Seas is headquartered in Dubai.","Established in 1971, Seven Seas is a global maritime services group specializing in the provision of general ship supplies, stores, spare parts, and leading technical maritime brands through multiple ports across the world. Seven Seas is headquartered in Dubai.",2023-12-13,2024-01-15,False,ce561de6-afa6-4f0a-99dc-e170a48db8ba,2026-09-17_page026.json
dragonforce,Tglt,tglt.com,"2177 Miñones, Buenos Aires, Buenos Aires F.D., 1428, Argentina",170483695575,158.78,,"TGLT S.A. operates as a residential real estate development company. The company develops and constructs multi-family residences and mixed-use projects in Buenos Aires and Rosario, Argentina, and in Montevideo, Uruguay.","TGLT S.A. operates as a residential real estate development company. The company develops and constructs multi-family residences and mixed-use projects in Buenos Aires and Rosario, Argentina, and in Montevideo, Uruguay.",2023-12-13,2024-01-15,False,da9d4551-b697-4bc8-a394-1047e79ac9a6,2026-09-17_page026.json
dragonforce,Lunacon Construction Group,lunaconcorp.com,"16890 S Dixie Hwy, Miami, Florida, 33157, United States",54690908128,50.93,,"Lunacon Construction Group was founded in Miami, FL in 2007, based on the principles of integrity, diversity, and excellence in building. Over the past decade, we have built an impressive resume of diverse company experience.","Lunacon Construction Group was founded in Miami, FL in 2007, based on the principles of integrity, diversity, and excellence in building. Over the past decade, we have built an impressive resume of diverse company experience.",2023-12-13,2024-01-15,False,9bee2409-a7bd-4446-8e4e-43e027a8af94,2026-09-17_page026.json
dragonforce,Dafiti Argentina,dafiti.com.ar,"Av.dorrego, Buenos Aires, Argentina",345351800010,321.63,,"Comprar zapatos, ropa y accesorios por internet en Dafiti Argentina, accedé a lo mejor de la moda. Envío gratis desde $3799 según tu zona, cambio y devolución gratis a todo el País.","Comprar zapatos, ropa y accesorios por internet en Dafiti Argentina, accedé a lo mejor de la moda. Envío gratis desde $3799 según tu zona, cambio y devolución gratis a todo el País.",2023-12-13,2024-01-15,False,945991a6-b47b-4eed-a2ce-36165ed66353,2026-09-17_page026.json
dragonforce,Baden,baden.ch,"1 Rathausgasse, Baden, Aargau, 5400, Switzerland",3379879222,3.15,,"All levels of education through to the end of secondary school (higher education entrance qualification) can be completed in Baden. The city also boasts ultra-modern, nationally award-winning vocational training centres and there are several outstanding tertiary.","All levels of education through to the end of secondary school (higher education entrance qualification) can be completed in Baden. The city also boasts ultra-modern, nationally award-winning vocational training centres and there are several outstanding tertiary.",2023-12-13,2024-01-15,False,20ae0fe8-cbc5-4b0a-9661-efff5e9f2f8f,2026-09-17_page026.json
dragonforce,The GBUAHN,gbuahn.org,"564 Niagara St Bldg 2, Buffalo, New York, 14201, United States",253042537905,235.66,,"GBUAHN is the first health organization in WNY to utilize Tyto Care's cutting-edge solution for remote chronic care management The Greater Buffalo United Accountable Healthcare Network (GBUAHN), a Medicaid health home specializing in care coordination, has entered.","GBUAHN is the first health organization in WNY to utilize Tyto Care's cutting-edge solution for remote chronic care management The Greater Buffalo United Accountable Healthcare Network (GBUAHN), a Medicaid health home specializing in care coordination, has entered.",2023-12-13,2023-12-14,False,9f42ba09-9723-46c8-b120-6945dec3cdc2,2026-09-17_page026.json
dragonforce,World Emblem International,worldemblem.com,"4601 Sheridan St Ste 300, Hollywood, Florida, 33021, United States",447874035788,417.12,,"Founded in 1993, World Emblem International is an apparel company that specializes in the manufacturing and design of emblems. They are based in Miami, Florida.","Founded in 1993, World Emblem International is an apparel company that specializes in the manufacturing and design of emblems. They are based in Miami, Florida.",2023-12-13,2024-01-15,False,5e12b738-2647-45de-9535-78940f4d61f1,2026-09-17_page026.json
dragonforce,Shorts,shorts.uk.com,"2 Ashgate Rd, Chesterfield, South Yorkshire, S40 4AA, United Kingdom",641739748627,597.67,,"Shorts is a long standing local business which has grown rapidly in recent years. We are a firm where capable, ambitious and knowledgeable individuals can make a real difference to our clients and their own progression.","Shorts is a long standing local business which has grown rapidly in recent years. We are a firm where capable, ambitious and knowledgeable individuals can make a real difference to our clients and their own progression.",2023-12-13,2024-01-15,False,ce6eafd9-0845-4fca-b7f3-6d44133e0e24,2026-09-17_page026.json
dragonforce,Coca-Cola Singapore,coca-cola.com.sg,"457 Jalan Ahmad Ibrahim, Singapore, Central Singapore, 639933, Singapore",444441978146,413.92,,"Coca-Cola Singapore produces and distributes carbonated beverages. The Company offers soft drink, juice, tea, and water.","Coca-Cola Singapore produces and distributes carbonated beverages. The Company offers soft drink, juice, tea, and water.",2023-12-13,2024-01-15,False,6ba7d92b-c1cd-4e78-b2aa-459b09558b46,2026-09-17_page026.json
dragonforce,Leedarson Lighting,leedarson.com,"no.1511 2nd Fanghu North Rd, Xiamen, Guangxi Zhuang Autonomous Region",3787986503,3.53,,"As a worldwide ODM, LEEDARSON partners with businesses to help them design, manufacture, test, certify, kit and deliver extraordinary IoT devices. They apply their work to help fuel an intelligent world - leveraging multi-protocol standards, platforms and ecosystem.","As a worldwide ODM, LEEDARSON partners with businesses to help them design, manufacture, test, certify, kit and deliver extraordinary IoT devices. They apply their work to help fuel an intelligent world - leveraging multi-protocol standards, platforms and ecosystem.",2023-12-13,2024-01-15,False,73836c43-1b08-4801-80bb-7f454c952b09,2026-09-17_page026.json
dragonforce,Grayhill,grayhill.com,"561 W Hillgrove Ave, La Grange, Illinois, 60525, United States",21168700298,19.71,,"Founded in 1943, Grayhill is a company that manufactures electronic components including, optical and mechanical encoders, rotary switches, and joysticks. Grayhill is located in La Grange, Illinois.","Founded in 1943, Grayhill is a company that manufactures electronic components including, optical and mechanical encoders, rotary switches, and joysticks. Grayhill is located in La Grange, Illinois.",2023-12-13,2024-01-15,False,14bc00ee-5fbd-432c-9ff0-fc3e8c37df1b,2026-09-17_page026.json
dragonforce,Agl Welding Supply,aglweldingsupply.com,"600 Us Hwy 46 Ste 1, Clifton, New Jersey, 07013, United States",184192160622,171.54,,"Family owned and operated since 1920, AGL holds itself to a higher standard. For us, that means living our corporate values and giving back to the communities we serve. We work hard to be a company with which all of our stakeholders - employees, customers, client.","Family owned and operated since 1920, AGL holds itself to a higher standard. For us, that means living our corporate values and giving back to the communities we serve. We work hard to be a company with which all of our stakeholders - employees, customers, client.",2023-12-13,2023-12-24,False,905b86e8-e12e-44b2-a9c5-b26a972a16c0,2026-09-17_page026.json
dragonforce,PCTEL,www.pctel.com,"471 Brighton Ct, Bloomingdale, Illinois, 60108, United States",287167127541,267.45,,"PCTEL, Inc., together with its subsidiaries, delivers performance critical telecom solutions in the Asia Pacific, Europe, the Middle East, Africa, and the Americas. The company operates in two segments, Connected Solutions and RF Solutions.","PCTEL, Inc., together with its subsidiaries, delivers performance critical telecom solutions in the Asia Pacific, Europe, the Middle East, Africa, and the Americas. The company operates in two segments, Connected Solutions and RF Solutions.",2023-12-06,2023-12-08,False,2225bd06-00d2-4c32-b558-84f8039ec4ef,2026-09-17_page026.json
