row_id,group,victim,field,value,source_url,source_name,source_type,source_date,confidence,notes
DragonForce|128f7e86-5543-41c1-a213-ac9d7f8581d5,DragonForce,UBS Office,revenue_usd,21100000,https://www.zoominfo.com/c/united-business-systems/251576470,ZoomInfo - UBS Office,estimate,undated,low,ZoomInfo page (via search snippet; direct fetch 403) matches ubsoffice.com. Other brokers disagree (Growjo 43 employees/$3.8M; LeadIQ $29.6M). No 2026 breach news attributing to DragonForce found; data_types blank.
DragonForce|128f7e86-5543-41c1-a213-ac9d7f8581d5,DragonForce,UBS Office,employee_count,51-200,https://www.zoominfo.com/c/united-business-systems/251576470,ZoomInfo - UBS Office,estimate,undated,low,ZoomInfo page (via search snippet; direct fetch 403) matches ubsoffice.com. Other brokers disagree (Growjo 43 employees/$3.8M; LeadIQ $29.6M). No 2026 breach news attributing to DragonForce found; data_types blank.
DragonForce|2e34ddb0-f34d-4565-bd63-ba3dc3c85282,DragonForce,wiproferretto.com,country,IT,https://atoka.io/public/it/azienda/wipro-ferretto-srl/247c002c0c5d,"Atoka - Wipro Ferretto Srl (San Polo d'Enza, RE)",estimate,undated,high,"Italian company (Via Caduti del Lavoro 1, San Polo d'Enza RE; also confirmed by Confindustria Vicenza listing). Revenue EUR 91.5M (2025 per Atoka) converted at ~1.13 USD/EUR; a search snippet elsewhere showed EUR 49.9M, so revenue is low confidence. No breach news found."
DragonForce|2e34ddb0-f34d-4565-bd63-ba3dc3c85282,DragonForce,wiproferretto.com,revenue_usd,103400000,https://atoka.io/public/it/azienda/wipro-ferretto-srl/247c002c0c5d,Atoka - Wipro Ferretto Srl,estimate,undated,low,"Italian company (Via Caduti del Lavoro 1, San Polo d'Enza RE; also confirmed by Confindustria Vicenza listing). Revenue EUR 91.5M (2025 per Atoka) converted at ~1.13 USD/EUR; a search snippet elsewhere showed EUR 49.9M, so revenue is low confidence. No breach news found."
DragonForce|2e34ddb0-f34d-4565-bd63-ba3dc3c85282,DragonForce,wiproferretto.com,employee_count,118,https://atoka.io/public/it/azienda/wipro-ferretto-srl/247c002c0c5d,Atoka - Wipro Ferretto Srl,estimate,undated,medium,"Italian company (Via Caduti del Lavoro 1, San Polo d'Enza RE; also confirmed by Confindustria Vicenza listing). Revenue EUR 91.5M (2025 per Atoka) converted at ~1.13 USD/EUR; a search snippet elsewhere showed EUR 49.9M, so revenue is low confidence. No breach news found."
DragonForce|f6241c85-a021-430e-bf37-4ff37c7d1025,DragonForce,A C Scott Electric,industry,Construction,https://www.acscottelectric.com/,"A.C. Scott Electric - website (electrical contractor, Trenton NJ)",official,undated,high,"Commercial/industrial electrical contractor. Employee estimates conflict (9 vs 50-99); revenue estimates conflict ($4M-$10M) and could not be attributed to a single source, so left blank. No breach news found."
DragonForce|f6241c85-a021-430e-bf37-4ff37c7d1025,DragonForce,A C Scott Electric,employee_count,9,https://www.zoominfo.com/c/a-c-scott-electric-co/528969,ZoomInfo - A C Scott Electric,estimate,undated,low,"Commercial/industrial electrical contractor. Employee estimates conflict (9 vs 50-99); revenue estimates conflict ($4M-$10M) and could not be attributed to a single source, so left blank. No breach news found."
DragonForce|359e6804-203a-4e08-977f-05638002dcaf,DragonForce,Travel of America,country,US,https://www.linkedin.com/company/travel-of-america,"LinkedIn - Travel of America (Mt. Arlington, NJ)",reference,undated,medium,"Travel of America, cruise/escorted tour company, Mt. Arlington NJ. No reliable revenue/employee figure found. No breach news found."
DragonForce|2a2621cb-ec06-48ef-a717-f4c9501df593,DragonForce,andrewtjohnson.com,industry,Professional Services,https://www.andrewtjohnson.com/,Andrew T. Johnson - Boston printing and reprographics since 1938,official,undated,medium,"Printing/reprographics services firm, Boston MA; classified as Professional Services (business services). Employee estimates vary (6-33); revenue estimates $2M-$3.8M. No breach news found."
DragonForce|2a2621cb-ec06-48ef-a717-f4c9501df593,DragonForce,andrewtjohnson.com,revenue_usd,3800000,https://leadiq.com/c/andrew-t-johnson-co-inc/5a1d84ac24000024005f6540,LeadIQ,estimate,2026-02,low,"Printing/reprographics services firm, Boston MA; classified as Professional Services (business services). Employee estimates vary (6-33); revenue estimates $2M-$3.8M. No breach news found."
DragonForce|2a2621cb-ec06-48ef-a717-f4c9501df593,DragonForce,andrewtjohnson.com,employee_count,27,https://www.buzzfile.com/business/Wales-Copy-Center-617-742-1610,Buzzfile,estimate,undated,low,"Printing/reprographics services firm, Boston MA; classified as Professional Services (business services). Employee estimates vary (6-33); revenue estimates $2M-$3.8M. No breach news found."
DragonForce|7dc6bb41-0cc2-4c0a-8b60-dffc1a57317a,DragonForce,Al - Saidi Factory,employee_count,51-200,https://www.zoominfo.com/c/al---saidi-factory/437633771,ZoomInfo - Al - Saidi Factory,estimate,undated,low,"ZoomInfo profile name matches victim and website alsaidi.com. Revenue only given as '<$5M' (open range), left blank. No breach news found."
DragonForce|95e362a7-eb25-4e6a-9762-8f32a5b1bca7,DragonForce,"Arizona Vascular Medical Equipment, Inc",employee_count,11-50,https://www.zoominfo.com/c/arizona-vascular-medical-equipment-inc/352100768,ZoomInfo - Arizona Vascular Medical Equipment,estimate,undated,low,"Mesa AZ, matches context. Revenue only '<$5M', left blank. No breach news found."
INC Ransom|696792498f1d14b743a9d829,INC Ransom,https://acswinc.com/,industry,Construction,https://acswinc.com/esop/,Advanced Construction Southwest - ESOP / overview (wood framing contractor),official,undated,high,"acswinc.com = Advanced Construction Southwest (wood framing contractor, Orange CA / Phoenix AZ). Only breach source found is Breachsense aggregator listing without size/types from a news article; data_size_gb/data_types left blank. Employee count not found."
INC Ransom|697e08308f1d14b743358d63,INC Ransom,Hawk Law Group,website,hawklawgroup.com,https://hawklawgroup.com/,"Hawk Law Group - website (Augusta, GA)",official,undated,high,"Augusta, Georgia (US) personal injury firm; known_country 'GE' appears to be a Georgia-state mixup (should be US) - not changed. Breach coverage found only on threat-intel/aggregator blogs (BrightDefense could not be fetched, DeXpose/HookPhish auto-generated); data fields left blank. Employee count not found."
INC Ransom|69a04fd18f1d14b7432740b8,INC Ransom,"JA AKITA KITA LIFE SERVICE, K.K",website,ja-akitakita-ls.jp,https://www.sakigake.jp/news/article/20260220AK0035/,Akita Sakigake Shimpo - JA Akita Kita Life Service unauthorized access,news,2026-02-20,high,"Website taken from leak-post context and consistent with company announcement. Company announced 2026-02-20 that customer personal info may have leaked (Sakigake; ScanNetSecurity 2026-03-11). INC attribution from rocket-boys article title (page 403 on fetch, published after INC claim of 2026-02-26). Industry: fuel/LP gas distribution -> Energy & Utilities. No data size reported."
INC Ransom|69a04fd18f1d14b7432740b8,INC Ransom,"JA AKITA KITA LIFE SERVICE, K.K",industry,Energy & Utilities,https://www.sakigake.jp/news/article/20260220AK0035/,"Akita Sakigake Shimpo (operates gas stations and LP gas centers, Odate)",news,2026-02-20,medium,"Website taken from leak-post context and consistent with company announcement. Company announced 2026-02-20 that customer personal info may have leaked (Sakigake; ScanNetSecurity 2026-03-11). INC attribution from rocket-boys article title (page 403 on fetch, published after INC claim of 2026-02-26). Industry: fuel/LP gas distribution -> Energy & Utilities. No data size reported."
INC Ransom|69ae98878f1d14b74314ae6a,INC Ransom,LHT Holdings Limited,website,lht.com.sg,https://www.investing.com/equities/lht-holdings-ltd-company-profile,Investing.com - LHT Holdings Ltd profile,reference,undated,high,SGX-listed; website also on its annual reports (lht.com.sg). Comparitech March 2026 roundup lists LHT claimed by INC but gives no data size; company said no evidence of data loss. data_size_gb blank.
INC Ransom|69ae98878f1d14b74314ae6a,INC Ransom,LHT Holdings Limited,employee_count,203,https://www.investing.com/equities/lht-holdings-ltd-company-profile,Investing.com - LHT Holdings Ltd profile,reference,undated,medium,SGX-listed; website also on its annual reports (lht.com.sg). Comparitech March 2026 roundup lists LHT claimed by INC but gives no data size; company said no evidence of data loss. data_size_gb blank.
INC Ransom|6a144ad3d152110a6acdd762,INC Ransom,lawants,website,lawants.com,https://www.lawants.com/es/,Lawants - Bufete de Abogados Internacionales,official,undated,high,"International law/tax firm with offices in Barcelona and Madrid, matches context. No employee count or breach news found."
INC Ransom|6a455c245ae71db30c80f236,INC Ransom,https://www.roundshield.com/,industry,Financial Services,https://www.privateequityinternational.com/institution-profiles/roundshield-partners.html,Private Equity International - RoundShield Partners profile,reference,undated,high,"RoundShield Partners LLP, London investment firm (est. 2013). 400GB claim appears only on DeXpose threat-intel post (auto-generated style), not credible news; data fields left blank. Employee count not found."
INC Ransom|6a6774db5ae71db30c14ce5b,INC Ransom,Della Casa Group AG,website,dellacasa.group,https://dellacasa.group/de/projekte/,Della Casa Group AG - Referenzen,official,undated,high,"Hünenberg ZG; develops, plans, builds and markets residential/commercial real estate (registry lists architecture/engineering activities). Email domain in context matches dellacasa.group. No employee count or breach news found."
INC Ransom|6a6774db5ae71db30c14ce5b,INC Ransom,Della Casa Group AG,industry,Real Estate,https://www.moneyhouse.ch/en/company/della-casa-group-ag-13979973731,Moneyhouse - Della Casa Group AG (Huenenberg ZG),official,undated,medium,"Hünenberg ZG; develops, plans, builds and markets residential/commercial real estate (registry lists architecture/engineering activities). Email domain in context matches dellacasa.group. No employee count or breach news found."
INC Ransom|6ab02fa89cd108bf26c5e025,INC Ransom,SECOND HOUSE,website,secondhouse.es,https://www.secondhouse.es/,Second House - website (Barcelona),official,undated,high,"Second House S.L., Barcelona real estate. No employee count or breach news found."
Qilin|ba2eef4a-5501-4c36-b9c5-3bcfa2d2bc9a,Qilin,Fluorsid Spa,country,IT,https://www.aziende.it/fluorsid-s-p-a,"Aziende.it - Fluorsid S.p.a. (Assemini, Cagliari)",estimate,undated,high,"Fluorsid S.p.A., inorganic chemicals (fluorine derivatives) maker, Assemini, Sardinia. 2024 turnover EUR 170.03M from filed accounts, converted at ~1.08 USD/EUR (2024). Figures are for the SpA, not the wider group. Breach coverage only on DeXpose (auto-generated style); data fields blank."
Qilin|ba2eef4a-5501-4c36-b9c5-3bcfa2d2bc9a,Qilin,Fluorsid Spa,revenue_usd,183600000,https://www.aziende.it/fluorsid-s-p-a,Aziende.it - Fluorsid S.p.a. 2024 financials,estimate,undated,medium,"Fluorsid S.p.A., inorganic chemicals (fluorine derivatives) maker, Assemini, Sardinia. 2024 turnover EUR 170.03M from filed accounts, converted at ~1.08 USD/EUR (2024). Figures are for the SpA, not the wider group. Breach coverage only on DeXpose (auto-generated style); data fields blank."
Qilin|ba2eef4a-5501-4c36-b9c5-3bcfa2d2bc9a,Qilin,Fluorsid Spa,employee_count,144,https://www.aziende.it/fluorsid-s-p-a,Aziende.it - Fluorsid S.p.a. 2024,estimate,undated,medium,"Fluorsid S.p.A., inorganic chemicals (fluorine derivatives) maker, Assemini, Sardinia. 2024 turnover EUR 170.03M from filed accounts, converted at ~1.08 USD/EUR (2024). Figures are for the SpA, not the wider group. Breach coverage only on DeXpose (auto-generated style); data fields blank."
Qilin|2cd44911-148e-4c9c-866a-017d2c123398,Qilin,Kopas Cosmetics,country,TR,https://www.kopas.com/index.php/hakkimizda/,"Kopas Kozmetik - Hakkimizda (Maslak, Istanbul)",official,undated,high,"Kopas Kozmetik, Istanbul HQ, plant in Cerkezkoy. Official page says 'over 500 employees' (not an exact figure; other sources say 350+), so employee_count left blank. No revenue figure or breach news found."
Qilin|06413a3a-ba71-4dbb-9817-e025b8624b12,Qilin,Cooperativa de Hostelería de Navarra,country,ES,https://empresite.eleconomista.es/COOPERATIVA-HOSTELERIA-NAVARRA.html,Empresite (elEconomista) - Sociedad Cooperativa de Hosteleria Navarra,estimate,undated,high,"Burlada, Navarra; food/beverage distributor to hospitality. Revenue only given as 'over EUR 30M' (another snippet ~EUR 40M, unverified); left blank. No breach news found."
Qilin|06413a3a-ba71-4dbb-9817-e025b8624b12,Qilin,Cooperativa de Hostelería de Navarra,employee_count,186,https://empresite.eleconomista.es/COOPERATIVA-HOSTELERIA-NAVARRA.html,Empresite (elEconomista),estimate,2026,medium,"Burlada, Navarra; food/beverage distributor to hospitality. Revenue only given as 'over EUR 30M' (another snippet ~EUR 40M, unverified); left blank. No breach news found."
Qilin|700674ab-4967-42d0-a1ac-21bb47868722,Qilin,Klevorn,country,US,http://klevornco.com/read-me,"Klevorn & Company, P.C. - About (St. Louis, MO)",official,undated,high,"CPA firm founded 1996, St. Louis MO. No revenue/employee figures found. Breach coverage only on DeXpose/RedPacket (auto-generated); data fields blank."
Qilin|41927d65-0e34-4961-bbc5-accd03bf5c79,Qilin,Geotec Surveys,country,GB,https://geotecsurveys.com/about-geotec,Geotec Surveys - About,official,undated,high,"UK utility mapping/GPR survey firm (Godalming/Wormley, plus Northern Ireland office). No revenue found. Breach coverage only on DeXpose/RedPacket; data fields blank."
Qilin|41927d65-0e34-4961-bbc5-accd03bf5c79,Qilin,Geotec Surveys,employee_count,11-50,https://uk.linkedin.com/company/geotec-surveys,LinkedIn - Geotec Surveys,reference,undated,medium,"UK utility mapping/GPR survey firm (Godalming/Wormley, plus Northern Ireland office). No revenue found. Breach coverage only on DeXpose/RedPacket; data fields blank."
Qilin|33d671d3-1c7b-450e-a75c-868a43a3e592,Qilin,AGENCAVI SRL,country,IT,https://www.reportaziende.it/agencavi_srl_mi_06800090158,ReportAziende - AGENCAVI SRL (Milano),estimate,undated,high,"Victim named AGENCAVI SRL (P.IVA 06800090158, Milan); a sister company Agencavi Systems S.r.l. (cable manufacturing, EUR 9.5M, 54 staff) shares the address. Revenue 2025 EUR 23.54M converted at ~1.13 USD/EUR. No breach news found."
Qilin|33d671d3-1c7b-450e-a75c-868a43a3e592,Qilin,AGENCAVI SRL,revenue_usd,26600000,https://www.reportaziende.it/agencavi_srl_mi_06800090158,ReportAziende - AGENCAVI SRL 2025 accounts,estimate,undated,medium,"Victim named AGENCAVI SRL (P.IVA 06800090158, Milan); a sister company Agencavi Systems S.r.l. (cable manufacturing, EUR 9.5M, 54 staff) shares the address. Revenue 2025 EUR 23.54M converted at ~1.13 USD/EUR. No breach news found."
Qilin|33d671d3-1c7b-450e-a75c-868a43a3e592,Qilin,AGENCAVI SRL,employee_count,36,https://www.aziende.it/agencavi-systems-s-r-l,Aziende.it (search snippet) - Agencavi S.r.l.,estimate,2026,low,"Victim named AGENCAVI SRL (P.IVA 06800090158, Milan); a sister company Agencavi Systems S.r.l. (cable manufacturing, EUR 9.5M, 54 staff) shares the address. Revenue 2025 EUR 23.54M converted at ~1.13 USD/EUR. No breach news found."
Qilin|ee4211c0-a5fb-4a04-91ab-f3d8bd96f50a,Qilin,Sonn Law Group,country,US,https://sonnlaw.com/contact-us/,"Sonn Law Group - Contact (Aventura, FL)",official,undated,high,"Securities/investment fraud firm, Aventura FL. No revenue found. Breach coverage only on DeXpose/FalconFeeds; data fields blank."
Qilin|ee4211c0-a5fb-4a04-91ab-f3d8bd96f50a,Qilin,Sonn Law Group,employee_count,1-10,https://www.zoominfo.com/pic/sonn-law-group/399598867,ZoomInfo - Sonn Law Group,estimate,undated,low,"Securities/investment fraud firm, Aventura FL. No revenue found. Breach coverage only on DeXpose/FalconFeeds; data fields blank."
Qilin|14354888-e288-4bfa-98c1-9a0a1827a06a,Qilin,Marc Cain,country,DE,https://www.marc-cain.com/en/Information/Legal/Imprint/,Marc Cain - Imprint (Bodelshausen),official,undated,high,"Revenue is DDW estimate of EUR 248M converted at ~1.13 USD/EUR (2025). Older figure ~1,085 employees. Breach coverage only on DeXpose/shattered.io blog, no established news with data details; data fields blank."
Qilin|14354888-e288-4bfa-98c1-9a0a1827a06a,Qilin,Marc Cain,revenue_usd,280000000,https://die-deutsche-wirtschaft.de/famu_top/marc-cain-gmbh-bodelshausen-umsatz-mitarbeiterzahl/,Die Deutsche Wirtschaft - Marc Cain GmbH,estimate,2025-10,low,"Revenue is DDW estimate of EUR 248M converted at ~1.13 USD/EUR (2025). Older figure ~1,085 employees. Breach coverage only on DeXpose/shattered.io blog, no established news with data details; data fields blank."
Qilin|14354888-e288-4bfa-98c1-9a0a1827a06a,Qilin,Marc Cain,employee_count,800,https://die-deutsche-wirtschaft.de/famu_top/marc-cain-gmbh-bodelshausen-umsatz-mitarbeiterzahl/,Die Deutsche Wirtschaft - Marc Cain GmbH,estimate,2025-10,low,"Revenue is DDW estimate of EUR 248M converted at ~1.13 USD/EUR (2025). Older figure ~1,085 employees. Breach coverage only on DeXpose/shattered.io blog, no established news with data details; data fields blank."
Qilin|b643f9eb-7e30-4836-8955-415480cfe9a6,Qilin,CJ Architects,country,US,https://cjarchitects.net/contact,"CJ Architects - Contact (Portsmouth, NH)",official,undated,high,"Architecture firm, Portsmouth NH, founded 2002. No revenue or breach news found."
Qilin|b643f9eb-7e30-4836-8955-415480cfe9a6,Qilin,CJ Architects,employee_count,2-10,https://www.linkedin.com/company/c-j-architects,LinkedIn - CJ Architects,reference,undated,medium,"Architecture firm, Portsmouth NH, founded 2002. No revenue or breach news found."
Qilin|b8094546-2286-4db0-aa25-4c12fc65e1be,Qilin,Lam Soon,employee_count,2910,https://stockanalysis.com/quote/bkk/LST/company/,StockAnalysis - Lam Soon (Thailand) PCL profile,reference,undated,low,"SET-listed Lam Soon (Thailand) PCL. Employee counts conflict (StockAnalysis 2,910; ZoomInfo 616; Google Finance 497). Revenue ~US$356M TTM to Jun-2025 seen only in a search summary without clear source; left blank. No breach news found."
Qilin|242a6cc9-5e6c-4cda-8a28-6bb684772df9,Qilin,Red Planet Hotels,country,TH,https://en.wikipedia.org/wiki/Red_Planet_Hotels,Wikipedia - Red Planet Hotels (HQ Bangkok),reference,undated,medium,"Budget hotel operator (TH, JP, PH, ID). No revenue found. Breach coverage only on GalaxyWarden/recentbreaches (speculative on data types); data fields blank."
Qilin|242a6cc9-5e6c-4cda-8a28-6bb684772df9,Qilin,Red Planet Hotels,employee_count,1002,https://www.reveliolabs.com/companies/red-planet-hotels/employees,Revelio Labs - Red Planet Hotels headcount,estimate,2026-03,low,"Budget hotel operator (TH, JP, PH, ID). No revenue found. Breach coverage only on GalaxyWarden/recentbreaches (speculative on data types); data fields blank."
Qilin|41fcdb99-7cf5-4296-9690-fc9938f213c0,Qilin,Don Tortaco Mexican Grill,country,US,https://www.yelp.com/biz/don-tortaco-mexican-grill-las-vegas-3,"Yelp - Don Tortaco Mexican Grill, Las Vegas NV",reference,2026-08,medium,Las Vegas-area restaurant chain (corporate office 430 E Silverado Ranch Blvd per ZoomInfo). No revenue/employee figures or breach news found.
Qilin|c9ce6a7a-10db-4411-b267-a236127da0e2,Qilin,Jubilee Jobs,country,US,https://jubileejobs.org/,Jubilee Jobs - Washington DC,official,undated,high,"DC nonprofit (EIN 52-1248559), est. 1981. Budget ~US$3M mentioned in search summary but 990 figure not verified (Cause IQ 403); revenue left blank. No breach news found."
Qilin|e529c84d-7dce-4795-b526-693855deb497,Qilin,Wire Products,country,US,https://www.wireproducts.us/contact.aspx,"Wire Products, Inc. - Contact (Fort Lauderdale, FL)",official,undated,high,"Tie wire / spiral wire manufacturer, founded 1965. No revenue or breach news found."
Qilin|e529c84d-7dce-4795-b526-693855deb497,Qilin,Wire Products,employee_count,11-50,https://www.linkedin.com/company/wire-products-inc.-of-florida,"LinkedIn - Wire Products, Inc.",reference,undated,medium,"Tie wire / spiral wire manufacturer, founded 1965. No revenue or breach news found."
Qilin|4e83e92f-9bdd-4f12-907b-e98a783774fe,Qilin,G.M.A. GRANDI MARCHE AUTOMOBILI - S.R.L,revenue_usd,7560000,https://atoka.io/public/it/azienda/gma-grandi-marche-automobili-srl/cdd2110ab752,Atoka - G.M.A. Grandi Marche Automobili Srl (Novara),estimate,undated,medium,Novara car dealer (P.IVA 02108610037). Revenue EUR 7.0M (2024) converted at ~1.08 USD/EUR. No breach news found.
Qilin|4e83e92f-9bdd-4f12-907b-e98a783774fe,Qilin,G.M.A. GRANDI MARCHE AUTOMOBILI - S.R.L,employee_count,17,https://atoka.io/public/it/azienda/gma-grandi-marche-automobili-srl/cdd2110ab752,Atoka - G.M.A. Grandi Marche Automobili Srl,estimate,undated,medium,Novara car dealer (P.IVA 02108610037). Revenue EUR 7.0M (2024) converted at ~1.08 USD/EUR. No breach news found.
Qilin|deca91c9-6f89-4a66-8100-9c70cd25f8f1,Qilin,GSW Gemeinschaftsstadtwerke GmbH,employee_count,220,"https://de.wikipedia.org/wiki/Gemeinschaftsstadtwerke_Kamen,_B%C3%B6nen,_Bergkamen","Wikipedia (de) - Gemeinschaftsstadtwerke Kamen, Boenen, Bergkamen",reference,undated,medium,"Cyberattack of 28 Jun 2026 widely reported (ZfK 2026-08-26, Hellweger Anzeiger 2026-08-25, Antenne Unna 2026-08-24): old 2017/2019 backups with names, addresses, contact, contract and IBAN data briefly on the dark web. None of these articles names Qilin, so per the attribution rule data_types left blank (would be Personal data (PII); Customer data; Financial / accounting; Databases / backups). Revenue: only 2018 figure (EUR 131.2M) found; left blank."
Qilin|3d339ba7-a05c-4817-aea1-650ff6ea3a3f,Qilin,Consultores de Seguros,country,BO,https://www.consegsa.com/contacto/,"CONSEGSA - Consultores de Seguros S.A. (La Paz, Bolivia)",official,undated,high,"Bolivian insurance broker founded 1992, branches in La Paz, Santa Cruz, Cochabamba, etc. No revenue/employee figures or breach news found."
Qilin|d1947ee4-7210-4bf1-8c59-28faa9ac8495,Qilin,CareClinics,industry,Healthcare,https://www.sumitomocorp.com/en/jp/news/release/2024/group/17540,Sumitomo Corporation press release - CareClinics private clinic network,official,2024,high,"Malaysian primary-care clinic network (~104 clinics), Sumitomo largest shareholder. No revenue/employee figures found. Breach coverage only GalaxyWarden/RedPacket; data fields blank."
Qilin|84596ac3-df07-4e54-9c58-c25effad7e42,Qilin,"Mitsuwa Trading Co., Ltd",country,JP,http://www.e-mitsuwa.com/company/,Mitsuwa K.K. (e-mitsuwa.com) - company page,official,undated,medium,"e-mitsuwa.com is a Japanese plastics materials trading company (Mitsuwa K.K., business since 1984). Company info page unreachable, so revenue/employees not verified. No breach news found."
Qilin|34e3efee-621c-4d46-9791-50f56711a881,Qilin,Futuro Forestal,country,PA,https://en.wikipedia.org/wiki/Futuro_Forestal_S.A.,Wikipedia - Futuro Forestal S.A. (Panama City),reference,undated,medium,"German-Panamanian reforestation/impact forestry company, founded 1994. Employee figure 'up to 2,500' too vague; left blank. No revenue or breach news found."
SafePay|/blog/post/adifsecomar/,SafePay,adifse.com.ar,industry,Transportation & Logistics,https://en.wikipedia.org/wiki/Trenes_Argentinos_Infraestructura,Wikipedia - Trenes Argentinos Infraestructura (ADIFSE),reference,undated,high,"State-owned rail infrastructure company, Argentina (could arguably be Government). No employee/revenue figures found. No news on the SafePay incident found (searches return Spain's Adif/Renfe incident, a different entity)."
SafePay|/blog/post/fital-treppenliftede/,SafePay,fital-treppenlifte.de,industry,Retail & Wholesale,https://www.fital-treppenlifte.de/ueber-uns.html,FITAL Treppenlifte - Ueber uns,official,undated,medium,"Stairlift dealer/installer based in Bodenheim (sole proprietorship per Creditreform). Company says 'over 40 employees' (not exact), left blank. No revenue or breach news found."
DragonForce|ef8272e9-70a8-4792-8d5f-df9d413d1676,DragonForce,"1171 Rue Notre Dame O, Victoriaville, QC G6P 7L1, Canada. (819) 758-0313",country,CA,https://www.soteck.com/en/career,"Soteck - Careers (Victoriaville, QC)",official,undated,high,"Victim field is Soteck's Victoriaville QC address. Employee estimates vary (PitchBook 43, RocketReach 52, ZoomInfo 65 for Victoriaville office). Revenue not found. No credible news report of this incident (2026) found; breach facts left blank."
DragonForce|ef8272e9-70a8-4792-8d5f-df9d413d1676,DragonForce,"1171 Rue Notre Dame O, Victoriaville, QC G6P 7L1, Canada. (819) 758-0313",employee_count,65,https://www.zoominfo.com/pic/soteck-inc/348190996,ZoomInfo - Soteck,estimate,undated,low,"Victim field is Soteck's Victoriaville QC address. Employee estimates vary (PitchBook 43, RocketReach 52, ZoomInfo 65 for Victoriaville office). Revenue not found. No credible news report of this incident (2026) found; breach facts left blank."
DragonForce|654e90d7-78a4-4471-9b4e-1abb11bdb886,DragonForce,CCR Solutions,revenue_usd,41000000,https://www.zoominfo.com/c/ccr-solutions-inc/22023778,ZoomInfo - CCR Solutions,estimate,undated,low,"HQ 100 Belfield Rd, Etobicoke ON. Employee estimates conflict widely (5 to ~207), left blank. No credible news report of this incident (2026) found; breach facts left blank."
DragonForce|0cdb3d55-953a-4378-8702-8a5c5d8ce98b,DragonForce,salfordcc.ac.uk,employee_count,1246,https://growjo.com/company/Salford_City_College,Growjo - Salford City College,estimate,undated,low,"Growjo revenue estimate ($314M) looks implausible for an FE college, not used; official 2023-24 accounts PDF on salfordcc.ac.uk was unreachable. Only aggregator/threat-intel blog coverage of the DragonForce claim (also claimed by Qilin); no volume/content details reported. No credible news report of this incident (2026) found; breach facts left blank."
DragonForce|b6165216-5c83-4743-aa5b-d26f47af293a,DragonForce,edtg.com,country,US,https://www.dnb.com/business-directory/company-profiles.el_dorado_trading_group_inc.aba94398f3c9c8a5b0ef8cbd20002efd.html,"Dun & Bradstreet - El Dorado Trading Group, Inc. (Mountain View, CA)",estimate,undated,medium,"edtg.com = El Dorado Trading Group, Mountain View CA. Revenue is midpoint of $1M-$5M range. No credible news report of this incident (2026) found; breach facts left blank."
DragonForce|b6165216-5c83-4743-aa5b-d26f47af293a,DragonForce,edtg.com,revenue_usd,3000000,https://www.zoominfo.com/c/the-eldorado-trading-group/38753860,ZoomInfo - The Eldorado Trading Group,estimate,undated,low,"edtg.com = El Dorado Trading Group, Mountain View CA. Revenue is midpoint of $1M-$5M range. No credible news report of this incident (2026) found; breach facts left blank."
DragonForce|b6165216-5c83-4743-aa5b-d26f47af293a,DragonForce,edtg.com,employee_count,10-19,https://www.zoominfo.com/c/the-eldorado-trading-group/38753860,ZoomInfo - The Eldorado Trading Group,estimate,undated,low,"edtg.com = El Dorado Trading Group, Mountain View CA. Revenue is midpoint of $1M-$5M range. No credible news report of this incident (2026) found; breach facts left blank."
DragonForce|6db77a92-0c00-4190-b363-90ba0579a60e,DragonForce,wmsopko.com,industry,Manufacturing,https://www.wmsopko.com/about-us,Wm. Sopko & Sons - About Us,official,undated,high,Cleveland OH manufacturer of grinding accessories / spindle repair; also distributes Dumore equipment. Revenue not found. No credible news report of this incident (2026) found; breach facts left blank.
DragonForce|6db77a92-0c00-4190-b363-90ba0579a60e,DragonForce,wmsopko.com,employee_count,5,https://www.explorium.ai/manufacturing/companies/wm-sopko-and-sons,Explorium - Wm. Sopko & Sons,estimate,undated,low,Cleveland OH manufacturer of grinding accessories / spindle repair; also distributes Dumore equipment. Revenue not found. No credible news report of this incident (2026) found; breach facts left blank.
DragonForce|41b723e9-e3e9-4add-9be8-39d489b57bd0,DragonForce,sphvalue.com,industry,Professional Services,https://www.crunchbase.com/organization/sanli-pastore-hill,Crunchbase - Sanli Pastore & Hill,reference,undated,medium,"Los Angeles valuation/forensic accounting/expert-testimony firm. Revenue/employee estimates found ($4-4.4M, 26 staff vs $25-50M) conflict and could not be attributed reliably; left blank. No credible news report of this incident (2026) found; breach facts left blank."
DragonForce|7bc6a138-2d17-464b-bb0e-a332c9869097,DragonForce,Copamex,country,MX,https://www.copamex.com/nosotros.php,COPAMEX - Nosotros,official,undated,high,"Official site states 'more than 2,500' employees; HQ San Nicolas de los Garza, Nuevo Leon. Revenue figure seen ($908.9M) had unclear source attribution, not used. No credible news report of this incident (2026) found; breach facts left blank."
DragonForce|7bc6a138-2d17-464b-bb0e-a332c9869097,DragonForce,Copamex,employee_count,2500,https://www.copamex.com/nosotros.php,COPAMEX - Nosotros,official,undated,medium,"Official site states 'more than 2,500' employees; HQ San Nicolas de los Garza, Nuevo Leon. Revenue figure seen ($908.9M) had unclear source attribution, not used. No credible news report of this incident (2026) found; breach facts left blank."
DragonForce|872e1a75-79c6-4adf-b533-bc796676b244,DragonForce,Northeast Rescue Systems,country,US,https://www.dnb.com/business-directory/company-profiles.northeast_rescue_systems_inc.ef7d83829c822c9204735be1bf83d829.html,"Dun & Bradstreet - Northeast Rescue Systems Inc (Dedham, MA)",estimate,undated,medium,Massachusetts company (Dedham/Westwood). Revenue ($3M-$4.7M) and employee (6-20) estimates conflict; left blank. Reportedly acquired by MES Life Safety. No credible news report of this incident (2026) found; breach facts left blank.
INC Ransom|696842f08f1d14b743b7c396,INC Ransom,https://trustarholdingsllc.com/ https://vistlabs.com/,industry,Manufacturing,https://trustarholdingsllc.com/,TruStar Holdings - Home,official,undated,high,"TruStar: Schaumburg IL manufacturer of high-barrier flexible packaging. 1.4 TB claim seen only on X/blog posts, not credible news; left blank. Employees not found."
INC Ransom|697f74318f1d14b7434f0b08,INC Ransom,Foamtec International,website,foamtecintl.com,https://www.foamtecintl.com/,Foamtec International - Home,official,undated,high,"Site tagline matches context exactly. Site describes collaborative Thailand/America operations; parent may be Thailand-based (known_country US not changed, unverified). No credible news report of this incident (2026) found; breach facts left blank."
INC Ransom|69a048c68f1d14b74325849a,INC Ransom,WE Fitness,website,wefitnesssociety.com,https://wefitnesssociety.com/,WE Fitness Society - Home,official,undated,high,"Bangkok gym chain, domain from contact email in context. No credible news report of this incident (2026) found; breach facts left blank."
INC Ransom|69a048c68f1d14b74325849a,INC Ransom,WE Fitness,industry,Consumer Services,https://wefitnesssociety.com/,WE Fitness Society - Home,official,undated,medium,"Bangkok gym chain, domain from contact email in context. No credible news report of this incident (2026) found; breach facts left blank."
INC Ransom|69b1755f8f1d14b743fab8f6,INC Ransom,Kentucky Injury,website,kentuckyinjury.com,https://www.kentuckyinjury.com/,John Byrnes - Kentucky Injury,official,undated,high,Louisville personal injury law practice of John W. Byrnes. No credible news report of this incident (2026) found; breach facts left blank.
INC Ransom|69f2821e8f1d14b743bc4e9a,INC Ransom,Iowa Spring Manufacturing & Sales,website,iowaspring.com,https://www.iowaspring.com/,Iowa Spring - Home,official,undated,high,"Adel IA, family-owned since 1977, 4 plants. Employees not found. No credible news report of this incident (2026) found; breach facts left blank."
INC Ransom|6a15bd2bd152110a6af5b33b,INC Ransom,Distrigaz Vest S.A.,website,distrigazvest.ro,https://www.distrigazvest.ro/,Distrigaz Vest SA - Home,official,undated,high,"Natural gas distribution operator, Oradea. Employees not found. No credible news report of this incident (2026) found; breach facts left blank."
INC Ransom|6ab3a8e79cd108bf26410d9e,INC Ransom,Lemon Law,website,vlemonlaw.com,https://vlemonlaw.com/,Virginia A Lemon PLLC - Home,official,undated,high,"Solo law practice in Lewisburg WV (one attorney named; staff count not stated). 16.8 GB appears only in leak-site text, not credible news; left blank."
INC Ransom|6ab3a8e79cd108bf26410d9e,INC Ransom,Lemon Law,industry,Legal,https://vlemonlaw.com/,Virginia A Lemon PLLC - Home,official,undated,high,"Solo law practice in Lewisburg WV (one attorney named; staff count not stated). 16.8 GB appears only in leak-site text, not credible news; left blank."
Qilin|f1cb79d0-5395-4aa5-adfb-be61f1e24f15,Qilin,Dreher Law Firm,country,US,https://dreherlawfirm.com/,"The Dreher Law Firm - Home (San Diego, CA)",official,undated,high,One attorney named (Robert Scott Dreher); total staff not stated. No credible news report of this incident (2026) found; breach facts left blank.
Qilin|4cfd9fb0-ff07-4ca2-956e-ae222c5136b7,Qilin,Enterprise Network Group of Indiana,country,US,https://engofinllc.com/,Enterprise Network Group of Indiana - Home,official,undated,high,"ENG of IN, LLC: telecom broker in St John and Granger, Indiana. No credible news report of this incident (2026) found; breach facts left blank."
Qilin|7f6d0991-7143-4fb4-bc1c-1705eb31bd8a,Qilin,Brothers Produce,country,US,https://brothersproduce.com/,"Brothers Produce - Home (Houston, TX)",official,undated,high,Houston produce distributor. Revenue/employees not found. No credible news report of this incident (2026) found; breach facts left blank.
Qilin|fab840ed-52a9-4bd6-acf1-c38b4554a845,Qilin,Sysco,country,US,https://en.wikipedia.org/wiki/Sysco,Wikipedia - Sysco,reference,undated,high,Revenue is FY2025; employees as of 2025. Qilin claim may relate to a subsidiary/unit. No credible news report of this incident (2026) found; breach facts left blank.
Qilin|fab840ed-52a9-4bd6-acf1-c38b4554a845,Qilin,Sysco,revenue_usd,81400000000,https://en.wikipedia.org/wiki/Sysco,Wikipedia - Sysco,reference,undated,medium,Revenue is FY2025; employees as of 2025. Qilin claim may relate to a subsidiary/unit. No credible news report of this incident (2026) found; breach facts left blank.
Qilin|fab840ed-52a9-4bd6-acf1-c38b4554a845,Qilin,Sysco,employee_count,75000,https://en.wikipedia.org/wiki/Sysco,Wikipedia - Sysco,reference,undated,medium,Revenue is FY2025; employees as of 2025. Qilin claim may relate to a subsidiary/unit. No credible news report of this incident (2026) found; breach facts left blank.
Qilin|3dd2edca-3ce3-4245-97d4-79dd78b7347b,Qilin,Opera Comique,country,FR,https://en.wikipedia.org/wiki/Op%C3%A9ra-Comique,Wikipedia - Opera-Comique,reference,undated,high,"Theatre national de l'Opera-Comique, Paris (official site opera-comique.com). No credible news report of this incident (2026) found; breach facts left blank."
Qilin|9a9add5c-96a6-46b9-8d94-1b9f29f0dc35,Qilin,Hemmersbach GmbH & Co. KG,country,DE,https://www.hemmersbach.com/en/about-us,Hemmersbach - About us,official,undated,high,HQ Nuremberg (EMEA/APAC) with Americas HQ in Houston; GmbH & Co. KG is German. Site states '5000+ permanent colleagues'. Revenue not found. No credible news report of this incident (2026) found; breach facts left blank.
Qilin|9a9add5c-96a6-46b9-8d94-1b9f29f0dc35,Qilin,Hemmersbach GmbH & Co. KG,employee_count,5000,https://www.hemmersbach.com/en/about-us,Hemmersbach - About us,official,undated,medium,HQ Nuremberg (EMEA/APAC) with Americas HQ in Houston; GmbH & Co. KG is German. Site states '5000+ permanent colleagues'. Revenue not found. No credible news report of this incident (2026) found; breach facts left blank.
Qilin|53072cde-abae-4f7b-b8de-de51d5d95d98,Qilin,CRZ Construcciones,country,AR,https://crzconstrucciones.com/,CRZ Construcciones - Home,official,undated,high,"EPC contractor, Puerto Madero, Buenos Aires. No credible news report of this incident (2026) found; breach facts left blank."
Qilin|fe0866f0-5661-4013-be19-98c2a0c1dfc6,Qilin,Guntert & Zimmerman,country,US,https://www.guntert.com/,"Guntert & Zimmerman - Home (Ripon, CA)",official,undated,high,Construction machinery manufacturer. No credible news report of this incident (2026) found; breach facts left blank.
Qilin|1715db25-1d32-4f22-913e-fbe4456fd271,Qilin,Freedom Claims Management,country,US,https://freedomclaimsinc.com/,"Freedom Claims Management - Home (Great Bend, KS)",official,undated,high,Health insurance broker / claims management. No credible news report of this incident (2026) found; breach facts left blank.
Qilin|801161a8-5902-4a46-bebb-0162cc2d2990,Qilin,Service Evaluation Concepts,country,US,https://serviceevaluation.com/,Service Evaluation Concepts - Home,official,undated,medium,"Offices New York, Bangkok, Warsaw; New York assumed HQ. Mystery shopping/CX research firm. No credible news report of this incident (2026) found; breach facts left blank."
Qilin|a856aee8-ed3d-46cd-9bb3-4927bb0fc8d2,Qilin,A&E + SMA Design,country,US,https://ae.design/,A&E + SMA Design - Home,official,undated,high,"Montana architecture firm (Billings, Bozeman, Helena, Missoula, Kalispell). No credible news report of this incident (2026) found; breach facts left blank."
Qilin|b03ebcee-148c-41f8-ba2e-30817cb3b4bb,Qilin,BLISS 1041,country,US,https://bliss1041.com/,"BLISS 1041 - Home (Nampa, ID)",official,undated,high,Tax preparation for Special Needs Trusts. No credible news report of this incident (2026) found; breach facts left blank.
Qilin|503493c0-dba3-40f5-89ff-e0c9c0619fbf,Qilin,Jet Specialty,country,US,https://jetspecialty.com/,"Jet Specialty - Home (Boerne, TX)",official,undated,high,"Oilfield supply/fabrication/automation, 19 locations in 3 states. No credible news report of this incident (2026) found; breach facts left blank."
SafePay|/blog/post/zonaovesttoit/,SafePay,zonaovest.to.it,industry,Government,https://www.zonaovest.to.it/,Zona Ovest di Torino S.r.l. - Home,official,undated,medium,"Zona Ovest di Torino S.r.l., wholly publicly owned company of 12 municipalities (Collegno, TO) providing employment/territorial development services. No credible news report of this incident (2026) found; breach facts left blank."
SafePay|/blog/post/jaecklin-industrialde/,SafePay,jaecklin-industrial.de,industry,Manufacturing,https://www.jaecklin-industrial.de/,Jaecklin GmbH - Home,official,undated,high,Augsburg screw-compressor/rotor manufacturer; site states approx. 80 employees. No credible news report of this incident (2026) found; breach facts left blank.
SafePay|/blog/post/jaecklin-industrialde/,SafePay,jaecklin-industrial.de,employee_count,80,https://www.jaecklin-industrial.de/,Jaecklin GmbH - Home,official,undated,medium,Augsburg screw-compressor/rotor manufacturer; site states approx. 80 employees. No credible news report of this incident (2026) found; breach facts left blank.
SafePay|/blog/post/gsngestiones/,SafePay,gsngestion.es,industry,Real Estate,https://gsngestion.es/,GSN Gestion - Home,official,undated,high,"Property administration firm, Villaviciosa de Odon. No credible news report of this incident (2026) found; breach facts left blank."
DragonForce|91f163ea-0108-48b3-b6ad-b5053c4991d5,DragonForce,JR Advertising Specialties,employee_count,1-10,https://www.zoominfo.com/c/jr-advertising-specialties-inc/344607274,ZoomInfo - JR Advertising Specialties,estimate,undated,low,"Identity: Coraopolis, PA promo products firm, domain jradspec.com. Employee range from ZoomInfo search snippet (page 403). Revenue only given as '<$5M' range, left blank. No 2026 news reporting this DragonForce incident's data types."
DragonForce|5f1b0fc5-f63e-455d-945f-62600ce2b103,DragonForce,"R&C Fence, Inc.",employee_count,17,https://profiles.crustdata.com/company/rc-fence-inc,"Crustdata - R&C Fence, Inc.",estimate,undated,low,"Identity: Fort Wayne, IN fence company, randcfence.com. Employee count from Crustdata search snippet (page 403); another directory says ~28. Revenue only given as $1M-$5M range by a directory, left blank. No breach news found."
DragonForce|cc4883a7-8351-4b88-b1d3-332cc7b88ea0,DragonForce,STS Travel,employee_count,11-50,https://www.linkedin.com/company/ststravel,STS Travel - LinkedIn,reference,undated,low,"HQ Annapolis, MD per official about page. LinkedIn size from search snippet; LeadIQ estimates ~59. Only threat-intel vendor blog (DeXpose) covered the attack, no data types given; not used. known_industry 'Education' is debatable (student tour operator, arguably Hospitality & Travel)."
DragonForce|c25e70c7-e81c-4eb4-9783-fd2c3651c1e5,DragonForce,aotco.com,employee_count,180,https://pitchbook.com/profiles/company/227617-39,PitchBook - AOTCO Metal Finishing,reference,2026,low,"HQ Billerica, MA. Figures from search snippets (pages not fetched); LeadIQ gives ~51 employees vs PitchBook 180, so low confidence. No breach news found."
DragonForce|c25e70c7-e81c-4eb4-9783-fd2c3651c1e5,DragonForce,aotco.com,revenue_usd,15000000,https://leadiq.com/c/aotco-metal-finishing-inc/5d05cf641e000063017bfe33,LeadIQ - AOTCO Metal Finishing,estimate,2025-06,low,"HQ Billerica, MA. Figures from search snippets (pages not fetched); LeadIQ gives ~51 employees vs PitchBook 180, so low confidence. No breach news found."
DragonForce|cc30e3e3-0f7c-4216-9fbd-a78081e25d5b,DragonForce,businessrecord.com,industry,Media & Entertainment,https://www.businessrecord.com/,Business Record - Home,official,undated,high,"Business Record is a Des Moines business newspaper owned by Business Publications Corporation (BPC); employee count is for BPC (parent), from search snippet. No breach news found."
DragonForce|cc30e3e3-0f7c-4216-9fbd-a78081e25d5b,DragonForce,businessrecord.com,employee_count,40,https://pitchbook.com/profiles/company/186077-89,PitchBook - Business Publications Corporation,reference,2025,low,"Business Record is a Des Moines business newspaper owned by Business Publications Corporation (BPC); employee count is for BPC (parent), from search snippet. No breach news found."
INC Ransom|697f3f9e8f1d14b7434aab44,INC Ransom,Blystone & Bailey,website,blystonebailey.com,https://www.blystonebailey.com/,"Blystone & Bailey CPAs, PC - website",official,undated,high,"Site confirms Michigan CPA firm (HQ Mt Pleasant, 4 offices, est. 1986). No staff count or breach news found."
INC Ransom|69a0a50c8f1d14b743303cea,INC Ransom,https://daricon.com/ (military US/CA/NATO),industry,Aerospace & Defense,https://www.daricon.com/,Dari Concepts - website,official,undated,medium,"daricon.com = Dari Concepts, defense/logistics contractor serving military clients; North America HQ in Delaware, offices in London, Dubai, Iraq, Uganda. Could also be Transportation & Logistics. No employee count or breach news found."
INC Ransom|69f424de8f1d14b743e44b1e,INC Ransom,EXPEDITOR,website,expeditor.com,https://expeditor.com/,Expeditor Systems - website,official,undated,high,"Site confirms Expeditor Systems, Alpharetta, GA (patient-flow light signaling, nurse call). No employee count or breach news found."
INC Ransom|6a18dda1d152110a6a470e18,INC Ransom,belimed.com,industry,Manufacturing,https://www.steelcobelimed.com/,SteelcoBelimed - website,official,undated,medium,"belimed.com redirects to steelcobelimed.com: makes cleaning/sterilization equipment for medical devices (Miele Group). Could also be classed Healthcare. The site says a 'criminal hacker group' breached Belimed Infection Control systems (1 June 2026) but does not name INC Ransom or give a size, so data_size_gb left blank."
INC Ransom|6a6ab72b5ae71db30c73cdaa,INC Ransom,obrieneng.com,industry,Engineering & Architecture,https://obrieneng.com/,O'Brien Engineering & Architecture - website,official,undated,high,"O'Brien Engineering & Architecture (OEI), Dallas, TX, founded 1987. No employee count or breach news found."
INC Ransom|6a8c64f19cd108bf26556ed5,INC Ransom,FFKR Architects,website,ffkr.com,https://www.ffkr.com/,FFKR Architects - website,official,undated,high,"Site says 'over 170 architects, designers, and support personnel' (not exact), so employee_count left blank. No breach news found."
INC Ransom|6ab5548c9cd108bf2677a835,INC Ransom,bnlawmacau.com www.bn-ip.com,website,bnlawmacau.com,https://bnlawmacau.com/,BN Lawyers - website,official,undated,high,"BN Lawyers, Macau law firm; victim also lists bn-ip.com (likely their IP arm). No staff count or breach news found."
INC Ransom|6ab5548c9cd108bf2677a835,INC Ransom,bnlawmacau.com www.bn-ip.com,industry,Legal,https://bnlawmacau.com/,BN Lawyers - website,official,undated,high,"BN Lawyers, Macau law firm; victim also lists bn-ip.com (likely their IP arm). No staff count or breach news found."
Qilin|843312ee-6c69-4404-8583-447cc1cf8b84,Qilin,Altius Geotecnia y Obras Especiales,country,ES,https://altiusvertical.com/sobre-altius/,Altius Geotecnia y Obras Especiales S.L. - About,official,undated,high,"Offices in Monzón, Zaragoza, Madrid and Málaga. No revenue, employee or breach info found."
Qilin|b017eb2c-1fc9-4293-bfa1-14e0c1bf12a3,Qilin,RENAFAN,industry,Healthcare,https://www.renafan.de/,RENAFAN - website,official,undated,high,"Private nursing care provider, founded Berlin 1995, 90+ locations. Revenue/employees not stated. No breach news found."
Qilin|91640e54-09cc-45e4-a0a4-3736525de287,Qilin,AFDL,country,US,https://afdl.law/,"Alum, Ferrer, Diaz & Luaces - website",official,undated,high,"AFDL = Alum, Ferrer, Diaz & Luaces, North Bergen, NJ law firm. No revenue/employee/breach info found."
Qilin|9330bbb4-f93a-4624-8ea7-7e846a2721bb,Qilin,SAAM Towage,country,CL,https://saamtowage.com/,SAAM Towage - website,official,undated,medium,"Country based on Chilean (+56 2) contact number on the site; SAAM is a Chilean group. 2,000 employees and 200 tugs across 12 countries per the site. No revenue or breach news found."
Qilin|9330bbb4-f93a-4624-8ea7-7e846a2721bb,Qilin,SAAM Towage,employee_count,2000,https://saamtowage.com/,SAAM Towage - website,official,undated,medium,"Country based on Chilean (+56 2) contact number on the site; SAAM is a Chilean group. 2,000 employees and 200 tugs across 12 countries per the site. No revenue or breach news found."
Qilin|95a2e088-2df7-4459-9bf4-9c1635272582,Qilin,Priests for Life,country,US,https://www.priestsforlife.org/,"Priests for Life - website (Cocoa, FL)",official,undated,high,Revenue is total revenue from the FY2024 Form 990 (EIN 94-3123315). No breach news found.
Qilin|95a2e088-2df7-4459-9bf4-9c1635272582,Qilin,Priests for Life,revenue_usd,8504267,https://projects.propublica.org/nonprofits/organizations/943123315,"ProPublica Nonprofit Explorer - Priests for Life (IRS Form 990, FY2024)",official,2024,high,Revenue is total revenue from the FY2024 Form 990 (EIN 94-3123315). No breach news found.
Qilin|d9c05d3b-e059-44fd-b5ff-e542020cd69b,Qilin,Ahorramas,country,ES,https://corporativa.ahorramas.com/actualidad/ahorramas-incrementa-su-facturacion-alcanzando-los-2-422-millones-en-2025-y-refuerza-su-crecimiento-con-inversion-en-red-comercial-infraestructura-y-plantilla/,Ahorramas corporate news - 2025 results,official,2026-05-26,high,"HQ Velilla de San Antonio, Madrid. Revenue: gross revenue EUR 2,422M in 2025, converted at ~1.13 USD/EUR (2025 average) = ~USD 2.737B. No breach news found."
Qilin|d9c05d3b-e059-44fd-b5ff-e542020cd69b,Qilin,Ahorramas,revenue_usd,2736860000,https://corporativa.ahorramas.com/actualidad/ahorramas-incrementa-su-facturacion-alcanzando-los-2-422-millones-en-2025-y-refuerza-su-crecimiento-con-inversion-en-red-comercial-infraestructura-y-plantilla/,Ahorramas corporate news - 2025 results,official,2026-05-26,high,"HQ Velilla de San Antonio, Madrid. Revenue: gross revenue EUR 2,422M in 2025, converted at ~1.13 USD/EUR (2025 average) = ~USD 2.737B. No breach news found."
Qilin|d9c05d3b-e059-44fd-b5ff-e542020cd69b,Qilin,Ahorramas,employee_count,14230,https://corporativa.ahorramas.com/actualidad/ahorramas-incrementa-su-facturacion-alcanzando-los-2-422-millones-en-2025-y-refuerza-su-crecimiento-con-inversion-en-red-comercial-infraestructura-y-plantilla/,Ahorramas corporate news - 2025 results,official,2026-05-26,high,"HQ Velilla de San Antonio, Madrid. Revenue: gross revenue EUR 2,422M in 2025, converted at ~1.13 USD/EUR (2025 average) = ~USD 2.737B. No breach news found."
Qilin|e10a7d15-361e-45ad-ba34-0167aa8f7ecf,Qilin,Chamco,country,CA,https://www.chamco.com/,"Chamco - website (HQ 8900 Venture Ave SE, Calgary, AB)",official,undated,high,"Pump and compressor systems firm, founded 1962, 6 locations in Western Canada. Site says '100+' staff (not exact), so employee_count left blank. No breach news found."
Qilin|b0f5ac07-c0fe-4311-a395-078bc298ca8f,Qilin,Global Strategic Business Process Solutions,country,US,https://www.globalstrategic.com/,"Global Strategic Business Process Solutions - website (HQ Burlington, NC)",official,undated,high,"BPO provider with offices in the Philippines and Panama; HQ 508 S Lexington Ave, Burlington, NC. No revenue/employee/breach info found."
Qilin|9a5b2562-d3a3-4b7a-b2fa-2624534ed258,Qilin,City Ambulance Service,country,US,https://cityambu.com/,"City Ambulance Service - website (Spring, TX)",official,undated,high,Emergency medical transport provider in Texas (and Iowa) since 2006. No revenue/employee/breach info found.
Qilin|5179ba1b-2046-4654-854b-eafbce6e6029,Qilin,Principle Diagnostics Laboratory,country,US,https://principlediagnostics.com/,"Principle Diagnostics Laboratory - website (Bethlehem, PA)",official,undated,high,"Toxicology/molecular testing lab, founded 2015. No revenue/employee/breach info found."
Qilin|27ce89ea-880f-403b-b134-77994baad834,Qilin,WD Masonry & Concrete,country,US,https://wdmasonry-concrete.com/,"WD Masonry & Concrete, Inc. - website (Rapid City, SD)",official,undated,high,wdmandc.com redirects to wdmasonry-concrete.com. No revenue/employee/breach info found.
Qilin|9e4c0161-1011-4c9a-88f7-412512a69477,Qilin,tommer construction,country,US,https://tommerconstruction.com/,"Tommer Construction - website (Ephrata, WA)",official,undated,high,No revenue/employee/breach info found.
Qilin|cf78de2d-e2cc-4ec1-9100-42954ad8060f,Qilin,Smart Energies,country,FR,https://smart-energies.eu/mentions-legales/,"Smart Energies - mentions légales (20 rue Quentin Bauchart, Paris; RCS Paris 552 029 639)",official,undated,high,Solar PV producer/developer. Revenue shown on the site did not render. No employee/breach info found.
Qilin|f9fc3799-af50-49d0-86b2-1fae5094aa91,Qilin,Brazosport College,country,US,https://www.brazosport.edu/,"Brazosport College - website (Lake Jackson, TX)",official,undated,high,No revenue/employee/breach info found (search budget exhausted).
Qilin|fcb05123-2685-418f-8dd5-4c29a26ce6cb,Qilin,La Maison Des Travaux,country,FR,https://www.lamaisondestravaux.com/,La Maison des Travaux - website,official,undated,medium,French home-renovation network with 241 agencies in France; HQ address not shown on the homepage. known_industry could arguably be Construction. No revenue/employee/breach info found.
Qilin|1671bafb-3a12-471f-ab16-870a1f47257e,Qilin,Bcfpers,country,US,https://www.bcfpers.org/,Baltimore City Fire and Police Employees' Retirement System - website,official,undated,high,"Public pension plan (100 Light St, Baltimore, MD), 10,000+ members. known_industry 'Insurance' is debatable (Government/Financial Services). Revenue/employees not stated."
SafePay|/blog/post/gsglobalresourcescom/,SafePay,gsglobalresources.com,industry,Manufacturing,https://gsglobalresources.com/,GS Global Resources - website,official,undated,medium,"Hydraulics, controls and operator cab integrator for heavy equipment OEMs, Mukwonago, WI. Could also be Engineering & Architecture. No revenue/employee/breach info found."
SafePay|/blog/post/cenmar-manilacom/,SafePay,cenmar-manila.com,country,PH,https://cenmar-manila.com/,"Century Maritime Agencies (Cenmar) - website (Pasay City, Manila)",official,undated,high,Maritime crew recruitment/manning agency. Could also be Transportation & Logistics. No revenue/employee/breach info found.
SafePay|/blog/post/cenmar-manilacom/,SafePay,cenmar-manila.com,industry,Professional Services,https://cenmar-manila.com/,Century Maritime Agencies (Cenmar) - website,official,undated,medium,Maritime crew recruitment/manning agency. Could also be Transportation & Logistics. No revenue/employee/breach info found.
DragonForce|99191269-ff2d-44f7-a1d3-7809ab6aa32a,DragonForce,NWIMS IT Group,country,GB,https://www.nwims.com/contact/3-nwims-communications-ltd,"NWIMS IT Group - Contact (Whinfell Business Park, Kendal, Cumbria)",official,undated,high,"Identity confirmed via nwims.com (same domain; IT support/computer repair for home and small business in Kendal, Cumbria, UK). Revenue/employees not found in an attributable source. Breach-fact searches (data_types) were blocked by the tool permission system, so left blank."
DragonForce|63e732ab-4cc9-47c7-8f0a-7ee856dcaef3,DragonForce,fivestates.com,employee_count,11-50,https://www.linkedin.com/company/five-states-energy-llc,"Five States Energy Company, LLC - LinkedIn",reference,undated,medium,"Five States Energy, Dallas TX (4925 Greenville Ave). Revenue left blank: estimates conflict ($4.9M vs $25-50M). Breach-fact searches were blocked by the tool permission system, so data_types left blank."
DragonForce|174bc965-9627-47d9-9ef8-76b59d115634,DragonForce,Alliance Select Foods International,country,PH,https://allianceselectfoods.com/corporate-governance/sec-filings/,"Alliance Select Foods International - SEC Filings (registered with Philippine SEC, listed on PSE as FOOD)",official,undated,high,"PSE-listed (ticker FOOD) tuna canner; company reports in USD. Revenue FY2025 US$78.8M and 1,937 employees seen via search snippet of Simply Wall St (page fetch returned 403, so not directly verified). Breach-fact searches blocked by tool permission system."
DragonForce|174bc965-9627-47d9-9ef8-76b59d115634,DragonForce,Alliance Select Foods International,industry,Agriculture & Food,https://allianceselectfoods.com/corporate-governance/sec-filings/,Alliance Select Foods International - corporate site (seafood/tuna canning),official,undated,high,"PSE-listed (ticker FOOD) tuna canner; company reports in USD. Revenue FY2025 US$78.8M and 1,937 employees seen via search snippet of Simply Wall St (page fetch returned 403, so not directly verified). Breach-fact searches blocked by tool permission system."
DragonForce|174bc965-9627-47d9-9ef8-76b59d115634,DragonForce,Alliance Select Foods International,revenue_usd,78800000,https://simplywall.st/stocks/ph/food-beverage-tobacco/pse-food/alliance-select-foods-international-shares/management,Simply Wall St - Alliance Select Foods (FY2025 revenue US$78.8M),reference,undated,medium,"PSE-listed (ticker FOOD) tuna canner; company reports in USD. Revenue FY2025 US$78.8M and 1,937 employees seen via search snippet of Simply Wall St (page fetch returned 403, so not directly verified). Breach-fact searches blocked by tool permission system."
DragonForce|174bc965-9627-47d9-9ef8-76b59d115634,DragonForce,Alliance Select Foods International,employee_count,1937,https://simplywall.st/stocks/ph/food-beverage-tobacco/pse-food/alliance-select-foods-international-shares/management,Simply Wall St - Alliance Select Foods (2025 employees),reference,undated,medium,"PSE-listed (ticker FOOD) tuna canner; company reports in USD. Revenue FY2025 US$78.8M and 1,937 employees seen via search snippet of Simply Wall St (page fetch returned 403, so not directly verified). Breach-fact searches blocked by tool permission system."
DragonForce|de1126b6-0d91-48b2-ac2e-f291371c53d6,DragonForce,delonhampton.com,revenue_usd,21900000,https://www.konaequity.com/company/delon-hampton-&-associates-10401282653/,Kona Equity - Delon Hampton & Associates,estimate,undated,low,"Delon Hampton & Associates, Chartered (civil/structural engineering, founded 1973). Estimates vary widely across brokers (Seamless.AI: 201-500 employees, $50-100M); Kona Equity figures used, low confidence. Breach-fact searches blocked by tool permission system."
DragonForce|de1126b6-0d91-48b2-ac2e-f291371c53d6,DragonForce,delonhampton.com,employee_count,94,https://www.konaequity.com/company/delon-hampton-&-associates-10401282653/,Kona Equity - Delon Hampton & Associates,estimate,undated,low,"Delon Hampton & Associates, Chartered (civil/structural engineering, founded 1973). Estimates vary widely across brokers (Seamless.AI: 201-500 employees, $50-100M); Kona Equity figures used, low confidence. Breach-fact searches blocked by tool permission system."
DragonForce|4d26baa3-099b-41f5-984d-38dc3a5b7778,DragonForce,President Container Group,country,US,https://finance.yahoo.com/news/president-container-group-highlights-high-200400145.html,"Yahoo Finance press release - President Container Group (Moonachie, NJ)",news,undated,high,"HQ Moonachie, New Jersey. Revenue/employees are broker estimates seen in search snippets (pages rate-limited). Breach-fact searches blocked by tool permission system."
DragonForce|4d26baa3-099b-41f5-984d-38dc3a5b7778,DragonForce,President Container Group,revenue_usd,155700000,https://www.konaequity.com/company/president-container-group-4398007536/,Kona Equity - President Container Group ($155.7M revenue),estimate,undated,low,"HQ Moonachie, New Jersey. Revenue/employees are broker estimates seen in search snippets (pages rate-limited). Breach-fact searches blocked by tool permission system."
DragonForce|4d26baa3-099b-41f5-984d-38dc3a5b7778,DragonForce,President Container Group,employee_count,215,https://www.zoominfo.com/c/president-container-group-of-companies/94864137,ZoomInfo - President Container Group (approx. 215 employees as of July 2026),estimate,2026-07,low,"HQ Moonachie, New Jersey. Revenue/employees are broker estimates seen in search snippets (pages rate-limited). Breach-fact searches blocked by tool permission system."
INC Ransom|696ce55d8f1d14b74306768b,INC Ransom,Southern Alberta Community Living Association,website,sacla.ca,https://sacla.ca/about/,SACLA - About,official,undated,high,"Identity confirmed: SACLA, Lethbridge, Alberta, est. 1980, matches context. Employee count not stated on site. Breach facts (data_size_gb/data_types) left blank: breach-news searches were blocked by the tool permission system and the session web-search budget was exhausted."
INC Ransom|696ce55d8f1d14b74306768b,INC Ransom,Southern Alberta Community Living Association,industry,Non-profit,https://sacla.ca/about/,"SACLA - About (charitable disability-support organisation, Lethbridge AB, est. 1980)",official,undated,high,"Identity confirmed: SACLA, Lethbridge, Alberta, est. 1980, matches context. Employee count not stated on site. Breach facts (data_size_gb/data_types) left blank: breach-news searches were blocked by the tool permission system and the session web-search budget was exhausted."
INC Ransom|6980d22f8f1d14b7436bdbca,INC Ransom,ChokChey Finance,website,chokchey.com.kh,https://www.chokchey.com.kh/,ChokChey Finance PLC - official site,official,undated,high,"Site confirms est. 2015, MFI licence from National Bank of Cambodia 2016, Phnom Penh. Employee count not stated. Breach facts (data_size_gb/data_types) left blank: breach-news searches were blocked by the tool permission system and the session web-search budget was exhausted."
INC Ransom|69d92e6c8f1d14b74370ad02,INC Ransom,wright-ryan.com,industry,Construction,https://www.wright-ryan.com/,Wright-Ryan - homepage ('Building Maine's great spaces'; commercial and residential construction),official,undated,high,"Wright-Ryan, Maine construction firm. Employee count not stated on site. Breach facts (data_size_gb/data_types) left blank: breach-news searches were blocked by the tool permission system and the session web-search budget was exhausted."
INC Ransom|6ab550cb9cd108bf26772eb9,INC Ransom,ukbjja.org,industry,Non-profit,https://www.ukbjja.org/,UK Brazilian Jiu-Jitsu Association - homepage (non-profit national governing body),official,undated,high,UKBJJA is the national governing body for BJJ in the UK. Staff count not stated. Breach facts (data_size_gb/data_types) left blank: breach-news searches were blocked by the tool permission system and the session web-search budget was exhausted.
Qilin|5623ed73-31c7-4453-949a-1efcdc2ba929,Qilin,RC Collecting,country,AR,https://rccollecting.com.ar/,"RC Collecting - homepage (25 de Mayo 596, Buenos Aires)",official,undated,high,"rccollecting.com redirects to rccollecting.com.ar. Site states 'more than 180 collaborators' (not an exact figure, so employee_count left blank). known_industry 'Automotive' appears wrong. Breach facts (data_size_gb/data_types) left blank: breach-news searches were blocked by the tool permission system and the session web-search budget was exhausted."
Qilin|cd738627-1f25-4c7c-a69e-a06ef7be1b3a,Qilin,RWB Consulting Engineers,country,US,https://www.rwb.net/,"RWB Consulting Engineers - homepage (Dallas, TX; est. 1986)",official,undated,high,"MEP/T engineering firm, Dallas and Fort Worth offices. Employee count not stated. Breach facts (data_size_gb/data_types) left blank: breach-news searches were blocked by the tool permission system and the session web-search budget was exhausted."
Qilin|162ae6f5-61cf-41dd-a4b7-e02a5e4e730d,Qilin,PoindexterHill,country,US,https://poindexterhill.com/,"PoindexterHill, P.C. - homepage (Waynesboro, Virginia)",official,undated,high,Law firm in Waynesboro VA since 1976. Staff count not stated. Breach facts (data_size_gb/data_types) left blank: breach-news searches were blocked by the tool permission system and the session web-search budget was exhausted.
Qilin|a634ccc7-f3e7-4772-ba1d-ef6c3ad4f8d8,Qilin,Nan Liu Enterprises,country,TW,https://nanliugroup.com/,"Nan Liu Enterprise Co., Ltd. - homepage (Yanchao District, Kaohsiung)",official,undated,high,"Non-woven fabrics / wet wipes manufacturer, HQ Kaohsiung, Taiwan (plants in China, India). Revenue/employees not on homepage; search budget exhausted. Breach facts (data_size_gb/data_types) left blank: breach-news searches were blocked by the tool permission system and the session web-search budget was exhausted."
Qilin|ad6e7758-9aed-447e-84c4-3f6a8e3e0b6e,Qilin,Buckley Powder,country,US,https://www.buckleypowder.com/,"Buckley Powder Co. - homepage (42 Inverness Dr, Englewood, CO)",official,undated,high,Explosives supplier to mining/construction. Employee count not stated. Breach facts (data_size_gb/data_types) left blank: breach-news searches were blocked by the tool permission system and the session web-search budget was exhausted.
Qilin|8c155e5e-9652-4932-bacf-267584f65001,Qilin,Bloom Financials,country,GB,https://bloomfinancials.com/contact,"Bloom Financials - Contact (30 Churchill Place, Canary Wharf, London; also Faisalabad PK and Dubai AE)",official,undated,medium,"UK address listed first and site says it operates in the UK; also has Pakistan (Bloom Business Solutions) and UAE offices, so HQ country is medium confidence. Breach facts (data_size_gb/data_types) left blank: breach-news searches were blocked by the tool permission system and the session web-search budget was exhausted."
Qilin|6ab8ea48-5461-4614-a76a-a70fd3a42589,Qilin,United Association Local Union 345,country,US,https://ua345.org/,"UA Local 345 - homepage (1430 Huntington Dr, Duarte, CA)",official,undated,high,"Plumbing-trade union local, >1,000 members (members are not employees). Breach facts (data_size_gb/data_types) left blank: breach-news searches were blocked by the tool permission system and the session web-search budget was exhausted."
Qilin|36ee3678-0869-4855-84d6-6c24da6b0595,Qilin,Medochemie,country,CY,https://en.wikipedia.org/wiki/Medochemie,Wikipedia - Medochemie (HQ Limassol),reference,undated,high,Revenue and employee figures are dated (employees as of 2013; revenue year unspecified) - low confidence. Known industry 'Manufacturing' is arguably Pharmaceuticals & Biotech. Breach facts (data_size_gb/data_types) left blank: breach-news searches were blocked by the tool permission system and the session web-search budget was exhausted.
Qilin|36ee3678-0869-4855-84d6-6c24da6b0595,Qilin,Medochemie,revenue_usd,500000000,https://en.wikipedia.org/wiki/Medochemie,"Wikipedia - Medochemie infobox (US$500 million, year not given)",reference,undated,low,Revenue and employee figures are dated (employees as of 2013; revenue year unspecified) - low confidence. Known industry 'Manufacturing' is arguably Pharmaceuticals & Biotech. Breach facts (data_size_gb/data_types) left blank: breach-news searches were blocked by the tool permission system and the session web-search budget was exhausted.
Qilin|36ee3678-0869-4855-84d6-6c24da6b0595,Qilin,Medochemie,employee_count,1250,https://en.wikipedia.org/wiki/Medochemie,"Wikipedia - Medochemie infobox (1,250 employees, 2013)",reference,undated,low,Revenue and employee figures are dated (employees as of 2013; revenue year unspecified) - low confidence. Known industry 'Manufacturing' is arguably Pharmaceuticals & Biotech. Breach facts (data_size_gb/data_types) left blank: breach-news searches were blocked by the tool permission system and the session web-search budget was exhausted.
Qilin|283a4d27-c413-4819-9937-3ea8ec6725c7,Qilin,ShopDunk,country,VN,https://shopdunk.com/,ShopDunk - homepage (authorized Apple reseller in Vietnam),official,undated,high,Revenue/employees not found (search budget exhausted). Breach facts (data_size_gb/data_types) left blank: breach-news searches were blocked by the tool permission system and the session web-search budget was exhausted.
SafePay|/blog/post/interrcom/,SafePay,interr.com,industry,Professional Services,https://www.interr.com/,"Interr - homepage (security services, SOC, consulting; HQ The Loom, London)",official,undated,high,Employee count not stated on site. Breach facts (data_size_gb/data_types) left blank: breach-news searches were blocked by the tool permission system and the session web-search budget was exhausted.
SafePay|/blog/post/kawaiuscom/,SafePay,kawaius.com,industry,Manufacturing,https://www.kawaius.com/,Kawai America Corporation - homepage (piano manufacturer/distributor),official,undated,medium,"Kawai America is the US arm of Kawai Musical Instruments (Japan); much of its US activity is distribution, hence medium confidence. Breach facts (data_size_gb/data_types) left blank: breach-news searches were blocked by the tool permission system and the session web-search budget was exhausted."
DragonForce|a789f621-e9a1-46d6-afcb-1da852500d29,DragonForce,"SINBON Electronics Co., Ltd",industry,Manufacturing,https://stockanalysis.com/quote/tpe/3023/,StockAnalysis - SINBON Electronics (TPE:3023),reference,undated,high,"Revenue FY2025 NT$31.02B converted at ~31.7 TWD/USD. Botcrawl (2026-01-02) reports DragonForce claim of 847.32GB incl. internal docs, engineering/technical docs, supplier/customer files; SINBON's TWSE filing said no data taken. Botcrawl is a blog restating the leak claim, hence low confidence."
DragonForce|a789f621-e9a1-46d6-afcb-1da852500d29,DragonForce,"SINBON Electronics Co., Ltd",revenue_usd,980000000,https://stockanalysis.com/quote/tpe/3023/,StockAnalysis - SINBON Electronics (TPE:3023),reference,undated,medium,"Revenue FY2025 NT$31.02B converted at ~31.7 TWD/USD. Botcrawl (2026-01-02) reports DragonForce claim of 847.32GB incl. internal docs, engineering/technical docs, supplier/customer files; SINBON's TWSE filing said no data taken. Botcrawl is a blog restating the leak claim, hence low confidence."
DragonForce|a789f621-e9a1-46d6-afcb-1da852500d29,DragonForce,"SINBON Electronics Co., Ltd",employee_count,8254,https://stockanalysis.com/quote/tpe/3023/,StockAnalysis - SINBON Electronics (TPE:3023),reference,undated,medium,"Revenue FY2025 NT$31.02B converted at ~31.7 TWD/USD. Botcrawl (2026-01-02) reports DragonForce claim of 847.32GB incl. internal docs, engineering/technical docs, supplier/customer files; SINBON's TWSE filing said no data taken. Botcrawl is a blog restating the leak claim, hence low confidence."
DragonForce|a789f621-e9a1-46d6-afcb-1da852500d29,DragonForce,"SINBON Electronics Co., Ltd",data_types,Corporate / confidential; Engineering / R&D / IP; Customer data,https://botcrawl.com/sinbon-data-breach/,Botcrawl - SINBON Data Breach,news,2026-01-02,low,"Revenue FY2025 NT$31.02B converted at ~31.7 TWD/USD. Botcrawl (2026-01-02) reports DragonForce claim of 847.32GB incl. internal docs, engineering/technical docs, supplier/customer files; SINBON's TWSE filing said no data taken. Botcrawl is a blog restating the leak claim, hence low confidence."
DragonForce|61e30c7a-4903-4fd5-9fb4-8e72c0e2c4c3,DragonForce,Salvatori Group of Companies,employee_count,51-200,https://uk.linkedin.com/company/a.-salvatori-and-son-limited,LinkedIn - SALVATORI - Leaders in Logistics,reference,undated,medium,No revenue figure found. DeXpose (2026-02-26) confirms DragonForce claim but gives no data types or size.
DragonForce|42584b0f-4637-4d04-9366-03340cffbfc7,DragonForce,tazzetti.com,revenue_usd,97000000,https://www.fatturatoazienda.it/azienda/tazzetti-spa-08997550010,FatturatoAzienda - Tazzetti S.p.A. bilancio 2024,estimate,2024,medium,"Revenue 2024 EUR 89.83M (filed accounts, P.IVA 08997550010, Volpiano TO) converted at ~1.08 USD/EUR. Another aggregator lists 57 employees for 2026. DeXpose confirms DragonForce claim (2026-03-10) but no data types/size given."
DragonForce|42584b0f-4637-4d04-9366-03340cffbfc7,DragonForce,tazzetti.com,employee_count,75,https://www.fatturatoazienda.it/azienda/tazzetti-spa-08997550010,FatturatoAzienda - Tazzetti S.p.A. bilancio 2024,estimate,2024,medium,"Revenue 2024 EUR 89.83M (filed accounts, P.IVA 08997550010, Volpiano TO) converted at ~1.08 USD/EUR. Another aggregator lists 57 employees for 2026. DeXpose confirms DragonForce claim (2026-03-10) but no data types/size given."
DragonForce|fcfc9d37-cabe-44dd-9c33-ba7ccd1e7f4d,DragonForce,breslinbuilders.com,employee_count,11-50,https://www.linkedin.com/company/breslin-builders,LinkedIn - Breslin Builders,reference,undated,medium,No credible revenue figure (search snippets gave conflicting broker/historical figures). No breach reporting found.
DragonForce|b937fe29-713b-46a4-98d5-f9d9342f7b2c,DragonForce,ibswebsite.com,employee_count,11-50,https://www.linkedin.com/company/integrated-building-systems,LinkedIn - Integrated Building Systems,reference,undated,medium,"ibswebsite.com = Integrated Building Systems, Columbus OH (LinkedIn lists website IBSwebsite.com). No revenue found. No breach reporting found."
DragonForce|4c86a8ef-9010-42a4-b6c1-861e99b45d4d,DragonForce,ksmart.ca,employee_count,34,https://ca.linkedin.com/company/k-smart-associates-limited,LinkedIn - K. Smart Associates Limited (company description),reference,undated,medium,Company description says it 'employs about 34 people' (LinkedIn size band 11-50). No revenue found. No breach reporting found.
DragonForce|7a02a198-4fa0-47ab-afe0-0b087659af9e,DragonForce,RUS Industrial,employee_count,201-500,https://www.linkedin.com/company/rus-industrial,"LinkedIn - RUS Industrial, LLC",reference,undated,medium,"HQ Channelview TX confirmed on rusindustrial.com; site cites a 'network of 2,000-3,000 skilled professionals' (craft network, not used). No revenue found."
INC Ransom|6980c9b98f1d14b7436aff76,INC Ransom,www.pucobre.cl,employee_count,1200,https://www.linkedin.com/company/pucobre,LinkedIn - Pucobre (about section),reference,undated,medium,"LinkedIn about: 'employ 1,200 people' (size band 501-1,000; HQ Copiapo). No breach reporting found (web search budget exhausted)."
INC Ransom|69a154718f1d14b74341c877,INC Ransom,Empresa de Transportes Via Pajuçara Ltda.,website,viapajucara.com.br,http://viapajucara.com.br/,Via Pajucara - company website,official,undated,high,"Website taken from leak context and confirmed: cargo transport/logistics, HQ Guarulhos SP. No employee figure found."
INC Ransom|69a154718f1d14b74341c877,INC Ransom,Empresa de Transportes Via Pajuçara Ltda.,industry,Transportation & Logistics,http://viapajucara.com.br/,Via Pajucara - company website,official,undated,high,"Website taken from leak context and confirmed: cargo transport/logistics, HQ Guarulhos SP. No employee figure found."
INC Ransom|69b214a48f1d14b7430934e7,INC Ransom,JDV Products,website,jdvproducts.com,https://www.jdvproducts.com/,"JDV Products, Inc. - company website",official,2026,high,"jdvproducts.com sells wire-wrap, wire-handling and fiber-optic tools (NJ area code). Unclear if manufacturer or distributor, so industry left blank. No employee figure found."
INC Ransom|69d861b58f1d14b743603f0e,INC Ransom,martek co ltd.,website,martek.com.tw,https://www.martek.com.tw/en,"Martek Co., Ltd - company website",official,undated,high,"Martek Co., Ltd (Taipei, founded 2008) represents MinebeaMitsumi, supplies electronic components/medical & IoT solutions. Leak context mentions 700gb but no news source found, so data_size left blank."
INC Ransom|69d861b58f1d14b743603f0e,INC Ransom,martek co ltd.,industry,Technology,https://www.martek.com.tw/en,"Martek Co., Ltd - company website",official,undated,medium,"Martek Co., Ltd (Taipei, founded 2008) represents MinebeaMitsumi, supplies electronic components/medical & IoT solutions. Leak context mentions 700gb but no news source found, so data_size left blank."
INC Ransom|6a468abe5ae71db30ca4400d,INC Ransom,carvalima.com.br,employee_count,1001-5000,https://www.linkedin.com/company/carvalima-transportes,LinkedIn - Carvalima Transportes,reference,undated,medium,LinkedIn HQ Cuiaba MT matches. No breach reporting found.
INC Ransom|6a6b75a95ae71db30c8b0b19,INC Ransom,PARTNERED HEALTH GROUP,website,partneredhealth.com.au,https://www.partneredhealth.com.au/,Partnered Health - company website,official,undated,high,"Partnered Health (Eastwood SA) divisions (primary care, occupational health, psychology) match leak context. No breach news found."
INC Ransom|6a6b75a95ae71db30c8b0b19,INC Ransom,PARTNERED HEALTH GROUP,employee_count,1001-5000,https://www.linkedin.com/company/partnered-health,LinkedIn - Partnered Health,reference,undated,medium,"Partnered Health (Eastwood SA) divisions (primary care, occupational health, psychology) match leak context. No breach news found."
INC Ransom|6a8d72839cd108bf26741507,INC Ransom,Macro Engineering & Technology,website,macroeng.com,https://www.macroeng.com/,Macro Engineering & Technology Inc - company website,official,undated,high,Mississauga ON manufacturer of plastic extrusion systems since 1978. No employee figure found.
INC Ransom|6a8d72839cd108bf26741507,INC Ransom,Macro Engineering & Technology,industry,Manufacturing,https://www.macroeng.com/,Macro Engineering & Technology Inc - company website,official,undated,high,Mississauga ON manufacturer of plastic extrusion systems since 1978. No employee figure found.
INC Ransom|6ab54bee9cd108bf2676bd94,INC Ransom,welgenone.com,employee_count,11-50,https://www.linkedin.com/company/welgen-one,LinkedIn - Welgen One,reference,undated,medium,LinkedIn lists HQ Louisville KY while website lists Atlanta GA address; same company (website welgenone.com). No breach reporting found.
Qilin|52d5c639-935d-4b4d-85ca-20c651d9c8be,Qilin,Mills Products,country,US,https://www.millsproducts.com/,Mills Products - company website,official,undated,high,"HQ Athens, Tennessee; plants in TN and San Luis Potosi, Mexico. Web search budget exhausted mid-batch; breach news not searched, breach fields left blank."
Qilin|52d5c639-935d-4b4d-85ca-20c651d9c8be,Qilin,Mills Products,employee_count,201-500,https://www.linkedin.com/company/mills-products,LinkedIn - Mills Products,reference,undated,medium,"HQ Athens, Tennessee; plants in TN and San Luis Potosi, Mexico. Web search budget exhausted mid-batch; breach news not searched, breach fields left blank."
Qilin|abce4fd3-0fd5-43df-a826-a45c47114e07,Qilin,Florida Retina Center,country,US,https://www.floridaretinacenter.com/,Florida Retina & Vitreous Center - website,official,undated,high,"Retina practice, Orlando and Ocoee FL (one physician listed). No employee/revenue figure found. Web search budget exhausted mid-batch; breach news not searched, breach fields left blank."
Qilin|abce4fd3-0fd5-43df-a826-a45c47114e07,Qilin,Florida Retina Center,industry,Healthcare,https://www.floridaretinacenter.com/,Florida Retina & Vitreous Center - website,official,undated,high,"Retina practice, Orlando and Ocoee FL (one physician listed). No employee/revenue figure found. Web search budget exhausted mid-batch; breach news not searched, breach fields left blank."
Qilin|23a455ad-26f3-49fc-b18a-b5d6da4a5ff9,Qilin,BECKER CADCAMCAST,country,DE,https://www.beckerccc.com/,BECKER GmbH CAD-CAM-CAST - website,official,undated,high,"Steffenberg-Quotshausen, Germany; engineering, prototyping, casting, additive manufacturing. No employee/revenue figure found. Web search budget exhausted mid-batch; breach news not searched, breach fields left blank."
Qilin|e50280ec-ec12-42ec-aa22-907abc7a7b87,Qilin,Bayshore Ford Truck Sales,country,US,https://www.bayshoreford.com/,Bayshore Ford Truck Sales - website,official,undated,high,"New Castle, Delaware commercial Ford dealership. LinkedIn shows ~58 member profiles but no size band captured, so employee_count left blank. Web search budget exhausted mid-batch; breach news not searched, breach fields left blank."
Qilin|63aa9310-d11f-4d4a-9e71-bb4b07ab7b78,Qilin,Serviceplan Group (Korea branch),country,DE,https://en.wikipedia.org/wiki/Serviceplan,Wikipedia - Serviceplan,reference,undated,medium,"Victim listed as Serviceplan Group Korea branch; values are for the parent group (HQ Munich, DE). Revenue EUR 873M (FY2025/26) converted at ~1.13 USD/EUR; employees 6,500+ (2025). If branch-level country is wanted, use KR. Web search budget exhausted mid-batch; breach news not searched, breach fields left blank."
Qilin|63aa9310-d11f-4d4a-9e71-bb4b07ab7b78,Qilin,Serviceplan Group (Korea branch),revenue_usd,986000000,https://en.wikipedia.org/wiki/Serviceplan,Wikipedia - Serviceplan,reference,undated,medium,"Victim listed as Serviceplan Group Korea branch; values are for the parent group (HQ Munich, DE). Revenue EUR 873M (FY2025/26) converted at ~1.13 USD/EUR; employees 6,500+ (2025). If branch-level country is wanted, use KR. Web search budget exhausted mid-batch; breach news not searched, breach fields left blank."
Qilin|63aa9310-d11f-4d4a-9e71-bb4b07ab7b78,Qilin,Serviceplan Group (Korea branch),employee_count,6500,https://en.wikipedia.org/wiki/Serviceplan,Wikipedia - Serviceplan,reference,undated,medium,"Victim listed as Serviceplan Group Korea branch; values are for the parent group (HQ Munich, DE). Revenue EUR 873M (FY2025/26) converted at ~1.13 USD/EUR; employees 6,500+ (2025). If branch-level country is wanted, use KR. Web search budget exhausted mid-batch; breach news not searched, breach fields left blank."
Qilin|c7993505-6987-4c43-ab9d-788d9f8961f4,Qilin,Grupo Coril,country,PE,https://www.grupocoril.com/,Grupo Coril - website,official,undated,high,"Lima, Peru financial group (brokerage, funds, trust, Banco Alfin). LinkedIn band 51-200 but lists ~380 member profiles, so low confidence. Web search budget exhausted mid-batch; breach news not searched, breach fields left blank."
Qilin|c7993505-6987-4c43-ab9d-788d9f8961f4,Qilin,Grupo Coril,employee_count,51-200,https://www.linkedin.com/company/grupo-coril,LinkedIn - Grupo Coril,reference,undated,low,"Lima, Peru financial group (brokerage, funds, trust, Banco Alfin). LinkedIn band 51-200 but lists ~380 member profiles, so low confidence. Web search budget exhausted mid-batch; breach news not searched, breach fields left blank."
Qilin|c7d2effa-013e-4fd7-9e49-454cafd5adbe,Qilin,Sadtek,country,TR,https://www.sadtek.com/,SADTEK Elektronik - website,official,undated,high,"Istanbul (Pendik) defence/aviation/marine electronics firm. LinkedIn 'sadtek' page is an unrelated Mozambican firm; not used. Web search budget exhausted mid-batch; breach news not searched, breach fields left blank."
Qilin|9653e175-0e80-495b-91f8-78eb6e684399,Qilin,Chase Cooper Limited (RiskLogix Solutions),country,GB,https://find-and-update.company-information.service.gov.uk/company/04640158,Companies House - RISKLOGIX SOLUTIONS LTD (04640158),official,2026-03-30,high,"Chase Cooper Limited renamed RiskLogix Solutions Ltd on 2020-06-22; registered 11-12 Hanover Square, London. Website could not be confirmed. Web search budget exhausted mid-batch; breach news not searched, breach fields left blank."
Qilin|ae7d25a0-f7c7-4501-9333-106187fd4c6e,Qilin,Time-Cap Labs,country,US,https://www.timecaplabs.com/,"Time-Cap Labs, Inc - website",official,undated,high,"Farmingdale NY maker of OTC/Rx tablets, capsules, softgels (industry arguably Pharmaceuticals & Biotech). No employee/revenue figure found. Web search budget exhausted mid-batch; breach news not searched, breach fields left blank."
Qilin|8b3c2a08-c4bd-4e1c-9540-43255f5f76a7,Qilin,MAVA Healthcare,country,US,https://www.mavamedical.com/,MAVA Behavioral Health - website,official,undated,high,"Psychiatric/behavioral health provider, HQ Spring TX, offices FL and IL. Web search budget exhausted mid-batch; breach news not searched, breach fields left blank."
Qilin|8b3c2a08-c4bd-4e1c-9540-43255f5f76a7,Qilin,MAVA Healthcare,industry,Healthcare,https://www.mavamedical.com/,MAVA Behavioral Health - website,official,undated,high,"Psychiatric/behavioral health provider, HQ Spring TX, offices FL and IL. Web search budget exhausted mid-batch; breach news not searched, breach fields left blank."
Qilin|46c034cd-c4a3-4124-b93a-35c73f21abdf,Qilin,Five Star Sheets,country,US,https://www.fivestarsheets.com/,Five Star Sheets - website,official,undated,high,"Corrugated sheet manufacturer, New Carlisle, Indiana. Web search budget exhausted mid-batch; breach news not searched, breach fields left blank."
Qilin|46c034cd-c4a3-4124-b93a-35c73f21abdf,Qilin,Five Star Sheets,employee_count,51-200,https://www.linkedin.com/company/five-star-sheets,LinkedIn - Five Star Sheets,reference,undated,medium,"Corrugated sheet manufacturer, New Carlisle, Indiana. Web search budget exhausted mid-batch; breach news not searched, breach fields left blank."
Qilin|c80be6d9-9f48-4983-8d7d-a66e4387bdac,Qilin,Contacto Garantido,country,AR,https://contactogarantido.com/,Contacto Garantido - website,official,undated,medium,"Latin American BPO/contact centre; website states ~1,820 multilingual operators and Argentina HQ. Web search budget exhausted mid-batch; breach news not searched, breach fields left blank."
Qilin|c80be6d9-9f48-4983-8d7d-a66e4387bdac,Qilin,Contacto Garantido,employee_count,1820,https://contactogarantido.com/,Contacto Garantido - website,official,undated,medium,"Latin American BPO/contact centre; website states ~1,820 multilingual operators and Argentina HQ. Web search budget exhausted mid-batch; breach news not searched, breach fields left blank."
Qilin|7d3f7328-c23f-4a74-a9ec-35bfe6c4cfc7,Qilin,RUPP Spritzguss,employee_count,80,https://www.rupp-spritzguss.de/,Rupp Solutions GmbH - website,official,undated,medium,"Eppingen-Rohrbach injection moulder; site states 80 staff. No revenue found. Web search budget exhausted mid-batch; breach news not searched, breach fields left blank."
Qilin|0f40bc6a-9087-4410-b655-bdece4af8959,Qilin,Miller Stratvert,country,US,http://mstlaw.com/,Miller Stratvert P.A. - website,official,undated,high,"New Mexico law firm (Albuquerque, Santa Fe, Farmington); ~22 attorneys listed but total headcount unknown. Web search budget exhausted mid-batch; breach news not searched, breach fields left blank."
Qilin|355e0d6d-19fd-4e02-9f70-da6666795de4,Qilin,STRUCTURED SETTLEMENT CAPITAL LLC,country,US,https://www.123lumpsum.com/,123 Lump Sum - website,official,undated,high,"Structured settlement purchaser, Fort Lauderdale FL. Web search budget exhausted mid-batch; breach news not searched, breach fields left blank."
Qilin|8124695c-39b4-49fa-9835-d01eb7aa9cbb,Qilin,AUM Construction,country,US,https://auminc.us/contact,AUM Inc. - contact page,official,undated,high,"Traffic signalization/street lighting contractor, offices Hollywood and Jupiter FL. Web search budget exhausted mid-batch; breach news not searched, breach fields left blank."
Qilin|51f10216-38bf-4521-a65e-4d8e1cad8cd6,Qilin,Zorlu Holding,country,TR,https://en.wikipedia.org/wiki/Zorlu_Holding,Wikipedia - Zorlu Holding,reference,undated,high,"Revenue figure is for 2022 (USD 9.3B). Web search budget exhausted mid-batch; breach news not searched, breach fields left blank."
Qilin|51f10216-38bf-4521-a65e-4d8e1cad8cd6,Qilin,Zorlu Holding,revenue_usd,9300000000,https://en.wikipedia.org/wiki/Zorlu_Holding,Wikipedia - Zorlu Holding,reference,undated,medium,"Revenue figure is for 2022 (USD 9.3B). Web search budget exhausted mid-batch; breach news not searched, breach fields left blank."
Qilin|51f10216-38bf-4521-a65e-4d8e1cad8cd6,Qilin,Zorlu Holding,employee_count,36000,https://en.wikipedia.org/wiki/Zorlu_Holding,Wikipedia - Zorlu Holding,reference,undated,medium,"Revenue figure is for 2022 (USD 9.3B). Web search budget exhausted mid-batch; breach news not searched, breach fields left blank."
SafePay|/blog/post/superiordrywallcom/,SafePay,superiordrywall.com,industry,Construction,https://www.superiordrywall.com/,"Superior Drywall, Inc. - website",official,undated,medium,"Identity note: leak context says Oxnard, California, but superiordrywall.com is Superior Drywall, Inc., Fall River, MA (commercial drywall contractor). Industry is Construction either way. Web search budget exhausted mid-batch; breach news not searched, breach fields left blank."
SafePay|/blog/post/bootstransportca/,SafePay,bootstransport.ca,employee_count,11-50,https://www.linkedin.com/company/boots-transport-ltd,LinkedIn - Boots Transport Ltd,reference,undated,medium,"Flatdeck carrier, Rocky View/Calgary AB; 55 trucks in 2026 per website. Web search budget exhausted mid-batch; breach news not searched, breach fields left blank."
SafePay|/blog/post/acsmallmaxwellcomau/,SafePay,acsmallmaxwell.com.au,employee_count,9,https://www.acsmallmaxwell.com.au/,AC Small Maxwell & Co - website (team page),official,undated,medium,"Grafton NSW accounting practice; website lists 9 team members. Web search budget exhausted mid-batch; breach news not searched, breach fields left blank."
DragonForce|61627972-2b73-484f-ae0d-b010ee8b9da5,DragonForce,Uinta Bank,revenue_usd,8814000,"https://api.fdic.gov/banks/financials?filters=CERT:1167&fields=NUMEMP,ASSET,REPDTE,INTINC,NONII,NAME,CITY&sort_by=REPDTE&sort_order=DESC&limit=5&format=json","FDIC BankFind financials (Call Report), CERT 1167",official,2025-12-31,medium,"Revenue = FY2025 total interest income ($8,528k) + noninterest income ($286k) from FDIC Call Report data (gross revenue). Employees = FTE at 2026-03-31 (15 at 2025-12-31). FDIC data shows the same charter (CERT 1167) reporting as 'Tanager Bank, Jackson' from 2026-06-30, suggesting a rename/relocation after the attack. No breach news with data types found."
DragonForce|61627972-2b73-484f-ae0d-b010ee8b9da5,DragonForce,Uinta Bank,employee_count,14,"https://api.fdic.gov/banks/financials?filters=CERT:1167&fields=NUMEMP,ASSET,REPDTE,INTINC,NONII,NAME,CITY&sort_by=REPDTE&sort_order=DESC&limit=5&format=json","FDIC BankFind financials (Call Report), CERT 1167",official,2026-03-31,high,"Revenue = FY2025 total interest income ($8,528k) + noninterest income ($286k) from FDIC Call Report data (gross revenue). Employees = FTE at 2026-03-31 (15 at 2025-12-31). FDIC data shows the same charter (CERT 1167) reporting as 'Tanager Bank, Jackson' from 2026-06-30, suggesting a rename/relocation after the attack. No breach news with data types found."
DragonForce|6d6a1271-80b5-43d4-82fe-fefebc089d5c,DragonForce,Zelenkofske Axelrod,country,US,https://www.zallc.org/,Zelenkofske Axelrod LLC - homepage,official,undated,high,"HQ 830 Sir Thomas Ct, Harrisburg, PA. LinkedIn lists 63 associated members. No credible revenue figure found; no breach news with data types."
DragonForce|6d6a1271-80b5-43d4-82fe-fefebc089d5c,DragonForce,Zelenkofske Axelrod,employee_count,51-200,https://www.linkedin.com/company/zelenkofske-axelrod-llc,LinkedIn company page,reference,undated,medium,"HQ 830 Sir Thomas Ct, Harrisburg, PA. LinkedIn lists 63 associated members. No credible revenue figure found; no breach news with data types."
DragonForce|da89a678-c23c-48a2-b005-d878a50a2bda,DragonForce,maa-architects.com,employee_count,11-50,https://uk.linkedin.com/company/matthew-allchurch-architects-limited,LinkedIn company page,reference,undated,medium,"Matthew Allchurch Architects Ltd, Teddington (Companies House 03779530). LinkedIn shows ~36 associated members. No revenue found (small company accounts); no breach news."
DragonForce|14fb8686-9317-496b-b9af-d674002cd614,DragonForce,Elara Engineering,country,US,https://elaraeng.com/,Elara Engineering - homepage,official,undated,high,"Chicago / Hillside, Illinois MEP consulting engineers. No credible revenue figure; no breach news with data types."
DragonForce|14fb8686-9317-496b-b9af-d674002cd614,DragonForce,Elara Engineering,employee_count,51-200,https://www.linkedin.com/company/elara-engineering,LinkedIn company page,reference,undated,medium,"Chicago / Hillside, Illinois MEP consulting engineers. No credible revenue figure; no breach news with data types."
DragonForce|f0a6c94f-b964-4b83-a15c-63c8f17955ff,DragonForce,je-nyc.com,employee_count,2-10,https://www.linkedin.com/company/jacmel-enterprise-inc-,LinkedIn company page,reference,undated,medium,"Jacmel Enterprise Inc., 165 Court St, Brooklyn NY. No credible revenue; no breach news."
DragonForce|282416b0-8ad9-4980-a147-7bc506476190,DragonForce,Cult Wines,country,GB,https://www.wineinvestment.com/learn/magazine/2026/03/cult-wines-fine-wine-market-and-company-update/,Cult Wines - Fine Wine Market & Company Update,official,2026-03-10,high,"HQ The Clockwork Building, 45 Beavor Lane, London W6. Fine wine investment manager (~GBP200m AUM), classed Financial Services (could arguably be Retail & Wholesale). Revenue: 2024 group revenue GBP33.5m converted at ~1.28 USD/GBP. Endole (Companies House) reports the UK entity Cult Wines Limited with 33 employees and GBP25.2m turnover in 2024; PitchBook says 80 employees; LinkedIn 51-200 -> low confidence. Breach coverage found only on threat-intel aggregators (DeXpose, Breachsense), no data typ"
DragonForce|282416b0-8ad9-4980-a147-7bc506476190,DragonForce,Cult Wines,industry,Financial Services,https://www.wineinvestment.com/learn/magazine/2026/03/cult-wines-fine-wine-market-and-company-update/,Cult Wines - Fine Wine Market & Company Update,official,2026-03-10,medium,"HQ The Clockwork Building, 45 Beavor Lane, London W6. Fine wine investment manager (~GBP200m AUM), classed Financial Services (could arguably be Retail & Wholesale). Revenue: 2024 group revenue GBP33.5m converted at ~1.28 USD/GBP. Endole (Companies House) reports the UK entity Cult Wines Limited with 33 employees and GBP25.2m turnover in 2024; PitchBook says 80 employees; LinkedIn 51-200 -> low confidence. Breach coverage found only on threat-intel aggregators (DeXpose, Breachsense), no data typ"
DragonForce|282416b0-8ad9-4980-a147-7bc506476190,DragonForce,Cult Wines,revenue_usd,42800000,https://www.wineinvestment.com/learn/magazine/2026/03/cult-wines-fine-wine-market-and-company-update/,Cult Wines - Fine Wine Market & Company Update,official,2026-03-10,medium,"HQ The Clockwork Building, 45 Beavor Lane, London W6. Fine wine investment manager (~GBP200m AUM), classed Financial Services (could arguably be Retail & Wholesale). Revenue: 2024 group revenue GBP33.5m converted at ~1.28 USD/GBP. Endole (Companies House) reports the UK entity Cult Wines Limited with 33 employees and GBP25.2m turnover in 2024; PitchBook says 80 employees; LinkedIn 51-200 -> low confidence. Breach coverage found only on threat-intel aggregators (DeXpose, Breachsense), no data typ"
DragonForce|282416b0-8ad9-4980-a147-7bc506476190,DragonForce,Cult Wines,employee_count,51-200,https://www.linkedin.com/company/cultwines,LinkedIn company page,reference,undated,low,"HQ The Clockwork Building, 45 Beavor Lane, London W6. Fine wine investment manager (~GBP200m AUM), classed Financial Services (could arguably be Retail & Wholesale). Revenue: 2024 group revenue GBP33.5m converted at ~1.28 USD/GBP. Endole (Companies House) reports the UK entity Cult Wines Limited with 33 employees and GBP25.2m turnover in 2024; PitchBook says 80 employees; LinkedIn 51-200 -> low confidence. Breach coverage found only on threat-intel aggregators (DeXpose, Breachsense), no data typ"
DragonForce|84613ccf-a791-4a25-be34-1f3a15354424,DragonForce,wsm.co.uk,employee_count,51-200,https://uk.linkedin.com/company/wsmadvisors,LinkedIn company page (WSM Advisors/Partners LLP),reference,undated,medium,"WSM Partners LLP, Wimbledon, London. A LinkedIn post mentions 'our team of 65 in our Wimbledon office'. Known industry 'Financial Services' - firm is a chartered accountancy/tax practice (arguably Professional Services), not changed. No revenue found; no breach news."
DragonForce|053ff566-6e37-43aa-ac8c-fa181e9a9104,DragonForce,Brian Cox,revenue_usd,7900000,https://www.zoominfo.com/c/brian-cox--co/348788800,ZoomInfo,estimate,undated,low,"Figures from search-result snippet of data-broker profile (16 employees, ~$7.9M revenue); estimate only. No breach news."
DragonForce|053ff566-6e37-43aa-ac8c-fa181e9a9104,DragonForce,Brian Cox,employee_count,16,https://www.zoominfo.com/c/brian-cox--co/348788800,ZoomInfo,estimate,undated,low,"Figures from search-result snippet of data-broker profile (16 employees, ~$7.9M revenue); estimate only. No breach news."
DragonForce|dc4e608f-e9fc-48c8-93f9-d4fd52dadbec,DragonForce,Edison Global Networks Limited,employee_count,11-50,https://hk.linkedin.com/company/edison-global-networks-limited,LinkedIn company page,reference,undated,medium,"HQ Kwun Tong, Hong Kong. No revenue found; no breach news."
DragonForce|b6be8d66-388e-4cc3-8e6d-f18008ed955a,DragonForce,Lamont Pridmore,employee_count,11-50,https://www.linkedin.com/company/lamont-pridmore,LinkedIn company page,reference,undated,low,"Chartered accountants with 8 offices across Cumbria/Lancashire (official About page); LinkedIn 11-50 may understate headcount, hence low confidence. Known industry 'Hospitality & Travel' looks wrong - firm is an accountancy practice (Professional Services / Financial Services); not changed. No revenue; no breach news."
INC Ransom|696f63048f1d14b7432dbc14,INC Ransom,Elmore Goldsmith Kelley & deHoll,website,elmoregoldsmith.com,https://www.elmoregoldsmith.com/,"Elmore Goldsmith Kelley & deHoll, P.A. - homepage",official,undated,high,"Site confirms Elmore Goldsmith Kelley & deHoll, P.A., construction law, 19 Blair St, Greenville, SC (matches context services list). Employee count not found; no breach news found."
INC Ransom|69a0f4578f1d14b7433943cd,INC Ransom,Tract Consulting,website,tractconsulting.com,https://www.tractconsulting.com/,Tract Consulting Inc. - homepage,official,undated,high,"Site confirms Tract Consulting Inc., landscape architecture/urban planning/civil engineering, NL (709) phone, founded 1998. Employee count not found; no breach news found."
INC Ransom|69b4473c8f1d14b743373908,INC Ransom,www.integer.net,employee_count,11000,https://stockanalysis.com/stocks/itgr/employees/,StockAnalysis (S&P Global data from Integer 10-K),reference,2025-12-31,medium,"Integer Holdings Corp (NYSE: ITGR), Plano TX. Employees approx. 11,000 as of FY2025 annual report. No credible news reporting data size/types for this INC claim found."
INC Ransom|6a6fb7ac9cd108bf26e25640,INC Ransom,vprj.org,industry,Government,https://www.vprj.org/,Virginia Peninsula Regional Jail - homepage,official,undated,high,"Regional jail at 9320 Merrimac Trail, Williamsburg VA serving James City County, York County, Williamsburg and Poquoson. Employee count not found; no breach news found."
INC Ransom|6a8f0c6c9cd108bf26a1bbe6,INC Ransom,Oilquip Inc,website,oilquip.com,https://oilquip.com/,Oilquip Inc - homepage,official,undated,high,"Site confirms Oilquip Inc, est. 1960, fluid power distributor, Lake Charles, Louisiana. Employee count not found; no breach news found."
INC Ransom|6ab5075e9cd108bf266ebbdf,INC Ransom,Grupo Caberj,website,caberj.com.br,https://www.caberj.com.br/,Caberj - homepage,official,undated,high,"Caberj (Caixa de Assistencia a Saude), Rio de Janeiro; site references 'Centro Empresarial Grupo Caberj'. Health/dental plan operator - classed Insurance (health insurance), could be Healthcare. Employee count not found; no breach news found."
INC Ransom|6ab5075e9cd108bf266ebbdf,INC Ransom,Grupo Caberj,industry,Insurance,https://www.caberj.com.br/,Caberj - homepage,official,undated,medium,"Caberj (Caixa de Assistencia a Saude), Rio de Janeiro; site references 'Centro Empresarial Grupo Caberj'. Health/dental plan operator - classed Insurance (health insurance), could be Healthcare. Employee count not found; no breach news found."
Qilin|85022176-c247-432b-a526-cc8d87409cb6,Qilin,PowerON Services,country,US,https://poweron.com/,"PowerON Services, Inc. - homepage",official,undated,high,"HQ 8801 Washington Blvd, Roseville, CA. Business is device trade-in/buyback and IT asset disposition (arguably Technology rather than known 'Financial Services'). No employee/revenue figures; no breach news."
Qilin|9a707e4b-9a45-495b-ad9f-22deba8414f9,Qilin,Housing Authority of The City of Elizabeth,country,US,https://www.hacenj.com/,Housing Authority of the City of Elizabeth - homepage,official,undated,high,"Public housing authority, Elizabeth, New Jersey. No employee/budget figures found; no breach news."
Qilin|587d120b-aa05-4db7-93de-36ca27a6dd00,Qilin,McKenna Pro,country,US,https://mckennapro.com/,McKenna Pro - homepage,official,undated,high,"Photo print lab for professional photographers, Cedar Falls, Iowa, est. 1969. No revenue; no breach news."
Qilin|587d120b-aa05-4db7-93de-36ca27a6dd00,Qilin,McKenna Pro,employee_count,11-50,https://www.linkedin.com/company/mckenna-pro,LinkedIn company page,reference,undated,medium,"Photo print lab for professional photographers, Cedar Falls, Iowa, est. 1969. No revenue; no breach news."
Qilin|a1361397-7377-41c6-a91c-0144f3c9374e,Qilin,Mid Florida Dermatology & Plastic Surgery,country,US,https://midflmed.com/,Mid Florida Dermatology - homepage,official,undated,high,"Central Florida dermatology/allergy/plastic surgery practice with 33 offices and 40+ practitioners (not a total employee figure, so employee_count left blank). No revenue; no breach news."
Qilin|a1361397-7377-41c6-a91c-0144f3c9374e,Qilin,Mid Florida Dermatology & Plastic Surgery,industry,Healthcare,https://midflmed.com/,Mid Florida Dermatology - homepage,official,undated,high,"Central Florida dermatology/allergy/plastic surgery practice with 33 offices and 40+ practitioners (not a total employee figure, so employee_count left blank). No revenue; no breach news."
Qilin|27c7dd70-6534-4e2c-b794-168ccf525eb7,Qilin,Asphalt Specialists,country,US,https://asipaving.com/,ASI Paving (Asphalt Specialists Inc.) - homepage,official,undated,high,"Pontiac, Michigan. LinkedIn size covers the combined ASI/TKMS/Lou's group, hence low confidence. No revenue; no breach news."
Qilin|27c7dd70-6534-4e2c-b794-168ccf525eb7,Qilin,Asphalt Specialists,employee_count,201-500,https://www.linkedin.com/company/asphalt-specialists-inc-,LinkedIn company page (ASI | TKMS | Lou's),reference,undated,low,"Pontiac, Michigan. LinkedIn size covers the combined ASI/TKMS/Lou's group, hence low confidence. No revenue; no breach news."
Qilin|67045d50-5347-4ae2-a610-38593d71994d,Qilin,Semgrep,country,US,https://en.wikipedia.org/wiki/Semgrep,Wikipedia - Semgrep,reference,undated,high,"Semgrep, Inc. (formerly r2c), San Francisco; Wikipedia and LinkedIn agree on HQ. Revenue not disclosed; no credible breach news found."
Qilin|67045d50-5347-4ae2-a610-38593d71994d,Qilin,Semgrep,employee_count,201-500,https://www.linkedin.com/company/semgrep,LinkedIn company page,reference,undated,medium,"Semgrep, Inc. (formerly r2c), San Francisco; Wikipedia and LinkedIn agree on HQ. Revenue not disclosed; no credible breach news found."
Qilin|58e310a4-96df-4b40-8f68-c672d84340d8,Qilin,Cng Ty Cp T Vn Xd Tng Hp,country,VN,https://nagecco.com/,NAGECCO - homepage,official,undated,high,"Cong Ty Co Phan Tu Van Xay Dung Tong Hop (Nagecco), 29 Bis Nguyen Dinh Chieu, Ho Chi Minh City. Site says approximately 400 staff. No revenue; no breach news."
Qilin|58e310a4-96df-4b40-8f68-c672d84340d8,Qilin,Cng Ty Cp T Vn Xd Tng Hp,employee_count,400,https://nagecco.com/,NAGECCO - homepage,official,undated,medium,"Cong Ty Co Phan Tu Van Xay Dung Tong Hop (Nagecco), 29 Bis Nguyen Dinh Chieu, Ho Chi Minh City. Site says approximately 400 staff. No revenue; no breach news."
Qilin|34b7e3d1-82ce-4455-9944-ea6c2ede92fc,Qilin,Dynamic Laser Solutions Ltd.,country,GB,https://dynamiclasersolutions.com/,Dynamic Laser Solutions - homepage,official,undated,high,"Laser balancing systems maker based in Hampshire, UK. No employee/revenue figures; no breach news."
Qilin|739597b2-88ff-44af-aa22-97024c934e43,Qilin,Busscar de Colombia,country,CO,https://busscar.com.co/,Busscar de Colombia S.A.S - homepage,official,undated,high,"Bus body manufacturer, Pereira, Risaralda. No employee/revenue figures found; no breach news."
Qilin|3a2be923-3c7d-48b9-aa44-380fc15b5215,Qilin,Evergreen Title,country,US,https://evergreentitlecompany.com/,Evergreen Title Company - homepage,official,undated,high,"Title insurance/settlement company, Annandale, Virginia. No employee/revenue figures; no breach news."
Qilin|5e373bb8-3007-4974-b346-3c9f49b365ea,Qilin,AGROLAND S.A.,country,UY,https://agroland.com/,Agroland S.A. - homepage,official,undated,high,"Agroland S.A., Maldonado, Uruguay (Bodega Garzon wine, olive oil, pecans, livestock). No employee/revenue figures; no breach news."
Qilin|e220ce0a-da54-4c3e-84ef-163069506fd3,Qilin,Touring Club Suisse,employee_count,1900,https://de.wikipedia.org/wiki/Touring_Club_Schweiz,Wikipedia - Touring Club Schweiz,reference,undated,high,"TCS, Vernier (Geneva); ~1,900 employees per German and English Wikipedia (agree). Revenue not found in accessible sources; no credible breach news found."
DragonForce|a5feaa9f-4cea-430d-8734-56905ba21607,DragonForce,hazeldenes.com.au,employee_count,1001-5000,https://au.linkedin.com/company/hazeldenes-chicken,Hazeldenes Chicken - LinkedIn,reference,undated,medium,"Cyber Daily (2026-03-12, https://www.cyberdaily.au/security/13317-exclusive-dragonforce-ransomware-group-publishes-hazeldenes-data-to-darkweb) corroborates personal information plus historical operational/corporate information; financial data only from BeyondMachines. Revenue estimates conflict ($82M RocketReach vs >$300M Dealroom), left blank."
DragonForce|a5feaa9f-4cea-430d-8734-56905ba21607,DragonForce,hazeldenes.com.au,data_types,Personal data (PII); Employee / HR; Corporate / confidential; Financial / accounting,https://beyondmachines.net/event_details/dragonforce-ransomware-group-leaks-79gb-of-data-from-australian-poultry-giant-hazeldenes-x-e-8-s-w,BeyondMachines - DragonForce leaks 79GB of data from Hazeldenes,news,2026-03-12,medium,"Cyber Daily (2026-03-12, https://www.cyberdaily.au/security/13317-exclusive-dragonforce-ransomware-group-publishes-hazeldenes-data-to-darkweb) corroborates personal information plus historical operational/corporate information; financial data only from BeyondMachines. Revenue estimates conflict ($82M RocketReach vs >$300M Dealroom), left blank."
DragonForce|3ee4bbb2-0ac1-4a17-ac6e-4fcfbb332aff,DragonForce,Fountain,country,FR,https://www.fountain.eu/,Fountain - official website,official,undated,medium,"fountain.eu lists head office at Gondecourt, France, ~180 staff across FR/BE/DK. Historically Fountain SA was Belgian (Braine-l'Alleud, Euronext Brussels), so country is medium confidence. Industry chosen as supplier/distributor of drinks machines and consumables."
DragonForce|3ee4bbb2-0ac1-4a17-ac6e-4fcfbb332aff,DragonForce,Fountain,industry,Retail & Wholesale,https://www.fountain.eu/,Fountain - official website,official,undated,medium,"fountain.eu lists head office at Gondecourt, France, ~180 staff across FR/BE/DK. Historically Fountain SA was Belgian (Braine-l'Alleud, Euronext Brussels), so country is medium confidence. Industry chosen as supplier/distributor of drinks machines and consumables."
DragonForce|3ee4bbb2-0ac1-4a17-ac6e-4fcfbb332aff,DragonForce,Fountain,employee_count,180,https://www.fountain.eu/,Fountain - official website,official,undated,medium,"fountain.eu lists head office at Gondecourt, France, ~180 staff across FR/BE/DK. Historically Fountain SA was Belgian (Braine-l'Alleud, Euronext Brussels), so country is medium confidence. Industry chosen as supplier/distributor of drinks machines and consumables."
DragonForce|814f56ab-0d7f-473f-abad-b239deb9abcd,DragonForce,ppiplastics.com,employee_count,80,https://www.ppiplastics.com/about/,Preproduction Plastics - About,official,undated,medium,"Official site says 'more than 80' employees; recorded as 80. Kona Equity estimate of $16.1M revenue seen only in search snippet (page not retrievable), left blank."
DragonForce|79dd69fe-4d2c-42d5-8a0a-892f422ef976,DragonForce,northbridge.com,industry,Financial Services,https://www.northbridge.com/,North Bridge Venture Partners - official website,official,undated,high,"Venture capital firm in Needham, MA. Employee/revenue not found."
INC Ransom|696f04578f1d14b743278cb2,INC Ransom,Sandberg,website,sandberg.co.uk,https://www.sandberg.co.uk/,Sandberg LLP - official website,official,undated,high,"Sandberg LLP, London, founded 1860, materials testing consultancy (partnership OC304229). Web search budget was exhausted mid-batch; breach facts could not be searched in 2026 news, so left blank."
INC Ransom|696f04578f1d14b743278cb2,INC Ransom,Sandberg,employee_count,51-200,https://uk.linkedin.com/company/sandberg-llp,Sandberg - LinkedIn,reference,undated,medium,"Sandberg LLP, London, founded 1860, materials testing consultancy (partnership OC304229). Web search budget was exhausted mid-batch; breach facts could not be searched in 2026 news, so left blank."
INC Ransom|69f817388f1d14b743413276,INC Ransom,https://www.wilkemgroup.com/,industry,Holding Companies,https://www.wilkemgroup.com/,Wilkem Group - official website,official,undated,medium,"Wilkem Group, Nassau, Bahamas: parent company of civil works, waste management, tech and development units. 400 GB figure is leak-site text only. Web search budget was exhausted mid-batch; breach facts could not be searched in 2026 news, so left blank."
INC Ransom|6a1d6c87d152110a6ac6d153,INC Ransom,Champaign-Urbana Public Health District,website,c-uphd.org,https://www.c-uphd.org/,Champaign-Urbana Public Health District - official website,official,undated,high,"Web search budget was exhausted mid-batch; breach facts could not be searched in 2026 news, so left blank."
INC Ransom|6a1d6c87d152110a6ac6d153,INC Ransom,Champaign-Urbana Public Health District,employee_count,51-200,https://www.linkedin.com/company/champaign-urbana-public-health-district,CUPHD - LinkedIn,reference,undated,medium,"Web search budget was exhausted mid-batch; breach facts could not be searched in 2026 news, so left blank."
INC Ransom|6a906fe29cd108bf26c5d1d1,INC Ransom,BENCIVIL,website,bencivil.com,https://www.bencivil.com/,Benchmark Civil Engineering Services - official website,official,undated,high,"Official site confirms Benchmark Civil Engineering Services, 1727 W Jonathan St, Allentown PA, founded 1994; no headcount given. Web search budget was exhausted mid-batch; breach facts could not be searched in 2026 news, so left blank."
Qilin|6a7bf644-0636-4505-a2ad-cf7e4c74f10a,Qilin,ZeroEnergy Design,country,US,https://www.zeroenergy.com/,ZeroEnergy Design - official website,official,undated,high,"Boston, MA architecture/mechanical design firm. Web search budget was exhausted mid-batch; breach facts could not be searched in 2026 news, so left blank."
Qilin|6a7bf644-0636-4505-a2ad-cf7e4c74f10a,Qilin,ZeroEnergy Design,employee_count,2-10,https://www.linkedin.com/company/zeroenergy-design,ZeroEnergy Design - LinkedIn,reference,undated,medium,"Boston, MA architecture/mechanical design firm. Web search budget was exhausted mid-batch; breach facts could not be searched in 2026 news, so left blank."
Qilin|4bc23466-20b5-442b-938e-12efed228746,Qilin,Borough of State College,country,US,https://www.statecollegepa.us/,"State College Borough, Pennsylvania - official website",official,undated,high,"Municipal government in Pennsylvania. Web search budget was exhausted mid-batch; breach facts could not be searched in 2026 news, so left blank."
Qilin|7e1568f8-f3fc-4eba-b4f5-fe4f036a545b,Qilin,A-Fast Tile & Coping,country,US,https://www.afaststone.com/,"A-Fast Tile, Stone & Coping - official website",official,undated,high,"Fort Worth, TX pool/masonry contractor. Web search budget was exhausted mid-batch; breach facts could not be searched in 2026 news, so left blank."
Qilin|18965790-4733-48f9-bc70-2d67589760dc,Qilin,Southern Commercial Real Estate,country,US,https://www.svn-scre.com/,SVN | Southern Commercial Real Estate - official website,official,undated,high,"Rock Hill, SC commercial real estate brokerage. Web search budget was exhausted mid-batch; breach facts could not be searched in 2026 news, so left blank."
Qilin|120bce78-580e-4d21-a9b8-b47d01cb5937,Qilin,SanCor,country,AR,https://en.wikipedia.org/wiki/SanCor,SanCor - Wikipedia,reference,undated,high,"SanCor Cooperativas Unidas, Sunchales, Santa Fe, Argentina (dairy cooperative; Wikipedia lists it defunct as of 2026-04-16). sancor.com did not resolve at time of research. Web search budget was exhausted mid-batch; breach facts could not be searched in 2026 news, so left blank."
Qilin|a3a02ff4-6ea5-4ca2-b31f-bac4da2a40b0,Qilin,Lindabury,country,US,https://www.lindabury.com/,"Lindabury, McCormick, Estabrook & Cooper - official website",official,undated,high,"HQ New Providence, NJ; 'over 40 attorneys' (not a total employee count, so employee_count left blank). Web search budget was exhausted mid-batch; breach facts could not be searched in 2026 news, so left blank."
Qilin|943cd6e8-cb55-4fc7-924e-4e9653fd438e,Qilin,Can Healthcare Group,country,TR,https://www.izmircanhastanesi.com/,İzmir Özel Can Hastanesi - official website,official,undated,high,"Private hospital in Çiğli, İzmir, part of Can Sağlık Grubu (founded 2002 in Salihli). Web search budget was exhausted mid-batch; breach facts could not be searched in 2026 news, so left blank."
Qilin|943cd6e8-cb55-4fc7-924e-4e9653fd438e,Qilin,Can Healthcare Group,industry,Healthcare,https://www.izmircanhastanesi.com/,İzmir Özel Can Hastanesi - official website,official,undated,high,"Private hospital in Çiğli, İzmir, part of Can Sağlık Grubu (founded 2002 in Salihli). Web search budget was exhausted mid-batch; breach facts could not be searched in 2026 news, so left blank."
Qilin|0a73be27-9f34-45d8-b63d-c4a0a0157f9d,Qilin,RehaVital Gesundheitsservice GmbH,industry,Healthcare,https://www.rehavital.de/,rehaVital Gesundheitsservice GmbH - official website,official,undated,medium,"Hamburg-based purchasing/union group of medical-aids (Sanitätshaus) providers with 130+ member companies; classed as Healthcare (could arguably be Retail & Wholesale). Web search budget was exhausted mid-batch; breach facts could not be searched in 2026 news, so left blank."
Qilin|b0791915-9158-4565-adc6-3ffa3b4588d3,Qilin,Constructora Jimenez,country,CO,https://www.constructorajimenez.com/,Constructora Jiménez - official website,official,undated,high,"Santa Marta, Colombia residential/tourism developer. Web search budget was exhausted mid-batch; breach facts could not be searched in 2026 news, so left blank."
SafePay|/blog/post/freidarothmancom/,SafePay,freidarothman.com,industry,Retail & Wholesale,https://www.freidarothman.com/,Freida Rothman - official website,official,undated,high,"Brooklyn, NY sterling-silver jewelry brand. Web search budget was exhausted mid-batch; breach facts could not be searched in 2026 news, so left blank."
SafePay|/blog/post/hoodriversheriffcom/,SafePay,hoodriversheriff.com,industry,Government,https://www.hoodriversheriff.com/,Hood River County Sheriff's Office - official website,official,undated,high,"Hood River County Sheriff's Office, Oregon. Web search budget was exhausted mid-batch; breach facts could not be searched in 2026 news, so left blank."
DragonForce|2f5a80ec-1f58-4876-8fb2-64da4dfbd2a6,DragonForce,www.hansemerkurintl.com,revenue_usd,4011500000,https://newsroom.hansemerkur.de/pressemitteilungen/hansemerkur-schreibt-erfolgsgeschichte-im-150-jubilaeumsjahr-fort-neuer-rekord-bei-neugeschaeft-und-beitragseinnahme/,HanseMerkur newsroom - 2025 results press release,official,2026-05-07,medium,"hansemerkurintl.com is HanseMerkur's international (UAE/DIFC) health insurance site; group figures used. Revenue = 2025 gross premium income EUR 3.55bn converted at ~1.13 USD/EUR (2025 avg). Employees = 1,847 staff excl. 815 agents. teiss reports ~97 GB of invoices, tax notes, vouchers and documents relating to partner Emirates Insurance (data_size not in missing list)."
DragonForce|2f5a80ec-1f58-4876-8fb2-64da4dfbd2a6,DragonForce,www.hansemerkurintl.com,employee_count,1847,https://newsroom.hansemerkur.de/pressemitteilungen/hansemerkur-schreibt-erfolgsgeschichte-im-150-jubilaeumsjahr-fort-neuer-rekord-bei-neugeschaeft-und-beitragseinnahme/,HanseMerkur newsroom - 2025 results press release,official,2026-05-07,high,"hansemerkurintl.com is HanseMerkur's international (UAE/DIFC) health insurance site; group figures used. Revenue = 2025 gross premium income EUR 3.55bn converted at ~1.13 USD/EUR (2025 avg). Employees = 1,847 staff excl. 815 agents. teiss reports ~97 GB of invoices, tax notes, vouchers and documents relating to partner Emirates Insurance (data_size not in missing list)."
DragonForce|2f5a80ec-1f58-4876-8fb2-64da4dfbd2a6,DragonForce,www.hansemerkurintl.com,data_types,Financial / accounting; Corporate / confidential,https://www.teiss.co.uk/news/dragonforce-gang-claims-breach-of-german-insurer-hansemerkur-alleging-97-gb-data-theft-17038,teiss - Dragonforce gang claims breach of German insurer HanseMerkur,news,2026-02-04,medium,"hansemerkurintl.com is HanseMerkur's international (UAE/DIFC) health insurance site; group figures used. Revenue = 2025 gross premium income EUR 3.55bn converted at ~1.13 USD/EUR (2025 avg). Employees = 1,847 staff excl. 815 agents. teiss reports ~97 GB of invoices, tax notes, vouchers and documents relating to partner Emirates Insurance (data_size not in missing list)."
DragonForce|2aa8b028-7f3f-4583-8d29-8e721e122aa2,DragonForce,Hudson Awning,revenue_usd,3394259,https://www.dandb.com/businessdirectory/hudsonawningcoinc-bayonne-nj-9664700.html,Dun & Bradstreet (dandb.com) - Hudson Awning Co Inc,estimate,undated,low,"Hudson Awning Co Inc, Bayonne NJ, founded 1881 (matches context). Figures from search-result snippet of D&B listing; other estimates range $3.7M-$5.9M, 11-50 staff. No credible news on breach contents found."
DragonForce|2aa8b028-7f3f-4583-8d29-8e721e122aa2,DragonForce,Hudson Awning,employee_count,30,https://www.dandb.com/businessdirectory/hudsonawningcoinc-bayonne-nj-9664700.html,Dun & Bradstreet (dandb.com) - Hudson Awning Co Inc,estimate,undated,low,"Hudson Awning Co Inc, Bayonne NJ, founded 1881 (matches context). Figures from search-result snippet of D&B listing; other estimates range $3.7M-$5.9M, 11-50 staff. No credible news on breach contents found."
DragonForce|2bb3ac2e-7355-485a-b5ce-c0e2bf9f61de,DragonForce,blossmangas.com,revenue_usd,300000000,https://www.buzzfile.com/business/Blossman-Gas-Companies-228-875-2261,Buzzfile - The Blossman Companies,estimate,undated,low,"Figures are for parent The Blossman Companies, Inc. (Ocean Springs MS), from search-result snippet; estimates vary widely (Owler/LeadIQ ~$47M/445 employees; another $671M). No credible news on breach contents."
DragonForce|2bb3ac2e-7355-485a-b5ce-c0e2bf9f61de,DragonForce,blossmangas.com,employee_count,512,https://www.buzzfile.com/business/Blossman-Gas-Companies-228-875-2261,Buzzfile - The Blossman Companies,estimate,undated,low,"Figures are for parent The Blossman Companies, Inc. (Ocean Springs MS), from search-result snippet; estimates vary widely (Owler/LeadIQ ~$47M/445 employees; another $671M). No credible news on breach contents."
INC Ransom|697079b78f1d14b7433f3e8c,INC Ransom,tuftco,website,tuftco.com,https://www.tuftco.com,Tuftco - official website,official,undated,high,"Tuftco official site confirms tufting machine manufacturer (East Tennessee / North Georgia). Site mentions 100+ associates at one facility only, no company total. 100GB leak size in context is from leak site only; no news source. Research cut short: session WebSearch budget (200 calls) was exhausted early in this batch; only direct WebFetch of known URLs was possible afterwards."
INC Ransom|69f845818f1d14b743454e7c,INC Ransom,Aerodiagnostics,website,aerodiagnostics.com,https://www.aerodiagnostics.com,Aerodiagnostics - official website,official,undated,high,"Aerodiagnostics LLC, CLIA-licensed breath testing lab, Concord MA. Research cut short: session WebSearch budget (200 calls) was exhausted early in this batch; only direct WebFetch of known URLs was possible afterwards."
INC Ransom|69f845818f1d14b743454e7c,INC Ransom,Aerodiagnostics,industry,Healthcare,https://www.aerodiagnostics.com,Aerodiagnostics - official website,official,undated,high,"Aerodiagnostics LLC, CLIA-licensed breath testing lab, Concord MA. Research cut short: session WebSearch budget (200 calls) was exhausted early in this batch; only direct WebFetch of known URLs was possible afterwards."
INC Ransom|6a1f24b6d152110a6af8cb74,INC Ransom,trrac.net,industry,Insurance,https://trrac.net,TRRAC - Insurance Consultants official website,official,undated,medium,"TRRAC Insurance Consultants, Newburgh NY: insurance subrogation/claims recovery firm. 150gb in context is leak-site only. Research cut short: session WebSearch budget (200 calls) was exhausted early in this batch; only direct WebFetch of known URLs was possible afterwards."
INC Ransom|6ab8c97c9cd108bf26e619cd,INC Ransom,nsbsd.org,employee_count,238,https://en.wikipedia.org/wiki/North_Slope_Borough_School_District,Wikipedia - North Slope Borough School District,reference,undated,medium,"238.4 total staff FTE (162.1 teachers) per Wikipedia infobox (NCES data), rounded. Research cut short: session WebSearch budget (200 calls) was exhausted early in this batch; only direct WebFetch of known URLs was possible afterwards."
Qilin|953d0360-2948-4d5a-8cf0-38a9a52b52ee,Qilin,EDF Group,country,US,https://edfmcgroup.com/contact-us/,EDF Mission Critical Group - Contact,official,undated,medium,"theedfgroup.com redirects to edfmcgroup.com (EDF Mission Critical Group, Schneider Electric partner), office in Chesterfield MO. Research cut short: session WebSearch budget (200 calls) was exhausted early in this batch; only direct WebFetch of known URLs was possible afterwards."
Qilin|12cc1143-5c59-43e4-a252-69cf13d6b993,Qilin,Mississippi Market,country,US,https://rcm.coop/,Rivers Co-op Markets - official website (msmarket.coop redirect),official,undated,high,"Mississippi Market Co-op merged with River Market into Rivers Co-op Markets (St. Paul/Stillwater, MN); msmarket.coop redirects there. Research cut short: session WebSearch budget (200 calls) was exhausted early in this batch; only direct WebFetch of known URLs was possible afterwards."
Qilin|8e7aa4c3-abdb-4ed1-8bb1-d8840acc5017,Qilin,Advanced Animations,country,US,https://advancedanimations.com,Advanced Animations - official website,official,undated,high,"Animatronics maker in Stockbridge, Vermont; acquired by Garner Holt Productions (Redlands CA). Research cut short: session WebSearch budget (200 calls) was exhausted early in this batch; only direct WebFetch of known URLs was possible afterwards."
Qilin|e86e7f5a-1980-466a-864d-748d5e256710,Qilin,nPower Technologies,country,US,https://npowertech.com,nPower Technologies - official website,official,undated,high,"Additive manufacturing scheduling software, Philadelphia PA. Research cut short: session WebSearch budget (200 calls) was exhausted early in this batch; only direct WebFetch of known URLs was possible afterwards."
Qilin|2f884907-4973-409e-92dd-5ef8c7f3431a,Qilin,Mattatuck Industrial Scrap Metal,country,US,https://mattatuckscrap.com,Mattatuck Industrial Scrap Metal - official website,official,undated,high,"28 Town Line Road, Wolcott CT. Research cut short: session WebSearch budget (200 calls) was exhausted early in this batch; only direct WebFetch of known URLs was possible afterwards."
Qilin|48655caf-4585-42fd-9ab0-386475bc0c00,Qilin,Postres Reina,country,ES,https://postresreina.com,Postres Reina - official website,official,undated,high,"HQ Caravaca de la Cruz, Murcia, Spain; part of Reina Group. Research cut short: session WebSearch budget (200 calls) was exhausted early in this batch; only direct WebFetch of known URLs was possible afterwards."
Qilin|af6a747d-1fc7-42e2-a953-0c198cf49576,Qilin,Wilbert's,country,US,https://wilberts.com,Wilbert's Family Enterprises - official website,official,undated,high,"Recycled auto parts group based in Webster NY, ~10 facilities in NY/OH. Research cut short: session WebSearch budget (200 calls) was exhausted early in this batch; only direct WebFetch of known URLs was possible afterwards."
Qilin|72242ba7-5d40-4846-aaa2-074acda345bc,Qilin,Jakle & Alexander,country,US,https://jaklelaw.com,"Jakle, Alexander & Patton LLP - official website",official,undated,high,"Law firm in Santa Monica, CA. Research cut short: session WebSearch budget (200 calls) was exhausted early in this batch; only direct WebFetch of known URLs was possible afterwards."
Qilin|7d12c129-ab3f-4b31-8d27-168dc88a06f7,Qilin,Estech,country,FR,https://estech-design.com,Estech - official website,official,undated,high,"HQ 256 rue Fourny, Buc, France; also office in Pune, India. Research cut short: session WebSearch budget (200 calls) was exhausted early in this batch; only direct WebFetch of known URLs was possible afterwards."
Qilin|a367490f-d9fa-4df8-b65e-4eac8955ed12,Qilin,Sanatorio Modelo de Caseros,industry,Healthcare,https://sanatoriomodelo.com.ar,Sanatorio Modelo de Caseros - official website,official,undated,high,"Private hospital, 80 beds, Caseros, Buenos Aires. Research cut short: session WebSearch budget (200 calls) was exhausted early in this batch; only direct WebFetch of known URLs was possible afterwards."
Qilin|b0a73afa-8691-486a-993f-e8ee4f7b9708,Qilin,Minmer Global,country,MX,https://minmerglobal.com,Minmer Global - official website,official,undated,medium,Logistics/customs brokerage firm with branches across Mexico. Research cut short: session WebSearch budget (200 calls) was exhausted early in this batch; only direct WebFetch of known URLs was possible afterwards.
DragonForce|8ba838e1-c373-4384-b8f8-217a377b7066,DragonForce,Mullinax Ford,revenue_usd,953200000,https://www.zoominfo.com/c/mullinax-ford/25870465,ZoomInfo - Mullinax Ford,estimate,undated,low,"Identity: Mullinax Ford of Central Florida, 1551 E Semoran Blvd, Apopka FL. Breach notification (reported to ME/IN/MA AGs 2026-04-15) says names, SSNs and driver's licence numbers; Comparitech attributes to DragonForce. Revenue is a data-broker estimate (seen via search snippet; a second ZoomInfo profile gives $822.4M) and may reflect the wider Mullinax group; employee range from LinkedIn page that may cover the Mullinax dealership group."
DragonForce|8ba838e1-c373-4384-b8f8-217a377b7066,DragonForce,Mullinax Ford,employee_count,501-1000,https://www.linkedin.com/company/mullinax-automotive,LinkedIn - Mullinax Ford,reference,undated,medium,"Identity: Mullinax Ford of Central Florida, 1551 E Semoran Blvd, Apopka FL. Breach notification (reported to ME/IN/MA AGs 2026-04-15) says names, SSNs and driver's licence numbers; Comparitech attributes to DragonForce. Revenue is a data-broker estimate (seen via search snippet; a second ZoomInfo profile gives $822.4M) and may reflect the wider Mullinax group; employee range from LinkedIn page that may cover the Mullinax dealership group."
DragonForce|8ba838e1-c373-4384-b8f8-217a377b7066,DragonForce,Mullinax Ford,data_types,Personal data (PII),https://x.com/Comparitech/status/2044756103515263154,Comparitech (X post) - Mullinax Ford of Central Florida breach notifications,news,2026-04-16,medium,"Identity: Mullinax Ford of Central Florida, 1551 E Semoran Blvd, Apopka FL. Breach notification (reported to ME/IN/MA AGs 2026-04-15) says names, SSNs and driver's licence numbers; Comparitech attributes to DragonForce. Revenue is a data-broker estimate (seen via search snippet; a second ZoomInfo profile gives $822.4M) and may reflect the wider Mullinax group; employee range from LinkedIn page that may cover the Mullinax dealership group."
DragonForce|620f6390-ff67-46a5-b85c-05fcb65766ba,DragonForce,Huffman Insurance Agency,employee_count,11-50,https://www.linkedin.com/company/huffman-insurance-agency-inc,LinkedIn - Huffman Insurance Agency Inc,reference,undated,medium,"Identity: Huffman Insurance Agency, 2302 Second St, Richlands VA, founded 1975, office in Ashland KY (official site huffmanins.com; row website huffmaninsurancegroup.com not verified but name/location/founding match). No revenue figure found; no 2026 news on the breach found."
DragonForce|eb90fc30-a3f2-4abd-a4b7-353ede743bb2,DragonForce,bestgraphics.net,industry,Retail & Wholesale,https://www.linkedin.com/company/best-graphics-group,LinkedIn - Best Graphics Group,reference,undated,medium,"Best Graphics Group, Waukesha WI, founded 1977; describes itself as the largest independent distributor of graphic arts, bindery, finishing and packaging equipment in the US, so classified as Retail & Wholesale (distributor) rather than Manufacturing. No revenue or breach news found."
DragonForce|eb90fc30-a3f2-4abd-a4b7-353ede743bb2,DragonForce,bestgraphics.net,employee_count,11-50,https://www.linkedin.com/company/best-graphics-group,LinkedIn - Best Graphics Group,reference,undated,medium,"Best Graphics Group, Waukesha WI, founded 1977; describes itself as the largest independent distributor of graphic arts, bindery, finishing and packaging equipment in the US, so classified as Retail & Wholesale (distributor) rather than Manufacturing. No revenue or breach news found."
DragonForce|6229fdb6-8d2e-4660-aff5-6bd531b92279,DragonForce,sutex.com,industry,Manufacturing,https://sutex.com/pages/nosotros,Sutex - Quienes Somos,official,undated,medium,"Sutex S.A.S., Bogota, Colombia: designs, produces and markets textiles/custom printed fabrics (official site says founded 1978, leak text says 1985; same domain). Industry could arguably be Retail & Wholesale (textile marketing). No reliable revenue/employee figures retrieved; no breach news."
DragonForce|83b95c5a-633b-4f5d-9309-8aa68a611bcf,DragonForce,advprograms.com,employee_count,51-200,https://www.linkedin.com/company/advanced-programs-inc.,"LinkedIn - Advanced Programs, Inc.",reference,undated,medium,"Advanced Programs, Inc., Columbia MD, founded 1969, TEMPEST/shielded IT equipment. Data brokers suggest ~113 employees. Revenue pages (ZoomInfo) blocked; left blank. No breach news found."
DragonForce|687036b0-7d35-4ba0-993c-bebc96174ad6,DragonForce,Tricon Infotech,country,IN,https://tracxn.com/d/legal-entities/india/tricon-infotech-private-limited/__mERvayhtzO_ifNkoPAG5ZLJkA7hcQGLC8Qa0R03YG6g,Tracxn - Tricon Infotech Private Limited (MCA registry data),reference,undated,high,"Registered office Koramangala, Bangalore (CIN U72200KA1997PTC021771). Employee count as of 2025-03-31 per filings (Revelio estimates ~929). Revenue only given as range INR 100-500 Cr for FY2025, too wide to use; left blank. No breach news found."
DragonForce|687036b0-7d35-4ba0-993c-bebc96174ad6,DragonForce,Tricon Infotech,employee_count,455,https://tracxn.com/d/legal-entities/india/tricon-infotech-private-limited/__mERvayhtzO_ifNkoPAG5ZLJkA7hcQGLC8Qa0R03YG6g,Tracxn - Tricon Infotech Private Limited,reference,2025-03-31,medium,"Registered office Koramangala, Bangalore (CIN U72200KA1997PTC021771). Employee count as of 2025-03-31 per filings (Revelio estimates ~929). Revenue only given as range INR 100-500 Cr for FY2025, too wide to use; left blank. No breach news found."
DragonForce|69a8a26b-2d20-468d-92b0-60863b7d1c88,DragonForce,refreshmentsystems.co.uk,industry,Retail & Wholesale,https://www.refreshmentsystems.co.uk/,Refreshment Systems - homepage,official,undated,medium,National UK supplier/operator of coffee and vending machines to businesses; industry could also be Consumer Services. Employee figure is a data-broker estimate (another source says 59). No revenue or breach news found.
DragonForce|69a8a26b-2d20-468d-92b0-60863b7d1c88,DragonForce,refreshmentsystems.co.uk,employee_count,42,https://rocketreach.co/refreshment-systems-ltd-profile_b5d68af9f42e32fd,RocketReach - Refreshment Systems Ltd,estimate,undated,low,National UK supplier/operator of coffee and vending machines to businesses; industry could also be Consumer Services. Employee figure is a data-broker estimate (another source says 59). No revenue or breach news found.
DragonForce|7c280f4f-e99b-4895-b1a0-bf6b276d762e,DragonForce,Areco,revenue_usd,350000000,https://www.bolagsfakta.se/5560432527-Areco_Steel_Aktiebolag,Bolagsfakta - Areco Steel Aktiebolag (556043-2527),estimate,undated,low,"Areco Steel AB, Malmo, parent of Areco Group. Figures from search snippet of Bolagsfakta (page itself blocked): turnover 3,728,298 KSEK, 429 employees, fiscal year not confirmed (likely 2024/2025); converted at ~10.6 SEK/USD. LinkedIn says ~375 employees and ~SEK 4bn turnover for the group. No breach news found."
DragonForce|7c280f4f-e99b-4895-b1a0-bf6b276d762e,DragonForce,Areco,employee_count,429,https://www.bolagsfakta.se/5560432527-Areco_Steel_Aktiebolag,Bolagsfakta - Areco Steel Aktiebolag (556043-2527),estimate,undated,low,"Areco Steel AB, Malmo, parent of Areco Group. Figures from search snippet of Bolagsfakta (page itself blocked): turnover 3,728,298 KSEK, 429 employees, fiscal year not confirmed (likely 2024/2025); converted at ~10.6 SEK/USD. LinkedIn says ~375 employees and ~SEK 4bn turnover for the group. No breach news found."
DragonForce|e97e4acb-8587-423d-afa3-e4dc8fdb22dd,DragonForce,Omax Autos,revenue_usd,55600000,https://www.screener.in/company/OMAXAUTO/,Screener.in - Omax Autos Ltd (exchange filings),official,2026-03-31,medium,"Revenue: standalone sales INR 484 Cr for FY ending Mar 2026, converted at ~87 INR/USD. Employee figure (94, as of 2025-08-01, from search snippet) likely permanent staff only; other brokers say 153. No breach news found."
DragonForce|e97e4acb-8587-423d-afa3-e4dc8fdb22dd,DragonForce,Omax Autos,employee_count,94,https://tracxn.com/d/legal-entities/india/omax-autos-limited/__Bkz9Ca-w464CqCFjrj6ihvuiJ0rig0N6ctr6D-LSIoc,Tracxn - Omax Autos Limited,reference,2025-08-01,low,"Revenue: standalone sales INR 484 Cr for FY ending Mar 2026, converted at ~87 INR/USD. Employee figure (94, as of 2025-08-01, from search snippet) likely permanent staff only; other brokers say 153. No breach news found."
DragonForce|3b6cb0aa-6d4e-4e99-a0f0-d3caf9a03ee5,DragonForce,One Community FCU,employee_count,21,https://ncuso.org/credit-union/12143,NCUSO - One Community Federal Credit Union (NCUA call report data),reference,2025-03-31,medium,"One Community FCU, Parkersburg WV, ~7,433 members, ~$101M assets (Mar 2025). Revenue not found. Breach: only tracker/aggregator posts restating the leak-site claim; no credible news with data types, left blank."
INC Ransom|697066778f1d14b7433e2170,INC Ransom,OAB,website,oabsp.org.br,https://www.oabsp.org.br/,OAB SP - official site,official,undated,high,Ordem dos Advogados do Brasil - Secao Sao Paulo. Employee count not found. No 2026 news found attributing breach details to this group; breach fields left blank.
INC Ransom|698cbf008f1d14b74360a03a,INC Ransom,Valgo SA,website,valgo.com,https://www.valgo.com/,VALGO - official site,official,undated,high,"VALGO: asbestos/lead removal, soil and groundwater decontamination and site remediation contractor; classed as Construction (remediation works). Site says ~600 experts (approximate). Breach news not searched (session web-search budget exhausted; only WebFetch available), so breach fields left blank."
INC Ransom|698cbf008f1d14b74360a03a,INC Ransom,Valgo SA,industry,Construction,https://www.valgo.com/,VALGO - official site,official,undated,medium,"VALGO: asbestos/lead removal, soil and groundwater decontamination and site remediation contractor; classed as Construction (remediation works). Site says ~600 experts (approximate). Breach news not searched (session web-search budget exhausted; only WebFetch available), so breach fields left blank."
INC Ransom|698cbf008f1d14b74360a03a,INC Ransom,Valgo SA,employee_count,600,https://www.valgo.com/,VALGO - official site,official,undated,medium,"VALGO: asbestos/lead removal, soil and groundwater decontamination and site remediation contractor; classed as Construction (remediation works). Site says ~600 experts (approximate). Breach news not searched (session web-search budget exhausted; only WebFetch available), so breach fields left blank."
INC Ransom|69bbef478f1d14b743d8daad,INC Ransom,airports.com.na,industry,Transportation & Logistics,https://en.wikipedia.org/wiki/Namibia_Airports_Company,Wikipedia - Namibia Airports Company,reference,undated,high,"State-owned operator of eight Namibian airports, HQ Windhoek. Breach news not searched (session web-search budget exhausted; only WebFetch available), so breach fields left blank."
INC Ransom|69fd03998f1d14b743bbf310,INC Ransom,earthsystems.com.au earthsystemseurope.com,website,earthsystemsglobal.com,https://www.earthsystemsglobal.com/contact,Earth Systems Global - contact/offices,official,undated,medium,"earthsystems.com.au 301-redirects to earthsystemsglobal.com; environmental consulting & engineering firm founded 1993, Australian office Port Melbourne VIC, UK office Bristol (earthsystemseurope.com presumably the European arm). Could also be Professional Services. Employee count not found. Breach news not searched (session web-search budget exhausted; only WebFetch available), so breach fields left blank."
INC Ransom|69fd03998f1d14b743bbf310,INC Ransom,earthsystems.com.au earthsystemseurope.com,industry,Engineering & Architecture,https://www.earthsystemsglobal.com/,Earth Systems Global - homepage,official,undated,medium,"earthsystems.com.au 301-redirects to earthsystemsglobal.com; environmental consulting & engineering firm founded 1993, Australian office Port Melbourne VIC, UK office Bristol (earthsystemseurope.com presumably the European arm). Could also be Professional Services. Employee count not found. Breach news not searched (session web-search budget exhausted; only WebFetch available), so breach fields left blank."
INC Ransom|6a70f8179cd108bf2610d332,INC Ransom,Loyalist College,website,loyalistcollege.com,https://www.loyalistcollege.com/,Loyalist College - official site,official,undated,high,"Loyalist College, Belleville ON. College cyber update confirms ransomware discovered 2026-07-09 with files containing personal info of current/former staff and students accessed; no data volume published, group not named. Employee count not found (Wikipedia notes 2025 staff cuts)."
INC Ransom|6a9032e29cd108bf26c1044a,INC Ransom,Ruby Seven Studios,website,rubyseven.com,https://www.rubyseven.com/,Ruby Seven Studios - official site,official,undated,high,"Social casino game developer/platform supplier (Reno NV), subsidiary of Delaware North; could also be classed Technology. Employee count not found. 114 GB is in leak text only; no 2026 news source, so data_size_gb left blank."
INC Ransom|6a9032e29cd108bf26c1044a,INC Ransom,Ruby Seven Studios,industry,Media & Entertainment,https://www.rubyseven.com/,Ruby Seven Studios - official site,official,undated,medium,"Social casino game developer/platform supplier (Reno NV), subsidiary of Delaware North; could also be classed Technology. Employee count not found. 114 GB is in leak text only; no 2026 news source, so data_size_gb left blank."
INC Ransom|6ab8c47b9cd108bf26e57e79,INC Ransom,AHEAD,website,ahead.com,https://www.ahead.com/story/,AHEAD - Our story,official,undated,high,"Company says 'over 2,500 employees across 40 locations'; value is a lower bound. Breach news not searched (session web-search budget exhausted; only WebFetch available), so breach fields left blank."
INC Ransom|6ab8c47b9cd108bf26e57e79,INC Ransom,AHEAD,employee_count,2500,https://www.ahead.com/story/,AHEAD - Our story,official,undated,medium,"Company says 'over 2,500 employees across 40 locations'; value is a lower bound. Breach news not searched (session web-search budget exhausted; only WebFetch available), so breach fields left blank."
Qilin|febec772-9005-4095-b30e-69395847ce0a,Qilin,Lindenhurst Fire Department,country,US,https://www.lindenhurstfd.org/,Lindenhurst Fire Department - official site,official,undated,high,"Lindenhurst Fire Department, 225 S Wellwood Ave, Lindenhurst NY (Suffolk County). Budget/membership not found (ProPublica match was North Lindenhurst VFD, a different entity). Breach news not searched (session web-search budget exhausted; only WebFetch available), so breach fields left blank."
Qilin|badf7ee6-3bc5-4912-9870-38b103d05a6f,Qilin,REIC,country,US,https://reic.com/,REIC Rentals - official site (reicorporation.com redirects here),official,undated,high,"reicorporation.com 301-redirects to reic.com: REIC Rentals, equipment rental, corporate office Denver CO (also New Iberia LA), 55 locations US/Canada. Employees not stated. Breach news not searched (session web-search budget exhausted; only WebFetch available), so breach fields left blank."
Qilin|ffa81e50-6d21-4219-aca0-ddb47f742fea,Qilin,ITWAL,country,CA,https://www.itwal.com/,ITWAL Limited - official site,official,undated,high,"ITWAL Limited: Canada's national not-for-profit distributor network for retail/foodservice (joined Balpex 2022). Revenue/employees not stated. Breach news not searched (session web-search budget exhausted; only WebFetch available), so breach fields left blank."
Qilin|90434527-36d5-4890-bc47-ade1576181f9,Qilin,Clearwater Marine Aquarium,country,US,https://en.wikipedia.org/wiki/Clearwater_Marine_Aquarium,Wikipedia - Clearwater Marine Aquarium,reference,undated,high,"501(c)(3) in Clearwater FL, EIN 59-2086737; revenue is total revenue for FY2024 per Form 990. Employee count not retrieved. Breach news not searched (session web-search budget exhausted; only WebFetch available), so breach fields left blank. Revenue figure is for FY2024."
Qilin|90434527-36d5-4890-bc47-ade1576181f9,Qilin,Clearwater Marine Aquarium,revenue_usd,22862676,https://projects.propublica.org/nonprofits/organizations/592086737,ProPublica Nonprofit Explorer - Clearwater Marine Aquarium Inc (IRS Form 990),official,undated,high,"501(c)(3) in Clearwater FL, EIN 59-2086737; revenue is total revenue for FY2024 per Form 990. Employee count not retrieved. Breach news not searched (session web-search budget exhausted; only WebFetch available), so breach fields left blank. Revenue figure is for FY2024."
Qilin|8b23f095-b6b6-4ab4-9be8-07fa4cc59125,Qilin,Imex International,country,TH,https://www.imexinter.com/,IMEX - official site,official,undated,high,"IMEX: Thai manufacturer of glass/ceramic mosaic tiles (Bangkok phone number). Revenue/employees not found. Breach news not searched (session web-search budget exhausted; only WebFetch available), so breach fields left blank."
Qilin|6b72489c-ce4c-47c6-a7dd-174e050d9f6e,Qilin,Sponseller Group,country,US,https://www.sponsellergroup.com/,Sponseller Group Inc. - official site,official,undated,high,"Multi-discipline engineering firm, 1600 Timberwolf Dr, Holland OH (Toledo area), office in Sidney OH. Employees/revenue not found. Breach news not searched (session web-search budget exhausted; only WebFetch available), so breach fields left blank."
Qilin|0e8fef36-3e08-4921-abbd-08a017cb7aca,Qilin,Skupina Don Don - GRUPO BIMBO,revenue_usd,201000000,https://www.dondon.si/,Skupina Don Don - official site,official,undated,medium,"Official site: group turnover EUR 186 million in 2023, converted at ~1.08 USD/EUR; 2,499 employees; HQ Grosuplje, Slovenia. Breach news not searched (session web-search budget exhausted; only WebFetch available), so breach fields left blank."
Qilin|0e8fef36-3e08-4921-abbd-08a017cb7aca,Qilin,Skupina Don Don - GRUPO BIMBO,employee_count,2499,https://www.dondon.si/,Skupina Don Don - official site,official,undated,medium,"Official site: group turnover EUR 186 million in 2023, converted at ~1.08 USD/EUR; 2,499 employees; HQ Grosuplje, Slovenia. Breach news not searched (session web-search budget exhausted; only WebFetch available), so breach fields left blank."
Qilin|d8c30b26-e682-4a35-9f0b-ba5d89532a10,Qilin,MOSAID Technologies,country,CA,https://en.wikipedia.org/wiki/MOSAID,Wikipedia - MOSAID,reference,undated,medium,"MOSAID: Ottawa-based patent licensing/IP management firm, owned by Sterling Partners. Only 2001 revenue/employee figures available, not used. Breach news not searched (session web-search budget exhausted; only WebFetch available), so breach fields left blank."
Qilin|f9c78af5-da6e-409e-8916-f40601f00a99,Qilin,Thrifty Building Supply,country,US,https://www.maximusbuildingsupply.com/,Maximus Building Supply - official site (thriftybuilding.com redirects here),official,undated,medium,"thriftybuilding.com 301-redirects to Maximus Building Supply (Mid-South US: Collierville/Brighton TN, Hernando/Oxford/Olive Branch MS), apparently a rebrand; page does not mention Thrifty explicitly. Breach news not searched (session web-search budget exhausted; only WebFetch available), so breach fields left blank."
Qilin|c2ad6e8b-c40f-4eae-adc9-a5af23fe3a1c,Qilin,RoadEx America,country,US,https://www.roadexamerica.com/,RoadEx America - official site,official,undated,high,"Drayage/warehousing firm, 2132 E Dominguez St, Carson CA. Employees/revenue not stated. Breach news not searched (session web-search budget exhausted; only WebFetch available), so breach fields left blank."
SafePay|/blog/post/krescz/,SafePay,kres.cz,industry,Retail & Wholesale,https://www.kres.cz/,K R E S spol. s r.o. - official site,official,undated,medium,"KRES, Krnov: authorised dealer of power tools/workshop supplies plus repair of electric motors and winding production; classified by main activity (sales). Breach news not searched (session web-search budget exhausted; only WebFetch available), so breach fields left blank."
SafePay|/blog/post/id-sde/,SafePay,id-s.de,industry,Professional Services,https://www.id-s.de/,IDS Holding GmbH - official site,official,undated,medium,"id-s.de is IDS Industriedienstleistungen (Unteressendorf, DE): industrial cleaning/facility services, staff leasing, outsourcing, surface technology. Leak text's 'IT services' description does not match the site; industry based on the site. Breach news not searched (session web-search budget exhausted; only WebFetch available), so breach fields left blank."
SafePay|/blog/post/bautz-maschinenbaude/,SafePay,bautz-maschinenbau.de,industry,Manufacturing,https://www.bautz-maschinenbau.de/,BAUTZ Maschinen- und Stahlbau GmbH - official site,official,undated,high,"Family-owned precision machining/steel construction firm, Moenchengladbach, founded 1960. Revenue/employees not found. Breach news not searched (session web-search budget exhausted; only WebFetch available), so breach fields left blank."
SafePay|/blog/post/uplandk12caus/,SafePay,upland.k12.ca.us,employee_count,495,https://en.wikipedia.org/wiki/Upland_Unified_School_District,Wikipedia - Upland Unified School District (NCES data),reference,undated,low,"495.22 total FTE staff (NCES-derived, likely ~2020-21; may exclude classified staff). Budget not retrieved. Breach news not searched (session web-search budget exhausted; only WebFetch available), so breach fields left blank."
SafePay|/blog/post/mcnishsteelcom/,SafePay,mcnishsteel.com,employee_count,80,https://www.mcnishsteel.com/,McNish Steel - official site,official,undated,medium,"Site says 'over 80 skilled professionals' (lower bound). Revenue not found. Breach news not searched (session web-search budget exhausted; only WebFetch available), so breach fields left blank."
DragonForce|92245a48-2640-47a9-a611-3f54f314fd9f,DragonForce,T & M Electric LLC,revenue_usd,9021637,https://www.manta.com/c/mm23z73/t-m-electric,Manta (via search snippet),estimate,undated,low,"Identity matches tmelectricinc.com (Orange Park, FL, founded 1981). Revenue/employee figures are data-broker estimates seen in a search snippet (Manta page returned 403, so attribution between Manta/ZoomInfo is not fully verified). No 2026 news on the breach found; data_types blank."
DragonForce|92245a48-2640-47a9-a611-3f54f314fd9f,DragonForce,T & M Electric LLC,employee_count,60,https://www.manta.com/c/mm23z73/t-m-electric,Manta (via search snippet),estimate,undated,low,"Identity matches tmelectricinc.com (Orange Park, FL, founded 1981). Revenue/employee figures are data-broker estimates seen in a search snippet (Manta page returned 403, so attribution between Manta/ZoomInfo is not fully verified). No 2026 news on the breach found; data_types blank."
DragonForce|d692cde6-2430-44da-b73a-ea6915106b18,DragonForce,Construction Equipment Parts,country,US,https://www.yelp.com/biz/construction-equipment-parts-chesapeake-2,"Yelp - Construction Equipment Parts, 2506 S Military Hwy, Chesapeake, VA",reference,2026-06,high,"ceparts.com located in Chesapeake, Virginia (Yelp and company Facebook page agree). No revenue/employee or breach sources checked further."
DragonForce|9b6e3e04-9791-4e93-ad79-beb5974076ce,DragonForce,imadesign.com,country,US,https://imadesign.com/,"IMA Design Group - website (20341 Birch St, Newport Beach, CA)",official,undated,high,"IMA Design Group, Inc., Newport Beach CA, landscape architecture/master planning (known_industry 'Education' looks wrong; Engineering & Architecture more fitting)."
DragonForce|8735ea06-7110-4801-b5f5-b3be61b2b4c0,DragonForce,Pamil Modulsystem,revenue_usd,2480000,https://www.allabolag.se/5564488335/pamil-modulsystem-aktiebolag,"Allabolag / Swedish filed accounts (via search snippet), FY2025 revenue SEK 24,509,000",estimate,2025,low,"Pamil Modulsystem AB, org.nr 556448-8335, Helsingborg. Revenue SEK 24.509M (FY2025) converted at ~9.9 SEK/USD (2025 avg) = ~USD 2.48M. Figures come from a search snippet of Swedish company-data sites (allabolag page returned 403, so exact attribution unverified)."
DragonForce|8735ea06-7110-4801-b5f5-b3be61b2b4c0,DragonForce,Pamil Modulsystem,employee_count,16,https://www.allabolag.se/5564488335/pamil-modulsystem-aktiebolag,"Allabolag (via search snippet), 2025",estimate,2025,low,"Pamil Modulsystem AB, org.nr 556448-8335, Helsingborg. Revenue SEK 24.509M (FY2025) converted at ~9.9 SEK/USD (2025 avg) = ~USD 2.48M. Figures come from a search snippet of Swedish company-data sites (allabolag page returned 403, so exact attribution unverified)."
DragonForce|ea1cad83-1de6-4f5b-a926-95feb1982b98,DragonForce,practicus.co.uk,industry,Professional Services,https://www.practicus.com/,"Practicus - Fractional, Interim & Search Solutions",official,undated,medium,"Practicus (interim management, executive search, PMO), Henley-on-Thames UK. Further fetch of the site was blocked by the permission classifier; employees/revenue left blank."
DragonForce|1cca878f-d73a-45df-bc04-d0413369432a,DragonForce,Midal Cables,employee_count,1345,https://www.reveliolabs.com/companies/midal-cables/employees,Revelio Labs - Midal Cables employee count (Mar 2026),estimate,2026-03,low,"Data-broker employee figures conflict widely (Revelio 1,345; RocketReach 259; D&B 50 modelled). Revenue left blank: only RocketReach estimate ($135.7M) found, considered unreliable. No credible news on breach data found."
DragonForce|ba05a922-3cf5-4f2c-968b-cc33e47349ac,DragonForce,Erickson Thorpe & Swainston,revenue_usd,3000000,https://rocketreach.co/erickson-thorpe-swainston-profile_b4594b27fc5d504f,RocketReach - Erickson Thorpe & Swainston,estimate,undated,low,"Identity matches etsreno.com (Reno NV law firm, founded 1969). Revenue from search-snippet of RocketReach (page itself 403). Employee counts conflict across brokers (4, 8, 22) so left blank. No credible 2026 news reporting data types; only threat-intel aggregator posts."
DragonForce|35757642-d38d-4eb3-9616-966e5fc7713b,DragonForce,Aegis Project Controls,country,US,https://www.zoominfo.com/c/aegis-project-controls/4476839,"ZoomInfo - Aegis Project Controls (HQ 8455 Colesville Rd, Silver Spring, MD)",estimate,undated,medium,"consultaegis.com matches (4D scheduling, project controls, founded 2006). HQ Silver Spring MD also listed in GBCA member directory. Revenue conflicts: RocketReach $14.5M (2025) vs ZoomInfo $25-50M range. Values from search snippets; broker pages blocked. No news for data types."
DragonForce|35757642-d38d-4eb3-9616-966e5fc7713b,DragonForce,Aegis Project Controls,revenue_usd,14500000,https://rocketreach.co/aegis-project-controls-profile_b5ce833af42e09ab,RocketReach - Aegis Project Controls,estimate,undated,low,"consultaegis.com matches (4D scheduling, project controls, founded 2006). HQ Silver Spring MD also listed in GBCA member directory. Revenue conflicts: RocketReach $14.5M (2025) vs ZoomInfo $25-50M range. Values from search snippets; broker pages blocked. No news for data types."
DragonForce|35757642-d38d-4eb3-9616-966e5fc7713b,DragonForce,Aegis Project Controls,employee_count,179,https://rocketreach.co/aegis-project-controls-profile_b5ce833af42e09ab,RocketReach - Aegis Project Controls,estimate,undated,low,"consultaegis.com matches (4D scheduling, project controls, founded 2006). HQ Silver Spring MD also listed in GBCA member directory. Revenue conflicts: RocketReach $14.5M (2025) vs ZoomInfo $25-50M range. Values from search snippets; broker pages blocked. No news for data types."
DragonForce|0a55f8e8-d1c2-40ab-a7dd-d50f8ef13651,DragonForce,gasteiger.design,country,AT,https://gasteiger.design/uber-uns/,Gasteiger - Über uns,official,undated,high,"Family-run interior/tiles/furniture firm in Aurach bei Kitzbuehel, Tyrol, Austria; site text matches leak context. Revenue/employees not found (search budget exhausted). No breach news."
DragonForce|0bac7dda-ea23-4cd1-bf96-206cb8a2f4fb,DragonForce,kleankanteen.com,revenue_usd,16800000,https://www.konaequity.com/company/klean-kanteen-4393825308/,Kona Equity - Klean Kanteen (also RocketReach $16.8M),estimate,undated,low,"Chico CA bottle maker, matches. Other estimates: PitchBook 83 employees, Kona 70. Breach coverage only from threat-intel aggregators (DeXpose, HookPhish) without data type details; left data_types blank."
DragonForce|0bac7dda-ea23-4cd1-bf96-206cb8a2f4fb,DragonForce,kleankanteen.com,employee_count,74,https://rocketreach.co/klean-kanteenr-profile_b5d696dbf42e32f1,RocketReach - Klean Kanteen,estimate,undated,low,"Chico CA bottle maker, matches. Other estimates: PitchBook 83 employees, Kona 70. Breach coverage only from threat-intel aggregators (DeXpose, HookPhish) without data type details; left data_types blank."
DragonForce|8db5a061-8ab7-446a-9c8e-c00b77adf62c,DragonForce,tremcar.com,employee_count,550,https://tremcar.com/en/about-tremcar/,Tremcar - About Tremcar,official,undated,low,tremcar.com is a Quebec tank-trailer manufacturer (founded 1962); leak context's 'textile machinery' description looks wrong but domain matches. Official site says 'more than 550 employees in North America' (another source says over 700); value is a lower bound. Official site gives annual sales of '160 million dollars' without currency (likely CAD) so revenue left blank. No breach news.
DragonForce|19f33588-d8bc-490e-bf95-80ee856cef6a,DragonForce,MicroMarketing,country,US,https://micromarketing.org/micromarketing-difference/,MicroMarketing - Connecticut-based family-owned business,official,undated,high,"Library book wholesaler, Old Lyme CT. known_industry 'Hospitality & Travel' looks wrong (better Retail & Wholesale) but not changed. No breach news."
DragonForce|19f33588-d8bc-490e-bf95-80ee856cef6a,DragonForce,MicroMarketing,revenue_usd,5900000,https://rocketreach.co/micromarketing-profile_b5c75e5af42e0d0c,RocketReach - Micromarketing,estimate,undated,low,"Library book wholesaler, Old Lyme CT. known_industry 'Hospitality & Travel' looks wrong (better Retail & Wholesale) but not changed. No breach news."
DragonForce|19f33588-d8bc-490e-bf95-80ee856cef6a,DragonForce,MicroMarketing,employee_count,15,https://rocketreach.co/micromarketing-profile_b5c75e5af42e0d0c,RocketReach - Micromarketing,estimate,undated,low,"Library book wholesaler, Old Lyme CT. known_industry 'Hospitality & Travel' looks wrong (better Retail & Wholesale) but not changed. No breach news."
DragonForce|56330a5d-27db-4722-bca6-83bd9f1d486c,DragonForce,nemd.com,revenue_usd,8000000,https://rocketreach.co/nemd-architects-inc-profile_b5c5e700f42e0ea4,RocketReach - n|e|m|d architects,estimate,undated,low,Providence RI healthcare architecture firm. Other estimate: 15 employees. No breach news.
DragonForce|56330a5d-27db-4722-bca6-83bd9f1d486c,DragonForce,nemd.com,employee_count,13,https://leadiq.com/c/nemd-architects-inc/5a1da639230000590099532b/employee-directory,LeadIQ - NEMD Architects,estimate,2026-05,low,Providence RI healthcare architecture firm. Other estimate: 15 employees. No breach news.
DragonForce|35fcc6bd-3ac2-4175-b2ad-9c58dc4bc4f5,DragonForce,Cheoy Lee Shipyards,revenue_usd,332000000,https://rocketreach.co/cheoy-lee-shipyards-profile_b5f38fcef92eba17,RocketReach - Cheoy Lee Shipyards,estimate,undated,low,"Employee figure is 'approximately 1,000' at the Zhuhai yard per shipyard page seen via search snippet. Revenue broker estimate unverified. No breach news."
DragonForce|35fcc6bd-3ac2-4175-b2ad-9c58dc4bc4f5,DragonForce,Cheoy Lee Shipyards,employee_count,1000,https://cheoyleeyachts.com/en/shipyard/,"Cheoy Lee Shipyard page (approx. 1,000 full-time employees)",official,undated,low,"Employee figure is 'approximately 1,000' at the Zhuhai yard per shipyard page seen via search snippet. Revenue broker estimate unverified. No breach news."
DragonForce|720bcaea-bde0-4b88-b487-d72bc4d233ce,DragonForce,P. A. Inc. (Performance Alloys),revenue_usd,4000000,https://rocketreach.co/p-a-inc-performance-alloys-profile_b78b9977c2492e78,RocketReach - P. A. Inc. (Performance Alloys),estimate,undated,low,"Employee counts conflict (RocketReach 4 vs ZoomInfo 11-50), left blank. No breach news."
INC Ransom|69ddba468f1d14b743d54bff,INC Ransom,Arban & Carosi,website,arbancarosi.com,https://www.arbancarosi.com/,"Arban, Carosi & Diana Precast - homepage",official,undated,medium,"Arban & Carosi, Inc. is an architectural precast concrete manufacturer in Woodbridge/Ladysmith, Virginia (US, matches known_country); site announces merger of Arban & Carosi Inc with American Stone Virginia. Could arguably be Construction. Employees/breach facts not found (search budget exhausted)."
INC Ransom|69ddba468f1d14b743d54bff,INC Ransom,Arban & Carosi,industry,Manufacturing,https://www.arbancarosi.com/,"Arban, Carosi & Diana Precast - homepage",official,undated,medium,"Arban & Carosi, Inc. is an architectural precast concrete manufacturer in Woodbridge/Ladysmith, Virginia (US, matches known_country); site announces merger of Arban & Carosi Inc with American Stone Virginia. Could arguably be Construction. Employees/breach facts not found (search budget exhausted)."
INC Ransom|69fd06c68f1d14b743bc5851,INC Ransom,egnyte.com,industry,Technology,https://en.wikipedia.org/wiki/Egnyte,Wikipedia - Egnyte,reference,undated,high,Egnyte: Mountain View CA cloud content software company. Wikipedia has no current headcount (300+ in 2017 only). Breach facts not researched (search budget exhausted).
INC Ransom|6a7153669cd108bf261e30d1,INC Ransom,https://geleximco.vn/,industry,Holding Companies,https://geleximco.vn/,Geleximco - homepage,official,undated,high,"Geleximco is a private Vietnamese conglomerate (manufacturing, real estate, An Binh Bank, services). Official site says 'over 10,000 workers' (lower bound only, so employee_count left blank). Revenue stated as over 20 trillion VND but not a required field. No breach news checked (search budget exhausted)."
Qilin|1f3ae315-0694-47a2-8534-3c368149a282,Qilin,Omesti Berhad,country,MY,https://www.omesti.com/,"Omesti - homepage (Bukit Jalil, Kuala Lumpur address)",official,undated,high,Revenue/employees and breach facts not found (search budget exhausted).
Qilin|089f684d-dbae-4a5d-a167-5d40a161c821,Qilin,Kerjaya Prospek Group,country,MY,https://www.kerjayagroup.com/,"Kerjaya Prospek Group - homepage (Menara Vista Petaling, Kuala Lumpur)",official,undated,high,Revenue/employees and breach facts not found (search budget exhausted).
Qilin|4e1f976e-b3b1-4430-adad-16760a3258c9,Qilin,Limkon,country,TR,https://www.limkon.com/,Limkon Gida - homepage (Adana Haci Sabanci OSB),official,undated,high,"Fruit juice concentrate/puree producer in Adana, Turkey; matches Agriculture & Food. Revenue/employees not found."
Qilin|c796bb04-e35a-429e-aef0-16f8f3d58ed1,Qilin,P & G Trading,country,US,https://www.pgtradingco.com/,"P&G Trading Co - homepage (2 Ott St, Trenton NJ)",official,undated,high,"Wholesale seafood distributor, Trenton NJ. Revenue/employees not found."
Qilin|77f7cac4-5373-48fc-94f2-681e1b7f711d,Qilin,Homes By J Anthony,country,US,https://www.homesbyjanthony.com/,"Homes by J. Anthony - homepage (Lucas, TX)",official,undated,high,North Texas custom home builder. Revenue/employees not found.
Qilin|59fa35e9-0cf8-4178-b372-617f08a8b622,Qilin,Sitmatic,country,US,https://www.sitmatic.com/,Sitmatic - homepage (California factory),official,undated,medium,Seating manufacturer with California factory; no full address on page. Revenue/employees not found.
Qilin|faf2030b-b0df-4f52-98f9-3931b91b2ad1,Qilin,Salida Union School District,country,US,https://www.salida.k12.ca.us/,Salida Union School District website (.k12.ca.us California public school domain),official,undated,medium,"Site fetch failed; country inferred from the k12.ca.us government school domain (Salida, California). Other fields not researched."
Qilin|26737f12-4b99-468b-8106-1127bd7f98a5,Qilin,Aletex Group,country,ES,https://www.aletex.net/,"Aletex - homepage (Canet de Mar, Barcelona)",official,undated,high,Circular-knit apparel manufacturer. Revenue/employees not found.
Qilin|9462bcb7-b908-424f-b0c4-8e7c4a075eb4,Qilin,WireCo,country,US,https://en.wikipedia.org/wiki/WireCo_WorldGroup,"Wikipedia - WireCo WorldGroup (HQ Prairie Village, Kansas)",reference,undated,medium,Revenue/employees not found on Wikipedia or wireco.com.
Qilin|1d29235a-7712-4e5a-a994-c4f62ec7831d,Qilin,Vitar Group,country,MY,https://www.vitargroup.com/,"VITAR Group - homepage (Wisma VITAR, Klang, Selangor)",official,undated,high,Revenue/employees not found.
