group,victim,website,country,country_name,country_source,industry,industry_raw,industry_source,revenue_usd,data_volume,data_size_gb,data_categories,data_types,employee_count,description,post_date,post_month,date_source,still_listed,recycled_flag,source_id,website_origin,country_origin,industry_origin,revenue_usd_origin,employee_count_origin,data_size_gb_origin,data_types_origin
SafePay,cromados.com,cromados.com,ES,Spain,stated,Manufacturing,,inferred from description,,,,,,,"The company's registered business activities include thermal treatment of metals, organic and electrolytic coatings, and the manufacture and commercialization of …",2026-09-28,2026-09,stated by site,yes,,/blog/post/cromadoscom/,leak site,leak site,leak site,,,,
SafePay,auromex.com,auromex.com,,,,,,,,,,,,,The company is headquartered in Samut Prakan Province and has more than five decades of experience in the surface-finishing industry. …,2026-09-28,2026-09,stated by site,yes,,/blog/post/auromexcom/,leak site,,,,,,
SafePay,manno.ch,manno.ch,CH,Switzerland,stated,Government,,inferred from description,,,,,,,"The official website, manno.ch, provides residents, businesses and visitors with information about municipal administration, public services, local regulations, infrastructure, cultural …",2026-09-28,2026-09,stated by site,yes,,/blog/post/mannoch/,leak site,leak site,leak site,,,,
SafePay,Holiday Inn Vilnius,,,,,Hospitality & Travel,,inferred from description,,,,,,,"The property operates under the international Holiday Inn brand of IHG Hotels & Resorts. The hotel provides 134 guest rooms, …",2026-09-28,2026-09,stated by site,yes,,/blog/post/holiday-inn-vilnius/,,,leak site,,,,
SafePay,eagroep.com,eagroep.com,NL,Netherlands,stated,Agriculture & Food,,inferred from description,,,,,,,"The group is headquartered in Deventer, Overijssel, and brings together several specialized business units operating in areas such as career …",2026-09-28,2026-09,stated by site,yes,,/blog/post/eagroepcom/,leak site,leak site,leak site,,,,
SafePay,sumperk.cz,sumperk.cz,CZ,Czechia,stated,,,,,,,,,,"The official website, sumperk.cz, serves as the city's principal digital information and service portal for residents, businesses, visitors and other …",2026-09-28,2026-09,stated by site,yes,,/blog/post/sumperkcz/,leak site,leak site,,,,,
SafePay,bio-strath.com,bio-strath.com,CH,Switzerland,stated,,,,,,,,,,"The company was established in 1961 and operates the Bio-Strath brand, which is particularly associated with liquid and tablet nutritional …",2026-09-28,2026-09,stated by site,yes,,/blog/post/bio-strathcom/,leak site,leak site,,,,,
SafePay,fedelmundo.com.ph,fedelmundo.com.ph,PH,Philippines,inferred from domain,Healthcare,,inferred from description,,,,,,,"The institution traces its origins to 1957, when Filipino pediatrician and scientist Dr. Fe del Mundo established Children's Memorial Hospital …",2026-09-28,2026-09,stated by site,yes,,/blog/post/fedelmundocomph/,leak site,leak site,leak site,,,,
SafePay,lfgholding.com,lfgholding.com,CH,Switzerland,stated,,,,,,,,,,"The company operates as an independent, partner-owned wealth-management group and manages a portfolio of specialized financial-services businesses. Its operating companies …",2026-09-28,2026-09,stated by site,yes,,/blog/post/lfgholdingcom/,leak site,leak site,,,,,
SafePay,gob.pe,gob.pe,PE,Peru,stated,Government,,inferred from description,,,,,,,"It serves as the country's primary online point of contact between public institutions and citizens, providing government information, administrative procedures, …",2026-09-15,2026-09,stated by site,yes,,/blog/post/gobpe/,leak site,leak site,leak site,,,,
SafePay,ara-lyss.ch,ara-lyss.ch,CH,Switzerland,stated,Energy & Utilities,,inferred from description,,,,,,,Its headquarters and main wastewater-treatment facility are located at Industriering 28 in Lyss. The organization also operates the ARA Messen …,2026-09-15,2026-09,stated by site,yes,,/blog/post/ara-lyssch/,leak site,leak site,leak site,,,,
SafePay,ryomo.co.jp,ryomo.co.jp,JP,Japan,stated,,,,,,,,,,"Established in January 1970 as a regional computer-services center, the company has developed into a publicly listed systems integrator providing …",2026-09-15,2026-09,stated by site,yes,,/blog/post/ryomocojp/,leak site,leak site,,,,,
SafePay,stoecklin-kuechen.ch,stoecklin-kuechen.ch,CH,Switzerland,stated,,,,,,,,,,The company is based in Aesch near Basel and has developed from a traditional carpentry business founded by Ernst Stöcklin …,2026-09-15,2026-09,stated by site,yes,,/blog/post/stoecklin-kuechench/,leak site,leak site,,,,,
SafePay,meterex.com,meterex.com,DE,Germany,stated,,,,,,,,,,"The company is headquartered in Langenfeld, North Rhine-Westphalia, and is legally registered as Karl Kuntze (GmbH & Co.), HRA 16336 …",2026-09-15,2026-09,stated by site,yes,,/blog/post/meterexcom/,leak site,leak site,,,,,
SafePay,laconcepcion.com.mx,laconcepcion.com.mx,MX,Mexico,stated,Healthcare,,inferred from description,,,,,,,The organization identifies itself as one of the principal private healthcare providers in the region and serves patients from Coahuila …,2026-09-15,2026-09,stated by site,yes,,/blog/post/laconcepcioncommx/,leak site,leak site,leak site,,,,
SafePay,triniticaring.org,triniticaring.org,US,United States,stated,,,,,,,,,,"The organization is jointly owned by Guardian Angels Senior Services of Elk River and Cassia, an Augustana/Elim affiliation. Its headquarters …",2026-09-15,2026-09,stated by site,yes,,/blog/post/triniticaringorg/,leak site,leak site,,,,,
SafePay,neumerkel-gmbh.de,neumerkel-gmbh.de,DE,Germany,stated,,,,,,,,,,The business traces its origins to 1963 and has operated under the Neumerkel GmbH name since 1994. Its product portfolio …,2026-09-15,2026-09,stated by site,yes,,/blog/post/neumerkel-gmbhde/,leak site,leak site,,,,,
SafePay,marlinhvac.com,marlinhvac.com,US,United States,stated,Construction,,inferred from description,,,,,,,"Founded in 1989 by Michael and Richard Pellino, the company has developed more than three decades of experience in mechanical …",2026-09-15,2026-09,stated by site,yes,,/blog/post/marlinhvaccom/,leak site,leak site,leak site,,,,
SafePay,recoverycafe.org,recoverycafe.org,US,United States,stated,,,,,,,,,,The organization was founded in 2003 and opened its first physical café in Seattle in 2004. Its approach is based …,2026-09-08,2026-09,stated by site,yes,,/blog/post/recoverycafeorg/,leak site,leak site,,,,,
SafePay,hbpro.pt,hbpro.pt,PT,Portugal,stated,Professional Services,,inferred from description,,,,,,,"Established in 1994, the company has more than three decades of experience providing technology products, infrastructure, consulting, maintenance, and technical …",2026-09-08,2026-09,stated by site,yes,,/blog/post/hbpropt/,leak site,leak site,leak site,,,,
SafePay,gsngestion.es,gsngestion.es,ES,Spain,stated,Real Estate,,web research,,,,,,,"The company is based in Villaviciosa de Odón, Madrid, and operates through the GSN Gestión brand. Its website states that …",2026-09-08,2026-09,stated by site,yes,,/blog/post/gsngestiones/,leak site,leak site,web,,,,
SafePay,cenmar-manila.com,cenmar-manila.com,PH,Philippines,web research,Professional Services,,web research,,,,,,,The company was registered with the Philippine Securities and Exchange Commission in 1997 and received authorization to operate as a …,2026-09-08,2026-09,stated by site,yes,,/blog/post/cenmar-manilacom/,leak site,web,web,,,,
SafePay,gayafores.es,gayafores.es,ES,Spain,stated,Manufacturing,,inferred from description,,,,,,,"The company is headquartered in Onda, Castellón, one of Europe's most important ceramic manufacturing regions. Established in 1949, Gayafores has …",2026-09-08,2026-09,stated by site,yes,,/blog/post/gayaforeses/,leak site,leak site,leak site,,,,
SafePay,assiprime.it,assiprime.it,IT,Italy,stated,Financial Services,,inferred from description,,,,,,,"The company provides insurance brokerage, risk-management, financial consulting, and related assistance services to private individuals, businesses, professionals, artisans, and commercial …",2026-09-08,2026-09,stated by site,yes,,/blog/post/assiprimeit/,leak site,leak site,leak site,,,,
SafePay,cannonpuntana.com,cannonpuntana.com,AR,Argentina,stated,Manufacturing,,inferred from description,,,,,,,"The company operated in Argentina and was historically connected with the manufacture and distribution of fragrances, toiletries, and personal-care products. …",2026-09-08,2026-09,stated by site,yes,,/blog/post/cannonpuntanacom/,leak site,leak site,leak site,,,,
SafePay,reichenau.at,reichenau.at,AT,Austria,inferred from domain,Government,,inferred from description,,,,,,,"The official website, reichenau.at, serves as the municipality's central digital information and service platform for residents, businesses, and visitors. The …",2026-09-08,2026-09,stated by site,yes,,/blog/post/reichenauat/,leak site,leak site,leak site,,,,
SafePay,palmettoeyeinstitute.com,palmettoeyeinstitute.com,US,United States,stated,Healthcare,,inferred from description,,,,,,,"The practice was founded by Dr. Prat Itharat, a board-certified ophthalmologist who specializes in cataract surgery and comprehensive eye care. …",2026-09-08,2026-09,stated by site,yes,,/blog/post/palmettoeyeinstitutecom/,leak site,leak site,leak site,,,,
SafePay,mcnishsteel.com,mcnishsteel.com,CA,Canada,stated,Manufacturing,,inferred from description,,,,,,80,"The company is headquartered in Edmonton, Alberta, and was founded in 1978 by William and Wallace McNish. It has developed …",2026-09-08,2026-09,stated by site,yes,,/blog/post/mcnishsteelcom/,leak site,leak site,leak site,,web,,
SafePay,industry.airliquide.kr,industry.airliquide.kr,KR,South Korea,inferred from domain,,,,,,,,,,"Air Liquide has operated in South Korea for several decades and supplies essential gases and related technologies to major industries, …",2026-08-25,2026-08,stated by site,yes,,/blog/post/industryairliquidekr/,leak site,leak site,,,,,
SafePay,lagegepesca.it,lagegepesca.it,IT,Italy,stated,,,,,,,,,,"Based in Lallio, near Bergamo in Lombardy, the company traces its origins to 1957, when Santo Gavazzi established a small …",2026-08-24,2026-08,stated by site,yes,,/blog/post/lagegepescait/,leak site,leak site,,,,,
SafePay,granjarinya.com,granjarinya.com,ES,Spain,stated,Agriculture & Food,,inferred from description,,,,,,,"Headquartered in Albal, Valencia, the family-owned company traces its origins to three generations of livestock farming. What began as a …",2026-08-14,2026-08,stated by site,yes,,/blog/post/granjarinyacom/,leak site,leak site,leak site,,,,
SafePay,cpu-ag.com,cpu-ag.com,DE,Germany,stated,Technology,,inferred from description,,,,,,,"Founded in 1981 and headquartered in Friedberg, Bavaria, the company has more than four decades of experience developing specialized software …",2026-08-03,2026-08,stated by site,yes,,/blog/post/cpu-agcom/,leak site,leak site,leak site,,,,
SafePay,southshorerecycling.com,southshorerecycling.com,US,United States,stated,Construction,,inferred from description,,,,,,,"The company specializes in metal recycling, concrete and asphalt recycling, aggregate production, and construction waste processing for commercial, industrial, and …",2026-08-03,2026-08,stated by site,yes,,/blog/post/southshorerecyclingcom/,leak site,leak site,leak site,,,,
SafePay,azn.co.jp,azn.co.jp,JP,Japan,stated,Professional Services,,inferred from description,,,,,,,"Founded in 1991, the company specializes in comprehensive asset management, inheritance planning, business succession consulting, real estate advisory services, and …",2026-08-03,2026-08,stated by site,yes,,/blog/post/azncojp/,leak site,leak site,leak site,,,,
SafePay,simonrack.com,simonrack.com,ES,Spain,stated,Manufacturing,,inferred from description,,,,,,,"Headquartered in Alfamén, Zaragoza, Spain, the company has been manufacturing metal shelving since 1964 and has become one of Europe's …",2026-08-03,2026-08,stated by site,yes,,/blog/post/simonrackcom/,leak site,leak site,leak site,,,,
SafePay,new-point.it,new-point.it,IT,Italy,stated,,,,,,,,,,"Headquartered in Signa, Florence, Italy, the company was founded in 2006 and has grown into one of Italy's established suppliers …",2026-08-03,2026-08,stated by site,yes,,/blog/post/new-pointit/,leak site,leak site,,,,,
SafePay,naskdoorinc.com,naskdoorinc.com,US,United States,stated,,,,,,,,,,"Headquartered in West Chester, Pennsylvania, the company has served customers throughout southeastern Pennsylvania and northern Delaware for several decades. Although …",2026-08-03,2026-08,stated by site,yes,,/blog/post/naskdoorinccom/,leak site,leak site,,,,,
SafePay,pradotuylaw.com,pradotuylaw.com,US,United States,stated,Legal,,inferred from description,,,,,,,"The firm focuses on practice areas including personal injury, wrongful death, workplace harassment, business litigation, civil settlements, and environmental litigation. …",2026-08-03,2026-08,stated by site,yes,,/blog/post/pradotuylawcom/,leak site,leak site,leak site,,,,
SafePay,multiaqua.com,multiaqua.com,US,United States,stated,,,,,,,,,,"Founded in 1999, the company specializes in the design, engineering, and production of air-cooled water chillers, heat pump chillers, hydronic …",2026-08-03,2026-08,stated by site,yes,,/blog/post/multiaquacom/,leak site,leak site,,,,,
SafePay,paritaet-nrw.org,paritaet-nrw.org,DE,Germany,stated,,,,,,,,,,"Headquartered in Wuppertal, the organization represents approximately 3,100 legally independent member organizations operating more than 7,000 social institutions and services …",2026-07-27,2026-07,stated by site,yes,,/blog/post/paritaet-nrworg/,leak site,leak site,,,,,
SafePay,moebelmayer.de,moebelmayer.de,DE,Germany,stated,,,,,,,,,,"Founded in 1952 and headquartered in Ahrensburg, Schleswig-Holstein, the family-owned company has more than seventy years of experience serving customers …",2026-07-27,2026-07,stated by site,yes,,/blog/post/moebelmayerde/,leak site,leak site,,,,,
SafePay,zinorm.de,zinorm.de,DE,Germany,stated,,,,,,,,,,"Founded in 1952 and headquartered in Ahrensburg, Schleswig-Holstein, the family-owned company has more than seventy years of experience serving customers …",2026-07-27,2026-07,stated by site,yes,,/blog/post/zinormde/,leak site,leak site,,,,,
SafePay,bnpdist.com,bnpdist.com,US,United States,stated,Hospitality & Travel,,inferred from description,,,,,,,"Headquartered in New York City, the company has been operating since 1979 and supplies restaurants, hotels, retailers, and wine merchants …",2026-07-27,2026-07,stated by site,yes,,/blog/post/bnpdistcom/,leak site,leak site,leak site,,,,
SafePay,weier.org,weier.org,DE,Germany,stated,Construction,,inferred from description,,,,,,,"The company specializes in representing manufacturers of plumbing, heating, water treatment, pumping, drainage, and building services equipment throughout western Germany. …",2026-07-27,2026-07,stated by site,yes,,/blog/post/weierorg/,leak site,leak site,leak site,,,,
SafePay,braywoodschool.co.uk,braywoodschool.co.uk,GB,United Kingdom,stated,Education,,inferred from description,,,,,,,"Founded in 1858, the school has more than 165 years of educational history and serves children from early years through …",2026-07-27,2026-07,stated by site,yes,,/blog/post/braywoodschoolcouk/,leak site,leak site,leak site,,,,
SafePay,hst.eu,hst.eu,DE,Germany,stated,,,,,,,,,,"Headquartered in Kressbronn am Bodensee, Germany, the company traces its mechanical engineering heritage back to 1950, while the original tea …",2026-07-27,2026-07,stated by site,yes,,/blog/post/hsteu/,leak site,leak site,,,,,
SafePay,landesmuseum.de,landesmuseum.de,DE,Germany,stated,,,,,,,,,,"Established in 1919, the museum preserves and presents more than 50,000 years of human cultural history, ranging from prehistoric artifacts …",2026-07-27,2026-07,stated by site,yes,,/blog/post/landesmuseumde/,leak site,leak site,,,,,
SafePay,haugbuersten.de,haugbuersten.de,DE,Germany,stated,,,,,,,,,,"Although the company in its current industrial form was founded in 1962, its family-owned brush-making tradition dates back to 1836, …",2026-07-27,2026-07,stated by site,yes,,/blog/post/haugbuerstende/,leak site,leak site,,,,,
SafePay,gvsurgicalarts.com,gvsurgicalarts.com,US,United States,stated,Healthcare,,inferred from description,,,,,,,"Founded in 2004 by Dr. Brian R. Chisdak, the practice has grown into one of Montana's leading surgical centers and …",2026-07-24,2026-07,stated by site,yes,,/blog/post/gvsurgicalartscom/,leak site,leak site,leak site,,,,
SafePay,upland.k12.ca.us,upland.k12.ca.us,US,United States,stated,Education,,inferred from description,,,,,,495,"The district provides comprehensive education from kindergarten through twelfth grade and operates 14 schools, including elementary, junior high, and high …",2026-07-24,2026-07,stated by site,yes,,/blog/post/uplandk12caus/,leak site,leak site,leak site,,web,,
SafePay,stroebel-gruppe.de,stroebel-gruppe.de,DE,Germany,stated,,,,,,,,,,"Headquartered in Langenzenn, Bavaria, the company was founded in 1978 by Gerlinde and Gerhard Ströbel and has grown from a …",2026-07-20,2026-07,stated by site,yes,,/blog/post/stroebel-gruppede/,leak site,leak site,,,,,
SafePay,timetex.de,timetex.de,DE,Germany,stated,,,,,,,,,,"The company traces its origins to 1991, when the TimeTEX brand was acquired and expanded into a comprehensive supplier of …",2026-07-20,2026-07,stated by site,yes,,/blog/post/timetexde/,leak site,leak site,,,,,
SafePay,lbb-treuhand.de,lbb-treuhand.de,DE,Germany,stated,Professional Services,,inferred from description,,,,,,,"The company specializes in tax consulting, auditing, accounting, payroll administration, financial reporting, and business advisory services for private individuals, self-employed …",2026-07-20,2026-07,stated by site,yes,,/blog/post/lbb-treuhandde/,leak site,leak site,leak site,,,,
SafePay,jaecklin-industrial.de,jaecklin-industrial.de,DE,Germany,stated,Manufacturing,,web research,,,,,,80,"Founded in 1935 by Julius Jäcklin, the company has developed from a regional machine repair workshop into a globally recognized …",2026-07-20,2026-07,stated by site,yes,,/blog/post/jaecklin-industrialde/,leak site,leak site,web,,web,,
SafePay,wdk.de,wdk.de,DE,Germany,stated,Manufacturing,,inferred from description,,,,,,,"Founded in 1950 and headquartered in Frankfurt am Main, the organization serves as the central voice of German manufacturers of …",2026-07-20,2026-07,stated by site,yes,,/blog/post/wdkde/,leak site,leak site,leak site,,,,
SafePay,mende-grundbesitz.de,mende-grundbesitz.de,DE,Germany,stated,Real Estate,,inferred from description,,,,,,,"Founded in 1994, the company specializes in the professional administration of residential, commercial, and mixed-use real estate throughout the Berlin …",2026-07-20,2026-07,stated by site,yes,,/blog/post/mende-grundbesitzde/,leak site,leak site,leak site,,,,
SafePay,acsmallmaxwell.com.au,acsmallmaxwell.com.au,AU,Australia,stated,Financial Services,,inferred from description,,,,,,9,"Founded in 1916 by Ambrose Cecil Small, the firm has provided professional accounting and financial services to businesses and individuals …",2026-07-20,2026-07,stated by site,yes,,/blog/post/acsmallmaxwellcomau/,leak site,leak site,leak site,,web,,
SafePay,cenesco.de,cenesco.de,DE,Germany,stated,Technology,,inferred from description,,,,,,,"Founded in 1998, the company provides comprehensive information technology solutions for small and medium-sized enterprises (SMEs), helping organizations modernize their …",2026-07-20,2026-07,stated by site,yes,,/blog/post/cenescode/,leak site,leak site,leak site,,,,
SafePay,industriesjaro.com,industriesjaro.com,CA,Canada,stated,Manufacturing,,inferred from description,,,,,,,"Over several decades, Jaro has evolved from manufacturing telephone booths into a supplier of advanced outdoor enclosures, interactive kiosks, bus …",2026-07-20,2026-07,stated by site,yes,,/blog/post/industriesjarocom/,leak site,leak site,leak site,,,,
SafePay,knobel-bau.de,knobel-bau.de,DE,Germany,stated,,,,,,,,,,"Founded in 1947, the company has grown from a small sand and gravel business established after the Second World War …",2026-07-06,2026-07,stated by site,yes,,/blog/post/knobel-baude/,leak site,leak site,,,,,
SafePay,caritas-koblenz.de,caritas-koblenz.de,DE,Germany,stated,Non-profit,,inferred from description,,,,,,,"Headquartered in Koblenz, the association was founded in 1918 and has provided charitable and community-based services for more than a …",2026-07-06,2026-07,stated by site,yes,,/blog/post/caritas-koblenzde/,leak site,leak site,leak site,,,,
SafePay,bmiprojects.de,bmiprojects.de,DE,Germany,stated,,,,,,,,,,"Originally operating under the name Bez Marine Interiors GmbH, the company built on decades of experience in the maritime industry …",2026-07-06,2026-07,stated by site,yes,,/blog/post/bmiprojectsde/,leak site,leak site,,,,,
SafePay,matrixwebagency.com,matrixwebagency.com,US,United States,stated,,,,,,,,,,"The company specializes in providing integrated digital solutions that help businesses improve their online visibility, customer engagement, and revenue growth. …",2026-07-06,2026-07,stated by site,yes,,/blog/post/matrixwebagencycom/,leak site,leak site,,,,,
SafePay,hahn-airport.de,hahn-airport.de,DE,Germany,stated,,,,,,,,,,"Originally developed as a United States military air base, the facility began civilian operations in 1993 and has since become …",2026-07-06,2026-07,stated by site,yes,,/blog/post/hahn-airportde/,leak site,leak site,,,,,
SafePay,shw-fr.de,shw-fr.de,DE,Germany,stated,Manufacturing,,inferred from description,,,,,,,"The company traces its origins to 1596, making it one of Germany's oldest industrial manufacturers, although its current corporate structure …",2026-07-06,2026-07,stated by site,yes,,/blog/post/shw-frde/,leak site,leak site,leak site,,,,
SafePay,lh-wohnverbund-wohnen-nrw.de,lh-wohnverbund-wohnen-nrw.de,DE,Germany,stated,,,,,,,,,,"They specialize in providing residential care, supported living, and social assistance for children, adolescents, and adults with intellectual and developmental …",2026-07-06,2026-07,stated by site,yes,,/blog/post/lh-wohnverbund-wohnen-nrwde/,leak site,leak site,,,,,
SafePay,stedwardscatholicfirstschool.co.uk,stedwardscatholicfirstschool.co.uk,GB,United Kingdom,stated,Education,,inferred from description,,,,,,,The school provides education for children aged 5 to 9 years and operates as a Voluntary Aided School under the …,2026-07-06,2026-07,stated by site,yes,,/blog/post/stedwardscatholicfirstschoolcouk/,leak site,leak site,leak site,,,,
SafePay,rtngmbh.de,rtngmbh.de,DE,Germany,stated,Construction,,inferred from description,,,,,,,"Founded in 2015, the company specializes in the construction, installation, maintenance, and rehabilitation of underground utility networks and civil engineering …",2026-07-06,2026-07,stated by site,yes,,/blog/post/rtngmbhde/,leak site,leak site,leak site,,,,
SafePay,eaglecrestlife.org,eaglecrestlife.org,US,United States,stated,,,,,,,,,,"Operating under Bethany Lutheran Homes, Inc., the organization has served the region since 1946 and is recognized as the largest …",2026-07-01,2026-07,stated by site,yes,,/blog/post/eaglecrestlifeorg/,leak site,leak site,,,,,
SafePay,dia179.com,dia179.com,DE,Germany,stated,Engineering & Architecture,,inferred from description,,,,,,,"Founded in 2007, the firm specializes in industrial architecture, logistics facilities, research centers, production plants, and corporate office buildings. Unlike …",2026-07-01,2026-07,stated by site,yes,,/blog/post/dia179com/,leak site,leak site,leak site,,,,
SafePay,awo-suedost.de,awo-suedost.de,DE,Germany,stated,,,,,,,,,,"Established in 1994, it is one of the regional branches of the Arbeiterwohlfahrt (AWO), one of Germany's six largest independent …",2026-07-01,2026-07,stated by site,yes,,/blog/post/awo-suedostde/,leak site,leak site,,,,,
SafePay,harcourts.net,harcourts.net,AU,Australia,stated,Government,,inferred from description,,,,,,,"Founded in 1888 in Wellington, New Zealand, the company has grown from a local real estate agency into a global …",2026-06-29,2026-06,stated by site,yes,,/blog/post/harcourtsnet/,leak site,leak site,leak site,,,,
SafePay,hellmold-plank.de,hellmold-plank.de,DE,Germany,stated,,,,,,,,,,"Founded in 1904 by Heinrich Hellmold and Heinrich Plank, the company has evolved from a local cartage business into a …",2026-06-27,2026-06,stated by site,yes,,/blog/post/hellmold-plankde/,leak site,leak site,,,,,
SafePay,ehg.bayern,ehg.bayern,DE,Germany,stated,,,,,,,,,,"Founded in 1991, the company has evolved from a regional waste management enterprise into a specialized provider of infrastructure operations, …",2026-06-22,2026-06,stated by site,yes,,/blog/post/ehgbayern/,leak site,leak site,,,,,
SafePay,gut-heckenhof.de,gut-heckenhof.de,DE,Germany,stated,Hospitality & Travel,,inferred from description,,,,,,,"Established in 1992, the company operates a four-star hotel and one of the largest golf facilities in the region. The …",2026-06-17,2026-06,stated by site,yes,,/blog/post/gut-heckenhofde/,leak site,leak site,leak site,,,,
SafePay,brscappuccio.it,brscappuccio.it,IT,Italy,stated,Healthcare,,inferred from description,,,,,,,"Headquartered in Casandrino, near Naples in the Campania region, the company specializes in the distribution and supply of medical devices, …",2026-06-17,2026-06,stated by site,yes,,/blog/post/brscappuccioit/,leak site,leak site,leak site,,,,
SafePay,zaunsysteme.de,zaunsysteme.de,DE,Germany,stated,Construction,,inferred from description,,,,,,,"Operating within Germany’s construction materials and perimeter security sector, the company provides a wide range of products, including double-wire mesh …",2026-06-17,2026-06,stated by site,yes,,/blog/post/zaunsystemede/,leak site,leak site,leak site,,,,
SafePay,seinordovest.it,seinordovest.it,IT,Italy,stated,Government,,inferred from description,,,,,,,"Headquartered in the Piedmont region, the company operates as a public utility serving numerous municipalities in northwestern Italy. Its mission …",2026-06-17,2026-06,stated by site,yes,,/blog/post/seinordovestit/,leak site,leak site,leak site,,,,
SafePay,musenet.co.jp,musenet.co.jp,JP,Japan,stated,Retail & Wholesale,,inferred from description,,,,,,,"Founded in the twentieth century, the company serves as an intermediary between publishers and music retailers throughout Japan. Its online …",2026-06-15,2026-06,stated by site,yes,,/blog/post/musenetcojp/,leak site,leak site,leak site,,,,
SafePay,kawaius.com,kawaius.com,US,United States,stated,Manufacturing,,web research,,,,,,,"Founded in Japan in 1927 by Koichi Kawai, the company has established a reputation for combining traditional Japanese craftsmanship with …",2026-06-15,2026-06,stated by site,yes,,/blog/post/kawaiuscom/,leak site,leak site,web,,,,
SafePay,tokyocivil.co.jp,tokyocivil.co.jp,JP,Japan,stated,Engineering & Architecture,,inferred from description,,,,,,,"Established in 2020, the company specializes in public infrastructure and civil engineering projects, serving primarily the Tokyo metropolitan area and …",2026-06-15,2026-06,stated by site,yes,,/blog/post/tokyocivilcojp/,leak site,leak site,leak site,,,,
SafePay,hughstirling.co.uk,hughstirling.co.uk,DE,Germany,stated,,,,,,,,,,"Headquartered in Goslar, Lower Saxony, the firm has been operating since 1975 and has expanded its presence through additional offices …",2026-06-15,2026-06,stated by site,yes,,/blog/post/hughstirlingcouk/,leak site,leak site,,,,,
SafePay,hoodriversheriff.com,hoodriversheriff.com,US,United States,stated,Government,,web research,,,,,,,"Headquartered in Hood River, the organization provides a broad range of services, including patrol operations, criminal investigations, emergency communications, search …",2026-06-15,2026-06,stated by site,yes,,/blog/post/hoodriversheriffcom/,leak site,leak site,web,,,,
SafePay,aquaclean.com,aquaclean.com,ES,Spain,stated,,,,,,,,,,The company operates as part of Interfabrics S.L. and has more than 50 years of experience in the textile industry. …,2026-06-15,2026-06,stated by site,yes,,/blog/post/aquacleancom/,leak site,leak site,,,,,
SafePay,bautz-maschinenbau.de,bautz-maschinenbau.de,DE,Germany,stated,Manufacturing,,web research,,,,,,,"Founded in 1960 by Alfred Bautz, the family-owned enterprise has developed over three generations into a specialized supplier of precision …",2026-06-15,2026-06,stated by site,yes,,/blog/post/bautz-maschinenbaude/,leak site,leak site,web,,,,
SafePay,iql-nog.com,iql-nog.com,ES,Spain,stated,Mining & Materials,,inferred from description,,,,,,,"Founded in 1947, the company specializes in the production of oleochemical products, particularly fatty acid esters and specialty chemicals derived …",2026-06-02,2026-06,stated by site,yes,,/blog/post/iql-nogcom/,leak site,leak site,leak site,,,,
SafePay,soraris.it,soraris.it,IT,Italy,stated,Government,,inferred from description,,,,,,,"Founded in 1983, the company specializes in the collection, transportation, treatment, and management of municipal solid waste and recyclable materials. …",2026-06-01,2026-06,stated by site,yes,,/blog/post/sorarisit/,leak site,leak site,leak site,,,,
SafePay,tavolaspa.com,tavolaspa.com,IT,Italy,stated,Manufacturing,,inferred from description,,,,,,,"Over more than seventy years of operation, the company has evolved from an import-export business into a diversified manufacturer, distributor, …",2026-06-01,2026-06,stated by site,yes,,/blog/post/tavolaspacom/,leak site,leak site,leak site,,,,
SafePay,compactmould.com,compactmould.com,CA,Canada,stated,,,,,,,,,,"Founded in 1978 and headquartered in Woodbridge, Ontario, the company has grown into one of North America’s major suppliers of …",2026-06-01,2026-06,stated by site,yes,,/blog/post/compactmouldcom/,leak site,leak site,,,,,
SafePay,verzolla.com,verzolla.com,IT,Italy,stated,,,,,,,,,,"Founded in 1958 (with the current corporate structure established in 2007), the company specializes in supplying industrial components, automation systems, …",2026-06-01,2026-06,stated by site,yes,,/blog/post/verzollacom/,leak site,leak site,,,,,
SafePay,lcnet.eu,lcnet.eu,DE,Germany,stated,Transportation & Logistics,,inferred from description,,,,,,,"The network was established to provide integrated cross-border transport solutions, allowing member companies to coordinate freight movements efficiently throughout Europe. …",2026-06-01,2026-06,stated by site,yes,,/blog/post/lcneteu/,leak site,leak site,leak site,,,,
SafePay,vdmtrucking.com,vdmtrucking.com,CA,Canada,stated,Transportation & Logistics,,inferred from description,,,,,,,"Headquartered in Edmonton, Alberta, the company has operated for more than 40 years and has developed into a significant regional …",2026-05-25,2026-05,stated by site,yes,,/blog/post/vdmtruckingcom/,leak site,leak site,leak site,,,,
SafePay,cyuou.com,cyuou.com,JP,Japan,stated,Professional Services,,inferred from description,,,,,,,"Founded in 2000, the company specializes in website development, digital advertising, graphic design, Wi-Fi infrastructure projects, and online business support …",2026-05-25,2026-05,stated by site,yes,,/blog/post/cyuoucom/,leak site,leak site,leak site,,,,
SafePay,tme-rusta.de,tme-rusta.de,DE,Germany,stated,Manufacturing,,inferred from description,,,,,,,"The company was originally founded in Munich in 1966 as an artistic metalworking workshop and later expanded into woodworking, plastics …",2026-05-25,2026-05,stated by site,yes,,/blog/post/tme-rustade/,leak site,leak site,leak site,,,,
SafePay,eitecpro.co.jp,eitecpro.co.jp,JP,Japan,stated,,,,,,,,,,"Founded in 1988 and headquartered in Osaka, the company operates multiple regional offices across Japan, including Tokyo, Yokohama, Nagoya, Sendai, …",2026-05-25,2026-05,stated by site,yes,,/blog/post/eitecprocojp/,leak site,leak site,,,,,
SafePay,olipes.com,olipes.com,ES,Spain,stated,Manufacturing,,inferred from description,,,,,,,"Founded in 1993 and headquartered in Campo Real, Madrid, the company has become an important independent manufacturer in the European …",2026-05-19,2026-05,stated by site,yes,,/blog/post/olipescom/,leak site,leak site,leak site,,,,
SafePay,hautarzt-budihardja.de,hautarzt-budihardja.de,DE,Germany,stated,Healthcare,,inferred from description,,,,,,,"The clinic is led by Dr. med. Debby Budihardja, a board-certified dermatologist and allergologist with extensive clinical experience gained at …",2026-05-18,2026-05,stated by site,yes,,/blog/post/hautarzt-budihardjade/,leak site,leak site,leak site,,,,
SafePay,printroom.co.uk,printroom.co.uk,GB,United Kingdom,stated,,,,,,,,,,"Founded in 1977, the company has evolved from a small blueprint-printing business into a large multi-service print agency serving corporate, …",2026-05-18,2026-05,stated by site,yes,,/blog/post/printroomcouk/,leak site,leak site,,,,,
SafePay,adlan.com,adlan.com,CA,Canada,stated,Technology,,inferred from description,,,,,,,"Founded in 1995, the company specializes in IT infrastructure, network design, cybersecurity, disaster recovery, and managed technology services for small …",2026-05-18,2026-05,stated by site,yes,,/blog/post/adlancom/,leak site,leak site,leak site,,,,
SafePay,berlinmobil.de,berlinmobil.de,DE,Germany,stated,Education,,inferred from description,,,,,,,"Is a German transportation company headquartered in Berlin, specializing in bus charter services, passenger transportation, school transport, and mobility solutions …",2026-05-18,2026-05,stated by site,yes,,/blog/post/berlinmobilde/,leak site,leak site,leak site,,,,
SafePay,harrisoncountywv.com,harrisoncountywv.com,US,United States,stated,,,,,,,,,,"The Commission functions as the executive administrative body for the county and is responsible for overseeing public infrastructure, fiscal management, …",2026-05-18,2026-05,stated by site,yes,,/blog/post/harrisoncountywvcom/,leak site,leak site,,,,,
SafePay,ashleytimber.co.uk,ashleytimber.co.uk,GB,United Kingdom,stated,,,,,,,,,,"Founded in 1988, the company operates as a family-run SME and has developed a strong regional presence in the North …",2026-05-18,2026-05,stated by site,yes,,/blog/post/ashleytimbercouk/,leak site,leak site,,,,,
SafePay,mediafrance.de,mediafrance.de,DE,Germany,stated,Media & Entertainment,,inferred from description,,,,,,,"The company operates primarily in France while maintaining media-related partnerships and activities across European markets, including Germany. Its business model …",2026-05-18,2026-05,stated by site,yes,,/blog/post/mediafrancede/,leak site,leak site,leak site,,,,
SafePay,studioubertazzi.it,studioubertazzi.it,IT,Italy,stated,Engineering & Architecture,,inferred from description,,,,,,,"Is an Italian firm that likely operates in the field of professional services such as architecture, design, or engineering consulting. …",2026-05-06,2026-05,stated by site,yes,,/blog/post/studioubertazziit/,leak site,leak site,leak site,,,,
SafePay,ettp.be,ettp.be,BE,Belgium,stated,Professional Services,,inferred from description,,,,,,,"Appears to be a Belgian-based entity likely involved in professional training, technology consulting, or industrial services. While detailed public data …",2026-05-06,2026-05,stated by site,yes,,/blog/post/ettpbe/,leak site,leak site,leak site,,,,
SafePay,mbk-gmbh.de,mbk-gmbh.de,DE,Germany,stated,,,,,,,,,,"Is a German industrial company specializing in metal processing and surface finishing technologies. The company provides services such as galvanizing, …",2026-05-06,2026-05,stated by site,yes,,/blog/post/mbk-gmbhde/,leak site,leak site,,,,,
SafePay,id-s.de,id-s.de,DE,Germany,stated,Professional Services,,web research,,,,,,,"Is a German company operating in the field of digital technologies and IT-related services. Although detailed public information is limited, …",2026-05-06,2026-05,stated by site,yes,,/blog/post/id-sde/,leak site,leak site,web,,,,
SafePay,jmige.com,jmige.com,US,United States,stated,,,,,,,,,,"JMIGE appears to be a company with limited publicly available information, making precise classification difficult. Based on naming conventions and …",2026-05-06,2026-05,stated by site,yes,,/blog/post/jmigecom/,leak site,leak site,,,,,
SafePay,gingerichtrucking.com,gingerichtrucking.com,US,United States,stated,Transportation & Logistics,,inferred from description,,,,,,,"Is a U.S.-based freight transportation company operating primarily in interstate logistics. The company specializes in hauling general freight, agricultural products …",2026-05-06,2026-05,stated by site,yes,,/blog/post/gingerichtruckingcom/,leak site,leak site,leak site,,,,
SafePay,smp.cat,smp.cat,ES,Spain,stated,Healthcare,,inferred from description,,,,,,,"Is a private healthcare organization based in Catalonia, Spain, operating in the Hospitals & Physicians Clinics sector. Founded in 1993 …",2026-05-06,2026-05,stated by site,yes,,/blog/post/smpcat/,leak site,leak site,leak site,,,,
SafePay,soavegel.it,soavegel.it,IT,Italy,stated,Manufacturing,,inferred from description,,,,,,,"Is an Italian food manufacturing company specializing in frozen gastronomic products. Founded in 1935 in Francavilla Fontana, the company has …",2026-05-06,2026-05,stated by site,yes,,/blog/post/soavegelit/,leak site,leak site,leak site,,,,
SafePay,globalmerchservices.com,globalmerchservices.com,GB,United Kingdom,stated,Media & Entertainment,,inferred from description,,,,,,,Global Merchandising Services (GMS) is an international entertainment merchandising company founded in 2008. It specializes in developing and managing merchandise …,2026-05-06,2026-05,stated by site,yes,,/blog/post/globalmerchservicescom/,leak site,leak site,leak site,,,,
SafePay,hokuyo2006.co.jp,hokuyo2006.co.jp,JP,Japan,stated,Transportation & Logistics,,inferred from description,,,,,,,"Is a Japanese company that operates as part of a larger industrial group connected to packaging, logistics, and housing-related businesses. …",2026-05-04,2026-05,stated by site,yes,,/blog/post/hokuyo2006cojp/,leak site,leak site,leak site,,,,
SafePay,fital-treppenlifte.de,fital-treppenlifte.de,DE,Germany,stated,Retail & Wholesale,,web research,,,,,,,Is a German company specializing in stairlifts and mobility solutions for individuals with reduced mobility. The company operates in the …,2026-05-04,2026-05,stated by site,yes,,/blog/post/fital-treppenliftede/,leak site,leak site,web,,,,
SafePay,zonaovest.to.it,zonaovest.to.it,IT,Italy,stated,Government,,web research,,,,,,,Is likely an Italian regional organization or consortium based in the Turin (Torino) area. Entities with similar naming conventions in …,2026-05-04,2026-05,stated by site,yes,,/blog/post/zonaovesttoit/,leak site,leak site,web,,,,
SafePay,maiadouro.pt,maiadouro.pt,PT,Portugal,stated,Agriculture & Food,,inferred from description,,,,,,,"Appears to be a Portuguese company connected to the Douro region, which is internationally known for wine production and agriculture. …",2026-05-04,2026-05,stated by site,yes,,/blog/post/maiadouropt/,leak site,leak site,leak site,,,,
SafePay,dahlgrenscement.se,dahlgrenscement.se,SE,Sweden,inferred from domain,Construction,,inferred from description,,,,,,,"Is a Swedish company operating in the construction materials sector, particularly focused on cement and related building products. Companies in …",2026-05-04,2026-05,stated by site,yes,,/blog/post/dahlgrenscementse/,leak site,leak site,leak site,,,,
SafePay,bootstransport.ca,bootstransport.ca,CA,Canada,stated,Transportation & Logistics,,inferred from description,,,,,,11-50,Is a Canadian transportation and logistics company specializing in freight delivery and supply chain services. The company primarily operates in …,2026-05-04,2026-05,stated by site,yes,,/blog/post/bootstransportca/,leak site,leak site,leak site,,web,,
SafePay,hpk.hamburg,hpk.hamburg,DE,Germany,stated,,,,,,,,,,"Is a Hamburg-based, family-run international trading company with over 50 years of experience, specializing in premium meat and seafood imports. …",2026-05-01,2026-05,stated by site,yes,,/blog/post/hpkhamburg/,leak site,leak site,,,,,
SafePay,energyaction.com.au,energyaction.com.au,AU,Australia,stated,Energy & Utilities,,inferred from description,,,,,,,Is an energy management and consulting company that helps businesses reduce their energy costs and carbon emissions. Its main services …,2026-05-01,2026-05,stated by site,yes,,/blog/post/energyactioncomau/,leak site,leak site,leak site,,,,
SafePay,cheeky.com.ar,cheeky.com.ar,AR,Argentina,stated,,,,,,,,,,"Cheeky is a well-established Argentine children’s fashion brand owned by CHEEK S.A., headquartered in Martínez, Buenos Aires Province. Founded in …",2026-04-16,2026-04,stated by site,yes,,/blog/post/cheekycomar/,leak site,leak site,,,,,
SafePay,bbalawgroup.com,bbalawgroup.com,US,United States,stated,Retail & Wholesale,,inferred from description,,,,,,,"Also referred to as BBA Immigration, is a boutique U.S. legal practice headquartered in Houston, Texas, specialising in immigration law …",2026-04-16,2026-04,stated by site,yes,,/blog/post/bbalawgroupcom/,leak site,leak site,leak site,,,,
SafePay,st-bernards.bham.sch.uk,st-bernards.bham.sch.uk,GB,United Kingdom,stated,Education,,inferred from description,,,,,,,"St Bernard’s provides primary education for children, including: English, maths, science and general curriculum subjects Religious education (Catholic values are …",2026-04-16,2026-04,stated by site,yes,,/blog/post/st-bernardsbhamschuk/,leak site,leak site,leak site,,,,
SafePay,favellefavco.com,favellefavco.com,AU,Australia,stated,Manufacturing,,inferred from description,,,,,,,"Favelle Favco is a leading manufacturer of heavy-duty cranes, including: - tower cranes - offshore cranes - wharf and marine …",2026-04-16,2026-04,stated by site,yes,,/blog/post/favellefavcocom/,leak site,leak site,leak site,,,,
SafePay,thruwayplumbingservice.com,thruwayplumbingservice.com,US,United States,stated,Construction,,inferred from description,,,,,,,"The business provides standard residential and commercial plumbing services, including: - Leak detection and pipe repair - Drain cleaning and …",2026-04-16,2026-04,stated by site,yes,,/blog/post/thruwayplumbingservicecom/,leak site,leak site,leak site,,,,
SafePay,lynxprecast.co.uk,lynxprecast.co.uk,GB,United Kingdom,stated,Construction,,inferred from description,,,,,,,"Lynx Precast Ltd is a UK-based construction manufacturing company specialising in the design, manufacture and installation of precast concrete products …",2026-04-16,2026-04,stated by site,yes,,/blog/post/lynxprecastcouk/,leak site,leak site,leak site,,,,
SafePay,genealogysa.org.au,genealogysa.org.au,AU,Australia,stated,Non-profit,,inferred from description,,,,,,,"Genealogy SA, formally known as the South Australian Genealogy & Heraldry Society, is a leading Australian nonprofit organisation dedicated to …",2026-04-16,2026-04,stated by site,yes,,/blog/post/genealogysaorgau/,leak site,leak site,leak site,,,,
SafePay,abfall-kreis-kassel.de,abfall-kreis-kassel.de,DE,Germany,stated,,,,,,,,,,"The website abfall-kreis-kassel.de represents the Abfallentsorgung Kreis Kassel, a publicly owned waste management entity (Eigenbetrieb) operated by the district of …",2026-04-16,2026-04,stated by site,yes,,/blog/post/abfall-kreis-kasselde/,leak site,leak site,,,,,
SafePay,academyhealth.org,academyhealth.org,US,United States,stated,Education,,inferred from description,,,,,,,"Is a U.S.-based nonprofit professional organization headquartered in Washington, D.C., dedicated to advancing the fields of health services research and …",2026-04-06,2026-04,stated by site,yes,,/blog/post/academyhealthorg/,leak site,leak site,leak site,,,,
SafePay,brookercg.com,brookercg.com,US,United States,stated,Construction,,inferred from description,,,,,,,"Is a privately held American general contracting and construction management company headquartered in Chattanooga, Tennessee. Founded in 2015 by Rod …",2026-03-24,2026-03,stated by site,yes,,/blog/post/brookercgcom/,leak site,leak site,leak site,,,,
SafePay,thenavigatorcompany.com,thenavigatorcompany.com,PT,Portugal,stated,Manufacturing,,inferred from description,,,,,,,"Is a major Portuguese producer of forestry, pulp, paper, tissue, and sustainable packaging solutions, recognized as Europe's largest manufacturer of …",2026-03-17,2026-03,stated by site,yes,,/blog/post/thenavigatorcompanycom/,leak site,leak site,leak site,,,,
SafePay,mattandsteve.com,mattandsteve.com,CA,Canada,stated,Manufacturing,,inferred from description,,,,,,,"Is a Canadian food manufacturer based in Mississauga, Ontario, founded in 2000 by Matthew Larochelle and Steve McVicker. Known for …",2026-03-17,2026-03,stated by site,yes,,/blog/post/mattandstevecom/,leak site,leak site,leak site,,,,
SafePay,briwaycarriers.com,briwaycarriers.com,CA,Canada,stated,Transportation & Logistics,,inferred from description,,,,,,,"Ontario-based transportation company specializing in specialized freight, including a dedicated glass division and agricultural services. They offer global supply chain …",2026-03-17,2026-03,stated by site,yes,,/blog/post/briwaycarrierscom/,leak site,leak site,leak site,,,,
SafePay,tiefenbachergroup.com,tiefenbachergroup.com,DE,Germany,stated,Healthcare,,inferred from description,,,,,,,"Is a 100% family-owned, leading global healthcare company founded in 1963 and based in Hamburg, Germany. The company operates across …",2026-03-17,2026-03,stated by site,yes,,/blog/post/tiefenbachergroupcom/,leak site,leak site,leak site,,,,
SafePay,smileteam.com.au,smileteam.com.au,AU,Australia,stated,Healthcare,,inferred from description,,,,,,,Is a privately owned Australian healthcare company specialising in orthodontic treatment and dental alignment services. The organisation was founded around …,2026-03-06,2026-03,stated by site,yes,,/blog/post/smileteamcomau/,leak site,leak site,leak site,,,,
SafePay,ripobec.com,ripobec.com,CA,Canada,stated,Agriculture & Food,,inferred from description,,,,,,,"Is a Canadian family-owned agricultural supply company headquartered in Saint-Apollinaire, Quebec, specialising in the production and distribution of premium wood …",2026-03-03,2026-03,stated by site,yes,,/blog/post/ripobeccom/,leak site,leak site,leak site,,,,
SafePay,Franz-Sales-Haus.de,franz-sales-haus.de,DE,Germany,stated,Manufacturing,,inferred from description,,,,,,,"Located at Steeler Straße 261, 45138 Essen, is a support organization dedicated to empowering people with disabilities to live self-determined …",2026-03-03,2026-03,stated by site,yes,,/blog/post/franz-sales-hausde/,leak site,leak site,leak site,,,,
SafePay,groupepiche.ca,groupepiche.ca,CA,Canada,stated,Construction,,inferred from description,,,,,,,"Is a privately held Canadian construction and interior systems company headquartered in Ferme-Neuve, Québec with additional offices in Boisbriand (QC), …",2026-02-07,2026-02,stated by site,yes,,/blog/post/groupepicheca/,leak site,leak site,leak site,,,,
SafePay,kres.cz,kres.cz,CZ,Czechia,stated,Retail & Wholesale,,web research,,,,,,,"Czech small-to-medium enterprise headquartered in Krnov – Pod Cvilínem, Czech Republic. The company specialises in the sale, repair and servicing …",2026-02-07,2026-02,stated by site,yes,,/blog/post/krescz/,leak site,leak site,web,,,,
SafePay,atadler.com.sg,atadler.com.sg,SG,Singapore,stated,,,,,,,,,,"Is a Singapore-based accounting, auditing and bookkeeping services firm that has been operating as a registered partnership since 25 October …",2026-02-07,2026-02,stated by site,yes,,/blog/post/atadlercomsg/,leak site,leak site,,,,,
SafePay,freidarothman.com,freidarothman.com,US,United States,stated,Retail & Wholesale,,web research,,,,,,,"Based jewelry and accessories brand founded and led by designer Freida Rothman, who grew up in Brooklyn and comes from …",2026-01-26,2026-01,stated by site,yes,,/blog/post/freidarothmancom/,leak site,leak site,web,,,,
SafePay,adifse.com.ar,adifse.com.ar,AR,Argentina,stated,Transportation & Logistics,,web research,,,,,,,ADIFSE — formally the Administración de Infraestructuras Ferroviarias Sociedad del Estado — is a state-owned railway infrastructure company in Argentina …,2026-01-24,2026-01,stated by site,yes,,/blog/post/adifsecomar/,leak site,leak site,web,,,,
SafePay,lcpublishinggroup.com,lcpublishinggroup.com,IT,Italy,stated,Media & Entertainment,,inferred from description,,,,,,,"LC Publishing Group S.p.A. is an international digital publishing and information services company headquartered in Milan, Italy. Founded in 2011, …",2026-01-24,2026-01,stated by site,yes,,/blog/post/lcpublishinggroupcom/,leak site,leak site,leak site,,,,
SafePay,gsglobalresources.com,gsglobalresources.com,US,United States,stated,Manufacturing,,web research,,,,,,,"GS Global Resources (often abbreviated GSGR) is an American industrial engineering and machine-performance solutions company headquartered in Mukwonago, Wisconsin. Founded …",2026-01-24,2026-01,stated by site,yes,,/blog/post/gsglobalresourcescom/,leak site,leak site,web,,,,
SafePay,interr.com,interr.com,GB,United Kingdom,stated,Professional Services,,web research,,,,,,,"Interr is a privately held security and risk-management services company headquartered at The Loom, 14 Gower’s Walk, London, UK. Established …",2026-01-24,2026-01,stated by site,yes,,/blog/post/interrcom/,leak site,leak site,web,,,,
SafePay,superiordrywall.com,superiordrywall.com,US,United States,stated,Construction,,web research,,,,,,,"Superior Drywall is an established American commercial drywall contracting company based in Oxnard, California, specialising in a range of interior …",2026-01-24,2026-01,stated by site,yes,,/blog/post/superiordrywallcom/,leak site,leak site,web,,,,
SafePay,trulinemfg.com,trulinemfg.com,US,United States,stated,Manufacturing,,inferred from description,,,,,,,"Tru-Line Manufacturing Company is an American industrial fabrication firm headquartered in Decatur, Alabama that specialises in the metal fabrication of …",2026-01-24,2026-01,stated by site,yes,,/blog/post/trulinemfgcom/,leak site,leak site,leak site,,,,
SafePay,rlc.es,rlc.es,ES,Spain,stated,Transportation & Logistics,,inferred from description,,,,,,,"RLC Transportes (operating under Rau Load Cargo, S.L.) is a Spanish logistics and freight-transport company based in El Puig de …",2026-01-23,2026-01,stated by site,yes,,/blog/post/rlces/,leak site,leak site,leak site,,,,
SafePay,greenhouseapt.com,greenhouseapt.com,US,United States,stated,,,,,,,,,,The Greenhouse is an apartment building and management/letting operation in Boston’s Back Bay / South End that offers 1–3 bedroom …,2026-01-19,2026-01,stated by site,yes,,/blog/post/greenhouseaptcom/,leak site,leak site,,,,,
SafePay,ipu.co.il,ipu.co.il,IL,Israel,inferred from domain,Manufacturing,,inferred from description,,,,,,,"IPU Industries Ltd. is a privately held Israeli industrial manufacturing company headquartered in Kiryat Gat, Israel, specialising in advanced plastic …",2026-01-19,2026-01,stated by site,yes,,/blog/post/ipucoil/,leak site,leak site,leak site,,,,
SafePay,wohnverbund-st-gertrud.de,wohnverbund-st-gertrud.de,DE,Germany,stated,,,,,,,,,,"Wohnverbund St. Gertrud is a German social care and residential support organisation located in Morsbach, North Rhine-Westphalia, Germany. It operates …",2026-01-19,2026-01,stated by site,yes,,/blog/post/wohnverbund-st-gertrudde/,leak site,leak site,,,,,
SafePay,abcseamless.com,abcseamless.com,US,United States,stated,Manufacturing,,inferred from description,,,,,,,"ABC Seamless is a U.S.-based home improvement and exterior construction company that specialises in custom on-site manufactured seamless steel siding, …",2026-01-19,2026-01,stated by site,yes,,/blog/post/abcseamlesscom/,leak site,leak site,leak site,,,,
Qilin,SKLG,sklg.co.jp,JP,Japan,inferred from domain,Transportation & Logistics,Freight & Logistics Services,stated by site,,,,,,,,2026-09-28,2026-09,stated by site,yes,,e4ca4a99-9da8-4c14-83be-73af4d9399c1,leak site,leak site,leak site,,,,
Qilin,"Nissho Electric Manufacturing Co., Ltd.",nisshodenki.com,,,,Manufacturing,Electronics,stated by site,,,,,,,,2026-09-28,2026-09,stated by site,yes,,b3c39ce9-f3f9-4f54-bb68-2978f06c4034,leak site,,leak site,,,,
Qilin,Island,island.ca,CA,Canada,inferred from domain,Professional Services,Business Services,stated by site,,,,,,,,2026-09-27,2026-09,stated by site,yes,,507b6770-93b2-456b-bc96-6e4b2bb9ce72,leak site,leak site,leak site,,,,
Qilin,XICO,xicoled.com,,,,Construction,Building Materials,stated by site,,,,,,,,2026-09-27,2026-09,stated by site,yes,,dc126a0f-d8c2-4bee-84ac-31e60c0d895f,leak site,,leak site,,,,
Qilin,Willatt & Flickinger,wfaustin.com,,,,Legal,Law Firms & Legal Services,stated by site,,,,,,,,2026-09-27,2026-09,stated by site,yes,,e61f21e4-4a24-4e6a-8cea-19b6a71f4156,leak site,,leak site,,,,
Qilin,Revenga Smart Solutions,gruporevenga.com,,,,Professional Services,Business Services,stated by site,,,,,,,,2026-09-27,2026-09,stated by site,yes,,afd7850c-c193-4be3-86d1-cac552d102cd,leak site,,leak site,,,,
Qilin,Iberia Compositech Manufacturing,iberiacompositech.com,,,,Manufacturing,Manufacturing,stated by site,,,,,,,,2026-09-25,2026-09,stated by site,yes,,7216d103-276c-431e-845d-7823ad98e49c,leak site,,leak site,,,,
Qilin,Zig Inge Group,prospecthillcamberwell.com.au,AU,Australia,inferred from domain,Real Estate,Real Estate,stated by site,,,,,,,,2026-09-24,2026-09,stated by site,yes,,92ed0a7b-8086-48bb-8c9c-20e3ed63b824,leak site,leak site,leak site,,,,
Qilin,Inversiones Bolívar,proyectosdevida.com,,,,Insurance,Insurance,stated by site,,,,,,,,2026-09-24,2026-09,stated by site,yes,,61f1a3c2-35f4-4e9c-bf6a-0810d76a9301,leak site,,leak site,,,,
Qilin,All Tech Machine & Engineering,alltechinc.com,,,,Manufacturing,Industrial Machinery & Equipment,stated by site,,,,,,,,2026-09-24,2026-09,stated by site,yes,,7e47d831-2b0b-4644-991d-116cb3389810,leak site,,leak site,,,,
Qilin,GDM Pipelines,gdmpipelines.com,,,,Technology,Software,stated by site,,,,,,,,2026-09-24,2026-09,stated by site,yes,,6ef74131-42a5-4aef-965b-c9da75651160,leak site,,leak site,,,,
Qilin,Agora coopérative agricole,coopagora.fr,FR,France,inferred from domain,Agriculture & Food,Agriculture,stated by site,,,,,,,,2026-09-24,2026-09,stated by site,yes,,02785247-5bb1-42b8-aa7f-3dd0d96e2dc3,leak site,leak site,leak site,,,,
Qilin,Inkript,inkript.com,,,,Technology,Software,stated by site,,,,,,,,2026-09-23,2026-09,stated by site,yes,,c00850af-26d2-4aa1-b166-27dba50087a6,leak site,,leak site,,,,
Qilin,The Fifty/50,thefifty50.com,,,,Hospitality & Travel,Hospitality,stated by site,,,,,,,,2026-09-22,2026-09,stated by site,yes,,83a4106b-ded9-491f-82ff-e55b5142dc8a,leak site,,leak site,,,,
Qilin,Textile City,textilecity.ca,CA,Canada,inferred from domain,Retail & Wholesale,Home Improvement & Hardware Retail,stated by site,,,,,,,,2026-09-22,2026-09,stated by site,yes,,3754a51f-623d-45ca-b05a-5fa9c39d6b14,leak site,leak site,leak site,,,,
Qilin,Columbus Informatica,columbusinformatica.it,IT,Italy,inferred from domain,Technology,Software,stated by site,,,,,,,,2026-09-22,2026-09,stated by site,yes,,e2830711-e339-4a2b-8f79-8dfdeef6dce9,leak site,leak site,leak site,,,,
Qilin,Telrad Networks,telrad.com,,,,Manufacturing,Manufacturing,stated by site,,,,,,,,2026-09-21,2026-09,stated by site,yes,,6a6c3ac8-92be-470d-b07f-0e338cd2c2af,leak site,,leak site,,,,
Qilin,IKEGAMI TSUSHINKI COMPANY LIMITED,ikegami.co.jp,JP,Japan,inferred from domain,Manufacturing,Electronics,stated by site,,,,,,,,2026-09-21,2026-09,stated by site,yes,,337a2e3e-edbf-4a8e-9b75-157296837da2,leak site,leak site,leak site,,,,
Qilin,ShopDunk,shopdunk.com,VN,Vietnam,web research,Professional Services,Business Services,stated by site,,,,,,,,2026-09-20,2026-09,stated by site,yes,,283a4d27-c413-4819-9937-3ea8ec6725c7,leak site,web,leak site,,,,
Qilin,Zorlu Holding,zorlu.com,TR,Turkey,web research,Holding Companies,Holding Companies & Conglomerates,stated by site,9300000000,,,,,36000,,2026-09-20,2026-09,stated by site,yes,,51f10216-38bf-4521-a65e-4d8e1cad8cd6,leak site,web,leak site,web,web,,
Qilin,Touring Club Suisse,tcs.ch,CH,Switzerland,inferred from domain,Hospitality & Travel,Hospitality,stated by site,,,,,,1900,,2026-09-20,2026-09,stated by site,yes,,e220ce0a-da54-4c3e-84ef-163069506fd3,leak site,leak site,leak site,,web,,
Qilin,KMLS,kmls.de,DE,Germany,inferred from domain,Construction,Construction,stated by site,,,,,,,,2026-09-20,2026-09,stated by site,yes,,7daa7895-84f8-4fbd-8985-f6edc7e64dc5,leak site,leak site,leak site,,,,
Qilin,Inland and Offshore Contractors,iocltt.com,,,,Construction,Civil Engineering Construction,stated by site,,,,,,,,2026-09-18,2026-09,stated by site,yes,,16806e54-1da3-4aa8-863c-e92e922afbcb,leak site,,leak site,,,,
Qilin,Grupo Juste,grupojuste.com,,,,Manufacturing,Manufacturing,stated by site,,,,,,,,2026-09-18,2026-09,stated by site,yes,,d44f5165-81b9-4f2b-a94c-8fcbf7602ca9,leak site,,leak site,,,,
Qilin,Futuro Forestal,futuroforestal.com,PA,Panama,web research,Agriculture & Food,Agriculture,stated by site,,,,,,,,2026-09-18,2026-09,stated by site,yes,,34e3efee-621c-4d46-9791-50f56711a881,leak site,web,leak site,,,,
Qilin,Ceres Tolvas,cerestolvas.com.ar,AR,Argentina,inferred from domain,Professional Services,Business Services,stated by site,,,,,,,,2026-09-18,2026-09,stated by site,yes,,6693ceb2-7649-44c6-917b-c4d3e3d4d027,leak site,leak site,leak site,,,,
Qilin,Ascend Com,ascendcom.com.sg,SG,Singapore,inferred from domain,Professional Services,Business Services,stated by site,,,,,,,,2026-09-18,2026-09,stated by site,yes,,27ad9490-4a4f-461f-bd1f-3e86dd364b6e,leak site,leak site,leak site,,,,
Qilin,Vigatec,vigatec.com,,,,Professional Services,Business Services,stated by site,,,,,,,,2026-09-17,2026-09,stated by site,yes,,17c492a1-01f4-417a-a5b2-054009087ccb,leak site,,leak site,,,,
Qilin,Invincible GG,invinciblegg.com,,,,Professional Services,Business Services,stated by site,,,,,,,,2026-09-17,2026-09,stated by site,yes,,b134bc7a-1f8f-4ef3-8397-df4f5fc37d50,leak site,,leak site,,,,
Qilin,The Gran Hotel Ingles,granhotelingles.com,,,,Hospitality & Travel,Hospitality,stated by site,,,,,,,,2026-09-17,2026-09,stated by site,yes,,3343be57-81f3-4d30-9288-164ff3e08a4c,leak site,,leak site,,,,
Qilin,Techwise,techwise.com.ar,AR,Argentina,inferred from domain,Professional Services,Business Services,stated by site,,,,,,,,2026-09-17,2026-09,stated by site,yes,,cb9f4dc6-aaa4-4f2e-bd06-1ed0bcadf0c5,leak site,leak site,leak site,,,,
Qilin,In The Company of Huskies,inthecompanyofhuskies.com,,,,Professional Services,Advertising & Marketing,stated by site,,,,,,,,2026-09-16,2026-09,stated by site,yes,,ec979c95-ef83-4795-bd28-0f493f2488ca,leak site,,leak site,,,,
Qilin,Reddrop Group,reddrop.com.au,AU,Australia,inferred from domain,Retail & Wholesale,Grocery Retail,stated by site,,,,,,,,2026-09-16,2026-09,stated by site,yes,,c394bf70-d7e3-4abc-a1ee-75daf9e0992c,leak site,leak site,leak site,,,,
Qilin,Thema Foundries,thema-foundries.com,,,,Professional Services,Business Services,stated by site,,,,,,,,2026-09-16,2026-09,stated by site,yes,,37cc9331-88ba-48f1-ab5c-a4636f8fbd84,leak site,,leak site,,,,
Qilin,Aarsleff,aarsleff.se,SE,Sweden,inferred from domain,Construction,Construction,stated by site,,,,,,,,2026-09-16,2026-09,stated by site,yes,,6670e26d-3391-43e8-bcb6-f00c2ba10bc7,leak site,leak site,leak site,,,,
Qilin,Bravo Group,bravotankers.com,,,,Transportation & Logistics,Freight & Logistics Services,stated by site,,,,,,,,2026-09-15,2026-09,stated by site,yes,,915681b7-127a-4db5-a18a-952d77b7e01f,leak site,,leak site,,,,
Qilin,Incrys,incrys.com,,,,Professional Services,Business Services,stated by site,,,,,,,,2026-09-15,2026-09,stated by site,yes,,d4f33d3a-df92-4eed-9c31-9d38f2c19774,leak site,,leak site,,,,
Qilin,Geieg,geieg.cat,,,,Hospitality & Travel,Fitness & Dance Facilities,stated by site,,,,,,,,2026-09-15,2026-09,stated by site,yes,,2ef6fb03-1fbe-4abd-a5fe-a426aa536a01,leak site,,leak site,,,,
Qilin,Thorndale Foundation,thorndale.com.au,AU,Australia,inferred from domain,Non-profit,Non-Profit & Charitable Organizations,stated by site,,,,,,,,2026-09-15,2026-09,stated by site,yes,,37d18455-0338-497c-a8dd-0897783de757,leak site,leak site,leak site,,,,
Qilin,Taurus Ibérica,taurusiberica.com,,,,Real Estate,Real Estate,stated by site,,,,,,,,2026-09-15,2026-09,stated by site,yes,,e736dba2-53b9-47d9-ab90-d0323a16d52c,leak site,,leak site,,,,
Qilin,Montana Civil Contractors,montanacivil.com,,,,Construction,Civil Engineering Construction,stated by site,,,,,,,,2026-09-15,2026-09,stated by site,yes,,d65e87f6-87ac-4c71-9a14-28a43dac92a0,leak site,,leak site,,,,
Qilin,Resolve Law Group,resolvelawgroup.com,,,,Legal,Law Firms & Legal Services,stated by site,,,,,,,,2026-09-15,2026-09,stated by site,yes,,6ad7379f-bc30-496b-97dd-cf671089f9ad,leak site,,leak site,,,,
Qilin,ADM,adm.com,,,,Agriculture & Food,Food & Beverage,stated by site,,,,,,,,2026-09-15,2026-09,stated by site,yes,,139dec8c-f16d-4463-8545-768524251858,leak site,,leak site,,,,
Qilin,Foremost Mfg,foremost-mfg.com,,,,Construction,Building Materials,stated by site,,,,,,,,2026-09-14,2026-09,stated by site,yes,,8c383a4f-657f-492e-b53f-2c8e1f7e969f,leak site,,leak site,,,,
Qilin,Minmer Global,minmerglobal.com,MX,Mexico,web research,Transportation & Logistics,Freight & Logistics Services,stated by site,,,,,,,,2026-09-14,2026-09,stated by site,yes,,b0a73afa-8691-486a-993f-e8ee4f7b9708,leak site,web,leak site,,,,
Qilin,RoadEx America,roadexamerica.com,US,United States,web research,Transportation & Logistics,Freight & Logistics Services,stated by site,,,,,,,,2026-09-14,2026-09,stated by site,yes,,c2ad6e8b-c40f-4eae-adc9-a5af23fe3a1c,leak site,web,leak site,,,,
Qilin,"Winston Contracting, LLC",winstoncontracting.com,,,,Professional Services,Business Services,stated by site,,,,,,,,2026-09-14,2026-09,stated by site,yes,,9c77bb42-e3c4-49d5-8fdb-a097b73fb156,leak site,,leak site,,,,
Qilin,Vitar Group,vitargroup.com,MY,Malaysia,web research,Manufacturing,Electronics,stated by site,,,,,,,,2026-09-14,2026-09,stated by site,yes,,1d29235a-7712-4e5a-a994-c4f62ec7831d,leak site,web,leak site,,,,
Qilin,Alicotrans,alicotrans.com,,,,Transportation & Logistics,Freight & Logistics Services,stated by site,,,,,,,,2026-09-14,2026-09,stated by site,yes,,3c7074c9-ccce-42c3-99a3-8bd348be3be2,leak site,,leak site,,,,
Qilin,Gilco Scaffolding,gilcoscaffolding.com,,,,Construction,Construction,stated by site,,,,,,,,2026-09-13,2026-09,stated by site,yes,,1533a709-2f85-43a0-a314-83dcdd269b2f,leak site,,leak site,,,,
Qilin,CARIDRO VAL DE LOIRE,caridrovaldeloire.fr,FR,France,inferred from domain,Professional Services,Business Services,stated by site,,,,,,,,2026-09-13,2026-09,stated by site,yes,,224e65b0-92cc-464a-871e-518f88a99685,leak site,leak site,leak site,,,,
Qilin,Imperial Healthcare Solutions,,,,,Healthcare,Healthcare Services,stated by site,,,,,,,,2026-09-11,2026-09,stated by site,yes,,c696224e-7b55-42fd-975d-523482859420,,,leak site,,,,
Qilin,Bcfpers,bcfpers.org,US,United States,web research,Insurance,Insurance,stated by site,,,,,,,,2026-09-10,2026-09,stated by site,yes,,1671bafb-3a12-471f-ab16-870a1f47257e,leak site,web,leak site,,,,
Qilin,"Mitsuwa Trading Co., Ltd",e-mitsuwa.com,JP,Japan,web research,Professional Services,Business Services,stated by site,,,,,,,,2026-09-09,2026-09,stated by site,yes,,84596ac3-df07-4e54-9c58-c25effad7e42,leak site,web,leak site,,,,
Qilin,Jet Specialty,jetspecialty.com,US,United States,web research,Manufacturing,Industrial Machinery & Equipment,stated by site,,,,,,,,2026-09-09,2026-09,stated by site,yes,,503493c0-dba3-40f5-89ff-e0c9c0619fbf,leak site,web,leak site,,,,
Qilin,Alaska Electrical Apprenticeship,alaskaelectricalapprenticeship.org,,,,Education,Education,stated by site,,,,,,,,2026-09-08,2026-09,stated by site,yes,,70fa650d-b9a1-4f47-89cb-9551f5266355,leak site,,leak site,,,,
Qilin,Partners Group SK,partnersgroup.sk,SK,Slovakia,inferred from domain,Financial Services,Finance,stated by site,,,,,,,,2026-09-07,2026-09,stated by site,yes,,ec038569-39b2-414e-bd92-45f99e174f42,leak site,leak site,leak site,,,,
Qilin,Jbc,jbctools.com,,,,Manufacturing,"Hand, Power & Lawn-care Tools",stated by site,,,,,,,,2026-09-07,2026-09,stated by site,yes,,c2e31628-1690-4103-bed1-43a28ade6e0d,leak site,,leak site,,,,
Qilin,The Big Table,bigtablegroup.com,,,,Hospitality & Travel,Hospitality,stated by site,,,,,,,,2026-09-05,2026-09,stated by site,yes,,58349bee-bd7c-491c-ae26-f8d92e517b40,leak site,,leak site,,,,
Qilin,Colonial Hyundai,colonialhyundai.com,,,,Automotive,Automotive Parts,stated by site,,,,,,,,2026-09-05,2026-09,stated by site,yes,,05e13c6e-47a3-4022-abf1-06eae70f1662,leak site,,leak site,,,,
Qilin,Nolan Consulting Group,nolancg.com,,,,Professional Services,Business Services,stated by site,,,,,,,,2026-09-05,2026-09,stated by site,yes,,407b8f19-2224-49bc-8b77-b75fc879d2eb,leak site,,leak site,,,,
Qilin,G&S Technologies,gstechnologies.com,,,,Energy & Utilities,"Energy, Utilities & Waste",stated by site,,,,,,,,2026-09-05,2026-09,stated by site,yes,,443343d0-78e2-4240-833c-478a6c9bc3c2,leak site,,leak site,,,,
Qilin,Jouvet SAS,jouvet-sas.fr,FR,France,inferred from domain,Construction,Construction,stated by site,,,,,,,,2026-09-05,2026-09,stated by site,yes,,ee0464c8-913c-4fec-bf54-04737c76b065,leak site,leak site,leak site,,,,
Qilin,Bauman Law Group,baumanlawgroup.com,,,,Legal,Law Firms & Legal Services,stated by site,,,,,,,,2026-09-05,2026-09,stated by site,yes,,e46fa1b8-8412-4232-9d35-bec750d2f148,leak site,,leak site,,,,
Qilin,Philippine Ports Authority,ppa.com.ph,PH,Philippines,inferred from domain,Professional Services,Business Services,stated by site,,,,,,,,2026-09-05,2026-09,stated by site,yes,,65f2d9fb-d508-4c18-84e1-14defac537bb,leak site,leak site,leak site,,,,
Qilin,AP CAPITAL PARTNERS LIMITED,apcapitalpartners.com,,,,Professional Services,Business Services,stated by site,,,,,,,,2026-09-04,2026-09,stated by site,yes,,1494ea59-5072-4eaa-a7ec-92aa902485ad,leak site,,leak site,,,,
Qilin,Commission de la construction du Quebec (CCQ),ccq.org,,,,Government,Government,stated by site,,,,,,,,2026-09-03,2026-09,stated by site,yes,,a2710463-aa0e-4555-be9c-57188ff6434c,leak site,,leak site,,,,
Qilin,Tanner,tanner.cl,CL,Chile,inferred from domain,Financial Services,Finance,stated by site,,,,,,,,2026-09-02,2026-09,stated by site,yes,,285a4356-5f48-45b3-b1ce-a250aab638a8,leak site,leak site,leak site,,,,
Qilin,Stryker,stryker.com,,,,Manufacturing,Manufacturing,stated by site,,,,,,,,2026-09-02,2026-09,stated by site,yes,,848bef28-f46d-4b0d-a680-695fe326d2dd,leak site,,leak site,,,,
Qilin,Uak University,usak.edu.tr,TR,Turkey,inferred from domain,Education,Education,stated by site,,,,,,,,2026-09-02,2026-09,stated by site,yes,,759965bf-44b5-4772-93e8-cbd8e8be702b,leak site,leak site,leak site,,,,
Qilin,Grayson Rural Electric Cooperative,graysonrecc.com,,,,Energy & Utilities,"Electricity, Oil & Gas",stated by site,,,,,,,,2026-09-02,2026-09,stated by site,yes,,678d1dd9-022a-4521-8317-67e56329d10e,leak site,,leak site,,,,
Qilin,Inmac,inmac.com.ar,AR,Argentina,inferred from domain,Engineering & Architecture,"Architecture, Engineering & Design",stated by site,,,,,,,,2026-08-31,2026-08,stated by site,yes,,e4d6313d-31ac-4c53-a057-78763996a847,leak site,leak site,leak site,,,,
Qilin,Allied Recycling,alliedrecycling.ie,IE,Ireland,inferred from domain,Energy & Utilities,"Energy, Utilities & Waste",stated by site,,,,,,,,2026-08-31,2026-08,stated by site,yes,,e7223d63-284f-41ed-92ad-ff78a88d557a,leak site,leak site,leak site,,,,
Qilin,Complete Packaging Solutions,completepackaginggroup.com,,,,Professional Services,Business Services,stated by site,,,,,,,,2026-08-31,2026-08,stated by site,yes,,adec1c55-2d8f-4001-b107-5bc6e3433690,leak site,,leak site,,,,
Qilin,AFSARD,ipardpa.gov.mk,MK,North Macedonia,inferred from domain,Financial Services,Finance,stated by site,,,,,,,,2026-08-30,2026-08,stated by site,yes,,9136a394-e1a1-47ce-8fe6-16ed813a5d23,leak site,leak site,leak site,,,,
Qilin,Black Cat Engineering Construction Wll,blackcat.com.qa,QA,Qatar,inferred from domain,Construction,Civil Engineering Construction,stated by site,,,,,,,,2026-08-30,2026-08,stated by site,yes,,9b7d483d-aaa7-4da7-8724-a96e7005d141,leak site,leak site,leak site,,,,
Qilin,Absolute Consultancy Services,absolutecs.co.uk,GB,United Kingdom,inferred from domain,Professional Services,Business Services,stated by site,,,,,,,,2026-08-30,2026-08,stated by site,yes,,633d975c-e73f-462e-95fb-a372b53b600a,leak site,leak site,leak site,,,,
Qilin,Crystal Pharmatech,crystalbiosolutions.com,,,,Professional Services,Business Services,stated by site,,,,,,,,2026-08-30,2026-08,stated by site,yes,,9cc2365a-5fb6-4668-a614-7e65684bb18b,leak site,,leak site,,,,
Qilin,CareClinics,careclinics.com.my,MY,Malaysia,inferred from domain,Healthcare,,web research,,,,,,,,2026-08-29,2026-08,stated by site,yes,,d1947ee4-7210-4bf1-8c59-28faa9ac8495,leak site,leak site,web,,,,
Qilin,BLISS 1041,bliss1041.com,US,United States,web research,Financial Services,Accounting Services,stated by site,,,,,,,,2026-08-29,2026-08,stated by site,yes,,b03ebcee-148c-41f8-ba2e-30817cb3b4bb,leak site,web,leak site,,,,
Qilin,La Maison Des Travaux,lamaisondestravaux.com,FR,France,web research,Professional Services,Business Services,stated by site,,,,,,,,2026-08-29,2026-08,stated by site,yes,,fcb05123-2685-418f-8dd5-4c29a26ce6cb,leak site,web,leak site,,,,
Qilin,The Frame Group,framegroup.com.au,AU,Australia,inferred from domain,Professional Services,Business Services,stated by site,,,,,,,,2026-08-29,2026-08,stated by site,yes,,0b334ebb-408d-4b05-ba69-806e10a05580,leak site,leak site,leak site,,,,
Qilin,AUM Construction,auminc.us,US,United States,web research,Energy & Utilities,"Electricity, Oil & Gas",stated by site,,,,,,,,2026-08-29,2026-08,stated by site,yes,,8124695c-39b4-49fa-9835-d01eb7aa9cbb,leak site,web,leak site,,,,
Qilin,LAPoco Architects,laparchitects.com,,,,Engineering & Architecture,"Architecture, Engineering & Design",stated by site,,,,,,,,2026-08-29,2026-08,stated by site,yes,,2affb033-7e6a-48cc-be6d-8b0bcb395750,leak site,,leak site,,,,
Qilin,Neumaticos Corral S.A.,neumaticoscorral.com.ar,AR,Argentina,inferred from domain,Automotive,Automotive Parts,stated by site,,,,,,,,2026-08-29,2026-08,stated by site,yes,,5396431c-0700-4548-bcec-1ec417e29773,leak site,leak site,leak site,,,,
Qilin,Alter Consultores Legales,alterconsultores.es,ES,Spain,inferred from domain,Legal,Law Firms & Legal Services,stated by site,,,,,,,,2026-08-28,2026-08,stated by site,yes,,f1ab8b65-49c7-48f8-896a-75042a82c095,leak site,leak site,leak site,,,,
Qilin,Newton County School System,newtoncountyschools.org,,,,Education,Education,stated by site,,,,,,,,2026-08-28,2026-08,stated by site,yes,,d30bf640-c3c0-4fd8-a03f-1f4a9daf7726,leak site,,leak site,,,,
Qilin,Cosmocolor SA de CV,cosmocolor.com.mx,MX,Mexico,inferred from domain,Professional Services,Business Services,stated by site,,,,,,,,2026-08-28,2026-08,stated by site,yes,,920d72a2-e450-4ab2-9540-9fef193bf438,leak site,leak site,leak site,,,,
Qilin,Tramigo,tramigo.com,,,,Technology,Software,stated by site,,,,,,,,2026-08-28,2026-08,stated by site,yes,,8d83fa74-d33c-47dc-a5a6-c95d5fbabcd5,leak site,,leak site,,,,
Qilin,DigiGround,digiground.com.au,AU,Australia,inferred from domain,Professional Services,Business Services,stated by site,,,,,,,,2026-08-28,2026-08,stated by site,yes,,0cbc2586-f3cd-44fb-9de7-8867f181aac0,leak site,leak site,leak site,,,,
Qilin,Whitehouse,whitehouseandco.com,,,,Financial Services,Accounting Services,stated by site,,,,,,,,2026-08-28,2026-08,stated by site,yes,,f570d277-341f-44c6-b130-aa34613d0869,leak site,,leak site,,,,
Qilin,Infinnium,infinnium.com,,,,Legal,Law Firms & Legal Services,stated by site,,,,,,,,2026-08-28,2026-08,stated by site,yes,,3cdde6d5-319e-44d3-b122-150e36bab273,leak site,,leak site,,,,
Qilin,DAB Investments,dabinvestments.com,,,,Construction,Construction,stated by site,,,,,,,,2026-08-27,2026-08,stated by site,yes,,bbfd0a40-ca67-4852-9ba4-4857e21402ff,leak site,,leak site,,,,
Qilin,Globalport Terminals,globalports.com.ph,PH,Philippines,inferred from domain,Professional Services,Business Services,stated by site,,,,,,,,2026-08-27,2026-08,stated by site,yes,,c7669cd1-2ccb-423c-b143-1cde8f5b9ebf,leak site,leak site,leak site,,,,
Qilin,Dotlines,dotlines.com.sg,SG,Singapore,inferred from domain,Technology,Software,stated by site,,,,,,,,2026-08-27,2026-08,stated by site,yes,,87f7f4ad-285e-46b8-9a42-afc956fccac7,leak site,leak site,leak site,,,,
Qilin,Kling Automaten,kling-gmbh.de,DE,Germany,inferred from domain,Hospitality & Travel,Gambling & Gaming,stated by site,,,,,,,,2026-08-27,2026-08,stated by site,yes,,53842717-9218-4879-bfe2-2a902c5969d6,leak site,leak site,leak site,,,,
Qilin,GPS Grothkopp und Partner,gps-stb.de,DE,Germany,inferred from domain,Professional Services,Business Services,stated by site,,,,,,,,2026-08-27,2026-08,stated by site,yes,,c7521025-9199-4fb7-90ee-525c06e05792,leak site,leak site,leak site,,,,
Qilin,Open Sports,opensports.com.ar,AR,Argentina,inferred from domain,Retail & Wholesale,Retail · Pennsylvania,stated by site,,,,,,,,2026-08-27,2026-08,stated by site,yes,,f47c0dbd-4012-4282-905e-bd9ed4427463,leak site,leak site,leak site,,,,
Qilin,LGG Advisors,lggadvisors.com,,,,Professional Services,Business Services,stated by site,,,,,,,,2026-08-27,2026-08,stated by site,yes,,d741e592-139a-4048-95c3-ad4498fc54a2,leak site,,leak site,,,,
Qilin,Providence Investments,providenceinvestments.com,,,,Financial Services,Finance,stated by site,,,,,,,,2026-08-27,2026-08,stated by site,yes,,dd0f8be9-ac24-420c-80ec-d928241b7a66,leak site,,leak site,,,,
Qilin,Displaydata,displaydata.com,,,,Manufacturing,Electronics,stated by site,,,,,,,,2026-08-27,2026-08,stated by site,yes,,b023a9b8-01ac-4305-8c15-a37fe44350ab,leak site,,leak site,,,,
Qilin,Crystalpharmatech,crystalpharmatech.com,,,,Professional Services,Business Services,stated by site,,,,,,,,2026-08-27,2026-08,stated by site,no,,8417a826-180d-4dfc-8763-09ba335b1c77,leak site,,leak site,,,,
Qilin,KenEp Resources,kenep.com.my,MY,Malaysia,inferred from domain,Engineering & Architecture,"Architecture, Engineering & Design",stated by site,,,,,,,,2026-08-26,2026-08,stated by site,yes,,6c38b5e8-23c9-4fe7-973c-fb814e146598,leak site,leak site,leak site,,,,
Qilin,Sanatorio Modelo de Caseros,sanatoriomodelo.com.ar,AR,Argentina,inferred from domain,Healthcare,,web research,,,,,,,,2026-08-26,2026-08,stated by site,yes,,a367490f-d9fa-4df8-b65e-4eac8955ed12,leak site,leak site,web,,,,
Qilin,California Truck Equipment,ctec-truckbody.com,,,,Professional Services,Business Services,stated by site,,,,,,,,2026-08-26,2026-08,stated by site,yes,,788a7784-f1c2-48d4-beae-bcdbf5973de0,leak site,,leak site,,,,
Qilin,Metal Conversions,metalconversions.com,,,,Construction,Building Materials,stated by site,,,,,,,,2026-08-26,2026-08,stated by site,yes,,857e639e-329d-4ba8-919e-44a56704733a,leak site,,leak site,,,,
Qilin,WireCo,wireco.com,US,United States,web research,Manufacturing,Manufacturing,stated by site,,,,,,,,2026-08-26,2026-08,stated by site,yes,,9462bcb7-b908-424f-b0c4-8e7c4a075eb4,leak site,web,leak site,,,,
Qilin,ATF,atf.gov,,,,Government,Government,stated by site,,,,,,,,2026-08-26,2026-08,stated by site,yes,,a661af42-3110-4893-bd9f-2e8a29190dc9,leak site,,leak site,,,,
Qilin,Air International Thermal Systems,ai-thermal.com,,,,Automotive,Automotive Parts,stated by site,,,,,,,,2026-08-26,2026-08,stated by site,yes,,8f547a67-d984-4212-bfb2-ac38b169df36,leak site,,leak site,,,,
Qilin,Brazosport College,brazosport.edu,US,United States,web research,Education,Education,stated by site,,,,,,,,2026-08-25,2026-08,stated by site,yes,,f9fc3799-af50-49d0-86b2-1fae5094aa91,leak site,web,leak site,,,,
Qilin,SC PaderTeG Cabluri Electrice,paderteg.ro,RO,Romania,inferred from domain,Manufacturing,Manufacturing,stated by site,,,,,,,,2026-08-25,2026-08,stated by site,yes,,67b118f1-0db6-4685-95b4-8dcd8bff0d5d,leak site,leak site,leak site,,,,
Qilin,STRUCTURED SETTLEMENT CAPITAL LLC,123lumpsum.com,US,United States,web research,Financial Services,Finance,stated by site,,,,,,,,2026-08-25,2026-08,stated by site,yes,,355e0d6d-19fd-4e02-9f70-da6666795de4,leak site,web,leak site,,,,
Qilin,AGROLAND S.A.,agroland.com,UY,Uruguay,web research,Agriculture & Food,Agriculture,stated by site,,,,,,,,2026-08-25,2026-08,stated by site,yes,,5e373bb8-3007-4974-b346-3c9f49b365ea,leak site,web,leak site,,,,
Qilin,Consultores de Seguros,consegsa.com,BO,Bolivia,web research,Insurance,Insurance,stated by site,,,,,,,,2026-08-24,2026-08,stated by site,yes,,3d339ba7-a05c-4817-aea1-650ff6ea3a3f,leak site,web,leak site,,,,
Qilin,A&E + SMA Design,ae.design,US,United States,web research,Engineering & Architecture,"Architecture, Engineering & Design",stated by site,,,,,,,,2026-08-24,2026-08,stated by site,yes,,a856aee8-ed3d-46cd-9bb3-4927bb0fc8d2,leak site,web,leak site,,,,
Qilin,Clear Align,clearalign.com,,,,Manufacturing,Manufacturing,stated by site,,,,,,,,2026-08-23,2026-08,stated by site,yes,,98f70590-55ac-4fc0-ad26-54d18c01461d,leak site,,leak site,,,,
Qilin,S.E.M.P. s.r.l.,semp.it,IT,Italy,inferred from domain,Professional Services,Business Services,stated by site,,,,,,,,2026-08-23,2026-08,stated by site,yes,,8324d05a-396f-4f6f-8364-6458f90564f5,leak site,leak site,leak site,,,,
Qilin,Tecnici Associati STP,,,,,Engineering & Architecture,"Architecture, Engineering & Design",stated by site,,,,,,,,2026-08-23,2026-08,stated by site,yes,,605bcb17-be93-4198-b9bd-989d66c1d7e9,,,leak site,,,,
Qilin,Euroflora srl,euroflorasrl.it,IT,Italy,inferred from domain,Professional Services,Business Services,stated by site,,,,,,,,2026-08-23,2026-08,stated by site,yes,,d84a7b03-b1cb-4442-998a-29759d96f560,leak site,leak site,leak site,,,,
Qilin,Studio BOLDRIN PAOLO,paoloboldrin.it,IT,Italy,inferred from domain,Real Estate,Real Estate,stated by site,,,,,,,,2026-08-23,2026-08,stated by site,yes,,81079a29-ab55-4c4e-a6ce-317fca6ccb5c,leak site,leak site,leak site,,,,
Qilin,Aurore Development S.p.A.,auroredevelopment.it,IT,Italy,inferred from domain,Professional Services,Business Services,stated by site,,,,,,,,2026-08-23,2026-08,stated by site,yes,,3f4a1190-8da1-4306-9b22-1bf89595987e,leak site,leak site,leak site,,,,
Qilin,Difor,difor.cl,CL,Chile,inferred from domain,Automotive,Automotive Parts,stated by site,,,,,,,,2026-08-23,2026-08,stated by site,yes,,3906c9b9-afdc-4de4-ac47-043e4f4ee09b,leak site,leak site,leak site,,,,
Qilin,Coldfish Seafood,coldfish.ca,CA,Canada,inferred from domain,Agriculture & Food,Food & Beverage,stated by site,,,,,,,,2026-08-21,2026-08,stated by site,yes,,cbcc63b7-5003-454b-a04f-47906c90802a,leak site,leak site,leak site,,,,
Qilin,iPic,ipic.com,,,,Hospitality & Travel,Hospitality,stated by site,,,,,,,,2026-08-21,2026-08,stated by site,yes,,769179b7-db54-45e8-b3ba-9d7c94951e5d,leak site,,leak site,,,,
Qilin,Quaker State Mexico,quakerstate.com.mx,MX,Mexico,inferred from domain,Manufacturing,Chemicals & Related Products,stated by site,,,,,,,,2026-08-21,2026-08,stated by site,yes,,59a43842-d0d8-41db-ab38-2cd125d91db2,leak site,leak site,leak site,,,,
Qilin,Cinépolis,cinepolis.com,,,,Hospitality & Travel,Hospitality,stated by site,,,,,,,,2026-08-21,2026-08,stated by site,yes,,01be5eca-c028-47e8-add2-46a852dccda7,leak site,,leak site,,,,
Qilin,Professional,wwccpa.com,,,,Financial Services,Accounting Services,stated by site,,,,,,,,2026-08-21,2026-08,stated by site,yes,,86a79d53-e85b-47ba-8ae4-bb869cad0dac,leak site,,leak site,,,,
Qilin,Gindre India,gindre.com,,,,Manufacturing,Manufacturing,stated by site,,,,,,,,2026-08-21,2026-08,stated by site,yes,,a4a0d54e-27c5-45ec-a3aa-39184e012167,leak site,,leak site,,,,
Qilin,Blake Services,blakeservices.us,,,,Financial Services,Accounting Services,stated by site,,,,,,,,2026-08-20,2026-08,stated by site,yes,,dab4ef20-3fbb-4db3-a653-66247f20272f,leak site,,leak site,,,,
Qilin,The Pendas Law Firm,pendaslaw.com,,,,Legal,Law Firms & Legal Services,stated by site,,,,,,,,2026-08-20,2026-08,stated by site,yes,,9859bcba-a0f1-4b0a-9653-a68d5327e833,leak site,,leak site,,,,
Qilin,Trends And Concepts,trendsandconceptsinteriors.com,,,,Construction,Construction,stated by site,,,,,,,,2026-08-20,2026-08,stated by site,yes,,2bfe5896-59d5-44f2-8311-d2be2f67209f,leak site,,leak site,,,,
Qilin,Provite,provite.nl,NL,Netherlands,inferred from domain,Professional Services,Business Services,stated by site,,,,,,,,2026-08-20,2026-08,stated by site,yes,,941da7fa-6ff3-452c-9127-15fa05660c79,leak site,leak site,leak site,,,,
Qilin,Questronix,questronix.com.ph,PH,Philippines,inferred from domain,Professional Services,Business Services,stated by site,,,,,,,,2026-08-20,2026-08,stated by site,yes,,33182c8f-74a1-4af9-ba49-b7efdffd6217,leak site,leak site,leak site,,,,
Qilin,Smart Energies,smart-energies.eu,FR,France,web research,Energy & Utilities,"Electricity, Oil & Gas",stated by site,,,,,,,,2026-08-19,2026-08,stated by site,yes,,cf78de2d-e2cc-4ec1-9100-42954ad8060f,leak site,web,leak site,,,,
Qilin,Medochemie,medochemie.com,CY,Cyprus,web research,Manufacturing,Manufacturing,stated by site,500000000,,,,,1250,,2026-08-19,2026-08,stated by site,yes,,36ee3678-0869-4855-84d6-6c24da6b0595,leak site,web,leak site,web,web,,
Qilin,Semana,semana.es,ES,Spain,inferred from domain,Professional Services,Advertising & Marketing,stated by site,,,,,,,,2026-08-19,2026-08,stated by site,yes,,398be48d-63a4-4708-9788-1ff935ef6de5,leak site,leak site,leak site,,,,
Qilin,Movitecnica,movitecnica.com.pe,PE,Peru,inferred from domain,Manufacturing,Industrial Machinery & Equipment,stated by site,,,,,,,,2026-08-19,2026-08,stated by site,yes,,9432f6c7-5205-4a05-a773-8ee39868e21b,leak site,leak site,leak site,,,,
Qilin,Constructora Jimenez,constructorajimenez.com,CO,Colombia,web research,Construction,Construction,stated by site,,,,,,,,2026-08-19,2026-08,stated by site,yes,,b0791915-9158-4565-adc6-3ffa3b4588d3,leak site,web,leak site,,,,
Qilin,Estech,estech-design.com,FR,France,web research,Professional Services,Business Services,stated by site,,,,,,,,2026-08-19,2026-08,stated by site,yes,,7d12c129-ab3f-4b31-8d27-168dc88a06f7,leak site,web,leak site,,,,
Qilin,Thrifty Building Supply,thriftybuilding.com,US,United States,web research,Retail & Wholesale,Home Improvement & Hardware Retail,stated by site,,,,,,,,2026-08-19,2026-08,stated by site,yes,,f9c78af5-da6e-409e-8916-f40601f00a99,leak site,web,leak site,,,,
Qilin,Philippe Hottinguer Finance,philippehottinguer.com,,,,Financial Services,Finance,stated by site,,,,,,,,2026-08-19,2026-08,stated by site,yes,,576ca72f-43d1-4fa7-83e2-78db0524ab3f,leak site,,leak site,,,,
Qilin,InVentry,inventry.co.uk,GB,United Kingdom,inferred from domain,Technology,Software,stated by site,,,,,,,,2026-08-19,2026-08,stated by site,yes,,ac23046b-ae6c-4f3e-a882-a07d0bf2ae6e,leak site,leak site,leak site,,,,
Qilin,WIS LOGISTICS,wislogistics.com,,,,Transportation & Logistics,Freight & Logistics Services,stated by site,,,,,,,,2026-08-19,2026-08,stated by site,yes,,c5c36680-2816-4e3c-af6d-270e02802938,leak site,,leak site,,,,
Qilin,Berlin Brandenburgische Wohnungsbaugenossenschaft,bbwbg.de,DE,Germany,inferred from domain,Real Estate,Real Estate,stated by site,,,,,,,,2026-08-18,2026-08,stated by site,yes,,e32521d0-321e-4489-9db8-5a937a8d9fce,leak site,leak site,leak site,,,,
Qilin,EmpireWorks,empireworks.com,,,,Construction,Construction,stated by site,,,,,,,,2026-08-17,2026-08,stated by site,yes,,f2aec5e0-95f3-4ad9-8856-594786b67984,leak site,,leak site,,,,
Qilin,"White-Daters & Associates, Inc",whitedaters.com,,,,Construction,Construction,stated by site,,,,,,,,2026-08-17,2026-08,stated by site,yes,,2fb4586b-aa0e-43f6-9032-4674e0ec567e,leak site,,leak site,,,,
Qilin,GSW Gemeinschaftsstadtwerke GmbH,gsw-kamen.de,DE,Germany,inferred from domain,Energy & Utilities,"Electricity, Oil & Gas",stated by site,,,,,,220,,2026-08-17,2026-08,stated by site,yes,,deca91c9-6f89-4a66-8100-9c70cd25f8f1,leak site,leak site,leak site,,web,,
Qilin,Spoonful of Comfort,spoonfulofcomfort.com,,,,Retail & Wholesale,Grocery Retail,stated by site,,,,,,,,2026-08-16,2026-08,stated by site,yes,,217d66b0-ffa4-4bf9-b90a-92571dd1ff70,leak site,,leak site,,,,
Qilin,Coface,coface.it,IT,Italy,inferred from domain,Insurance,Insurance,stated by site,,,,,,,,2026-08-16,2026-08,stated by site,yes,,6a247e78-b643-4a64-b2fb-c884d66e3249,leak site,leak site,leak site,,,,
Qilin,AGUNSA,agunsa.com,,,,Transportation & Logistics,Freight & Logistics Services,stated by site,,,,,,,,2026-08-16,2026-08,stated by site,yes,,deff5c6c-c54e-48fe-aedf-d9f90a9e9c12,leak site,,leak site,,,,
Qilin,WEBA Meubelen,weba.be,BE,Belgium,inferred from domain,Professional Services,Business Services,stated by site,,,,,,,,2026-08-16,2026-08,stated by site,yes,,66e54324-f0ab-4773-9d5e-ebbeb662fa59,leak site,leak site,leak site,,,,
Qilin,Mulino Padano,mulinopadano.it,IT,Italy,inferred from domain,Agriculture & Food,Food & Beverage,stated by site,,,,,,,,2026-08-16,2026-08,stated by site,yes,,2360c1a5-999d-480c-92a7-9867370a8051,leak site,leak site,leak site,,,,
Qilin,Megawide,megawide.com.ph,PH,Philippines,inferred from domain,Construction,Construction,stated by site,,,,,,,,2026-08-16,2026-08,stated by site,yes,,452339ce-71d9-40e3-9af4-95eb820a0be8,leak site,leak site,leak site,,,,
Qilin,INVENSITY,invensity.com,,,,Professional Services,Business Services,stated by site,,,,,,,,2026-08-16,2026-08,stated by site,yes,,e449b4d8-017b-4884-9798-2fe7da3cf0a1,leak site,,leak site,,,,
Qilin,Desatera Sdn Bhd,desatera.com.my,MY,Malaysia,inferred from domain,Professional Services,Business Services,stated by site,,,,,,,,2026-08-16,2026-08,stated by site,yes,,573d5082-4973-4a85-ba93-a924bcb1f03c,leak site,leak site,leak site,,,,
Qilin,Stade Francais,stadefrancais.com,,,,Professional Services,Business Services,stated by site,,,,,,,,2026-08-15,2026-08,stated by site,yes,,cf92d143-33d6-4dde-99d8-9550eee4ef74,leak site,,leak site,,,,
Qilin,DELTA WAYS,deltaways.de,DE,Germany,inferred from domain,Healthcare,Healthcare Services,stated by site,,,,,,,,2026-08-15,2026-08,stated by site,yes,,36fd56c5-beb5-4603-a83d-e57f7033a1c5,leak site,leak site,leak site,,,,
Qilin,ASCII Group,asciigroup.com,,,,Professional Services,Business Services,stated by site,,,,,,,,2026-08-15,2026-08,stated by site,yes,,ed7ed937-727c-4371-9d4d-4502c16433b2,leak site,,leak site,,,,
Qilin,Arnall Golden Gregory,agg.com,,,,Legal,Law Firms & Legal Services,stated by site,,,,,,,,2026-08-15,2026-08,stated by site,yes,,d9559304-65e3-4e4a-bd09-1458a353040a,leak site,,leak site,,,,
Qilin,Jone Précision,joneprecision.com,,,,Manufacturing,Manufacturing,stated by site,,,,,,,,2026-08-15,2026-08,stated by site,yes,,40c19069-fd91-4f43-846b-71806c93607a,leak site,,leak site,,,,
Qilin,MOSAID Technologies,mosaid.com,CA,Canada,web research,Financial Services,Finance,stated by site,,,,,,,,2026-08-14,2026-08,stated by site,yes,,d8c30b26-e682-4a35-9f0b-ba5d89532a10,leak site,web,leak site,,,,
Qilin,Connections,connections.be,BE,Belgium,inferred from domain,Hospitality & Travel,Hospitality,stated by site,,,,,,,,2026-08-14,2026-08,stated by site,yes,,bd697a46-b40e-465b-bb87-3be33c8047e0,leak site,leak site,leak site,,,,
Qilin,Aletex Group,aletex.net,ES,Spain,web research,Manufacturing,Manufacturing,stated by site,,,,,,,,2026-08-14,2026-08,stated by site,yes,,26737f12-4b99-468b-8106-1127bd7f98a5,leak site,web,leak site,,,,
Qilin,Radiant,radiants.com,,,,Technology,Software,stated by site,,,,,,,,2026-08-14,2026-08,stated by site,yes,,cc2f4575-21b9-4a39-911f-ff46b675f64c,leak site,,leak site,,,,
Qilin,Urban Worldwide,urbanworldwide.com,,,,Professional Services,Business Services,stated by site,,,,,,,,2026-08-14,2026-08,stated by site,yes,,72327559-ff5b-4769-99b2-5c59365f99f3,leak site,,leak site,,,,
Qilin,Lercher Werkzeugbau,lercher.at,AT,Austria,inferred from domain,Manufacturing,Industrial Machinery & Equipment,stated by site,,,,,,,,2026-08-14,2026-08,stated by site,yes,,0a89537d-3153-43ab-818b-ea2994bb5459,leak site,leak site,leak site,,,,
Qilin,FERRARI MANGIMI SRL,lavoroperte.regione.emilia-romagna.it,IT,Italy,inferred from domain,Professional Services,Business Services,stated by site,,,,,,,,2026-08-14,2026-08,stated by site,yes,,20b0f435-7e06-4b3f-a805-8a8739b3eaab,leak site,leak site,leak site,,,,
Qilin,Grupo ABC,grupoabc.mx,MX,Mexico,inferred from domain,Construction,Building Materials,stated by site,,,,,,,,2026-08-13,2026-08,stated by site,yes,,7b7cc53e-70de-441b-b8b6-cc942dfdc76a,leak site,leak site,leak site,,,,
Qilin,D & J Beverage Service,dandjbeverage.com,,,,Retail & Wholesale,Grocery Retail,stated by site,,,,,,,,2026-08-13,2026-08,stated by site,yes,,775c1b28-1eb6-4ee7-b14f-277932b229d4,leak site,,leak site,,,,
Qilin,United Association Local Union 345,ua345.org,US,United States,web research,Non-profit,Membership Organizations,stated by site,,,,,,,,2026-08-12,2026-08,stated by site,yes,,6ab8ea48-5461-4614-a76a-a70fd3a42589,leak site,web,leak site,,,,
Qilin,Miller Stratvert,mstlaw.com,US,United States,web research,Legal,Law Firms & Legal Services,stated by site,,,,,,,,2026-08-12,2026-08,stated by site,yes,,0f40bc6a-9087-4410-b655-bdece4af8959,leak site,web,leak site,,,,
Qilin,Wanted,teamwanted.nl,NL,Netherlands,inferred from domain,Professional Services,Business Services,stated by site,,,,,,,,2026-08-12,2026-08,stated by site,yes,,fb9a3982-5863-4b3f-8621-5ffe07df3847,leak site,leak site,leak site,,,,
Qilin,Crown Group,crowngroup.com.pk,PK,Pakistan,inferred from domain,Professional Services,Business Services,stated by site,,,,,,,,2026-08-11,2026-08,stated by site,yes,,6072235c-e4c9-4151-b086-8e83ed5b9fd7,leak site,leak site,leak site,,,,
Qilin,G.M.A. GRANDI MARCHE AUTOMOBILI - S.R.L,autogma.it,IT,Italy,inferred from domain,Professional Services,Business Services,stated by site,7560000,,,,,17,,2026-08-11,2026-08,stated by site,yes,,4e83e92f-9bdd-4f12-907b-e98a783774fe,leak site,leak site,leak site,web estimate,web estimate,,
Qilin,Service Evaluation Concepts,serviceevaluation.com,US,United States,web research,Professional Services,Advertising & Marketing,stated by site,,,,,,,,2026-08-11,2026-08,stated by site,yes,,801161a8-5902-4a46-bebb-0162cc2d2990,leak site,web,leak site,,,,
Qilin,tommer construction,tommerconstruction.com,US,United States,web research,Construction,Civil Engineering Construction,stated by site,,,,,,,,2026-08-11,2026-08,stated by site,yes,,9e4c0161-1011-4c9a-88f7-412512a69477,leak site,web,leak site,,,,
Qilin,HIGEN MOTOR(critical data),higen.co.kr,KR,South Korea,inferred from domain,Manufacturing,Industrial Machinery & Equipment,stated by site,,,,,,,,2026-08-10,2026-08,stated by site,yes,,42480710-90bb-40d8-a036-99178d61af50,leak site,leak site,leak site,,,,
Qilin,Seufert Construction,seufertconstruction.com,,,,Construction,Construction,stated by site,,,,,,,,2026-08-10,2026-08,stated by site,yes,,12f33cc7-8c08-4056-86a7-61bf4ced8aab,leak site,,leak site,,,,
Qilin,B Wright Drywall,bwrightdrywall.com,,,,Construction,Construction,stated by site,,,,,,,,2026-08-10,2026-08,stated by site,yes,,c579404e-4bb7-4cee-b62a-e7119942263a,leak site,,leak site,,,,
Qilin,Naval Interior Team,nit.fi,FI,Finland,inferred from domain,Professional Services,Business Services,stated by site,,,,,,,,2026-08-09,2026-08,stated by site,yes,,ab374723-8098-489f-b410-22f166d857f1,leak site,leak site,leak site,,,,
Qilin,Price Shoes,priceshoes.com,,,,Retail & Wholesale,Retail · Pennsylvania,stated by site,,,,,,,,2026-08-09,2026-08,stated by site,yes,,7628b972-0301-4538-b81f-b05da191a574,leak site,,leak site,,,,
Qilin,Service d'usinage 9002,usinage9002.com,,,,Manufacturing,Industrial Machinery & Equipment,stated by site,,,,,,,,2026-08-09,2026-08,stated by site,yes,,7c0be3ef-a162-4795-8fb1-9d4375a743bd,leak site,,leak site,,,,
Qilin,pm-energy Die Solarexperten,pm-energy.de,DE,Germany,inferred from domain,Professional Services,Business Services,stated by site,,,,,,,,2026-08-09,2026-08,stated by site,yes,,bc867830-0246-450d-bbae-f93b24ef345d,leak site,leak site,leak site,,,,
Qilin,Harplast SRL,harplast.ro,RO,Romania,inferred from domain,Professional Services,Business Services,stated by site,,,,,,,,2026-08-09,2026-08,stated by site,yes,,9b358bc3-8762-4521-8745-6f84463cf078,leak site,leak site,leak site,,,,
Qilin,Impact Centre Chrétien,impactcentrechretien.com,,,,Professional Services,Business Services,stated by site,,,,,,,,2026-08-08,2026-08,stated by site,yes,,beeeda5d-f120-4c05-8e03-78c2d8785c59,leak site,,leak site,,,,
Qilin,CLLS Co Ltd,clls.com.sg,SG,Singapore,inferred from domain,Manufacturing,Industrial Machinery & Equipment,stated by site,,,,,,,,2026-08-08,2026-08,stated by site,yes,,519326ff-4372-4dd4-82d5-a11cc4270a2f,leak site,leak site,leak site,,,,
Qilin,Clausing,clausing-tiefbau.com,,,,Agriculture & Food,Food & Beverage,stated by site,,,,,,,,2026-08-08,2026-08,stated by site,yes,,6a51158d-1290-4eb0-884a-597a8ffd28a0,leak site,,leak site,,,,
Qilin,City of Winchester,winchesterky.com,,,,Government,Government,stated by site,,,,,,,,2026-08-07,2026-08,stated by site,yes,,3df43ee6-1240-49b4-beaa-0711e332d8e1,leak site,,leak site,,,,
Qilin,Depona,depona.se,SE,Sweden,inferred from domain,Hospitality & Travel,Hospitality,stated by site,,,,,,,,2026-08-07,2026-08,stated by site,yes,,2a00e647-2aa5-4227-97f8-73df2d6bf8e4,leak site,leak site,leak site,,,,
Qilin,Nikan Awasisak Agency,nikanaa.ca,CA,Canada,inferred from domain,Government,Government,stated by site,,,,,,,,2026-08-07,2026-08,stated by site,yes,,63e7d7e4-5f75-4113-9b47-10bf1b87fd57,leak site,leak site,leak site,,,,
Qilin,EISNER ZT GMBH,zteisner.at,AT,Austria,inferred from domain,Construction,Construction,stated by site,,,,,,,,2026-08-07,2026-08,stated by site,yes,,974b106a-a203-4569-b4e4-a567d7e21946,leak site,leak site,leak site,,,,
Qilin,Filtronic,filtronic.com,,,,Manufacturing,Manufacturing,stated by site,,,,,,,,2026-08-07,2026-08,stated by site,yes,,c75881ec-b0e7-4099-aee0-caef7b261b65,leak site,,leak site,,,,
Qilin,Astro Electroplating,astroelectroplating.com,,,,Manufacturing,Industrial Machinery & Equipment,stated by site,,,,,,,,2026-08-07,2026-08,stated by site,yes,,4906fb28-6622-49df-9338-73f4b4e91a86,leak site,,leak site,,,,
Qilin,Jakle & Alexander,jaklelaw.com,US,United States,web research,Legal,Law Firms & Legal Services,stated by site,,,,,,,,2026-08-06,2026-08,stated by site,yes,,72242ba7-5d40-4846-aaa2-074acda345bc,leak site,web,leak site,,,,
Qilin,ALIZE (alize-sud.fr),alize-sud.fr,FR,France,inferred from domain,Professional Services,Business Services,stated by site,,,,,,,,2026-08-06,2026-08,stated by site,yes,,26abaf2b-fb11-4a68-a1cb-1cd418b7e57b,leak site,leak site,leak site,,,,
Qilin,AmSpec,amspecgroup.com,,,,Professional Services,Business Services,stated by site,,,,,,,,2026-08-06,2026-08,stated by site,yes,,4dc4bd1c-9916-4149-a82b-642a9e23b294,leak site,,leak site,,,,
Qilin,J&T Bank and Trust,jtbanktrust.com,,,,Financial Services,Banking,stated by site,,,,,,,,2026-08-06,2026-08,stated by site,yes,,6ff6f42f-5a9e-47f9-8466-1920875d8b0e,leak site,,leak site,,,,
Qilin,Akuur Law Firm,akugurlaw.com,,,,Legal,Law Firms & Legal Services,stated by site,,,,,,,,2026-08-06,2026-08,stated by site,yes,,37b6cd2d-889f-4ab4-8b97-0d8528ae86ab,leak site,,leak site,,,,
Qilin,Mera Metal,merametal.pl,PL,Poland,inferred from domain,Manufacturing,Furniture,stated by site,,,,,,,,2026-08-05,2026-08,stated by site,yes,,02b04460-11bf-4f5e-b8a8-025127a60601,leak site,leak site,leak site,,,,
Qilin,STADLER Sensorik CNC-Technik,stadlercnc.at,AT,Austria,inferred from domain,Manufacturing,Industrial Machinery & Equipment,stated by site,,,,,,,,2026-08-05,2026-08,stated by site,yes,,5b9da671-b54b-4836-970a-d34ef5c6e054,leak site,leak site,leak site,,,,
Qilin,WD Masonry & Concrete,wdmandc.com,US,United States,web research,Construction,Construction,stated by site,,,,,,,,2026-08-04,2026-08,stated by site,yes,,27ce89ea-880f-403b-b134-77994baad834,leak site,web,leak site,,,,
Qilin,Bloom Financials,bloomfinancials.com,GB,United Kingdom,web research,Financial Services,Accounting Services,stated by site,,,,,,,,2026-08-04,2026-08,stated by site,yes,,8c155e5e-9652-4932-bacf-267584f65001,leak site,web,leak site,,,,
Qilin,RUPP Spritzguss,rupp-spritzguss.de,DE,Germany,inferred from domain,Manufacturing,Manufacturing,stated by site,,,,,,80,,2026-08-04,2026-08,stated by site,yes,,7d3f7328-c23f-4a74-a9ec-35bfe6c4cfc7,leak site,leak site,leak site,,web,,
Qilin,Freedom Claims Management,freedomclaimsinc.com,US,United States,web research,Insurance,Insurance,stated by site,,,,,,,,2026-08-03,2026-08,stated by site,yes,,1715db25-1d32-4f22-913e-fbe4456fd271,leak site,web,leak site,,,,
Qilin,Asset Flooring Group Australia,assetflooring.com.au,AU,Australia,inferred from domain,Construction,Construction,stated by site,,,,,,,,2026-08-02,2026-08,stated by site,yes,,8c1cae19-8a40-4d7b-a6d2-20f5561aa01e,leak site,leak site,leak site,,,,
Qilin,Mairie de Drancy,drancy.fr,FR,France,inferred from domain,Government,Government,stated by site,,,,,,,,2026-08-02,2026-08,stated by site,yes,,1277b405-d795-4d1d-bae9-7bd745f18c79,leak site,leak site,leak site,,,,
Qilin,Wire Products,wireproducts.us,US,United States,web research,Manufacturing,Manufacturing,stated by site,,,,,,11-50,,2026-08-02,2026-08,stated by site,yes,,e529c84d-7dce-4795-b526-693855deb497,leak site,web,leak site,,web,,
Qilin,Schreiner Trockenbau GmbH,schreiner-trockenbau.at,AT,Austria,inferred from domain,Retail & Wholesale,Home Improvement & Hardware Retail,stated by site,,,,,,,,2026-08-01,2026-08,stated by site,yes,,30dd3e3c-d83d-4280-8a86-bccef8e6853a,leak site,leak site,leak site,,,,
Qilin,Pointe Property Group,pointecre.com,,,,Real Estate,Real Estate,stated by site,,,,,,,,2026-08-01,2026-08,stated by site,yes,,24a692b3-a6f9-4abe-9e03-c357aabb3bfe,leak site,,leak site,,,,
Qilin,Ceragres,ceragres.ca,CA,Canada,inferred from domain,Retail & Wholesale,Home Improvement & Hardware Retail,stated by site,,,,,,,,2026-08-01,2026-08,stated by site,yes,,c9850007-22b0-48d2-8a78-21b36119ee59,leak site,leak site,leak site,,,,
Qilin,Dienst Pack Systems,dienst-packsystems.de,DE,Germany,inferred from domain,Manufacturing,Industrial Machinery & Equipment,stated by site,,,,,,,,2026-08-01,2026-08,stated by site,yes,,9d3a16a9-ade9-48b6-a574-a211eb8cb600,leak site,leak site,leak site,,,,
Qilin,Commercial Furniture Interiors,cfioffice.com,,,,Engineering & Architecture,"Architecture, Engineering & Design",stated by site,,,,,,,,2026-08-01,2026-08,stated by site,yes,,b5dfe996-d5bf-462e-933e-ed2a10d33da9,leak site,,leak site,,,,
Qilin,The Saturday Evening Post,saturdayeveningpost.com,,,,Professional Services,Advertising & Marketing,stated by site,,,,,,,,2026-08-01,2026-08,stated by site,yes,,23bddd4e-4fd9-41f4-8326-e9feb3b80bc5,leak site,,leak site,,,,
Qilin,The Dcoop,dcoop.es,ES,Spain,inferred from domain,Agriculture & Food,Agriculture,stated by site,,,,,,,,2026-07-31,2026-07,stated by site,yes,,2288dc0c-2790-4376-a244-14ca03334646,leak site,leak site,leak site,,,,
Qilin,Hawaii Family Dental,hawaiifamilydental.com,,,,Healthcare,Healthcare Services,stated by site,,,,,,,,2026-07-31,2026-07,stated by site,yes,,cba56701-ff57-4242-b845-62b40bcf937d,leak site,,leak site,,,,
Qilin,Byonyks,byonyks.com,,,,Manufacturing,Manufacturing,stated by site,,,,,,,,2026-07-30,2026-07,stated by site,yes,,a87b7c7e-0b27-4645-ab95-af9452a79966,leak site,,leak site,,,,
Qilin,Indian Motos Inmot,inmot.com.ec,EC,Ecuador,inferred from domain,Automotive,Automotive Parts,stated by site,,,,,,,,2026-07-30,2026-07,stated by site,yes,,1c576d86-ae95-48bb-8449-5bb196395dfd,leak site,leak site,leak site,,,,
Qilin,Orimar,orimar.be,BE,Belgium,inferred from domain,Professional Services,Business Services,stated by site,,,,,,,,2026-07-30,2026-07,stated by site,yes,,7447e2a7-f4db-466f-9f95-5b57cd5ae6d0,leak site,leak site,leak site,,,,
Qilin,servitelco,servitelco.com,,,,Professional Services,Business Services,stated by site,,,,,,,,2026-07-30,2026-07,stated by site,yes,,2e7b30b3-0b77-4c92-81f7-9cc3aedee74e,leak site,,leak site,,,,
Qilin,"Audio Precision, Inc",ap.com,,,,Manufacturing,Manufacturing,stated by site,,,,,,,,2026-07-30,2026-07,stated by site,yes,,f37de6ed-24ab-4da1-b31f-9d1ea5fd2727,leak site,,leak site,,,,
Qilin,TenSparrows,tensparrows.com,,,,Technology,Software,stated by site,,,,,,,,2026-07-30,2026-07,stated by site,yes,,208dc842-462f-4698-8012-4c775d4230af,leak site,,leak site,,,,
Qilin,Db Tarimsal Enerji,dbtarimsalenerji.com.tr,TR,Turkey,inferred from domain,Manufacturing,Chemicals & Related Products,stated by site,,,,,,,,2026-07-30,2026-07,stated by site,yes,,307ffce1-021d-4e41-88d8-2e860203c0d0,leak site,leak site,leak site,,,,
Qilin,Affinity Capital,affinitycorp.net,,,,Financial Services,Finance,stated by site,,,,,,,,2026-07-30,2026-07,stated by site,yes,,64f4ee06-03dc-4857-a00d-db3d4fc4c9ab,leak site,,leak site,,,,
Qilin,Excel Consultores,excel.com.mx,MX,Mexico,inferred from domain,Professional Services,Business Services,stated by site,,,,,,,,2026-07-30,2026-07,stated by site,yes,,2d747df3-258f-4cf7-bb51-bac84535c9d5,leak site,leak site,leak site,,,,
Qilin,Prenisac,prenisac.com,,,,Construction,Construction,stated by site,,,,,,,,2026-07-30,2026-07,stated by site,yes,,66939367-d4ce-4eb0-aee7-8b5f105e1a1e,leak site,,leak site,,,,
Qilin,Hoc,hocltd.com,,,,Transportation & Logistics,Freight & Logistics Services,stated by site,,,,,,,,2026-07-28,2026-07,stated by site,yes,,7c2d8a4e-d317-43bb-9d60-257266a55f49,leak site,,leak site,,,,
Qilin,Gran valle negocios,granvallenegocios.com.ar,AR,Argentina,inferred from domain,Real Estate,Real Estate,stated by site,,,,,,,,2026-07-28,2026-07,stated by site,yes,,a830d214-9f13-4708-8f06-bf1c3021c973,leak site,leak site,leak site,,,,
Qilin,Groupe Fenwick,fenwick.fr,FR,France,inferred from domain,Professional Services,Business Services,stated by site,,,,,,,,2026-07-27,2026-07,stated by site,yes,,6dc203a9-ec65-4df7-9c50-b58f1a1d1d10,leak site,leak site,leak site,,,,
Qilin,Wilbert's,wilberts.com,US,United States,web research,Automotive,Automotive Parts,stated by site,,,,,,,,2026-07-27,2026-07,stated by site,yes,,af6a747d-1fc7-42e2-a953-0c198cf49576,leak site,web,leak site,,,,
Qilin,Contacto Garantido,contactogarantido.com,AR,Argentina,web research,Financial Services,Finance,stated by site,,,,,,1820,,2026-07-26,2026-07,stated by site,yes,,c80be6d9-9f48-4983-8d7d-a66e4387bdac,leak site,web,leak site,,web,,
Qilin,Universitatea de Vest „Vasile Goldiș” din Arad,uvvg.ro,RO,Romania,inferred from domain,Education,Education,stated by site,,,,,,,,2026-07-26,2026-07,stated by site,yes,,1f231bbf-689b-4a64-be81-ee0b50e736ba,leak site,leak site,leak site,,,,
Qilin,The Myers Y Cooper,cooper-co.com,,,,Real Estate,Real Estate,stated by site,,,,,,,,2026-07-25,2026-07,stated by site,yes,,b98eaa24-6c8f-42d6-995b-a76643ad14f8,leak site,,leak site,,,,
Qilin,Jubilee Jobs,jubileejobs.org,US,United States,web research,Non-profit,Non-Profit & Charitable Organizations,stated by site,,,,,,,,2026-07-25,2026-07,stated by site,yes,,c9ce6a7a-10db-4411-b267-a236127da0e2,leak site,web,leak site,,,,
Qilin,Guntert & Zimmerman,guntert.com,US,United States,web research,Manufacturing,Industrial Machinery & Equipment,stated by site,,,,,,,,2026-07-25,2026-07,stated by site,yes,,fe0866f0-5661-4013-be19-98c2a0c1dfc6,leak site,web,leak site,,,,
Qilin,Principle Diagnostics Laboratory,principlediagnostics.com,US,United States,web research,Healthcare,Healthcare Services,stated by site,,,,,,,,2026-07-25,2026-07,stated by site,yes,,5179ba1b-2046-4654-854b-eafbce6e6029,leak site,web,leak site,,,,
Qilin,GURR Abdichtungstechnik GmbH,gurr-abdichtungstechnik.de,DE,Germany,inferred from domain,Construction,Construction,stated by site,,,,,,,,2026-07-25,2026-07,stated by site,yes,,51da3302-0532-4b68-b3ba-e2e281c1f263,leak site,leak site,leak site,,,,
Qilin,Highline Community College,highline.edu,,,,Education,Education,stated by site,,,,,,,,2026-07-24,2026-07,stated by site,yes,,67e53658-cf53-4b9d-a2df-a6b7a9361416,leak site,,leak site,,,,
Qilin,Kean University,kean.edu,,,,Education,Education,stated by site,,,,,,,,2026-07-24,2026-07,stated by site,yes,,9f76650e-5eea-4165-9e20-b375488e9ec6,leak site,,leak site,,,,
Qilin,Ejército Argentino,argentina.gob.ar,AR,Argentina,inferred from domain,Government,Government,stated by site,,,,,,,,2026-07-24,2026-07,stated by site,yes,,757f6332-ec5a-48e7-8be4-25d31d651506,leak site,leak site,leak site,,,,
Qilin,Maui Divers Jewelry,mauidivers.com,,,,Manufacturing,Manufacturing,stated by site,,,,,,,,2026-07-23,2026-07,stated by site,yes,,1d525214-bd75-4cd9-bc4d-0718003410ab,leak site,,leak site,,,,
Qilin,WellPerf,wellperf.com,,,,Energy & Utilities,"Energy, Utilities & Waste",stated by site,,,,,,,,2026-07-23,2026-07,stated by site,yes,,e03a3141-5643-405c-98b0-29735f95c049,leak site,,leak site,,,,
Qilin,AppleOne Properties,api.com.ph,PH,Philippines,inferred from domain,Construction,Construction,stated by site,,,,,,,,2026-07-23,2026-07,stated by site,yes,,b270fcbc-a829-4d7e-8261-079a785eb8c6,leak site,leak site,leak site,,,,
Qilin,Triton Trading,triton.com.pe,PE,Peru,inferred from domain,Manufacturing,Industrial Machinery & Equipment,stated by site,,,,,,,,2026-07-23,2026-07,stated by site,yes,,4e3a4d8c-18f4-4c90-9ae8-f0ce5e5b4240,leak site,leak site,leak site,,,,
Qilin,Cano Industrial,canoindustrial.com,,,,Manufacturing,Chemicals & Related Products,stated by site,,,,,,,,2026-07-23,2026-07,stated by site,yes,,ac01a7e7-945f-4740-b07a-3218ec95cf4a,leak site,,leak site,,,,
Qilin,Assos Pharmaceuticals,assospharma.com,,,,Manufacturing,Manufacturing,stated by site,,,,,,,,2026-07-23,2026-07,stated by site,yes,,8c8cccb7-9d6a-4de1-9d66-15e6d05003a1,leak site,,leak site,,,,
Qilin,Corporate 360 Business Solutions,corporate360.ca,CA,Canada,inferred from domain,Professional Services,Business Services,stated by site,,,,,,,,2026-07-23,2026-07,stated by site,yes,,4f767c19-c479-4511-899e-576a437a7409,leak site,leak site,leak site,,,,
Qilin,Sunway Berhad,sunway.com.my,MY,Malaysia,inferred from domain,Real Estate,Real Estate,stated by site,,,,,,,,2026-07-23,2026-07,stated by site,yes,,29c74989-187f-43cd-a8bf-c3d3adfd8b78,leak site,leak site,leak site,,,,
Qilin,ABM Enviro,abmenviro.ca,CA,Canada,inferred from domain,Manufacturing,Industrial Machinery & Equipment,stated by site,,,,,,,,2026-07-23,2026-07,stated by site,yes,,9f71de4a-ee6f-4382-8148-85ab3c440fc4,leak site,leak site,leak site,,,,
Qilin,Machinerie P&W,machineriepw.com,,,,Manufacturing,Industrial Machinery & Equipment,stated by site,,,,,,,,2026-07-23,2026-07,stated by site,yes,,68dd90a8-fe7d-405a-87c8-b8d660c18154,leak site,,leak site,,,,
Qilin,P & A Construction,paconst.com,,,,Construction,Civil Engineering Construction,stated by site,,,,,,,,2026-07-22,2026-07,stated by site,yes,,e3c69462-969a-4bfd-8992-06497d92921c,leak site,,leak site,,,,
Qilin,Power Funding,powerfundingltd.com,,,,Financial Services,Finance,stated by site,,,,,,,,2026-07-22,2026-07,stated by site,yes,,2bc4c5e5-464a-43e9-91d6-0b83d1a14000,leak site,,leak site,,,,
Qilin,Salida Union School District,salida.k12.ca.us,US,United States,web research,Education,Education,stated by site,,,,,,,,2026-07-22,2026-07,stated by site,yes,,faf2030b-b0df-4f52-98f9-3931b91b2ad1,leak site,web,leak site,,,,
Qilin,Recsa,recsa.com,,,,Professional Services,Business Services,stated by site,,,,,,,,2026-07-22,2026-07,stated by site,yes,,78113ab7-502b-474e-b2fc-50a62d9ecf5b,leak site,,leak site,,,,
Qilin,Primeline Logistics,primeline.ie,IE,Ireland,inferred from domain,Transportation & Logistics,Freight & Logistics Services,stated by site,,,,,,,,2026-07-22,2026-07,stated by site,yes,,165c4546-86f3-4ac8-a44f-3e5c9c4b8862,leak site,leak site,leak site,,,,
Qilin,Infina Health,infinahealth.com,,,,Healthcare,Ambulance Services,stated by site,,,,,,,,2026-07-22,2026-07,stated by site,yes,,ae1065e8-9247-4660-8f32-4e7d25fc4f10,leak site,,leak site,,,,
Qilin,EFU Life Assurance,efulife.com,,,,Insurance,Insurance,stated by site,,,,,,,,2026-07-22,2026-07,stated by site,yes,,70799fe1-ba67-406c-bebb-226b73e2c1fc,leak site,,leak site,,,,
Qilin,Cpcg,cpcgr.com,,,,Professional Services,Business Services,stated by site,,,,,,,,2026-07-22,2026-07,stated by site,yes,,d5db2e06-b2a3-405f-8354-3783d5e308a1,leak site,,leak site,,,,
Qilin,Evergreen Title,evergreentitlecompany.com,US,United States,web research,Insurance,Insurance,stated by site,,,,,,,,2026-07-21,2026-07,stated by site,yes,,3a2be923-3c7d-48b9-aa44-380fc15b5215,leak site,web,leak site,,,,
Qilin,RehaVital Gesundheitsservice GmbH,rehavital.de,DE,Germany,inferred from domain,Healthcare,,web research,,,,,,,,2026-07-21,2026-07,stated by site,yes,,0a73be27-9f34-45d8-b63d-c4a0a0157f9d,leak site,leak site,web,,,,
Qilin,Postres Reina,postresreina.com,ES,Spain,web research,Agriculture & Food,Food & Beverage,stated by site,,,,,,,,2026-07-21,2026-07,stated by site,yes,,48655caf-4585-42fd-9ab0-386475bc0c00,leak site,web,leak site,,,,
Qilin,Bolt & Nut Manufacturing,bnml.co.uk,GB,United Kingdom,inferred from domain,Manufacturing,Industrial Machinery & Equipment,stated by site,,,,,,,,2026-07-20,2026-07,stated by site,yes,,055bff03-344a-4bdb-901b-6b98520d47cd,leak site,leak site,leak site,,,,
Qilin,Five Star Sheets,fivestarsheets.com,US,United States,web research,Manufacturing,Manufacturing,stated by site,,,,,,51-200,,2026-07-20,2026-07,stated by site,yes,,46c034cd-c4a3-4124-b93a-35c73f21abdf,leak site,web,leak site,,web,,
Qilin,Synergy Products,synergy-trt.com,,,,Retail & Wholesale,Home Improvement & Hardware Retail,stated by site,,,,,,,,2026-07-19,2026-07,stated by site,yes,,1b6eeb3c-9231-44bf-ab8b-16c3eb7e2284,leak site,,leak site,,,,
Qilin,Eana,eana.com.ar,AR,Argentina,inferred from domain,Professional Services,Business Services,stated by site,,,,,,,,2026-07-19,2026-07,stated by site,yes,,ea827c06-3e50-4215-b031-385307e23c22,leak site,leak site,leak site,,,,
Qilin,Associated Theatrical Contractors,associatedtheatrical.com,,,,Hospitality & Travel,Hospitality,stated by site,,,,,,,,2026-07-19,2026-07,stated by site,yes,,d5df444b-e533-4535-9797-08f40baf4f0b,leak site,,leak site,,,,
Qilin,Don Tortaco Mexican Grill,dontortaco.com,US,United States,web research,Hospitality & Travel,Hospitality,stated by site,,,,,,,,2026-07-19,2026-07,stated by site,yes,,41fcdb99-7cf5-4296-9690-fc9938f213c0,leak site,web,leak site,,,,
Qilin,Famesa,famesa.com.pe,PE,Peru,inferred from domain,Professional Services,Business Services,stated by site,,,,,,,,2026-07-19,2026-07,stated by site,yes,,319f4978-5d69-49df-a821-e9debceb58af,leak site,leak site,leak site,,,,
Qilin,City Ambulance Service,cityambu.com,US,United States,web research,Healthcare,Healthcare Services,stated by site,,,,,,,,2026-07-19,2026-07,stated by site,yes,,9a5b2562-d3a3-4b7a-b2fa-2624534ed258,leak site,web,leak site,,,,
Qilin,The Nueva School,nuevaschool.org,,,,Education,Education,stated by site,,,,,,,,2026-07-18,2026-07,stated by site,yes,,f5d63ec4-a191-4de4-a6d1-f0fa52fba59e,leak site,,leak site,,,,
Qilin,St Martha Catholic Church,stmartha.com,,,,Non-profit,Non-Profit & Charitable Organizations,stated by site,,,,,,,,2026-07-18,2026-07,stated by site,yes,,be920d01-1289-47d4-a4da-8ebf156a33ad,leak site,,leak site,,,,
Qilin,Salina Supply,salinasupply.com,,,,Retail & Wholesale,Home Improvement & Hardware Retail,stated by site,,,,,,,,2026-07-18,2026-07,stated by site,yes,,336e1eea-cc38-4572-938d-8f80895e769e,leak site,,leak site,,,,
Qilin,AK Preparedness,akpreparedness.com,,,,Construction,Building Materials,stated by site,,,,,,,,2026-07-18,2026-07,stated by site,yes,,ce1a0a64-9560-4bbf-8489-b0af28ec8fad,leak site,,leak site,,,,
Qilin,Droguería Martorani,martorani.com,,,,Pharmaceuticals & Biotech,Drug Stores & Pharmacies,stated by site,,,,,,,,2026-07-17,2026-07,stated by site,yes,,cddad5ee-72f3-48fd-9310-4858484d5f59,leak site,,leak site,,,,
Qilin,Mountain Rheumatology,mountainrheumatology.com,,,,,,,,,,,,,,2026-07-17,2026-07,stated by site,yes,,7bd70b1f-0098-4b3e-9863-acf22e1cf1f2,leak site,,,,,,
Qilin,Powder River Heating & Air Conditioning,powderriverheating.com,,,,Construction,Construction,stated by site,,,,,,,,2026-07-17,2026-07,stated by site,yes,,7e150d05-bd34-404d-8824-a10358840d67,leak site,,leak site,,,,
Qilin,Acosol,acosol.es,ES,Spain,inferred from domain,Energy & Utilities,"Energy, Utilities & Waste",stated by site,,,,,,,,2026-07-17,2026-07,stated by site,yes,,06db273a-dad1-49d1-98ea-f59c947de0b6,leak site,leak site,leak site,,,,
Qilin,Feliubadaló,feliubadalo.com,,,,Retail & Wholesale,Grocery Retail,stated by site,,,,,,,,2026-07-15,2026-07,stated by site,yes,,cd9a8829-4c6d-4835-82c5-58dedb507d9a,leak site,,leak site,,,,
Qilin,Levin Furniture,levinfurniture.com,,,,Manufacturing,Furniture,stated by site,,,,,,,,2026-07-15,2026-07,stated by site,yes,,21fe1d79-9687-4b3e-8646-659c19380a51,leak site,,leak site,,,,
Qilin,THL,thl.com,,,,Financial Services,Finance,stated by site,,,,,,,,2026-07-14,2026-07,stated by site,yes,,725b3a94-7ea7-46f1-bba6-64aebadbe876,leak site,,leak site,,,,
Qilin,Retelit SpA PIVA,retelit.it,IT,Italy,inferred from domain,Financial Services,Accounting Services,stated by site,,,,,,,,2026-07-14,2026-07,stated by site,yes,,6c4fcaba-e200-43ea-b48b-6e4c03337b27,leak site,leak site,leak site,,,,
Qilin,Sedemi,sedemi.com,,,,Construction,Civil Engineering Construction,stated by site,,,,,,,,2026-07-14,2026-07,stated by site,yes,,44c613b3-9f46-4e31-a76b-0af290178914,leak site,,leak site,,,,
Qilin,Busscar de Colombia,busscar.com.co,CO,Colombia,web research,Manufacturing,Manufacturing,stated by site,,,,,,,,2026-07-13,2026-07,stated by site,yes,,739597b2-88ff-44af-aa22-97024c934e43,leak site,web,leak site,,,,
Qilin,Cemoi,cemoi.fr,FR,France,inferred from domain,Agriculture & Food,Food & Beverage,stated by site,,,,,,,,2026-07-13,2026-07,stated by site,yes,,e8b95ada-bcb2-4c2b-b537-2f74f12972bd,leak site,leak site,leak site,,,,
Qilin,Jakub A.S.,jakub.cz,CZ,Czechia,inferred from domain,Professional Services,Business Services,stated by site,,,,,,,,2026-07-13,2026-07,stated by site,yes,,95e521da-d152-4254-b3a5-d5446ff557c0,leak site,leak site,leak site,,,,
Qilin,Centro Científico e Cultural de Macau,cccm.gov.pt,PT,Portugal,inferred from domain,Hospitality & Travel,Hospitality,stated by site,,,,,,,,2026-07-13,2026-07,stated by site,yes,,0ed24c43-1ad9-440f-acb4-4e2703aa4523,leak site,leak site,leak site,,,,
Qilin,Counts & Dobyns,countsanddobyns.com,,,,Construction,Civil Engineering Construction,stated by site,,,,,,,,2026-07-13,2026-07,stated by site,yes,,b473596d-9864-4a3e-b518-848362cbcb4f,leak site,,leak site,,,,
Qilin,Hillebrand Home Health,hillebrandhomehealth.com,,,,,,,,,,,,,,2026-07-13,2026-07,stated by site,yes,,8e67cc56-c717-453f-b94c-f1a6b99766a7,leak site,,,,,,
Qilin,URH Hoteliers,urh-hoteliers.com,,,,Hospitality & Travel,Hospitality,stated by site,,,,,,,,2026-07-13,2026-07,stated by site,yes,,184d06d6-c5b8-4ac9-82f0-b7febaf5eb0f,leak site,,leak site,,,,
Qilin,"TitanTV, Inc.",titantvinc.com,,,,Professional Services,Business Services,stated by site,,,,,,,,2026-07-13,2026-07,stated by site,yes,,bc461bc1-70b4-4976-b6e6-6c0c4bf8cc8e,leak site,,leak site,,,,
Qilin,Danone (International Delights),idelights.com,,,,Agriculture & Food,Food & Beverage,stated by site,,,,,,,,2026-07-13,2026-07,stated by site,yes,,2a85afa5-7c66-4fe2-a552-df3f6954cb9c,leak site,,leak site,,,,
Qilin,TeleTronic,teletronic.es,ES,Spain,inferred from domain,Consumer Services,Consumer Services,stated by site,,,,,,,,2026-07-11,2026-07,stated by site,yes,,d5152f36-9281-4b50-9136-837e59866db4,leak site,leak site,leak site,,,,
Qilin,Navana Real Estate,navana-realestate.com,,,,Construction,Construction,stated by site,,,,,,,,2026-07-10,2026-07,stated by site,yes,,9acf3fe5-90ad-4918-93fc-4988ca91df8a,leak site,,leak site,,,,
Qilin,Promotora Zacapu,promotorazacapu.com,,,,Manufacturing,Manufacturing,stated by site,,,,,,,,2026-07-10,2026-07,stated by site,yes,,e5e2fa00-1d2c-4921-bc64-005bac006c8f,leak site,,leak site,,,,
Qilin,Red Planet Hotels,redplanethotels.com,TH,Thailand,web research,Hospitality & Travel,Hospitality,stated by site,,,,,,1002,,2026-07-10,2026-07,stated by site,yes,,242a6cc9-5e6c-4cda-8a28-6bb684772df9,leak site,web,leak site,,web estimate,,
Qilin,CRZ Construcciones,crzconstrucciones.com,AR,Argentina,web research,Construction,Civil Engineering Construction,stated by site,,,,,,,,2026-07-10,2026-07,stated by site,yes,,53072cde-abae-4f7b-b8de-de51d5d95d98,leak site,web,leak site,,,,
Qilin,Global Strategic Business Process Solutions,globalstrategic.com,US,United States,web research,Professional Services,Business Services,stated by site,,,,,,,,2026-07-10,2026-07,stated by site,yes,,b0f5ac07-c0fe-4311-a395-078bc298ca8f,leak site,web,leak site,,,,
Qilin,SPACElogic,spacelogic.com.sg,SG,Singapore,inferred from domain,Hospitality & Travel,Hospitality,stated by site,,,,,,,,2026-07-10,2026-07,stated by site,yes,,1b5dabef-3604-486e-a4bb-a6b218d64794,leak site,leak site,leak site,,,,
Qilin,Hum & Jacoby,hhjcpas.com,,,,Financial Services,Accounting Services,stated by site,,,,,,,,2026-07-09,2026-07,stated by site,yes,,050cc3bc-db0d-470c-a7ff-f9dd5fa3e39e,leak site,,leak site,,,,
Qilin,Sintax,sintax.be,BE,Belgium,inferred from domain,Legal,Law Firms & Legal Services,stated by site,,,,,,,,2026-07-09,2026-07,stated by site,yes,,09042649-52aa-4c66-9826-ca49ed5c7da0,leak site,leak site,leak site,,,,
Qilin,Peligro Sports,peligrosportsnyc.com,,,,Retail & Wholesale,Retail · Pennsylvania,stated by site,,,,,,,,2026-07-09,2026-07,stated by site,yes,,55e65e6a-8abe-400a-af69-a5afda4c8eca,leak site,,leak site,,,,
Qilin,Inter Power Engineering,interpower-engrg.com,,,,Manufacturing,Electronics,stated by site,,,,,,,,2026-07-09,2026-07,stated by site,yes,,0b1629e6-c218-435b-83ba-ce19b7048191,leak site,,leak site,,,,
Qilin,Alan F Burke,alanburkecpa.com,,,,Financial Services,Accounting Services,stated by site,,,,,,,,2026-07-09,2026-07,stated by site,yes,,07a5e6aa-5323-4336-8d8d-7d0f5d12a676,leak site,,leak site,,,,
Qilin,Bronken's Dist,bronkens.com,,,,Professional Services,Business Services,stated by site,,,,,,,,2026-07-09,2026-07,stated by site,yes,,f6f03176-3b5f-47fc-b3d6-7128fc0b6931,leak site,,leak site,,,,
Qilin,Sun Dolphin Boats,sundolphin.com,,,,Professional Services,Business Services,stated by site,,,,,,,,2026-07-09,2026-07,stated by site,yes,,d645d1da-4301-4b9b-a13f-23ca4e1a712c,leak site,,leak site,,,,
Qilin,Lechner Massivhaus GmbH,lechner-massivhaus.de,DE,Germany,inferred from domain,Construction,Building Materials,stated by site,,,,,,,,2026-07-07,2026-07,stated by site,yes,,baa73f69-c924-4036-8d91-9c3e3682228d,leak site,leak site,leak site,,,,
Qilin,Next Clinics,next-clinics.cz,CZ,Czechia,inferred from domain,,,,,,,,,,,2026-07-07,2026-07,stated by site,yes,,6496d6c3-7afe-4b66-a9d3-b9a903624ce3,leak site,leak site,,,,,
Qilin,Accelirate,accelirate.com,,,,Professional Services,Business Services,stated by site,,,,,,,,2026-07-07,2026-07,stated by site,yes,,8490a0ae-f21b-4277-ad81-80308770ada6,leak site,,leak site,,,,
Qilin,S.J. Louis,sjlouis.com,,,,Construction,Civil Engineering Construction,stated by site,,,,,,,,2026-07-06,2026-07,stated by site,yes,,0894a7b6-f612-4096-bc99-8ecafeaa427e,leak site,,leak site,,,,
Qilin,Precision Steel Services,precisionsteel.org,,,,Construction,Building Materials,stated by site,,,,,,,,2026-07-06,2026-07,stated by site,yes,,4a6e9256-83bb-4db4-ab7a-b866120a0bdd,leak site,,leak site,,,,
Qilin,Keystone Homes,gokeystone.com,,,,Construction,Construction,stated by site,,,,,,,,2026-07-06,2026-07,stated by site,yes,,a2c11fdc-d4e1-48ba-b8f0-439de73aae5a,leak site,,leak site,,,,
Qilin,Grupo Inteca,grupointeca.com,,,,Professional Services,Business Services,stated by site,,,,,,,,2026-07-06,2026-07,stated by site,yes,,59e55ef5-d4ce-4f6a-9aaf-65a9b661b286,leak site,,leak site,,,,
Qilin,Wood Ellis & Wood CPA,woodelliswoodcpa.com,,,,Financial Services,Accounting Services,stated by site,,,,,,,,2026-07-06,2026-07,stated by site,yes,,fa10d64c-e114-45c1-9bf5-d7b00fec0578,leak site,,leak site,,,,
Qilin,Sisint,sisint.pt,PT,Portugal,inferred from domain,Engineering & Architecture,"Architecture, Engineering & Design",stated by site,,,,,,,,2026-07-03,2026-07,stated by site,yes,,dc445be0-dece-4603-88e8-b7578daaabf5,leak site,leak site,leak site,,,,
Qilin,Sitmatic,sitmatic.com,US,United States,web research,Manufacturing,Furniture,stated by site,,,,,,,,2026-07-03,2026-07,stated by site,yes,,59fa35e9-0cf8-4178-b372-617f08a8b622,leak site,web,leak site,,,,
Qilin,Goodwill Manasota,experiencegoodwill.org,,,,Professional Services,Business Services,stated by site,,,,,,,,2026-07-03,2026-07,stated by site,yes,,20de175e-9b1b-48a2-b953-827c18de8aef,leak site,,leak site,,,,
Qilin,Natural Energy Laboratory of Hawaii Authority,nelha.hawaii.gov,,,,Professional Services,Business Services,stated by site,,,,,,,,2026-07-03,2026-07,stated by site,yes,,0593aadb-41b1-4205-89d2-b4c476545be4,leak site,,leak site,,,,
Qilin,Pennant Hills Golf Club,pennanthillsgolfclub.com.au,AU,Australia,inferred from domain,Professional Services,Advertising & Marketing,stated by site,,,,,,,,2026-07-02,2026-07,stated by site,yes,,58f96ce6-c718-4160-9b1e-9a4653f88936,leak site,leak site,leak site,,,,
Qilin,Dennis Waters Rental Properties,,,,,Professional Services,Business Services,stated by site,,,,,,,,2026-07-01,2026-07,stated by site,yes,,ba701696-1c93-417d-a1cb-c69e714cc3f2,,,leak site,,,,
Qilin,Dixie Beverage,dixiebeverage.com,,,,Energy & Utilities,"Electricity, Oil & Gas",stated by site,,,,,,,,2026-07-01,2026-07,stated by site,yes,,a9bf0d58-3647-4639-9619-21dbf58dd83c,leak site,,leak site,,,,
Qilin,Dynamic Laser Solutions Ltd.,dynamiclasersolutions.com,GB,United Kingdom,web research,Manufacturing,Industrial Machinery & Equipment,stated by site,,,,,,,,2026-07-01,2026-07,stated by site,yes,,34b7e3d1-82ce-4455-9944-ea6c2ede92fc,leak site,web,leak site,,,,
Qilin,Laughlin Nunnally Hood & Crum,greenevillelaw.com,,,,Legal,Law Firms & Legal Services,stated by site,,,,,,,,2026-07-01,2026-07,stated by site,yes,,2895dd71-2d77-4c70-badf-cd39e1ae9992,leak site,,leak site,,,,
Qilin,Mattatuck Industrial Scrap Metal,mattatuckscrap.com,US,United States,web research,Energy & Utilities,"Energy, Utilities & Waste",stated by site,,,,,,,,2026-07-01,2026-07,stated by site,yes,,2f884907-4973-409e-92dd-5ef8c7f3431a,leak site,web,leak site,,,,
Qilin,Hemmersbach GmbH & Co. KG,hemmersbach.com,DE,Germany,web research,Technology,Software,stated by site,,,,,,5000,,2026-06-30,2026-06,stated by site,yes,,9a9add5c-96a6-46b9-8d94-1b9f29f0dc35,leak site,web,leak site,,web,,
Qilin,Chamco,chamco.com,CA,Canada,web research,Manufacturing,Manufacturing,stated by site,,,,,,,,2026-06-30,2026-06,stated by site,yes,,e10a7d15-361e-45ad-ba34-0167aa8f7ecf,leak site,web,leak site,,,,
Qilin,Taubensee Steel & Wire,taubensee.com,,,,Construction,Building Materials,stated by site,,,,,,,,2026-06-29,2026-06,stated by site,yes,,2f4db6f0-8327-4987-98ff-2891e4e17bea,leak site,,leak site,,,,
Qilin,Kunert Fashion,kunert.de,DE,Germany,inferred from domain,Manufacturing,Manufacturing,stated by site,,,,,,,,2026-06-29,2026-06,stated by site,yes,,4e1db28d-1fa6-4d7c-b4cf-4477b4db7a5e,leak site,leak site,leak site,,,,
Qilin,Musashino University,musashino-u.ac.jp,JP,Japan,inferred from domain,Education,Education,stated by site,,,,,,,,2026-06-29,2026-06,stated by site,yes,,8eb0e50b-2e9b-4229-8d9b-8a2fa8262c00,leak site,leak site,leak site,,,,
Qilin,Metal Sur Famin,metalsurfamin.com,,,,Manufacturing,Industrial Machinery & Equipment,stated by site,,,,,,,,2026-06-29,2026-06,stated by site,yes,,cac189ac-d526-4846-bb5b-30664bf942be,leak site,,leak site,,,,
Qilin,KALIACT ANCHETA et Associs,ancheta-associes.fr,FR,France,inferred from domain,Legal,Law Firms & Legal Services,stated by site,,,,,,,,2026-06-29,2026-06,stated by site,yes,,ccddb420-de65-4577-8d05-f1c349e15103,leak site,leak site,leak site,,,,
Qilin,Gsma,gsmarchitects.net,,,,Engineering & Architecture,"Architecture, Engineering & Design",stated by site,,,,,,,,2026-06-29,2026-06,stated by site,yes,,04d80cd8-9c4d-472a-87b4-3c29c3d85bb5,leak site,,leak site,,,,
Qilin,Bristol Place,bristolplace.net,,,,,,,,,,,,,,2026-06-29,2026-06,stated by site,yes,,23638b37-efe6-4aac-9206-160607d09b29,leak site,,,,,,
Qilin,Lam Soon,lamsoon.co.th,TH,Thailand,inferred from domain,Agriculture & Food,Food & Beverage,stated by site,,,,,,2910,,2026-06-29,2026-06,stated by site,yes,,b8094546-2286-4db0-aa25-4c12fc65e1be,leak site,leak site,leak site,,web,,
Qilin,Transcore,transcore.com,,,,Engineering & Architecture,"Architecture, Engineering & Design",stated by site,,,,,,,,2026-06-28,2026-06,stated by site,yes,,7a16da08-fd95-4288-931c-49f334ca12ca,leak site,,leak site,,,,
Qilin,1-800-dentist,1800dentist.com,,,,Professional Services,Business Services,stated by site,,,,,,,,2026-06-28,2026-06,stated by site,yes,,764d68f8-7f13-45c1-99f9-c8d5ac187a12,leak site,,leak site,,,,
Qilin,Premier Medical Group,premiermedicalhv.com,,,,,,,,,,,,,,2026-06-26,2026-06,stated by site,yes,,2080c2f3-9cfb-4476-a9f2-71a8ad09c124,leak site,,,,,,
Qilin,Cash Canada,cashcanada.com,,,,Professional Services,Business Services,stated by site,,,,,,,,2026-06-23,2026-06,stated by site,yes,,3d397a59-749d-4cc5-a06b-83c21549eae2,leak site,,leak site,,,,
Qilin,Schumacher Homes,schumacherhomes.com,,,,Construction,Construction,stated by site,,,,,,,,2026-06-22,2026-06,stated by site,yes,,2f47ce8d-8f40-49d9-8e70-d7d4e7b877c8,leak site,,leak site,,,,
Qilin,Central Bank of Libya,cbl.gov.ly,LY,Libya,inferred from domain,Financial Services,Banking,stated by site,,,,,,,,2026-06-22,2026-06,stated by site,yes,,7c1bd27c-bdf7-46e1-9aa7-3652fa370f25,leak site,leak site,leak site,,,,
Qilin,Tri-tec,tri-tec.com,,,,Professional Services,Business Services,stated by site,,,,,,,,2026-06-21,2026-06,stated by site,yes,,82904dd5-6ccd-4761-8ce6-0ced7832d2e9,leak site,,leak site,,,,
Qilin,Belz Institutions,worldofbelz.org,,,,Education,Education,stated by site,,,,,,,,2026-06-21,2026-06,stated by site,yes,,7dad382b-86a3-485d-8467-04ded073949e,leak site,,leak site,,,,
Qilin,Florida Engineering Services,florida-engineering-services.com,,,,Engineering & Architecture,"Architecture, Engineering & Design",stated by site,,,,,,,,2026-06-21,2026-06,stated by site,yes,,2ec671d4-73db-487a-b84b-cdd8c34d9c61,leak site,,leak site,,,,
Qilin,Pacific Lamp & Supply,pacificlamp.com,,,,Manufacturing,Furniture,stated by site,,,,,,,,2026-06-20,2026-06,stated by site,yes,,ddab2106-0a8f-42c7-b603-0902afe07626,leak site,,leak site,,,,
Qilin,FIRMENGRUPPE APPL Holding GmbH,appl.de,DE,Germany,inferred from domain,Financial Services,Accounting Services,stated by site,,,,,,,,2026-06-18,2026-06,stated by site,yes,,49e05aaa-52a8-47cb-9d45-7d3bd4d4c1ce,leak site,leak site,leak site,,,,
Qilin,Homes By J Anthony,homesbyjanthony.com,US,United States,web research,Construction,Construction,stated by site,,,,,,,,2026-06-18,2026-06,stated by site,yes,,77f7cac4-5373-48fc-94f2-681e1b7f711d,leak site,web,leak site,,,,
Qilin,ATCOM Outsourcing,atcom.cl,CL,Chile,inferred from domain,Professional Services,Business Services,stated by site,,,,,,,,2026-06-18,2026-06,stated by site,yes,,9675a9d6-195d-452e-8110-5952b5cdf7bb,leak site,leak site,leak site,,,,
Qilin,Makel Companies Group,makel.com.tr,TR,Turkey,inferred from domain,Manufacturing,Electronics,stated by site,,,,,,,,2026-06-18,2026-06,stated by site,yes,,14ac9d80-81f2-4563-a59c-2d835c918589,leak site,leak site,leak site,,,,
Qilin,Skupina Don Don - GRUPO BIMBO,dondon.si,SI,Slovenia,inferred from domain,Agriculture & Food,Food & Beverage,stated by site,201000000,,,,,2499,,2026-06-17,2026-06,stated by site,yes,,0e8fef36-3e08-4921-abbd-08a017cb7aca,leak site,leak site,leak site,web,web,,
Qilin,MAVA Healthcare,mavamedical.com,US,United States,web research,Healthcare,,web research,,,,,,,,2026-06-15,2026-06,stated by site,yes,,8b3c2a08-c4bd-4e1c-9540-43255f5f76a7,leak site,web,web,,,,
Qilin,Cng Ty Cp T Vn Xd Tng Hp,nagecco.com,VN,Vietnam,web research,Engineering & Architecture,"Architecture, Engineering & Design",stated by site,,,,,,400,,2026-06-15,2026-06,stated by site,yes,,58e310a4-96df-4b40-8f68-c672d84340d8,leak site,web,leak site,,web,,
Qilin,Can Healthcare Group,izmircanhastanesi.com,TR,Turkey,web research,Healthcare,,web research,,,,,,,,2026-06-15,2026-06,stated by site,yes,,943cd6e8-cb55-4fc7-924e-4e9653fd438e,leak site,web,web,,,,
Qilin,Grupo Indi,grupoindi.mx,MX,Mexico,inferred from domain,Construction,Civil Engineering Construction,stated by site,,,,,,,,2026-06-15,2026-06,stated by site,yes,,bc056cc8-657b-4671-8239-82ed5d55952e,leak site,leak site,leak site,,,,
Qilin,DISTINET MURCIA SL,distinetmurcia.es,ES,Spain,inferred from domain,Professional Services,Business Services,stated by site,,,,,,,,2026-06-12,2026-06,stated by site,yes,,1207ed2f-999e-484e-9818-36c88c5b4ec4,leak site,leak site,leak site,,,,
Qilin,The Banyans Health and Wellness,thebanyans.com.au,AU,Australia,inferred from domain,Healthcare,Healthcare Services,stated by site,,,,,,,,2026-06-08,2026-06,stated by site,yes,,ef60ef22-903f-4645-95eb-68ec523e25c9,leak site,leak site,leak site,,,,
Qilin,Kinetic Education,kineticeducation.com.au,AU,Australia,inferred from domain,Education,Education,stated by site,,,,,,,,2026-06-08,2026-06,stated by site,yes,,048ffcd7-1174-4fb2-986b-fefa9ed83935,leak site,leak site,leak site,,,,
Qilin,SatCom CX,satcommarketing.com,,,,Professional Services,Business Services,stated by site,,,,,,,,2026-06-08,2026-06,stated by site,yes,,3028fcdd-559c-483a-a7e6-3a34914e7096,leak site,,leak site,,,,
Qilin,Opera Comique,opera-comique.com,FR,France,web research,Hospitality & Travel,Hospitality,stated by site,,,,,,,,2026-06-08,2026-06,stated by site,yes,,3dd2edca-3ce3-4245-97d4-79dd78b7347b,leak site,web,leak site,,,,
Qilin,Isuzu Motors,isuzu-motors.co.th,TH,Thailand,inferred from domain,Manufacturing,Manufacturing,stated by site,,,,,,,,2026-06-08,2026-06,stated by site,yes,,d8f1fcdc-8f3f-4a6c-b81c-429c0fca2757,leak site,leak site,leak site,,,,
Qilin,Jay's Catering,myjayscatering.com,,,,Professional Services,Business Services,stated by site,,,,,,,,2026-06-05,2026-06,stated by site,yes,,3b1d5a52-c0e5-4b60-8a62-914ac986e3db,leak site,,leak site,,,,
Qilin,Swim-Mor Pools,swimmor.com,,,,Construction,Civil Engineering Construction,stated by site,,,,,,,,2026-06-05,2026-06,stated by site,yes,,33ba9ef2-4761-4501-a216-a4bca21f4382,leak site,,leak site,,,,
Qilin,Ontario Home Builders' Association,ohba.ca,CA,Canada,inferred from domain,Non-profit,Membership Organizations,stated by site,,,,,,,,2026-06-05,2026-06,stated by site,yes,,889c0174-5e2d-4529-b3d8-573c3e53bc5a,leak site,leak site,leak site,,,,
Qilin,Trican,tricanwellservice.com,,,,Energy & Utilities,"Energy, Utilities & Waste",stated by site,,,,,,,,2026-06-04,2026-06,stated by site,yes,,db9b88e4-dbf1-48ff-99c8-06be32a96a0f,leak site,,leak site,,,,
Qilin,Eat Salad,eatsalad.com,,,,Hospitality & Travel,Hospitality,stated by site,,,,,,,,2026-06-03,2026-06,stated by site,yes,,9477bb5a-f81e-49b2-8db0-d7b8c1013df5,leak site,,leak site,,,,
Qilin,MarketJoy,marketjoy.com,,,,Professional Services,Advertising & Marketing,stated by site,,,,,,,,2026-06-03,2026-06,stated by site,yes,,a8f53c6e-52a8-4a96-a634-2ead5addcca4,leak site,,leak site,,,,
Qilin,JNP ENG,jnpeng.co.kr,KR,South Korea,inferred from domain,Manufacturing,Industrial Machinery & Equipment,stated by site,,,,,,,,2026-06-03,2026-06,stated by site,yes,,aee7cde8-9c42-42ee-b869-d48cd1a6f7bb,leak site,leak site,leak site,,,,
Qilin,MEISA - Sines,meisa-e.com,,,,Professional Services,Business Services,stated by site,,,,,,,,2026-06-03,2026-06,stated by site,yes,,90c319ad-cdab-4d2c-8a5e-e84e0d8242d0,leak site,,leak site,,,,
Qilin,Commune d'Eyguires,eyguieres.org,,,,Government,Government,stated by site,,,,,,,,2026-06-02,2026-06,stated by site,yes,,28145869-f2d7-4dc2-9171-a26b63fbd83b,leak site,,leak site,,,,
Qilin,Nova Medical Products,novajoy.com,,,,Retail & Wholesale,Retail · Pennsylvania,stated by site,,,,,,,,2026-06-02,2026-06,stated by site,yes,,cfb76db3-4ec5-4022-9ab7-60baf6523f09,leak site,,leak site,,,,
Qilin,Clinica Maitenes,clinicamaitenes.cl,CL,Chile,inferred from domain,,,,,,,,,,,2026-06-02,2026-06,stated by site,yes,,d3ce86e4-82ae-4556-804a-a3da7631e290,leak site,leak site,,,,,
Qilin,Otthon Centrum,oc.hu,HU,Hungary,inferred from domain,Real Estate,Real Estate,stated by site,,,,,,,,2026-05-27,2026-05,stated by site,yes,,f9273b15-aa73-467c-9abd-a2fc87d51f05,leak site,leak site,leak site,,,,
Qilin,William Davis Homes,williamdavis.co.uk,GB,United Kingdom,inferred from domain,Construction,Construction,stated by site,,,,,,,,2026-05-27,2026-05,stated by site,yes,,4732c352-14af-432f-8a3b-328e5e0d69bc,leak site,leak site,leak site,,,,
Qilin,Shocco Springs,shocco.org,,,,Hospitality & Travel,Hospitality,stated by site,,,,,,,,2026-05-27,2026-05,stated by site,yes,,1c8ccc14-5830-4052-83e2-ec12c0e5e95c,leak site,,leak site,,,,
Qilin,Mainstreet Organization of REALTORS,mainstreethomesearch.com,,,,Non-profit,Membership Organizations,stated by site,,,,,,,,2026-05-27,2026-05,stated by site,yes,,02d6b208-5db6-43ce-bbe7-a72aabbc82b1,leak site,,leak site,,,,
Qilin,Hamister Group,hamistergroup.com,,,,Holding Companies,Holding Companies & Conglomerates,stated by site,,,,,,,,2026-05-26,2026-05,stated by site,yes,,3a5f1ef5-7aec-4f4e-8f12-f36f57f7008c,leak site,,leak site,,,,
Qilin,"THOMAS JORDAN, P.A",zoominfo.com,,,,Manufacturing,Manufacturing,stated by site,,,,,,,,2026-05-24,2026-05,stated by site,yes,,ad79efcf-ab01-4af3-b20e-b291f196740f,leak site,,leak site,,,,
Qilin,Branded Products,brandedproducts.com.au,AU,Australia,inferred from domain,Retail & Wholesale,Retail · Pennsylvania,stated by site,,,,,,,,2026-05-24,2026-05,stated by site,yes,,3ef128e0-b18d-46df-88c1-ff2a51ff206f,leak site,leak site,leak site,,,,
Qilin,Sponseller Group,sponsellergroup.com,US,United States,web research,Engineering & Architecture,"Architecture, Engineering & Design",stated by site,,,,,,,,2026-05-24,2026-05,stated by site,yes,,6b72489c-ce4c-47c6-a7dd-174e050d9f6e,leak site,web,leak site,,,,
Qilin,ExpoCredit,expocredit.com,,,,Financial Services,Finance,stated by site,,,,,,,,2026-05-24,2026-05,stated by site,yes,,aeca2b02-d09c-4e56-b06c-8f0b6c06f6c4,leak site,,leak site,,,,
Qilin,P & G Trading,pgtradingco.com,US,United States,web research,Retail & Wholesale,Grocery Retail,stated by site,,,,,,,,2026-05-24,2026-05,stated by site,yes,,c796bb04-e35a-429e-aef0-16f8f3d58ed1,leak site,web,leak site,,,,
Qilin,Alpert Slobin & Rubenstein,asrllp.com,,,,Legal,Law Firms & Legal Services,stated by site,,,,,,,,2026-05-24,2026-05,stated by site,yes,,81ae1ad0-8735-4f3a-b3a0-6e8ad72994f1,leak site,,leak site,,,,
Qilin,Semgrep,semgrep.dev,US,United States,web research,Technology,Software,stated by site,,,,,,201-500,,2026-05-22,2026-05,stated by site,yes,,67045d50-5347-4ae2-a610-38593d71994d,leak site,web,leak site,,web,,
Qilin,Vernon & Ginsburg,vernonginsburg.com,,,,Legal,Law Firms & Legal Services,stated by site,,,,,,,,2026-05-21,2026-05,stated by site,yes,,b5d7cd8d-5f29-4f49-b180-326eee4e6ddc,leak site,,leak site,,,,
Qilin,Snyder Packaging,snyderpkg.com,,,,Manufacturing,Manufacturing,stated by site,,,,,,,,2026-05-21,2026-05,stated by site,yes,,b473a74f-5a6a-404b-956c-aac8458821ca,leak site,,leak site,,,,
Qilin,ROTO Immobilien,roto-immobilien.at,AT,Austria,inferred from domain,Real Estate,Real Estate,stated by site,,,,,,,,2026-05-21,2026-05,stated by site,yes,,723469f2-6713-46a5-a07c-99f446fd6148,leak site,leak site,leak site,,,,
Qilin,Hamer Childs,hamerchilds.co.uk,GB,United Kingdom,inferred from domain,Legal,Law Firms & Legal Services,stated by site,,,,,,,,2026-05-20,2026-05,stated by site,yes,,c5d607cc-33aa-4006-a808-599dc0997a32,leak site,leak site,leak site,,,,
Qilin,CJ Architects,cjarchitects.net,US,United States,web research,Engineering & Architecture,"Architecture, Engineering & Design",stated by site,,,,,,2-10,,2026-05-20,2026-05,stated by site,yes,,b643f9eb-7e30-4836-8955-415480cfe9a6,leak site,web,leak site,,web,,
Qilin,Cz Collections,czcollections.com,,,,Technology,Software,stated by site,,,,,,,,2026-05-20,2026-05,stated by site,yes,,7703e181-abfd-4df1-8dfa-42b24cfcae3d,leak site,,leak site,,,,
Qilin,Zachary Confections,zacharyconfections.com,,,,Agriculture & Food,Food & Beverage,stated by site,,,,,,,,2026-05-19,2026-05,stated by site,yes,,d6e801e2-91f2-40df-a088-e2cbead6e1aa,leak site,,leak site,,,,
Qilin,RCR Industrial Flooring,rcrindustrialflooring.com,,,,Construction,Construction,stated by site,,,,,,,,2026-05-18,2026-05,stated by site,yes,,a536837c-3ebd-46d6-bdc4-a3685fe8d6df,leak site,,leak site,,,,
Qilin,Musée du Bas-Saint-Laurent,mbsl.qc.ca,CA,Canada,inferred from domain,Hospitality & Travel,Hospitality,stated by site,,,,,,,,2026-05-17,2026-05,stated by site,yes,,7d9b817e-24da-4d8f-a7e2-0b573e3403d4,leak site,leak site,leak site,,,,
Qilin,The Taylor Provisions,originaltaylorporkroll.com,,,,Agriculture & Food,Food & Beverage,stated by site,,,,,,,,2026-05-17,2026-05,stated by site,yes,,753fc2a7-1e1a-48ba-aac9-3c5261b3b689,leak site,,leak site,,,,
Qilin,PNSB Insurance Brokers Sdn Bhd,pnsbinsbroker.com.my,MY,Malaysia,inferred from domain,Insurance,Insurance,stated by site,,,,,,,,2026-05-17,2026-05,stated by site,yes,,c6ab8717-2893-43ec-bedd-2e47408a917c,leak site,leak site,leak site,,,,
Qilin,Comercial Echave Turri Limitada,ajj.cl,CL,Chile,inferred from domain,Professional Services,Business Services,stated by site,,,,,,,,2026-05-17,2026-05,stated by site,yes,,4bfde194-c842-4903-93cb-68a9de8ba03a,leak site,leak site,leak site,,,,
Qilin,CLINICA AVELLANEDA MEDICAL CENTER,,,,,,,,,,,,,,,2026-05-16,2026-05,stated by site,yes,,f5dd1c52-cb51-4535-a8ee-bfd7ed801e49,,,,,,,
Qilin,Bangor Wholesale Laminates,bangorwholesalelaminates.com,,,,Retail & Wholesale,Home Improvement & Hardware Retail,stated by site,,,,,,,,2026-05-16,2026-05,stated by site,yes,,ccf753d0-cb74-4b6c-ba5d-fffb06b082bc,leak site,,leak site,,,,
Qilin,Foot Solutions,footsolutions.com,,,,Retail & Wholesale,Retail · Pennsylvania,stated by site,,,,,,,,2026-05-15,2026-05,stated by site,yes,,e9f74cf9-f2ec-4dfe-882d-6139896b242c,leak site,,leak site,,,,
Qilin,Cooperativa de Hospitales de Antioquia - COHAN,cohan.org.co,,,,Government,Government,stated by site,,,,,,,,2026-05-15,2026-05,stated by site,yes,,bd0eebf4-e436-4f46-b7d8-0c21f8fff528,leak site,,leak site,,,,
Qilin,Delta Electric Power Association,deltaepa.com,,,,Energy & Utilities,"Electricity, Oil & Gas",stated by site,,,,,,,,2026-05-14,2026-05,stated by site,yes,,c054af1f-76e8-4498-a937-7b0b8b7a1869,leak site,,leak site,,,,
Qilin,Schulte-Lindhorst GmbH & Co.,schulte-lindhorst.de,DE,Germany,inferred from domain,Professional Services,Business Services,stated by site,,,,,,,,2026-05-14,2026-05,stated by site,yes,,fc4e2698-9dcc-4f1f-bc54-cd2ecacf3f68,leak site,leak site,leak site,,,,
Qilin,Fab-Masters,fabmastersinc.com,,,,Manufacturing,Industrial Machinery & Equipment,stated by site,,,,,,,,2026-05-14,2026-05,stated by site,yes,,04e96a4b-31cf-4ec4-bcc9-4316c3fb3383,leak site,,leak site,,,,
Qilin,Bluize,bluize.com.au,AU,Australia,inferred from domain,Technology,Software,stated by site,,,,,,,,2026-05-13,2026-05,stated by site,yes,,8289980d-3796-40b2-b594-9f76da9e6380,leak site,leak site,leak site,,,,
Qilin,Mediapost Spain,mediapost.es,ES,Spain,inferred from domain,Professional Services,Advertising & Marketing,stated by site,,,,,,,,2026-05-12,2026-05,stated by site,yes,,c4b65820-1312-4205-a363-068fba9d5828,leak site,leak site,leak site,,,,
Qilin,AppDirect,appdirect.com,,,,Technology,Software,stated by site,,,,,,,,2026-05-11,2026-05,stated by site,yes,,886cb38b-3505-490e-bc92-10e27a5f138c,leak site,,leak site,,,,
Qilin,Pangolin Editions,pangolin-editions.com,,,,Construction,Building Materials,stated by site,,,,,,,,2026-05-11,2026-05,stated by site,yes,,079c1f00-a839-4e03-8f1c-942a5ea058a9,leak site,,leak site,,,,
Qilin,International Customer Care Services,iccs.global,,,,Professional Services,Business Services,stated by site,,,,,,,,2026-05-11,2026-05,stated by site,yes,,826e3766-2e34-421e-bd2e-39bbf24e9f5d,leak site,,leak site,,,,
Qilin,SHERIFF,sheriff.com.ua,UA,Ukraine,inferred from domain,Professional Services,Business Services,stated by site,,,,,,,,2026-05-09,2026-05,stated by site,yes,,ce2b2565-40a3-44c9-8197-26e7524a309e,leak site,leak site,leak site,,,,
Qilin,Lindabury,lindabury.com,US,United States,web research,Legal,Law Firms & Legal Services,stated by site,,,,,,,,2026-05-08,2026-05,stated by site,yes,,a3a02ff4-6ea5-4ca2-b31f-bac4da2a40b0,leak site,web,leak site,,,,
Qilin,Shipping Services,ssa-shipping.com.ar,AR,Argentina,inferred from domain,Professional Services,Business Services,stated by site,,,,,,,,2026-05-08,2026-05,stated by site,yes,,5e73092f-63f0-4de6-8e0d-e4685d4ba88c,leak site,leak site,leak site,,,,
Qilin,Imex International,imexinter.com,TH,Thailand,web research,Professional Services,Business Services,stated by site,,,,,,,,2026-05-08,2026-05,stated by site,yes,,8b23f095-b6b6-4ab4-9be8-07fa4cc59125,leak site,web,leak site,,,,
Qilin,Exco Technologies,excocorp.com,,,,Manufacturing,Industrial Machinery & Equipment,stated by site,,,,,,,,2026-05-08,2026-05,stated by site,yes,,12342335-f1a3-4d9c-9fc1-5737b77cd64d,leak site,,leak site,,,,
Qilin,BMTP,bmtp.co.th,TH,Thailand,inferred from domain,Professional Services,Business Services,stated by site,,,,,,,,2026-05-06,2026-05,stated by site,yes,,d4384fb9-f35a-4aff-87a8-97cff99398f7,leak site,leak site,leak site,,,,
Qilin,Time-Cap Labs,timecaplabs.com,US,United States,web research,Manufacturing,Manufacturing,stated by site,,,,,,,,2026-05-06,2026-05,stated by site,yes,,ae7d25a0-f7c7-4501-9333-106187fd4c6e,leak site,web,leak site,,,,
Qilin,Asphalt Specialists,asipaving.com,US,United States,web research,Construction,Civil Engineering Construction,stated by site,,,,,,201-500,,2026-05-06,2026-05,stated by site,yes,,27c7dd70-6534-4e2c-b794-168ccf525eb7,leak site,web,leak site,,web,,
Qilin,Sysco,sysco.com,US,United States,web research,Retail & Wholesale,Grocery Retail,stated by site,81400000000,,,,,75000,,2026-05-05,2026-05,stated by site,yes,,fab840ed-52a9-4bd6-acf1-c38b4554a845,leak site,web,leak site,web,web,,
Qilin,Ahorramas,ahorramas.com,ES,Spain,web research,Retail & Wholesale,Grocery Retail,stated by site,2736860000,,,,,14230,,2026-05-05,2026-05,stated by site,yes,,d9c05d3b-e059-44fd-b5ff-e542020cd69b,leak site,web,leak site,web,web,,
Qilin,Seagate Capital Construction,seagatecapitalconstruction.com,,,,Construction,Construction,stated by site,,,,,,,,2026-05-04,2026-05,stated by site,yes,,fad3eb9c-b440-44c4-a87a-cb6a6376843b,leak site,,leak site,,,,
Qilin,Lexus,lexus.ua,UA,Ukraine,inferred from domain,Automotive,Automotive Parts,stated by site,,,,,,,,2026-05-04,2026-05,stated by site,yes,,cd437699-bc88-4ee5-b912-ccf5cd27dd96,leak site,leak site,leak site,,,,
Qilin,North Star Signs,northstarsign.com,,,,Manufacturing,Industrial Machinery & Equipment,stated by site,,,,,,,,2026-05-02,2026-05,stated by site,yes,,647579d2-391a-4782-b29c-eef23aaa4bd4,leak site,,leak site,,,,
Qilin,Martinez & Shanken,aztaxcpa.com,,,,Financial Services,Finance,stated by site,,,,,,,,2026-05-02,2026-05,stated by site,yes,,6da18069-9099-4633-872f-0fd641e1cd93,leak site,,leak site,,,,
Qilin,Abazia SpA,abazia.com,,,,Manufacturing,Industrial Machinery & Equipment,stated by site,,,,,,,,2026-04-30,2026-04,stated by site,yes,,b2aee6c8-1fce-497b-953f-d84e078c5195,leak site,,leak site,,,,
Qilin,Philex Mining,philexmining.com.ph,PH,Philippines,inferred from domain,Manufacturing,Manufacturing,stated by site,,,,,,,,2026-04-30,2026-04,stated by site,yes,,51dc3041-8999-40a5-8651-789673f3481e,leak site,leak site,leak site,,,,
Qilin,Osool Poultry,osoolpoultry.com,,,,Agriculture & Food,Food & Beverage,stated by site,,,,,,,,2026-04-30,2026-04,stated by site,yes,,b5974ad0-ec65-440d-ace4-77ddeb5cf891,leak site,,leak site,,,,
Qilin,Jgb,jgb.com.co,,,,Healthcare,Healthcare Services,stated by site,,,,,,,,2026-04-30,2026-04,stated by site,yes,,7a7eff3e-4452-42e4-a651-c390bce9e89f,leak site,,leak site,,,,
Qilin,Zinkan & Barker Development,zinkanandbarker.com,,,,Real Estate,Real Estate,stated by site,,,,,,,,2026-04-30,2026-04,stated by site,yes,,aa3c8f2e-6d5b-477f-b636-f9440c94ab04,leak site,,leak site,,,,
Qilin,Jayeff Construction,jayeff.com,,,,Construction,Construction,stated by site,,,,,,,,2026-04-30,2026-04,stated by site,yes,,70cc7835-9389-4749-9fc3-e9c3d76fc876,leak site,,leak site,,,,
Qilin,See's Candies,sees.com,,,,Agriculture & Food,Food & Beverage,stated by site,,,,,,,,2026-04-30,2026-04,stated by site,yes,,c328ef12-08a6-4fb3-bf54-e441d87d1ced,leak site,,leak site,,,,
Qilin,Eduporium,eduporium.com,,,,Professional Services,Business Services,stated by site,,,,,,,,2026-04-29,2026-04,stated by site,yes,,8f6b7088-4865-4606-b73d-1a61073fa27a,leak site,,leak site,,,,
Qilin,Construction Sciences,constructionsciences.net,,,,Engineering & Architecture,"Architecture, Engineering & Design",stated by site,,,,,,,,2026-04-28,2026-04,stated by site,yes,,369a1f91-b7bb-4c43-9760-ce8e73a49d91,leak site,,leak site,,,,
Qilin,HBX Group,hbxgroup.com,,,,Hospitality & Travel,Hospitality,stated by site,,,,,,,,2026-04-28,2026-04,stated by site,yes,,eb002efc-c6f0-4c5f-9dfe-03ac9bc52bc9,leak site,,leak site,,,,
Qilin,Lifeline PCS,lifelinepcs.com,,,,,,,,,,,,,,2026-04-27,2026-04,stated by site,yes,,9e2a4ac9-7864-4fdb-b2e8-649d1eecc9d0,leak site,,,,,,
Qilin,Leone Film Group SpA,leonefilmgroup.com,,,,Media & Entertainment,Broadcasting,stated by site,,,,,,,,2026-04-27,2026-04,stated by site,yes,,3b718f63-7722-4cb9-a8d1-bb32347609c8,leak site,,leak site,,,,
Qilin,Jens Jensen,jensjensen.dk,DK,Denmark,inferred from domain,Consumer Services,Consumer Services,stated by site,,,,,,,,2026-04-27,2026-04,stated by site,yes,,64ff6ba5-8399-4e42-a0eb-ba3b77340b6d,leak site,leak site,leak site,,,,
Qilin,Blantyre Capital,blantyrecapital.com,,,,Financial Services,Credit Cards & Transaction Processing,stated by site,,,,,,,,2026-04-27,2026-04,stated by site,yes,,96112ccf-0ed6-4048-b6a5-f909872628e2,leak site,,leak site,,,,
Qilin,Inspira,inspirapr.com,,,,,,,,,,,,,,2026-04-27,2026-04,stated by site,yes,,5d32509c-b974-483a-ac47-fc04e74e3583,leak site,,,,,,
Qilin,﻿﻿Muller Technology,muller-technology.com,,,,Manufacturing,Industrial Machinery & Equipment,stated by site,,,,,,,,2026-04-26,2026-04,stated by site,yes,,f92a2b79-707b-42e4-9335-cfa02313d037,leak site,,leak site,,,,
Qilin,Longwood Engineering Company,longwoodengineering.co.uk,GB,United Kingdom,inferred from domain,Manufacturing,Manufacturing,stated by site,,,,,,,,2026-04-26,2026-04,stated by site,yes,,de45ff0e-e9b3-4b0f-b711-664acc7bb31f,leak site,leak site,leak site,,,,
Qilin,Istarpal,istarpal.com,,,,Education,Education,stated by site,,,,,,,,2026-04-26,2026-04,stated by site,yes,,53b52d91-047d-4b1d-9561-d2c44f340510,leak site,,leak site,,,,
Qilin,Buckley Powder,buckleypowder.com,US,United States,web research,Manufacturing,Manufacturing,stated by site,,,,,,,,2026-04-25,2026-04,stated by site,yes,,ad6e7758-9aed-447e-84c4-3f6a8e3e0b6e,leak site,web,leak site,,,,
Qilin,Chase Cooper Limited (RiskLogix Solutions),,GB,United Kingdom,web research,Technology,Software,stated by site,,,,,,,,2026-04-25,2026-04,stated by site,yes,,9653e175-0e80-495b-91f8-78eb6e684399,,web,leak site,,,,
Qilin,Mid Florida Dermatology & Plastic Surgery,midflmed.com,US,United States,web research,Healthcare,,web research,,,,,,,,2026-04-25,2026-04,stated by site,yes,,a1361397-7377-41c6-a91c-0144f3c9374e,leak site,web,web,,,,
Qilin,SanCor,sancor.com,AR,Argentina,web research,Agriculture & Food,Food & Beverage,stated by site,,,,,,,,2026-04-25,2026-04,stated by site,yes,,120bce78-580e-4d21-a9b8-b47d01cb5937,leak site,web,leak site,,,,
Qilin,Leistritz Turbine Technology,turbines.leistritz.com,,,,Professional Services,Business Services,stated by site,,,,,,,,2026-04-25,2026-04,stated by site,yes,,de499d1b-c806-4643-befa-6780cfcb1244,leak site,,leak site,,,,
Qilin,Cahbo Produkter,cahbo.se,SE,Sweden,inferred from domain,Construction,Building Materials,stated by site,,,,,,,,2026-04-25,2026-04,stated by site,yes,,234117e4-a04b-481d-94d4-a22c68d1c635,leak site,leak site,leak site,,,,
Qilin,Marc Cain,marc-cain.com,DE,Germany,web research,Retail & Wholesale,Retail · Pennsylvania,stated by site,280000000,,,,,800,,2026-04-24,2026-04,stated by site,yes,,14354888-e288-4bfa-98c1-9a0a1827a06a,leak site,web,leak site,web estimate,web estimate,,
Qilin,Denso,denso-ts.com,,,,Automotive,Automotive Parts,stated by site,,,,,,,,2026-04-24,2026-04,stated by site,yes,,5cbe8c15-ab75-4cd4-b593-f8e4b70cbcb4,leak site,,leak site,,,,
Qilin,Priests for Life,priestsforlife.org,US,United States,web research,Non-profit,Non-Profit & Charitable Organizations,stated by site,8504267,,,,,,,2026-04-24,2026-04,stated by site,yes,,95a2e088-2df7-4459-9bf4-9c1635272582,leak site,web,leak site,web,,,
Qilin,"City of Napoleon, Ohio",napoleonohio.com,,,,Government,Government,stated by site,,,,,,,,2026-04-23,2026-04,stated by site,yes,,60cf33bb-d84a-4ebb-91fa-91199cd5df61,leak site,,leak site,,,,
Qilin,The FAFS,fafscorp.com,,,,Professional Services,Business Services,stated by site,,,,,,,,2026-04-23,2026-04,stated by site,yes,,bad35319-6d38-4e59-958f-8cc3c6546df3,leak site,,leak site,,,,
Qilin,LA Woodworks,lawoodworksinc.com,,,,Manufacturing,Furniture,stated by site,,,,,,,,2026-04-22,2026-04,stated by site,yes,,96e2f88b-cd48-4cb7-b6a3-1457ab554fb9,leak site,,leak site,,,,
Qilin,Dillon Family Medicine,dillonfamilymedicine.com,,,,,,,,,,,,,,2026-04-21,2026-04,stated by site,yes,,23559922-26fd-496f-94cf-6261dc9d58e6,leak site,,,,,,
Qilin,Ferguson Timar,fergusontimar.com,,,,Financial Services,Finance,stated by site,,,,,,,,2026-04-21,2026-04,stated by site,yes,,1bbcec82-5c8c-46ec-9639-20f7c1a47db0,leak site,,leak site,,,,
Qilin,Safety Engineering Laboratories,safetyengineeringlabs.com,,,,Professional Services,Business Services,stated by site,,,,,,,,2026-04-21,2026-04,stated by site,yes,,5151f924-dd51-4654-96ee-4f251051c958,leak site,,leak site,,,,
Qilin,STERIMED,sterimed.fr,FR,France,inferred from domain,Manufacturing,Manufacturing,stated by site,,,,,,,,2026-04-21,2026-04,stated by site,yes,,afa2db4c-b35b-40aa-9812-82a35ab9c6bf,leak site,leak site,leak site,,,,
Qilin,Avitrans,avitrans.com,,,,Transportation & Logistics,Freight & Logistics Services,stated by site,,,,,,,,2026-04-21,2026-04,stated by site,yes,,630d6424-b8e2-4d05-b67f-1d0e9054c16b,leak site,,leak site,,,,
Qilin,ruskcountywi.us,ruskcountywi.us,,,,Government,Government,stated by site,,,,,,,,2026-04-21,2026-04,stated by site,yes,,52fc0d7f-7cf9-4c90-9519-d886e27197a8,leak site,,leak site,,,,
Qilin,SafeRain,saferain.com,,,,Manufacturing,Industrial Machinery & Equipment,stated by site,,,,,,,,2026-04-20,2026-04,stated by site,yes,,6be18f50-6056-4ec9-809e-9ee8e59680dc,leak site,,leak site,,,,
Qilin,The Go Solution,thegosolution.com,,,,Professional Services,Business Services,stated by site,,,,,,,,2026-04-20,2026-04,stated by site,yes,,90ebc9a6-cf80-4514-a4a7-4282a2a56223,leak site,,leak site,,,,
Qilin,GUEGUEN Avocats,gueguenavocats.com,,,,Legal,Law Firms & Legal Services,stated by site,,,,,,,,2026-04-20,2026-04,stated by site,yes,,bfe4f5a0-89c7-4751-bce6-b2fb8a332f39,leak site,,leak site,,,,
Qilin,City'Pro,city-pro.info,,,,Education,Education,stated by site,,,,,,,,2026-04-20,2026-04,stated by site,yes,,eedd0eaa-5cd6-4450-b165-24877fb4124d,leak site,,leak site,,,,
Qilin,Henley,henleyandcompany.com,,,,Financial Services,Finance,stated by site,,,,,,,,2026-04-19,2026-04,stated by site,yes,,58b388ea-37db-4113-870f-16d1eb041d0b,leak site,,leak site,,,,
Qilin,Nanometrics,nanometrics.ca,CA,Canada,inferred from domain,Manufacturing,Manufacturing,stated by site,,,,,,,,2026-04-19,2026-04,stated by site,yes,,762b5171-94c3-4331-89b6-75515cad5217,leak site,leak site,leak site,,,,
Qilin,Tripod Farmers,tripodfarmers.com.au,AU,Australia,inferred from domain,Agriculture & Food,Agriculture,stated by site,,,,,,,,2026-04-17,2026-04,stated by site,yes,,790886be-4286-41dd-827a-4a3cb76bda56,leak site,leak site,leak site,,,,
Qilin,Roman Catholic Archdiocese of St John,rcsj.org,,,,Professional Services,Business Services,stated by site,,,,,,,,2026-04-16,2026-04,stated by site,yes,,88cda16d-bafe-4998-9ff5-ec969afed76a,leak site,,leak site,,,,
Qilin,Netalia,netalia.it,IT,Italy,inferred from domain,Professional Services,Business Services,stated by site,,,,,,,,2026-04-16,2026-04,stated by site,yes,,72a08d8f-b2e4-455a-869a-30388525d733,leak site,leak site,leak site,,,,
Qilin,Clearwater Marine Aquarium,cmaquarium.org,US,United States,web research,Hospitality & Travel,Hospitality,stated by site,22862676,,,,,,,2026-04-15,2026-04,stated by site,yes,,90434527-36d5-4890-bc47-ade1576181f9,leak site,web,leak site,web,,,
Qilin,Providence Medical Group,provmedgroup.com,,,,,,,,,,,,,,2026-04-15,2026-04,stated by site,yes,,6105bf1b-6bbb-4894-b9fa-fb754442dbbb,leak site,,,,,,
Qilin,Limkon,limkon.com,TR,Turkey,web research,Agriculture & Food,Food & Beverage,stated by site,,,,,,,,2026-04-15,2026-04,stated by site,yes,,4e1f976e-b3b1-4430-adad-16760a3258c9,leak site,web,leak site,,,,
Qilin,Gruppo ICM SPA,gruppoicm.com,,,,Construction,Construction,stated by site,,,,,,,,2026-04-15,2026-04,stated by site,yes,,ab4ee3d3-82fe-4625-be83-2568706af625,leak site,,leak site,,,,
Qilin,Després Mécanique Mobile,despresmecanique.ca,CA,Canada,inferred from domain,Professional Services,Business Services,stated by site,,,,,,,,2026-04-13,2026-04,stated by site,yes,,59913704-81a1-4569-84d6-a2d0664db454,leak site,leak site,leak site,,,,
Qilin,Herth+Buss,herthundbuss.com,,,,Automotive,Automotive Parts,stated by site,,,,,,,,2026-04-13,2026-04,stated by site,yes,,a81a01e9-efa8-46e7-996d-5d89d4395d27,leak site,,leak site,,,,
Qilin,Sadtek,sadtek.com,TR,Turkey,web research,Engineering & Architecture,"Architecture, Engineering & Design",stated by site,,,,,,,,2026-04-10,2026-04,stated by site,yes,,c7d2effa-013e-4fd7-9e49-454cafd5adbe,leak site,web,leak site,,,,
Qilin,Peuker & Alexander,peuker.com.au,AU,Australia,inferred from domain,Construction,Building Materials,stated by site,,,,,,,,2026-04-10,2026-04,stated by site,yes,,1d286816-83f6-4c7f-8b72-829a5da94749,leak site,leak site,leak site,,,,
Qilin,"HIGASHIYAMA INDUSTRIES Co.,Ltd.",higashiyama.com,,,,Financial Services,Accounting Services,stated by site,,,,,,,,2026-04-09,2026-04,stated by site,yes,,0e64e426-a68f-4810-9d19-b4f312f0645f,leak site,,leak site,,,,
Qilin,Guerin Glass,gueringlass.com,,,,Engineering & Architecture,"Architecture, Engineering & Design",stated by site,,,,,,,,2026-04-09,2026-04,stated by site,yes,,7dfc8f7d-e2c9-4367-ac9a-0f168458508a,leak site,,leak site,,,,
Qilin,TIS,tis.co.uk,GB,United Kingdom,inferred from domain,Construction,Construction,stated by site,,,,,,,,2026-04-09,2026-04,stated by site,yes,,d4410619-b365-4ac1-b2c5-a68bfb90a9d1,leak site,leak site,leak site,,,,
Qilin,Sonn Law Group,sonnlaw.com,US,United States,web research,Legal,Law Firms & Legal Services,stated by site,,,,,,1-10,,2026-04-09,2026-04,stated by site,yes,,ee4211c0-a5fb-4a04-91ab-f3d8bd96f50a,leak site,web,leak site,,web estimate,,
Qilin,Autogalerie Heister,heistergruppe.de,DE,Germany,inferred from domain,Professional Services,Business Services,stated by site,,,,,,,,2026-04-09,2026-04,stated by site,yes,,32ace852-0f05-4ef9-904d-74c45b5f4584,leak site,leak site,leak site,,,,
Qilin,SAAM Towage,saamtowage.com,CL,Chile,web research,Professional Services,Business Services,stated by site,,,,,,2000,,2026-04-09,2026-04,stated by site,yes,,9330bbb4-f93a-4624-8ea7-7e846a2721bb,leak site,web,leak site,,web,,
Qilin,Nan Liu Enterprises,nanliugroup.com,TW,Taiwan,web research,Manufacturing,Manufacturing,stated by site,,,,,,,,2026-04-09,2026-04,stated by site,yes,,a634ccc7-f3e7-4772-ba1d-ef6c3ad4f8d8,leak site,web,leak site,,,,
Qilin,HumanEdge,humanedge.com,,,,Professional Services,Business Services,stated by site,,,,,,,,2026-04-08,2026-04,stated by site,yes,,5d8ff0bc-58d2-43e8-be7e-20e97609ca42,leak site,,leak site,,,,
Qilin,Pacific Building Solutions (PBS),pacificbuildingsolutions.com,,,,Construction,Construction,stated by site,,,,,,,,2026-04-06,2026-04,stated by site,yes,,b32ef175-d8cf-422c-a8ee-4a9fdf4a9aab,leak site,,leak site,,,,
Qilin,Operinter,operinter.com,,,,Transportation & Logistics,Freight & Logistics Services,stated by site,,,,,,,,2026-04-06,2026-04,stated by site,yes,,2ed824fa-0fbf-4270-ae75-4bebe51ccc45,leak site,,leak site,,,,
Qilin,Aroostook Mental Health Services,amhc.org,,,,,,,,,,,,,,2026-04-02,2026-04,stated by site,yes,,ad203a2a-ef60-48ba-880e-f783c593cb7b,leak site,,,,,,
Qilin,Alamo Heights School District,ahisd.net,,,,Education,Education,stated by site,,,,,,,,2026-04-01,2026-04,stated by site,yes,,2c58d92c-4bb2-4101-9644-30386683c86f,leak site,,leak site,,,,
Qilin,SERAM SpA,seram-fco.it,IT,Italy,inferred from domain,Professional Services,Business Services,stated by site,,,,,,,,2026-03-31,2026-03,stated by site,yes,,0b21b21c-76bd-4913-9c9e-832b3a25c790,leak site,leak site,leak site,,,,
Qilin,Service Star Freightways,servicestar.ca,CA,Canada,inferred from domain,Transportation & Logistics,Freight & Logistics Services,stated by site,,,,,,,,2026-03-31,2026-03,stated by site,yes,,026b52d6-0b11-4451-8800-71456d677c13,leak site,leak site,leak site,,,,
Qilin,Chickasaw Holding,ctsiok.com,,,,Financial Services,Accounting Services,stated by site,,,,,,,,2026-03-31,2026-03,stated by site,yes,,acdb26b5-0902-4fca-9e9e-f68560880bf6,leak site,,leak site,,,,
Qilin,Q-Lab,q-lab.com,,,,Manufacturing,Manufacturing,stated by site,,,,,,,,2026-03-31,2026-03,stated by site,yes,,8bcf2825-cb6c-47e8-8c77-b9513a4a0371,leak site,,leak site,,,,
Qilin,Miles Electric,mileselectric.com,,,,Construction,Construction,stated by site,,,,,,,,2026-03-30,2026-03,stated by site,yes,,730d14af-e2df-46f0-a6c7-c4e3a0596439,leak site,,leak site,,,,
Qilin,TR Construya,trconstruya.es,ES,Spain,inferred from domain,Construction,Construction,stated by site,,,,,,,,2026-03-28,2026-03,stated by site,yes,,a177b82f-3a8f-4ba3-8a6a-69c5c8ee24a2,leak site,leak site,leak site,,,,
Qilin,Fondation Boghossian,villaempain.com,,,,Engineering & Architecture,"Architecture, Engineering & Design",stated by site,,,,,,,,2026-03-27,2026-03,stated by site,yes,,22fdeee2-3d1a-4070-ac47-101cb9f2ad98,leak site,,leak site,,,,
Qilin,ACR1.COM Commercial Roofing,acr1.com,,,,Construction,Construction,stated by site,,,,,,,,2026-03-27,2026-03,stated by site,yes,,84e289c7-b2b6-4cc3-8ad2-a62224940373,leak site,,leak site,,,,
Qilin,Kerjaya Prospek Group,kerjayagroup.com,MY,Malaysia,web research,Construction,Construction,stated by site,,,,,,,,2026-03-26,2026-03,stated by site,yes,,089f684d-dbae-4a5d-a167-5d40a161c821,leak site,web,leak site,,,,
Qilin,"Living in green, s. r. o.",livingingreen.cz,CZ,Czechia,inferred from domain,Retail & Wholesale,Home Improvement & Hardware Retail,stated by site,,,,,,,,2026-03-26,2026-03,stated by site,yes,,2eb1ec0e-30e9-4341-b284-872b0db8e4bc,leak site,leak site,leak site,,,,
Qilin,LP Kolding,lp-kolding.dk,DK,Denmark,inferred from domain,Construction,Building Materials,stated by site,,,,,,,,2026-03-26,2026-03,stated by site,yes,,6d198bb8-5404-4a22-9451-6995e6392860,leak site,leak site,leak site,,,,
Qilin,Noi Hotels,noihotels.com,,,,Hospitality & Travel,Hospitality,stated by site,,,,,,,,2026-03-26,2026-03,stated by site,yes,,e68d5aa2-9e23-4aa1-aab8-bd5d0d0d668f,leak site,,leak site,,,,
Qilin,Retail Centenario,,,,,Professional Services,Business Services,stated by site,,,,,,,,2026-03-24,2026-03,stated by site,yes,,f3f88409-168a-483f-adf3-630f4d2e128c,,,leak site,,,,
Qilin,ITWAL,itwal.com,CA,Canada,web research,Retail & Wholesale,Grocery Retail,stated by site,,,,,,,,2026-03-23,2026-03,stated by site,yes,,ffa81e50-6d21-4219-aca0-ddb47f742fea,leak site,web,leak site,,,,
Qilin,"Kennedy, McLaughlin & Associates",kennedymclaughlin.com.au,AU,Australia,inferred from domain,Construction,Building Materials,stated by site,,,,,,,,2026-03-22,2026-03,stated by site,yes,,e1bee1d5-f038-45f1-8c46-1da39c682223,leak site,leak site,leak site,,,,
Qilin,Southern Commercial Real Estate,svn-scre.com,US,United States,web research,Real Estate,Real Estate,stated by site,,,,,,,,2026-03-22,2026-03,stated by site,yes,,18965790-4733-48f9-bc70-2d67589760dc,leak site,web,leak site,,,,
Qilin,nPower Technologies,npowertech.com,US,United States,web research,Technology,Software,stated by site,,,,,,,,2026-03-22,2026-03,stated by site,yes,,e86e7f5a-1980-466a-864d-748d5e256710,leak site,web,leak site,,,,
Qilin,Grupo Coril,grupocoril.com,PE,Peru,web research,Financial Services,Banking,stated by site,,,,,,51-200,,2026-03-21,2026-03,stated by site,yes,,c7993505-6987-4c43-ab9d-788d9f8961f4,leak site,web,leak site,,web,,
Qilin,Gallun Snow Associates,gallunsnow.com,,,,Professional Services,Business Services,stated by site,,,,,,,,2026-03-20,2026-03,stated by site,yes,,14d457b1-0e52-40bf-b987-ac289e2b2180,leak site,,leak site,,,,
Qilin,WAL Consultant,walconsultant.com,,,,Engineering & Architecture,"Architecture, Engineering & Design",stated by site,,,,,,,,2026-03-20,2026-03,stated by site,yes,,09d68a23-3a88-49c7-98a8-3a3d436f6bdc,leak site,,leak site,,,,
Qilin,AGENCAVI SRL,agencavi.com,IT,Italy,web research,Manufacturing,Industrial Machinery & Equipment,stated by site,26600000,,,,,36,,2026-03-20,2026-03,stated by site,yes,,33d671d3-1c7b-450e-a75c-868a43a3e592,leak site,web estimate,leak site,web estimate,web estimate,,
Qilin,VirtualExpo Group,virtual-expo.com,,,,Financial Services,Accounting Services,stated by site,,,,,,,,2026-03-20,2026-03,stated by site,yes,,5df76bda-86b7-4707-a68c-a7e8195d01f7,leak site,,leak site,,,,
Qilin,CST Coal,cstcoal.ca,CA,Canada,inferred from domain,Manufacturing,Manufacturing,stated by site,,,,,,,,2026-03-20,2026-03,stated by site,yes,,1cc28981-abdd-48ff-bca5-80562ae64756,leak site,leak site,leak site,,,,
Qilin,PoindexterHill,poindexterhill.com,US,United States,web research,Legal,Law Firms & Legal Services,stated by site,,,,,,,,2026-03-20,2026-03,stated by site,yes,,162ae6f5-61cf-41dd-a4b7-e02a5e4e730d,leak site,web,leak site,,,,
Qilin,Carton Craft Supply,cartoncraftsupply.com,,,,Retail & Wholesale,Office Products Retail & Distribution,stated by site,,,,,,,,2026-03-19,2026-03,stated by site,yes,,7e580087-eeff-40e6-a572-42b9c34c9dff,leak site,,leak site,,,,
Qilin,Enviaseo ESP,enviaseo-envigado-antioquia.gov.co,,,,Manufacturing,Industrial Machinery & Equipment,stated by site,,,,,,,,2026-03-19,2026-03,stated by site,yes,,4a296c00-8dcf-41ea-b61e-8207bd23fd29,leak site,,leak site,,,,
Qilin,Jacobs & Sons,rjuniform.com,,,,Retail & Wholesale,Retail · Pennsylvania,stated by site,,,,,,,,2026-03-18,2026-03,stated by site,yes,,3e2272ce-b898-4e6e-a097-ca91b7c66c3f,leak site,,leak site,,,,
Qilin,Shwapno,shwapno.com,,,,Retail & Wholesale,Retail · Pennsylvania,stated by site,,,,,,,,2026-03-17,2026-03,stated by site,yes,,dc05169c-2c2d-4e41-b8cd-e06337698835,leak site,,leak site,,,,
Qilin,Sinomax USA,sinomax-usa.com,,,,Retail & Wholesale,Home Improvement & Hardware Retail,stated by site,,,,,,,,2026-03-17,2026-03,stated by site,yes,,3a5f68da-4f3d-4567-8fbf-97b9dfe89caa,leak site,,leak site,,,,
Qilin,Saiful Bouquet,saifulbouquet.com,,,,Engineering & Architecture,"Architecture, Engineering & Design",stated by site,,,,,,,,2026-03-17,2026-03,stated by site,yes,,0e26e5eb-57e3-4d4e-9c87-cfd5e865ab89,leak site,,leak site,,,,
Qilin,Von Weise Associates,vonweiseassociates.com,,,,Engineering & Architecture,"Architecture, Engineering & Design",stated by site,,,,,,,,2026-03-16,2026-03,stated by site,yes,,19cabe35-d400-4823-aba1-e143d0dac617,leak site,,leak site,,,,
Qilin,MCC Economics,mcceconomics.co.uk,GB,United Kingdom,inferred from domain,Professional Services,Business Services,stated by site,,,,,,,,2026-03-16,2026-03,stated by site,yes,,4e6873ac-4d13-492c-a306-080e66474107,leak site,leak site,leak site,,,,
Qilin,Ruhnau Clarke,ruhnauclarke.com,,,,Engineering & Architecture,"Architecture, Engineering & Design",stated by site,,,,,,,,2026-03-16,2026-03,stated by site,yes,,87ad2f2f-c042-4bc2-9c2e-fe7dd7cbe66c,leak site,,leak site,,,,
Qilin,Duffy's Sports Grill,duffysmvp.com,,,,Hospitality & Travel,Hospitality,stated by site,,,,,,,,2026-03-14,2026-03,stated by site,yes,,e7051963-f068-4602-999a-2d8b0002d8d1,leak site,,leak site,,,,
Qilin,RMZ Oilfield Engineering,rmzoilfield.com,,,,Manufacturing,Industrial Machinery & Equipment,stated by site,,,,,,,,2026-03-13,2026-03,stated by site,yes,,ae31bd7f-9817-449b-be3c-fb33d67eacb5,leak site,,leak site,,,,
Qilin,Millard Manufacturing,millardmfg.com,,,,Manufacturing,Industrial Machinery & Equipment,stated by site,,,,,,,,2026-03-13,2026-03,stated by site,yes,,cd9d8543-5757-4312-8098-1034378bd22b,leak site,,leak site,,,,
Qilin,Alarmco,alarmco.com,,,,Professional Services,Business Services,stated by site,,,,,,,,2026-03-12,2026-03,stated by site,yes,,d1dbb44d-19e5-47fe-9cfe-891807f0d3bc,leak site,,leak site,,,,
Qilin,Salag,salag.com,,,,Retail & Wholesale,Home Improvement & Hardware Retail,stated by site,,,,,,,,2026-03-12,2026-03,stated by site,yes,,728ad631-7d93-4dc6-b5ce-b5837a2d1915,leak site,,leak site,,,,
Qilin,Hochschule Worms,hs-worms.de,DE,Germany,inferred from domain,Education,Education,stated by site,,,,,,,,2026-03-12,2026-03,stated by site,yes,,ba6313fd-5c9d-4a02-a8e4-d8b4c7c6aa2e,leak site,leak site,leak site,,,,
Qilin,"Alef Realty, LLC",dnb.com,,,,Real Estate,Real Estate,stated by site,,,,,,,,2026-03-11,2026-03,stated by site,yes,,031b149b-f52a-47a3-994f-e812d77cb7c8,leak site,,leak site,,,,
Qilin,Omega Optical,omegafilters.com,,,,Manufacturing,Manufacturing,stated by site,,,,,,,,2026-03-11,2026-03,stated by site,yes,,0d66fc5b-603c-436c-b9a1-1051ee0571b9,leak site,,leak site,,,,
Qilin,Jadtec Security Services,jadtec.com,,,,Professional Services,Business Services,stated by site,,,,,,,,2026-03-11,2026-03,stated by site,yes,,5cfdbe14-a573-4b28-8eb2-951c72f32af3,leak site,,leak site,,,,
Qilin,Powers HVAC,powers-hvac.com,,,,Construction,Construction,stated by site,,,,,,,,2026-03-11,2026-03,stated by site,yes,,9a61c6e7-61be-475d-bf78-458fbb2d459e,leak site,,leak site,,,,
Qilin,Yuma Sun,yumasun.com,,,,Professional Services,Advertising & Marketing,stated by site,,,,,,,,2026-03-11,2026-03,stated by site,yes,,97e150d7-114b-4d8a-ac1e-4406fe85d4cb,leak site,,leak site,,,,
Qilin,A-Fast Tile & Coping,afaststone.com,US,United States,web research,Construction,Construction,stated by site,,,,,,,,2026-03-10,2026-03,stated by site,yes,,7e1568f8-f3fc-4eba-b4f5-fe4f036a545b,leak site,web,leak site,,,,
Qilin,Advanced Animations,advancedanimations.com,US,United States,web research,Media & Entertainment,Broadcasting,stated by site,,,,,,,,2026-03-10,2026-03,stated by site,yes,,8e7aa4c3-abdb-4ed1-8bb1-d8840acc5017,leak site,web,leak site,,,,
Qilin,RWB Consulting Engineers,rwb.net,US,United States,web research,Engineering & Architecture,"Architecture, Engineering & Design",stated by site,,,,,,,,2026-03-09,2026-03,stated by site,yes,,cd738627-1f25-4c7c-a69e-a06ef7be1b3a,leak site,web,leak site,,,,
Qilin,Serviceplan Group (Korea branch),house-of-communication.com,DE,Germany,web research,Professional Services,Advertising & Marketing,stated by site,986000000,,,,,6500,,2026-03-09,2026-03,stated by site,yes,,63aa9310-d11f-4d4a-9e71-bb4b07ab7b78,leak site,web,leak site,web,web,,
Qilin,McKenna Pro,mckennapro.com,US,United States,web research,Consumer Services,Consumer Services,stated by site,,,,,,11-50,,2026-03-09,2026-03,stated by site,yes,,587d120b-aa05-4db7-93de-36ca27a6dd00,leak site,web,leak site,,web,,
Qilin,Kuzco Lighting,kuzcolighting.com,,,,Retail & Wholesale,Home Improvement & Hardware Retail,stated by site,,,,,,,,2026-03-07,2026-03,stated by site,yes,,6c653101-b63b-4b01-ba48-7bb2c997f463,leak site,,leak site,,,,
Qilin,Geotec Surveys,geotecsurveys.com,GB,United Kingdom,web research,Technology,Software,stated by site,,,,,,11-50,,2026-03-07,2026-03,stated by site,yes,,41927d65-0e34-4961-bbc5-accd03bf5c79,leak site,web,leak site,,web,,
Qilin,Brothers Produce,brothersproduce.com,US,United States,web research,Retail & Wholesale,Grocery Retail,stated by site,,,,,,,,2026-03-07,2026-03,stated by site,yes,,7f6d0991-7143-4fb4-bc1c-1705eb31bd8a,leak site,web,leak site,,,,
Qilin,AFDL,afdl.law,US,United States,web research,Legal,Law Firms & Legal Services,stated by site,,,,,,,,2026-03-07,2026-03,stated by site,yes,,91640e54-09cc-45e4-a0a4-3736525de287,leak site,web,leak site,,,,
Qilin,Orange Madagascar,orange.mg,MG,Madagascar,inferred from domain,Technology,Software,stated by site,,,,,,,,2026-03-06,2026-03,stated by site,yes,,1f115398-a0bb-4878-9132-2966655619d9,leak site,leak site,leak site,,,,
Qilin,Michelle Accesorios,michelle.com.mx,MX,Mexico,inferred from domain,Professional Services,Business Services,stated by site,,,,,,,,2026-03-05,2026-03,stated by site,yes,,add9ba4e-4000-4fe1-be50-d2d2eb09d465,leak site,leak site,leak site,,,,
Qilin,"K & S Company, Inc",kands.com,,,,Real Estate,Real Estate,stated by site,,,,,,,,2026-03-05,2026-03,stated by site,yes,,fb524428-2168-4fee-882b-14f05b0770d4,leak site,,leak site,,,,
Qilin,Lucky Union Foods,luf-euro.pl,PL,Poland,inferred from domain,Agriculture & Food,Food & Beverage,stated by site,,,,,,,,2026-03-05,2026-03,stated by site,yes,,f9989b5e-4ccd-4389-a573-97548ca962cf,leak site,leak site,leak site,,,,
Qilin,Abutriek,abutriek.be,BE,Belgium,inferred from domain,Construction,Construction,stated by site,,,,,,,,2026-03-05,2026-03,stated by site,yes,,48ed6e1e-5282-41f2-9a48-e1b4386feb5c,leak site,leak site,leak site,,,,
Qilin,A Lococo Wholesale,lococos.ca,CA,Canada,inferred from domain,Retail & Wholesale,Grocery Retail,stated by site,,,,,,,,2026-03-05,2026-03,stated by site,yes,,233d0c8c-5d66-4eb8-adc4-8094869c6b8c,leak site,leak site,leak site,,,,
Qilin,Tennessee Valley Electric Cooperative,tvec.com,,,,Energy & Utilities,"Electricity, Oil & Gas",stated by site,,,,,,,,2026-03-05,2026-03,stated by site,yes,,227c1c5e-17c6-4e6e-b1fd-d7ecb9fb5054,leak site,,leak site,,,,
Qilin,Nopa Industriearmaturen,nopa-valves.de,DE,Germany,inferred from domain,Engineering & Architecture,"Architecture, Engineering & Design",stated by site,,,,,,,,2026-03-05,2026-03,stated by site,yes,,29e2b087-24e9-4447-8f7a-9a04e87e1ed2,leak site,leak site,leak site,,,,
Qilin,CJL Engineering,cjlengineering.com,,,,Engineering & Architecture,"Architecture, Engineering & Design",stated by site,,,,,,,,2026-03-04,2026-03,stated by site,yes,,4cd86008-9572-4f76-8f14-4d62757ce1f2,leak site,,leak site,,,,
Qilin,Diversified Supply Inc.,diversifiedsupply.com,,,,Energy & Utilities,"Electricity, Oil & Gas",stated by site,,,,,,,,2026-03-04,2026-03,stated by site,yes,,74977d64-1c4a-40d0-b7ae-b2b21460bc31,leak site,,leak site,,,,
Qilin,ATS Group,theatsgroup.com,,,,Professional Services,Business Services,stated by site,,,,,,,,2026-03-04,2026-03,stated by site,yes,,0e6807ec-9ced-47eb-9885-59aee478c5d5,leak site,,leak site,,,,
Qilin,Golden Clay Industries Sdn Bhd,gci.com.my,MY,Malaysia,inferred from domain,Manufacturing,Manufacturing,stated by site,,,,,,,,2026-03-04,2026-03,stated by site,yes,,9f404c85-4af9-4042-81e4-e1349355b74a,leak site,leak site,leak site,,,,
Qilin,Luro,luro.fr,FR,France,inferred from domain,Manufacturing,Manufacturing,stated by site,,,,,,,,2026-03-03,2026-03,stated by site,yes,,e34c30c6-f5b3-4ff8-8c7d-669904622841,leak site,leak site,leak site,,,,
Qilin,Omesti Berhad,omesti.com,MY,Malaysia,web research,Professional Services,Business Services,stated by site,,,,,,,,2026-03-03,2026-03,stated by site,yes,,1f3ae315-0694-47a2-8534-3c368149a282,leak site,web,leak site,,,,
Qilin,Aluthea Group,aluthea.com,,,,Manufacturing,Industrial Machinery & Equipment,stated by site,,,,,,,,2026-03-03,2026-03,stated by site,yes,,43fd60da-a650-4fd6-b709-4f47d941a9c8,leak site,,leak site,,,,
Qilin,Conklin Office Furniture,conklinoffice.com,,,,Manufacturing,Furniture,stated by site,,,,,,,,2026-03-03,2026-03,stated by site,yes,,ba6fd2b4-d8cb-41db-87e4-faebf9620120,leak site,,leak site,,,,
Qilin,Gericke,gericke-spedition.de,DE,Germany,inferred from domain,Manufacturing,Industrial Machinery & Equipment,stated by site,,,,,,,,2026-03-03,2026-03,stated by site,yes,,e1a027b6-5256-4bdc-9fed-77b6d4cacc85,leak site,leak site,leak site,,,,
Qilin,Les Oliviers,hotel-les-oliviers.eu,,,,Hospitality & Travel,Hospitality,stated by site,,,,,,,,2026-03-03,2026-03,stated by site,yes,,1817c599-f041-4259-8652-2ece4a5cfcf3,leak site,,leak site,,,,
Qilin,Lam Soon Group,lamsoon.com.my,MY,Malaysia,inferred from domain,Consumer Services,Consumer Services,stated by site,,,,,,,,2026-03-03,2026-03,stated by site,yes,,3b73c3c1-2d6c-448d-81bc-5e0cc245b423,leak site,leak site,leak site,,,,
Qilin,SMF & E.D.Etnyre & BearCat Mfg (3 companies),smf-inc.com,,,,Manufacturing,Industrial Machinery & Equipment,stated by site,,,,,,,,2026-03-03,2026-03,stated by site,yes,,07bf064c-687e-47aa-8e4d-48e941b772c2,leak site,,leak site,,,,
Qilin,Grupo D'arc,grupodarc.com.ar,AR,Argentina,inferred from domain,Automotive,Automotive Parts,stated by site,,,,,,,,2026-03-02,2026-03,stated by site,yes,,79206d69-9e9d-4218-bf40-60387f059a6b,leak site,leak site,leak site,,,,
Qilin,Bayshore Ford Truck Sales,bayshoreford.com,US,United States,web research,Automotive,Automotive Parts,stated by site,,,,,,,,2026-03-02,2026-03,stated by site,yes,,e50280ec-ec12-42ec-aa22-907abc7a7b87,leak site,web,leak site,,,,
Qilin,Fusion Superplex,fusionsuperplex.com,,,,Technology,Software,stated by site,,,,,,,,2026-03-02,2026-03,stated by site,yes,,4fe7135b-791d-4f7e-a21f-9bac55a0dacb,leak site,,leak site,,,,
Qilin,Lundeen Consulting,lundeen-consulting.com,,,,Construction,Construction,stated by site,,,,,,,,2026-03-02,2026-03,stated by site,yes,,64c8fb6d-6919-4a8a-a0fc-ed1094fe30d0,leak site,,leak site,,,,
Qilin,Akkök Holding,akkok.com.tr,TR,Turkey,inferred from domain,Professional Services,Business Services,stated by site,,,,,,,,2026-03-02,2026-03,stated by site,yes,,95ff022e-f8d1-4534-81fb-424e5b421834,leak site,leak site,leak site,,,,
Qilin,Payne & Brockway,payne-brockway.com,,,,Engineering & Architecture,"Architecture, Engineering & Design",stated by site,,,,,,,,2026-03-02,2026-03,stated by site,yes,,9c2b11ae-139b-4b59-ac70-1b097fcb7957,leak site,,leak site,,,,
Qilin,Klevorn,klevornco.com,US,United States,web research,Financial Services,Accounting Services,stated by site,,,,,,,,2026-03-01,2026-03,stated by site,yes,,700674ab-4967-42d0-a1ac-21bb47868722,leak site,web,leak site,,,,
Qilin,Enterprise Network Group of Indiana,engofinllc.com,US,United States,web research,Manufacturing,Electronics,stated by site,,,,,,,,2026-03-01,2026-03,stated by site,yes,,4cfd9fb0-ff07-4ca2-956e-ae222c5136b7,leak site,web,leak site,,,,
Qilin,Riach Gese Jacobs,riachgese.com,,,,Legal,Law Firms & Legal Services,stated by site,,,,,,,,2026-03-01,2026-03,stated by site,yes,,311988a0-0cd4-48ef-b090-fff3782d5af3,leak site,,leak site,,,,
Qilin,Pro-Plastics,proplastics.com,,,,Manufacturing,Manufacturing,stated by site,,,,,,,,2026-02-28,2026-02,stated by site,yes,,78334b8f-1bd0-4028-9bbb-2c30e7917cc2,leak site,,leak site,,,,
Qilin,Unibros Shipping,unibros.gr,GR,Greece,inferred from domain,Professional Services,Business Services,stated by site,,,,,,,,2026-02-28,2026-02,stated by site,yes,,c0d4dd4b-b909-4e95-bd10-7fe227e6e550,leak site,leak site,leak site,,,,
Qilin,Golden GBC,goldengbc.com,,,,Retail & Wholesale,Office Products Retail & Distribution,stated by site,,,,,,,,2026-02-27,2026-02,stated by site,yes,,397483d6-7e02-4049-bb42-45f96fab21b0,leak site,,leak site,,,,
Qilin,Rocky Mountain Care,rockymountaincare.com,,,,Healthcare,Healthcare Services,stated by site,,,,,,,,2026-02-23,2026-02,stated by site,yes,,5339390f-bfc1-4a61-a9c3-43dbe59270e5,leak site,,leak site,,,,
Qilin,GENERON,generon.com,,,,Manufacturing,Industrial Machinery & Equipment,stated by site,,,,,,,,2026-02-23,2026-02,stated by site,yes,,fcbb99c7-24b8-4468-8d02-d79ecbf94166,leak site,,leak site,,,,
Qilin,Spire Payments,spirepayments.com,,,,Financial Services,Credit Cards & Transaction Processing,stated by site,,,,,,,,2026-02-23,2026-02,stated by site,yes,,4fe48834-4d91-4c55-a871-97982d38d6cf,leak site,,leak site,,,,
Qilin,Plan-IT Office Solutions,plan-itos.com,,,,Professional Services,Business Services,stated by site,,,,,,,,2026-02-23,2026-02,stated by site,yes,,e028f8a4-b9fb-4194-964b-48120a6956e4,leak site,,leak site,,,,
Qilin,TWU Local 100,twulocal100.org,,,,Non-profit,Membership Organizations,stated by site,,,,,,,,2026-02-23,2026-02,stated by site,yes,,01d5ee8d-3e5c-4ea1-983a-f1b69396a949,leak site,,leak site,,,,
Qilin,FAMILY EYECARE LLC,lindeneyecare.com,,,,,,,,,,,,,,2026-02-23,2026-02,stated by site,yes,,774fbfdf-5633-4ad2-834c-72744b187237,leak site,,,,,,
Qilin,CYMOT,cymot.com,,,,Automotive,Automotive Parts,stated by site,,,,,,,,2026-02-22,2026-02,stated by site,yes,,8e403122-190c-4462-b8c4-48cf79fad7c8,leak site,,leak site,,,,
Qilin,Cumberland International Trucks,cumberland-companies.com,,,,Professional Services,Business Services,stated by site,,,,,,,,2026-02-21,2026-02,stated by site,yes,,d670f6a4-c762-45f6-8c1c-57f260ff2f2d,leak site,,leak site,,,,
Qilin,Esperance Metaland,espmetaland.com.au,AU,Australia,inferred from domain,Manufacturing,Manufacturing,stated by site,,,,,,,,2026-02-21,2026-02,stated by site,yes,,3fab33fd-196d-46a5-b10e-8069b9006eb8,leak site,leak site,leak site,,,,
Qilin,Park Printing,parkprint.com,,,,Professional Services,Business Services,stated by site,,,,,,,,2026-02-19,2026-02,stated by site,yes,,c478ae89-4f7d-4560-b413-dd18ebff5caa,leak site,,leak site,,,,
Qilin,Kensington HPP,kensingtonhpp.com,,,,Construction,Building Materials,stated by site,,,,,,,,2026-02-19,2026-02,stated by site,yes,,80fb26e5-1242-4bce-9c1b-6a38f9ef7888,leak site,,leak site,,,,
Qilin,Graneles de Chile,granelesdechile.com,,,,Professional Services,Business Services,stated by site,,,,,,,,2026-02-19,2026-02,stated by site,yes,,d3f559aa-233f-4e15-a09c-9d9ab8b190f4,leak site,,leak site,,,,
Qilin,Brm,brmcompany.com,,,,Financial Services,Finance,stated by site,,,,,,,,2026-02-19,2026-02,stated by site,yes,,5e2a3d5e-4532-4ce0-a72c-bae2016eaae5,leak site,,leak site,,,,
Qilin,Kroll International,krollcorp.com,,,,Engineering & Architecture,"Architecture, Engineering & Design",stated by site,,,,,,,,2026-02-19,2026-02,stated by site,yes,,730231da-3d66-4084-8e9c-09cfcdfcd67c,leak site,,leak site,,,,
Qilin,Telecare,telecarecorp.com,,,,Healthcare,Healthcare Services,stated by site,,,,,,,,2026-02-19,2026-02,stated by site,yes,,050d3724-d9ec-4ab5-8f6f-ba88931656e7,leak site,,leak site,,,,
Qilin,The Corradino Group,corradino.com,,,,Engineering & Architecture,"Architecture, Engineering & Design",stated by site,,,,,,,,2026-02-19,2026-02,stated by site,yes,,998437a3-c015-4a92-bba3-c959f81a79eb,leak site,,leak site,,,,
Qilin,O.Berk,oberk.com,,,,Manufacturing,Manufacturing,stated by site,,,,,,,,2026-02-18,2026-02,stated by site,yes,,3f18f197-b19c-4657-91a9-dcec46473528,leak site,,leak site,,,,
Qilin,LaBaguette,labaguette.com.kw,KW,Kuwait,inferred from domain,Technology,Software,stated by site,,,,,,,,2026-02-17,2026-02,stated by site,yes,,89045eb2-f422-4117-bd4e-b9d3369d2450,leak site,leak site,leak site,,,,
Qilin,Castle Group,castlegroup.com,,,,Real Estate,Real Estate,stated by site,,,,,,,,2026-02-16,2026-02,stated by site,yes,,6ed9cd95-cb66-461f-9150-b7da1f905c3a,leak site,,leak site,,,,
Qilin,SCC MediaServer,sccmediaserver.com,,,,Professional Services,Business Services,stated by site,,,,,,,,2026-02-16,2026-02,stated by site,yes,,54118b6e-c284-45c6-912f-c2ef4cdca09f,leak site,,leak site,,,,
Qilin,Cheltenham Orthodontics,cheltenhamorthodontics.co.uk,GB,United Kingdom,inferred from domain,Healthcare,Healthcare Services,stated by site,,,,,,,,2026-02-16,2026-02,stated by site,yes,,febf932e-0f20-455e-a6e5-5ce5596617df,leak site,leak site,leak site,,,,
Qilin,BECKER CADCAMCAST,beckerccc.com,DE,Germany,web research,Engineering & Architecture,"Architecture, Engineering & Design",stated by site,,,,,,,,2026-02-16,2026-02,stated by site,yes,,23a455ad-26f3-49fc-b18a-b5d6da4a5ff9,leak site,web,leak site,,,,
Qilin,Housing Authority of The City of Elizabeth,hacenj.com,US,United States,web research,Government,Government,stated by site,,,,,,,,2026-02-16,2026-02,stated by site,yes,,9a707e4b-9a45-495b-ad9f-22deba8414f9,leak site,web,leak site,,,,
Qilin,Borough of State College,statecollegepa.us,US,United States,web research,Education,Education,stated by site,,,,,,,,2026-02-16,2026-02,stated by site,yes,,4bc23466-20b5-442b-938e-12efed228746,leak site,web,leak site,,,,
Qilin,Johnson Tractor,johnsontractor.com,,,,Agriculture & Food,Agriculture,stated by site,,,,,,,,2026-02-16,2026-02,stated by site,yes,,c58ef3cf-ada5-4eae-89f9-45892f38bf17,leak site,,leak site,,,,
Qilin,REIC,reicorporation.com,US,United States,web research,Professional Services,Business Services,stated by site,,,,,,,,2026-02-16,2026-02,stated by site,yes,,badf7ee6-3bc5-4912-9870-38b103d05a6f,leak site,web,leak site,,,,
Qilin,Cooperativa de Hostelería de Navarra,coope.com,ES,Spain,web research,Agriculture & Food,Food & Beverage,stated by site,,,,,,186,,2026-02-14,2026-02,stated by site,yes,,06413a3a-ba71-4dbb-9817-e025b8624b12,leak site,web estimate,leak site,,web estimate,,
Qilin,Carrera Casting,carreracasting.com,,,,Financial Services,Accounting Services,stated by site,,,,,,,,2026-02-13,2026-02,stated by site,yes,,b4fc7c45-5af6-4c42-8039-8bc67c7efbe8,leak site,,leak site,,,,
Qilin,Midwest Wheel,midwestwheel.com,,,,Automotive,Automotive Parts,stated by site,,,,,,,,2026-02-12,2026-02,stated by site,yes,,a83f0030-cf49-42b4-84af-4112ee30763f,leak site,,leak site,,,,
Qilin,Regie Libanaise,regie.com.lb,LB,Lebanon,inferred from domain,Agriculture & Food,Agriculture,stated by site,,,,,,,,2026-02-12,2026-02,stated by site,yes,,659030c9-4606-4fc6-832b-a217af352e6a,leak site,leak site,leak site,,,,
Qilin,JC Resorts,jcresorts.com,,,,Hospitality & Travel,Hospitality,stated by site,,,,,,,,2026-02-11,2026-02,stated by site,yes,,6965f4fb-b70c-4fc0-8022-e1575f544bfc,leak site,,leak site,,,,
Qilin,Mt Barker Co-Operative,mtbarkercoop.com.au,AU,Australia,inferred from domain,Retail & Wholesale,Home Improvement & Hardware Retail,stated by site,,,,,,,,2026-02-11,2026-02,stated by site,yes,,9fbe80cb-a15d-4a72-8727-cbe8a36ff764,leak site,leak site,leak site,,,,
Qilin,Joyce Manufacturing,joycemfg.com,,,,Construction,Building Materials,stated by site,,,,,,,,2026-02-11,2026-02,stated by site,yes,,3e44fb0e-fd5a-40dc-8d47-46283bd808bc,leak site,,leak site,,,,
Qilin,On-Point Defense Technologies,onpoint-dt.com,,,,Manufacturing,Manufacturing,stated by site,,,,,,,,2026-02-11,2026-02,stated by site,yes,,2a8b1b30-0faa-48f2-a73e-728e486e0754,leak site,,leak site,,,,
Qilin,Topkin & Partlow,topkinlaw.com,,,,Legal,Law Firms & Legal Services,stated by site,,,,,,,,2026-02-11,2026-02,stated by site,yes,,0a745c2d-587e-4ba9-a724-63945e771ec7,leak site,,leak site,,,,
Qilin,Korsmo Construction,korsmo.com,,,,Construction,Construction,stated by site,,,,,,,,2026-02-10,2026-02,stated by site,yes,,1b608189-59a9-428a-89dc-00e195ae4662,leak site,,leak site,,,,
Qilin,Hunter-Kelsey of Texas,propertytaxloansfortexas.com,,,,Government,Government,stated by site,,,,,,,,2026-02-10,2026-02,stated by site,yes,,06d1a7f0-117b-478d-b5ac-f40a13f34618,leak site,,leak site,,,,
Qilin,Anabuki Kosan,anabuki.ne.jp,JP,Japan,inferred from domain,Real Estate,Real Estate,stated by site,,,,,,,,2026-02-10,2026-02,stated by site,yes,,1ae4474d-55d4-4c79-8652-abb423364da2,leak site,leak site,leak site,,,,
Qilin,uniquegas,ugs.com.sg,SG,Singapore,inferred from domain,Professional Services,Business Services,stated by site,,,,,,,,2026-02-09,2026-02,stated by site,yes,,7e7029e9-4639-45ef-9174-d0332a49b420,leak site,leak site,leak site,,,,
Qilin,Tech Environmental,techenv.com,,,,Professional Services,Business Services,stated by site,,,,,,,,2026-02-09,2026-02,stated by site,yes,,24ad0447-e4bd-4472-bccb-25c73cf8740b,leak site,,leak site,,,,
Qilin,iQ NetSolutions,iqnetsolutions.com,,,,Professional Services,Business Services,stated by site,,,,,,,,2026-02-09,2026-02,stated by site,yes,,21cd3e4d-7c6d-4472-bd54-7fcaf3ab37d0,leak site,,leak site,,,,
Qilin,Gradient Wind Engineering,gradientwind.com,,,,Engineering & Architecture,"Architecture, Engineering & Design",stated by site,,,,,,,,2026-02-09,2026-02,stated by site,yes,,b4439246-89c6-4bb9-83b8-0c90df580609,leak site,,leak site,,,,
Qilin,Body By Fisher,bodybyfishernow.com,,,,Consumer Services,Consumer Services,stated by site,,,,,,,,2026-02-09,2026-02,stated by site,yes,,8d9e47bb-2511-4368-948d-6dc568d1e36f,leak site,,leak site,,,,
Qilin,AMR PEMCO,amrpemco.com,,,,Manufacturing,Industrial Machinery & Equipment,stated by site,,,,,,,,2026-02-07,2026-02,stated by site,yes,,344a7996-0224-475d-96b5-818e0be37cd6,leak site,,leak site,,,,
Qilin,KV Final,kvfinal.cz,CZ,Czechia,inferred from domain,Automotive,Automotive Parts,stated by site,,,,,,,,2026-02-07,2026-02,stated by site,yes,,d21f74ca-393f-4fdf-abe6-b1147a8b5692,leak site,leak site,leak site,,,,
Qilin,Parente Fireworks,parente.it,IT,Italy,inferred from domain,Consumer Services,Consumer Services,stated by site,,,,,,,,2026-02-06,2026-02,stated by site,yes,,ccaff669-cdcf-455f-9092-fcd8e7206b3b,leak site,leak site,leak site,,,,
Qilin,Florida Retina Center,floridaretinacenter.com,US,United States,web research,Healthcare,,web research,,,,,,,,2026-02-05,2026-02,stated by site,yes,,abce4fd3-0fd5-43df-a826-a45c47114e07,leak site,web,web,,,,
Qilin,PowerON Services,poweron.com,US,United States,web research,Financial Services,Finance,stated by site,,,,,,,,2026-02-05,2026-02,stated by site,yes,,85022176-c247-432b-a526-cc8d87409cb6,leak site,web,leak site,,,,
Qilin,ZeroEnergy Design,zeroenergy.com,US,United States,web research,Engineering & Architecture,"Architecture, Engineering & Design",stated by site,,,,,,2-10,,2026-02-05,2026-02,stated by site,yes,,6a7bf644-0636-4505-a2ad-cf7e4c74f10a,leak site,web,leak site,,web,,
Qilin,Mississippi Market,msmarket.coop,US,United States,web research,Consumer Services,Consumer Services,stated by site,,,,,,,,2026-02-05,2026-02,stated by site,yes,,12cc1143-5c59-43e4-a252-69cf13d6b993,leak site,web,leak site,,,,
Qilin,Lindenhurst Fire Department,lindenhurstfd.org,US,United States,web research,Government,Government,stated by site,,,,,,,,2026-02-05,2026-02,stated by site,yes,,febec772-9005-4095-b30e-69395847ce0a,leak site,web,leak site,,,,
Qilin,Grand Manor Nursing & Rehabilitation Center,grandmanor.org,,,,,,,,,,,,,,2026-02-05,2026-02,stated by site,yes,,6c8ad647-a426-4020-aced-e9ed5e4426d1,leak site,,,,,,
Qilin,Conpet S.A. (COTE.RO),conpet.ro,RO,Romania,inferred from domain,Energy & Utilities,"Electricity, Oil & Gas",stated by site,,,,,,,,2026-02-05,2026-02,stated by site,yes,,6bcad991-448f-4326-9ce1-433614b7f9ad,leak site,leak site,leak site,,,,
Qilin,Kopas Cosmetics,kopas.com,TR,Turkey,web research,Professional Services,Business Services,stated by site,,,,,,,,2026-02-04,2026-02,stated by site,yes,,2cd44911-148e-4c9c-866a-017d2c123398,leak site,web,leak site,,,,
Qilin,Chèvre & Rutsch & Herren Notariatsbüro,schwarztorstrasse31.ch,CH,Switzerland,inferred from domain,Construction,Construction,stated by site,,,,,,,,2026-02-04,2026-02,stated by site,yes,,235f94f5-88a8-44bc-b1e4-5d7967445034,leak site,leak site,leak site,,,,
Qilin,RENAFAN,renafan.de,DE,Germany,inferred from domain,Healthcare,,web research,,,,,,,,2026-02-04,2026-02,stated by site,yes,,b017eb2c-1fc9-4293-bfa1-14e0c1bf12a3,leak site,leak site,web,,,,
Qilin,RC Collecting,rccollecting.com,AR,Argentina,web research,Automotive,Automotive Parts,stated by site,,,,,,,,2026-02-04,2026-02,stated by site,yes,,5623ed73-31c7-4453-949a-1efcdc2ba929,leak site,web,leak site,,,,
Qilin,"Jingchang Enterprise Co., Ltd",jcep.com.tw,TW,Taiwan,inferred from domain,Professional Services,Business Services,stated by site,,,,,,,,2026-02-03,2026-02,stated by site,yes,,3b858083-55d5-4ae7-bc03-6dbf358d513a,leak site,leak site,leak site,,,,
Qilin,Hovde Group,hovdegroup.com,,,,Financial Services,Finance,stated by site,,,,,,,,2026-02-03,2026-02,stated by site,yes,,953d2942-bce3-461c-ad6d-a5e6948d9d97,leak site,,leak site,,,,
Qilin,Mmca,mmca.com,,,,Professional Services,Business Services,stated by site,,,,,,,,2026-02-03,2026-02,stated by site,yes,,c6380636-454d-4672-8085-b27129d2fc39,leak site,,leak site,,,,
Qilin,Kinsman,kinsmanwholesale.com,,,,Retail & Wholesale,Home Improvement & Hardware Retail,stated by site,,,,,,,,2026-02-03,2026-02,stated by site,yes,,d36d57c9-3e8f-4e29-8136-f902721b4ad5,leak site,,leak site,,,,
Qilin,Scranton Label,scrantonlabel.com,,,,Professional Services,Business Services,stated by site,,,,,,,,2026-02-03,2026-02,stated by site,yes,,13f54146-3fcc-44e1-b4c8-57f3cecdb21e,leak site,,leak site,,,,
Qilin,The Rosenthal Agency,therosenthalagency.com,,,,Insurance,Insurance,stated by site,,,,,,,,2026-02-03,2026-02,stated by site,yes,,6ea84507-e9a0-4444-a265-6e865b3b7dee,leak site,,leak site,,,,
Qilin,Dunn & Associates,dunneng.com,,,,Engineering & Architecture,"Architecture, Engineering & Design",stated by site,,,,,,,,2026-02-03,2026-02,stated by site,yes,,f368d6fd-af57-4091-bc58-4786991658c0,leak site,,leak site,,,,
Qilin,Utah Olympic Legacy Foundation,utaholympiclegacy.org,,,,Non-profit,Non-Profit & Charitable Organizations,stated by site,,,,,,,,2026-02-03,2026-02,stated by site,yes,,86391cb9-3f63-41c1-8d97-90daf2466845,leak site,,leak site,,,,
Qilin,Medasa,medasa.mx,MX,Mexico,inferred from domain,Manufacturing,Furniture,stated by site,,,,,,,,2026-02-03,2026-02,stated by site,yes,,b3e83b5b-32e9-4579-9f18-1bcb84b4de74,leak site,leak site,leak site,,,,
Qilin,P&B Textiles,pbtex.com,,,,Manufacturing,Manufacturing,stated by site,,,,,,,,2026-02-03,2026-02,stated by site,yes,,93720132-7f2b-4a9f-925c-b67c8179d77b,leak site,,leak site,,,,
Qilin,Muebles Dico,dico.com.mx,MX,Mexico,inferred from domain,Manufacturing,Furniture,stated by site,,,,,,,,2026-02-02,2026-02,stated by site,yes,,81b7d072-ef7f-4b60-bda1-db9c79defefb,leak site,leak site,leak site,,,,
Qilin,Medinah School District 11,medinah11.org,,,,Education,Education,stated by site,,,,,,,,2026-02-02,2026-02,stated by site,yes,,407f9568-7269-4505-ab9a-a1e9d5958f9a,leak site,,leak site,,,,
Qilin,KOUEI,kabkouei.co.jp,JP,Japan,inferred from domain,Professional Services,Business Services,stated by site,,,,,,,,2026-02-02,2026-02,stated by site,yes,,e12bcf3a-f92d-49d1-9eed-52970f57e3d7,leak site,leak site,leak site,,,,
Qilin,Chu & Yang Dental,chuyangdental.com,,,,Healthcare,Healthcare Services,stated by site,,,,,,,,2026-01-28,2026-01,stated by site,yes,,f0cbf185-5d88-494e-bd9d-dcb1e3fbb3ef,leak site,,leak site,,,,
Qilin,Jay's Sporting Goods,jayssportinggoods.com,,,,Consumer Services,Consumer Services,stated by site,,,,,,,,2026-01-27,2026-01,stated by site,yes,,6323f0b8-fc07-4441-84f4-b96ef0bd26cb,leak site,,leak site,,,,
Qilin,Westin Automotive,westinautomotive.com,,,,Professional Services,Business Services,stated by site,,,,,,,,2026-01-27,2026-01,stated by site,yes,,9c5f5f23-1ec9-4da8-bf53-113c6cb7c072,leak site,,leak site,,,,
Qilin,Centrotherm International,centrotherm.de,DE,Germany,inferred from domain,Manufacturing,Industrial Machinery & Equipment,stated by site,,,,,,,,2026-01-25,2026-01,stated by site,yes,,44f6f906-3bd5-4ff5-8ac2-394fdb105c8e,leak site,leak site,leak site,,,,
Qilin,OKIN GROUP,okin.eu,,,,Professional Services,Business Services,stated by site,,,,,,,,2026-01-25,2026-01,stated by site,yes,,62272c78-2767-4fd2-abb5-7297d7a77aa6,leak site,,leak site,,,,
Qilin,Borg Argentina,borgargentina.com.ar,AR,Argentina,inferred from domain,Agriculture & Food,Agriculture,stated by site,,,,,,,,2026-01-24,2026-01,stated by site,yes,,e9b72a27-d013-4703-895b-93a03c32cfe0,leak site,leak site,leak site,,,,
Qilin,Proleasing,provincialeasing.com.ar,AR,Argentina,inferred from domain,Professional Services,Business Services,stated by site,,,,,,,,2026-01-22,2026-01,stated by site,yes,,68e0693a-eefb-4189-a5b4-4eb3a22a86d5,leak site,leak site,leak site,,,,
Qilin,Farmacias Vilela,farmaciasvilela.com.ar,AR,Argentina,inferred from domain,Pharmaceuticals & Biotech,Drug Stores & Pharmacies,stated by site,,,,,,,,2026-01-22,2026-01,stated by site,yes,,326f9d90-a49f-41e2-af86-95a5addf85c9,leak site,leak site,leak site,,,,
Qilin,EDF Group,theedfgroup.com,US,United States,web research,Manufacturing,Electronics,stated by site,,,,,,,,2026-01-22,2026-01,stated by site,yes,,953d0360-2948-4d5a-8cf0-38a9a52b52ee,leak site,web,leak site,,,,
Qilin,Copetrol,copetrol.com.py,PY,Paraguay,inferred from domain,Manufacturing,Industrial Machinery & Equipment,stated by site,,,,,,,,2026-01-22,2026-01,stated by site,yes,,086e9769-989b-4533-baf6-cfb8bce5f92c,leak site,leak site,leak site,,,,
Qilin,County Contractors,countycontractors.co.uk,GB,United Kingdom,inferred from domain,Hospitality & Travel,Hospitality,stated by site,,,,,,,,2026-01-22,2026-01,stated by site,yes,,06b44192-b370-4c62-9703-e0b964a99f63,leak site,leak site,leak site,,,,
Qilin,Milott Laboratories,milott.co.th,TH,Thailand,inferred from domain,Consumer Services,Consumer Services,stated by site,,,,,,,,2026-01-22,2026-01,stated by site,yes,,b2f76b3a-93bb-4ce8-8c38-4ecabb6e0065,leak site,leak site,leak site,,,,
Qilin,Mills Products,millsproducts.com,US,United States,web research,Professional Services,Business Services,stated by site,,,,,,201-500,,2026-01-21,2026-01,stated by site,yes,,52d5c639-935d-4b4d-85ca-20c651d9c8be,leak site,web,leak site,,web,,
Qilin,Kontena Nasional Berhad,kn.com.my,MY,Malaysia,inferred from domain,Professional Services,Business Services,stated by site,,,,,,,,2026-01-20,2026-01,stated by site,yes,,3e247db1-d1e1-4e8a-a4db-8039e2c2a723,leak site,leak site,leak site,,,,
Qilin,Altius Geotecnia y Obras Especiales,altiusvertical.com,ES,Spain,web research,Construction,Civil Engineering Construction,stated by site,,,,,,,,2026-01-19,2026-01,stated by site,yes,,843312ee-6c69-4404-8583-447cc1cf8b84,leak site,web,leak site,,,,
Qilin,Dreher Law Firm,dreherlawfirm.com,US,United States,web research,Legal,Law Firms & Legal Services,stated by site,,,,,,,,2026-01-18,2026-01,stated by site,yes,,f1cb79d0-5395-4aa5-adfb-be61f1e24f15,leak site,web,leak site,,,,
Qilin,Orthopaedic Specialists of Massachusetts,orthomass.com,,,,,,,,,,,,,,2026-01-17,2026-01,stated by site,yes,,998de0c5-8e28-4ebf-8e60-1399fee36dfc,leak site,,,,,,
Qilin,Ilumno,ilumno.com,,,,Technology,Software,stated by site,,,,,,,,2026-01-17,2026-01,stated by site,yes,,d10956ea-320d-4393-ab91-37a017903ffd,leak site,,leak site,,,,
Qilin,Central Roofing South Wales,crsw.co.uk,GB,United Kingdom,inferred from domain,Construction,Construction,stated by site,,,,,,,,2026-01-17,2026-01,stated by site,yes,,054e7959-d8a2-41a3-bf9b-9be7815ce4bc,leak site,leak site,leak site,,,,
Qilin,Fluorsid Spa,fluorsid.com,IT,Italy,web research,Professional Services,Business Services,stated by site,183600000,,,,,144,,2026-01-17,2026-01,stated by site,yes,,ba2eef4a-5501-4c36-b9c5-3bcfa2d2bc9a,leak site,web estimate,leak site,web estimate,web estimate,,
Qilin,CFM Mozambique,cfm.co.mz,MZ,Mozambique,inferred from domain,Professional Services,Business Services,stated by site,,,,,,,,2026-01-16,2026-01,stated by site,yes,,2f5cf600-e0a2-42ef-a08a-55b587c40ed0,leak site,leak site,leak site,,,,
Qilin,Cary Pediatric Center,carypediatriccenter.com,,,,,,,,,,,,,,2026-01-15,2026-01,stated by site,yes,,622e5c05-a3a7-46da-9cbe-32e15c2c15d5,leak site,,,,,,
Qilin,Gtech,gtech.co.uk,GB,United Kingdom,inferred from domain,Consumer Services,Consumer Services,stated by site,,,,,,,,2026-01-14,2026-01,stated by site,yes,,02d1f5a6-6416-40b2-8f76-b5d43c5a52b3,leak site,leak site,leak site,,,,
Qilin,Pre-Con Builders,preconbuilders.com,,,,Construction,Construction,stated by site,,,,,,,,2026-01-14,2026-01,stated by site,yes,,61999057-9c1f-4a00-b853-794980f2899a,leak site,,leak site,,,,
Qilin,Lunsford Capital,lunsfordcapital.com,,,,Financial Services,Finance,stated by site,,,,,,,,2026-01-14,2026-01,stated by site,yes,,56335247-29ba-4d9c-963b-081336aa46cb,leak site,,leak site,,,,
Qilin,Hayden Safe & Lock,haydenlock.com,,,,Professional Services,Business Services,stated by site,,,,,,,,2026-01-12,2026-01,stated by site,yes,,a216c6b3-0b88-4fee-b819-9f9e503ced58,leak site,,leak site,,,,
Qilin,GDZ Computer Services,gdz.com,,,,Technology,Software,stated by site,,,,,,,,2026-01-08,2026-01,stated by site,yes,,7266e346-8da6-4dfc-b289-06bce11a7988,leak site,,leak site,,,,
Qilin,Retrofit Service,retrofitsc.com,,,,Professional Services,Business Services,stated by site,,,,,,,,2026-01-08,2026-01,stated by site,yes,,18c658f7-8178-431d-b200-4509f62c8873,leak site,,leak site,,,,
Qilin,Softlab SpA,soft.it,IT,Italy,inferred from domain,Professional Services,Business Services,stated by site,,,,,,,,2026-01-08,2026-01,stated by site,yes,,4f4a8605-760b-43aa-bc56-617a59f81b96,leak site,leak site,leak site,,,,
Qilin,TriVector Services,trivector.us,,,,Manufacturing,Manufacturing,stated by site,,,,,,,,2026-01-08,2026-01,stated by site,yes,,8e395ce6-8d2d-4fcb-a8e0-60ea5f96d140,leak site,,leak site,,,,
Qilin,Anteriad,anteriad.com,,,,Professional Services,Business Services,stated by site,,,,,,,,2026-01-08,2026-01,stated by site,yes,,736ce7a2-68ff-489c-8a47-0950e36d94c3,leak site,,leak site,,,,
Qilin,PTS Goldkist Industries Sdn Bhd,hyfresh.com.my,MY,Malaysia,inferred from domain,Financial Services,Banking,stated by site,,,,,,,,2026-01-08,2026-01,stated by site,yes,,31ed9b26-4dd9-4fef-9b7f-293ae43d5f21,leak site,leak site,leak site,,,,
Qilin,USArt,usart.com,,,,Hospitality & Travel,Hospitality,stated by site,,,,,,,,2026-01-06,2026-01,stated by site,yes,,abc73b74-3eca-4921-8b03-84f41722d84a,leak site,,leak site,,,,
Qilin,Medical Asset Management,medicalassetmanagement.com,,,,,,,,,,,,,,2026-01-06,2026-01,stated by site,yes,,3252422c-f3d2-4c9c-94ee-35a9d1ce655f,leak site,,,,,,
Qilin,Ellison Educational Equipment,ellisoneducation.com,,,,Manufacturing,Industrial Machinery & Equipment,stated by site,,,,,,,,2026-01-02,2026-01,stated by site,yes,,1bd033dd-6287-4644-8ad1-0f330b8cab6c,leak site,,leak site,,,,
Qilin,Sai Oral SurgeryOral,saioralsurgery.com,,,,Healthcare,Healthcare Services,stated by site,,,,,,,,2026-01-02,2026-01,stated by site,yes,,cdfc2b51-8dfd-4932-9a8e-34676ac557c6,leak site,,leak site,,,,
Qilin,Supreme Group,supreme.com.tw,TW,Taiwan,inferred from domain,Manufacturing,Electronics,stated by site,,,,,,,,2026-01-02,2026-01,stated by site,yes,,49ebaf51-9bd0-44eb-959f-ec7254401be0,leak site,leak site,leak site,,,,
INC Ransom,cambrialawfirm.com,cambrialawfirm.com,CA,Canada,stated,,,,15000000,,,Proof,,,Re-uploaded; the old download link was unavailable.,2026-09-28,2026-09,stated by site,yes,yes,6ab9da399cd108bf260627e8,leak site,leak site,,leak site,,,
INC Ransom,nsbsd.org,nsbsd.org,US,United States,stated,Education,,inferred from description,34400000,,,Encrypted; Proof,,238,"North Slope Borough School District is a public school district serving the remote communities of Alaska's North Slope, headquartered in Utqiaġvik. It operates 11 schools across the borough, enrolling approximately 2,044 students from Pre-K through 12th grade. The district's mission is rooted in Iñupiaq culture, aiming to develop students who are ""empowered, culturally rooted, bilingual, healthy, critical, creative, life-long learners"". For the 2025-2026 fiscal year, the district received $38,766,371 in local funding from the North Slope Borough, with per-pupil spending significantly above the national average at approximately $40,367",2026-09-27,2026-09,stated by site,yes,no,6ab8c97c9cd108bf26e619cd,leak site,leak site,leak site,leak site,web,,
INC Ransom,AHEAD,ahead.com,US,United States,stated,Engineering & Architecture,,inferred from description,30000000,,,Proof; Encrypted,,2500,"AHEAD is a Chicago-based IT consulting and engineering firm specializing in the digital transformation of large enterprises. It offers strategic consulting and managed services across cloud, cybersecurity, data and AI, infrastructure, and operations. The company positions itself as an ""engineering-led"" partner that takes responsibility for outcomes at every stage — from design to ongoing operations. Following its acquisition of CDI, AHEAD's revenue exceeded $3.7 billion, with a workforce of more than 2,500 employees across 40 locations worldwide.",2026-09-27,2026-09,stated by site,yes,no,6ab8c47b9cd108bf26e57e79,web,leak site,leak site,leak site,web,,
INC Ransom,pharma5.ma,pharma5.ma,MA,Morocco,stated,,,,500000000,,,Proof,Personal data (PII); Employee / HR; Financial / accounting; Corporate / confidential,,"Pharma5 21, Rue des Asphodèles, Maârif Extension, 20100 Casablanca, Morocco 05 22 23 62 15 pharma5.ma Leaked data: 50Gb Corporate and financial information, data on products and their supply, quality control and certification, drug testing and related issues, employee personal data, counterparties, and much more.",2026-09-25,2026-09,stated by site,yes,no,6ab630619cd108bf2694b2ef,leak site,leak site,,leak site,,,leak site
INC Ransom,bnlawmacau.com www.bn-ip.com,bnlawmacau.com,MO,Macao,stated,Legal,,web research,7000000,,,Proof,,,full data all country,2026-09-24,2026-09,stated by site,yes,yes,6ab5548c9cd108bf2677a835,web,leak site,web,leak site,,,
INC Ransom,ukbjja.org,ukbjja.org,GB,United Kingdom,stated,Non-profit,,web research,1000000,,,Proof,,,full data,2026-09-24,2026-09,stated by site,yes,yes,6ab550cb9cd108bf26772eb9,leak site,leak site,web,leak site,,,
INC Ransom,welgenone.com,welgenone.com,US,United States,stated,Healthcare,,inferred from description,20000000,,,Proof,,11-50,"Welgen One is a mobile wellness service provider based in Georgia, USA, offering personalized wellness care and dispensary access across Atlanta. The company focuses on delivering innovative healthcare solutions, including remote patient monitoring and onsite wellness programs, to enhance overall well-being. Targeting individuals seeking convenient and comprehensive health services, Welgen One aims to revolutionize the healthcare experience by prioritizing patient-centered care. With a commitment to accessibility and customization, they utilize advanced technology and data to optimize health outcomes",2026-09-24,2026-09,stated by site,yes,yes,6ab54bee9cd108bf2676bd94,leak site,leak site,leak site,leak site,web,,
INC Ransom,Grupo Caberj,caberj.com.br,BR,Brazil,stated,Insurance,,web research,57000000,,,Proof,,,"O Grupo Caberj, que oferece uma ampla gama de seguros, foi hackeado há 10 dias",2026-09-24,2026-09,stated by site,yes,no,6ab5075e9cd108bf266ebbdf,web,leak site,web,leak site,,,
INC Ransom,Lemon Law,vlemonlaw.com,US,United States,stated,Legal,,web research,8900000,,,Proof,Personal data (PII); Employee / HR; Financial / accounting; Legal / contracts; Corporate / confidential,,"Virginia A Lemon PLLC 267 Stratton Aly, Lewisburg, West Virginia, USA vlemonlaw.com Leaked data: 16.8 Gb, 42к files corporate documents, litigation materials, client personal data, financial documents and reporting, personal files of employees, and much more.",2026-09-23,2026-09,stated by site,yes,no,6ab3a8e79cd108bf26410d9e,web,leak site,web,leak site,,,leak site
INC Ransom,Maryann Kriger,,US,United States,stated,Healthcare,,inferred from description,5000000,,,Encrypted,,,"At Bonita Orthodontics, Dr. Maryann Kriger and our friendly team provide personalized orthodontic care using state-of-the-art technology. As a board-certified orthodontist and Elite Invisalign Provider, Dr. Kriger takes a conservative approach — creating simple, affordable treatment plans that deliver beautiful, lasting smiles. Call today to schedule your free consultation! We have reached out to Bonita Ortho on multiple occasions to prevent this leak, warning them that it exposes the private information of patients who are minors. Despite this, our messages have been ignored.",2026-09-20,2026-09,stated by site,yes,no,6ab057339cd108bf26ca4f1a,,leak site,leak site,leak site,,,
INC Ransom,SECOND HOUSE,secondhouse.es,ES,Spain,stated,Real Estate,,inferred from description,5300000,,,Proof,,,"Second House (Second House, S.L.) is a privately held real estate company headquartered in Barcelona, Spain, with over 26 years of experience in the property sector. Their business model centers on buying properties and adding value to them — through renovation works, improving rental situations, and legalizing the existing state of buildings — effectively driving renewal of the real estate market in Barcelona and its surroundings. They are actively acquiring in the Barcelona area (including L'Hospitalet, Badalona, Sant Cugat, etc.)",2026-09-20,2026-09,stated by site,yes,no,6ab02fa89cd108bf26c5e025,web,leak site,leak site,leak site,,,
INC Ransom,www.kendallhunt.com,kendallhunt.com,US,United States,stated,Education,,inferred from description,44000000,,,Encrypted; AD Dump; Proof; Stocks,Databases / backups,,"Founded in 1944, Kendall Hunt Publishing is a publisher of hands-on, inquiry-based science, mathematics, and gifted curricula for grades PreK-12. Their research and standards-based programs are available in both print and digital components that encompass students, teachers, and parents. Kendall Hunt is headquartered in Dubuque, IA.",2026-09-18,2026-09,stated by site,yes,no,6aad21c99cd108bf2661c398,leak site,leak site,leak site,leak site,,,leak site
INC Ransom,www.roancampingholidays.com,roancampingholidays.com,NL,Netherlands,stated,,,,50000000,,,Encrypted; AD Dump; Proof; Stocks,Databases / backups,,Roan Luxury Camping Holidays is a Dutch tour operator specializing in deluxe mobile home and tent rentals at 4- and 5-star campsites across Europe,2026-09-18,2026-09,stated by site,yes,no,6aad206a9cd108bf2661a43a,leak site,leak site,,leak site,,,leak site
INC Ransom,cimbsecurities.com,cimbsecurities.com,MY,Malaysia,stated,Financial Services,,inferred from description,5000000000,,,Encrypted; Proof,,,"CIMB Group is a leading focused ASEAN bank and a prominent corporate advisor in the region, headquartered in Kuala Lumpur, Malaysia. The company offers a wide range of financial services including Consumer Banking, Commercial Banking, Investment Banking, Islamic Banking, and Asset Management. With over 33,000 staff and approximately 29 million customers, it is recognized as a world leader in Islamic finance and the fifth largest banking group by assets in ASEAN. CIMB Group is committed to sustainability, integrating environmental, economic, and social considerations into its business practices.",2026-09-18,2026-09,stated by site,yes,no,6aad200e9cd108bf26619b67,leak site,leak site,leak site,leak site,,,
INC Ransom,www.diarco.com.ar,diarco.com.ar,AR,Argentina,stated,Professional Services,,stated in description,1700000000,,,Encrypted; AD Dump; Proof; Stocks,Databases / backups,1000-4999,"Diarco is a company that operates in the HR & Staffing industry. It employs 1000to4999 people and has 1Gto5G of revenue. The company is headquartered in San Telmo, Capital Federal, Argentina.",2026-09-17,2026-09,stated by site,yes,no,6aab92029cd108bf2638c39c,leak site,leak site,leak site,leak site,leak site,,leak site
INC Ransom,www.appliancefactory.com,appliancefactory.com,US,United States,stated,Manufacturing,,inferred from description,107000000,,,Encrypted; Proof; Stocks; AD Dump,Databases / backups,,"Appliance Factory & Mattress Kingdom offers a wide range of discount appliances and mattresses, providing unbeatable savings to customers across multiple locations including Colorado, Kentucky, Wyoming, and Indiana. Their extensive product lineup includes kitchen appliances, laundry machines, refrigeration units, and various mattress types from well-known brands. The company emphasizes next-day delivery, professional installation, and financing options to enhance customer convenience. Targeting homeowners and trade partners, they pride themselves on excellent service and a hassle-free shopping experience.",2026-09-17,2026-09,stated by site,yes,no,6aab8c5b9cd108bf2637fece,leak site,leak site,leak site,leak site,,,leak site
INC Ransom,Silicon Integrated Systems,,TW,Taiwan,stated,Technology,,inferred from description,6200000,,,Encrypted; Proof,,,Silicon Integrated Systems Corporation (SiS) is a Taiwan-based professional IC design company specializing in analog and mixed-signal technologies.,2026-09-17,2026-09,stated by site,no,yes,6aabee5c9cd108bf2644325e,,leak site,leak site,leak site,,,
INC Ransom,cullottalaw.com,cullottalaw.com,US,United States,stated,Healthcare,,inferred from description,5000000,,,Proof,,,"Cullotta Bravo Law Group is a personal injury law firm based in Aurora, IL, with over 35 years of experience in various legal areas including personal injury, nursing home abuse, and workers compensation.",2026-09-09,2026-09,stated by site,yes,no,6aa1b4799cd108bf26fb4634,leak site,leak site,leak site,leak site,,,
INC Ransom,Wellness Partners network(combined revenue),,US,United States,stated,Healthcare,,inferred from description,60000000,,,Encrypted; Proof,,,"Headquartered in Clinton, New York Community Wellness Partners is a faith based non-profit organization that provides healthcare, housing and community services. They also have 24/7 skilled-nursing care to older adults who require residential medical care and support services.",2026-09-07,2026-09,stated by site,yes,no,6a9f08409cd108bf26a4f9bf,,leak site,leak site,leak site,,,
INC Ransom,jms building corporation,,US,United States,stated,Insurance,,inferred from description,300000,,,Proof,,,"JMS Building Construction is a full service Insurance Restoration construction company that handles every step of the Insurance Restoration process, from dealing with your insurance company to restoring your home's integrity WE HAS COLLECTED SUCH DATA AS: - Confidential documents - Clients Data - NDA - Financial data - Operations - Corporate data - Business Agreements - Development - Financial databases, all transactions, all clients And a lot of other VERY IMPORTANT information!",2026-09-07,2026-09,stated by site,yes,no,6a9e419a9cd108bf268b82e3,,leak site,leak site,leak site,,,
INC Ransom,myglobal.com,myglobal.com,MY,Malaysia,stated,Engineering & Architecture,,stated in description,3000000,,,Encrypted,,10,"My Global Services Sdn Bhd is the first authorized distributor of OLED LiFi in Malaysia, specializing in OLED LiFi technology, mechanical and electrical engineering, as well as civil and construction services. The company provides solutions for scientists and research workers, offering sales and support for scientific equipment. Their services include civil and structural engineering, ensuring a comprehensive approach to their clients' needs. With a focus on innovative lighting solutions, they aim to enhance the capabilities of their clients across various sectors. Employees: 10 Revenue: $5 Million Industry: Architecture, Engineering & Design Phone Number: +60 358922797",2026-09-03,2026-09,stated by site,yes,no,6a99ad6a9cd108bf26e7ee52,leak site,leak site,leak site,leak site,leak site,,
INC Ransom,Asfaltos y Pavimentos S.A. (Asfalpasa),,ES,Spain,stated,,,,30300000,,,Proof; Encrypted,,,"Empresa dedicada a la fabricación, transporte y extendido de mezclas asfálticas así como todo tipo de servicios relacionados con la construcción y mantenimiento de carreteras, vias públicas y privadas. Desde sus comienzos en 1982 Asfaltos y Pavimentos (ASFALPASA) se basa en un equipo humano especializado y experimentado en la actividad que posteriormente llevaría a cabo la empresa. Dicha experiencia aporta a la empresa un rápido crecimiento y un alto grado de especialización y competitividad que hace de Asfalpasa una de las empresas más conocidas de su sector.",2026-09-02,2026-09,stated by site,yes,no,6a98332a9cd108bf26b37c4c,,leak site,,leak site,,,
INC Ransom,Westfield Public School District,,US,United States,stated,Education,,inferred from description,122000000,,,Encrypted; Proof,,,"Westfield Public Schools is dedicated to educating all students to reach their highest potential as engaged citizens who value diversity. The district focuses on inclusivity, community engagement, wellness, and comprehensive financial planning to enhance the educational experience. Their strategic plan outlines long-term goals and strategies to align resources with the needs of students and staff. The intended clients include students, families, and the broader community in Westfield, NJ.",2026-09-02,2026-09,stated by site,yes,no,6a98339f9cd108bf26b38e4f,,leak site,leak site,leak site,,,
INC Ransom,Trucka,,MX,Mexico,stated,Transportation & Logistics,,inferred from description,28700000,,,Encrypted; Proof,,,"Trucka is a transportation and logistics company that helps businesses move goods across different regions. They handle everything from local deliveries to long-distance shipping, working with companies of all sizes. Their trucks cover major routes, making sure packages and freight get where they need to go safely and on time. With a team of experienced drivers and a solid network of shipping routes, Trucka makes moving cargo simple and reliable.",2026-09-02,2026-09,stated by site,yes,no,6a9834289cd108bf26b3a6ba,,leak site,leak site,leak site,,,
INC Ransom,Policlinico Triestino,,IT,Italy,stated,Healthcare,,inferred from description,81700000,,,Encrypted; Proof,,,"Policlinico Triestino S.p.A. is a private healthcare network based in Trieste, Italy, that operates hospitals, nursing homes, and outpatient clinics.",2026-09-02,2026-09,stated by site,yes,no,6a9835249cd108bf26b3d268,,leak site,leak site,leak site,,,
INC Ransom,Multiver Ltée,,CA,Canada,stated,Manufacturing,,inferred from description,20900000,,,Encrypted; Proof,,,"Multiver Ltée specializes in the manufacturing of glass products, offering a range of solutions from sealed to tempered and shaped glass. With over 50 years of experience, the company is renowned for its craftsmanship and commitment to timely delivery. They have successfully completed various architectural projects, showcasing both subtle and bold designs. Their intended clients include those looking to enhance their construction with high-quality glass features.",2026-09-02,2026-09,stated by site,yes,no,6a98358f9cd108bf26b3e38b,,leak site,leak site,leak site,,,
INC Ransom,Metales Panamericanos,,PA,Panama,stated,Construction,,inferred from description,49900000,,,Encrypted; Proof,,,"English Metales Panamericanos, previously known as ACERO PANAMA, is the main construction & steel supplier to the Construction industry in Panama, initially focus in steel materials, now our new mission is extended to different constructions systems, Electrical Solutions, Equipment & Devices, zing ceilings, strollers, metal wires, windows structures, gypsum, among others. Spanish Metales Panamericanos S.A. (METALPAN), previamente conocida como ACERO PANAMA, es una dinmica y exitosa sociedad 100% panamea que se constituyo como METALPAN en el ao 1991, y que ha sabido transformarse y crecer con firmeza para responder de manera rpida y eficaz a las exigencias del clientes con altos niveles de competitividad presentes en el mercado nacional.",2026-09-02,2026-09,stated by site,yes,no,6a9836399cd108bf26b3fe27,,leak site,leak site,leak site,,,
INC Ransom,specialtytextile.com,specialtytextile.com,US,United States,stated,Hospitality & Travel,,inferred from description,6000000,,,Proof,,,"Specialty Textile Services is a U.S. textile services company founded in 1996, specializing in linen rental and processing for the hospitality industry. Headquartered in Phoenix, Arizona, with a branch in San Diego, California, the company employs between 201 and 500 people. Serving mid-to-high-end restaurants, hotels, and other hospitality providers, Specialty Textile Services offers flexible rental programs covering a full line of linens, kitchen textiles, uniforms, and dust control products — all delivered clean and ready for use. Key features include: flexible pickup and delivery schedules, including multiple weekly service visits; all-inclusive service pricing with no upfront investment required from customers; an in-house commercial laundry facility operating 7 days a week, 365 days a year, with rapid emergency response available for special requests.",2026-09-02,2026-09,stated by site,yes,no,6a97ed959cd108bf26aadc1c,leak site,leak site,leak site,leak site,,,
INC Ransom,www.renorefractories.com,renorefractories.com,US,United States,stated,Manufacturing,,inferred from description,17700000,,,Encrypted; Proof,,,"RENO Refractories, Inc. specializes in the manufacturing of refractory products and services for various industrial applications, including aluminum, iron and steel, cement and lime, foundries, mini mills, and hydrocarbon processing. With over 35 years of experience, the company is committed to innovation and quality, providing advanced research and development, technical support, and installation services. Their product offerings include a full range of monolithic products and the revolutionary ElectroCast product line. RENO aims to optimize the profits and safety of their clients by delivering superior refractory technology across North America.",2026-08-31,2026-08,stated by site,yes,no,6a955cf79cd108bf265a7443,leak site,leak site,leak site,leak site,,,
INC Ransom,www.lichtvision.com,lichtvision.com,GB,United Kingdom,stated,Engineering & Architecture,,inferred from description,5700000,,,Encrypted; Proof,,,"Lichtvision specializes in innovative lighting design, focusing on architectural spaces through the use of daylight, artificial light, and immersive media technologies. With a team of 40 designers, architects, and engineers, they provide sustainable and aesthetically pleasing lighting solutions for a variety of projects, including museums, offices, and retail spaces. Established in 1997, Lichtvision has a global presence with studios in major cities and emphasizes a holistic approach to lighting that enhances the quality of life. Their work is characterized by a blend of creativity, technical expertise, and a commitment to ecological sustainability.",2026-08-31,2026-08,stated by site,yes,no,6a955c739cd108bf265a6372,leak site,leak site,leak site,leak site,,,
INC Ransom,zummocorp.com,zummocorp.com,US,United States,stated,Manufacturing,,inferred from description,1000000,,,Encrypted; Stocks; Proof; AD Dump,Databases / backups,,"Zummo is a global incumbent in the design, manufacture and commercialization of automatic fresh fruit juice extraction machines, mainly aimed at the food service and food retail segments.",2026-08-31,2026-08,stated by site,yes,no,6a955bb29cd108bf265a5154,leak site,leak site,leak site,leak site,,,leak site
INC Ransom,BENCIVIL,bencivil.com,US,United States,stated,Engineering & Architecture,,inferred from description,5000000,,,Proof,,,"Benchmark Civil Engineering Services, Inc. is a civil engineering firm based in Allentown, PA, specializing in civil engineering, traffic studies, forensic engineering, and land surveying. The company serves municipalities and clients in the Lehigh Valley and surrounding areas, providing expert services in traffic and transportation engineering, land development, and construction engineering. With a focus on professionalism and integrity, Benchmark is committed to guiding clients through the design, approval, and construction processes. Their highly trained staff utilizes state-of-the-art technology to ensure project success and compliance with regulations.",2026-08-27,2026-08,stated by site,yes,no,6a906fe29cd108bf26c5d1d1,web,leak site,leak site,leak site,,,
INC Ransom,Rohloff Group,,ZA,South Africa,stated,Hospitality & Travel,,inferred from description,80000000,,,Proof,Employee / HR; Financial / accounting; Corporate / confidential,,"KFC Rohloff Group franchise partner Total leak: 536 GB, 103,196 Files, 30,805 Folders Data: Employees personal , Loan applications, Employees banking details, ID's, Bank account statements, Employees ACKNOWLEDGEMENT OF DEBT, RESULT OF THE DISCIPLINARY HEARING, Financial documentation for royalties, Food Cost Reconciliation and a lot of other documentation. Data type: Confidential Full publication coming soon.",2026-08-27,2026-08,stated by site,yes,no,6a9045299cd108bf26c2734d,,leak site,leak site,leak site,,,leak site
INC Ransom,Ruby Seven Studios,rubyseven.com,US,United States,stated,Media & Entertainment,,web research,22000000,,,Proof,Personal data (PII); Employee / HR; Financial / accounting; Legal / contracts; Corporate / confidential; Engineering / R&D / IP,,"Ruby Seven Studios Inc. https://www.rubyseven.com/ Total leak: 114 GB (123,463,823,360 bytes), 133,851 Files, 49,357 Folders. Data: Source code, Games Rules, Game assets, Game math, GDD, IGT, Analytics report Finance doc's, Royalty Reports, Tax invoice, Inventions Agreement - Employee intellectual property assignment, non competition and confidentiality agreement Personal ID/Passport, Share holders list. Data type: Confifential Partners: IGT (International Game Technology), Konami Gaming, Wazdan, Bluberi Gaming, CHAYOWO TECHNOLOGY, Everi & Aristocrat Bally's Corporation, Delaware North Gaming, Pechanga Resort & Casino, Mystic Lake Casino Hotel, Affinity Interactive, Choctaw Casinos & Resorts. Full publication coming soon.",2026-08-27,2026-08,stated by site,yes,no,6a9032e29cd108bf26c1044a,web,leak site,web,leak site,,,leak site
INC Ransom,Oilquip Inc,oilquip.com,US,United States,stated,Retail & Wholesale,,inferred from description,5800000,,,Encrypted; Proof,,,"Oilquip Inc, established in 1960, is a comprehensive fluid power distributor that specializes in hydraulics, pneumatics, oil conditioning, and system integration. The company is dedicated to providing innovative electro-hydraulic and electro-mechanical solutions while exceeding customer expectations. Their services include design and engineering, fluid conditioning, power generation, and repairs and upgrades, catering to a diverse range of clients. Oilquip prides itself on its customer-focused approach, flexibility, and commitment to excellence in all aspects of its operations.",2026-08-26,2026-08,stated by site,yes,no,6a8f0c6c9cd108bf26a1bbe6,web,leak site,leak site,leak site,,,
INC Ransom,Macro Engineering & Technology,macroeng.com,CA,Canada,stated,Manufacturing,,web research,27000000,,,Proof,,,We have the following types of information: active NDAs financial information and account transactions internal documents a large number of internal developments and prototypes employee personal data information about clients and business partners,2026-08-25,2026-08,stated by site,yes,no,6a8d72839cd108bf26741507,web,leak site,web,leak site,,,
INC Ransom,FFKR Architects,ffkr.com,US,United States,stated,Engineering & Architecture,,inferred from description,27000000,,,Proof,,,"FFKR Architects is a leading architecture and interior design firm based in Utah, with additional offices in Arizona and Idaho. They offer a wide range of services including architecture, landscape architecture, interior design, and environmental graphic design. The firm is known for its design excellence and commitment to environmental leadership, serving various sectors such as healthcare, education, hospitality, and commercial projects. With a team of over 170 professionals, FFKR empowers clients through innovative visualization techniques, ensuring informed decision-making.",2026-08-24,2026-08,stated by site,yes,no,6a8c64f19cd108bf26556ed5,web,leak site,leak site,leak site,,,
INC Ransom,wittmann,,MX,Mexico,stated,,,,35000000,,,Encrypted,,,"Unauthorized access has been gained to the company's confidential files, including client data, proprietary R&D, and financial documentation.NDA files",2026-08-24,2026-08,stated by site,yes,no,6a8c56149cd108bf2653d42b,,leak site,,leak site,,,
INC Ransom,el-group,,CH,Switzerland,stated,,,,5000000,,,Encrypted,,,"Unauthorized access has been gained to the company's confidential files, including client data, proprietary R&D, and financial documentation.",2026-08-22,2026-08,stated by site,yes,no,6a8979d59cd108bf26069fa7,,leak site,,leak site,,,
INC Ransom,BANGKOKCABLE,,TH,Thailand,stated,Manufacturing,,inferred from description,6900000,,,Encrypted; Proof; AD Dump; Stocks,Databases / backups,,"About Bangkok Cable Bangkok Cable is Thailand's leading manufacturer of electric wires and cables, boasting over five decades of sustainable growth. The company is committed to connecting people with power and driving economic development through innovative manufacturing technologies. With a production capacity of 30,000 metric tons per year for copper and 15,000 metric tons for aluminum cables, Bangkok Cable adheres to high-quality standards and sustainable practices. Their products serve a wide range of clients, contributing to the country's development and enhancing the quality of life through reliable electrical power.",2026-08-19,2026-08,stated by site,yes,no,6a857ba49cd108bf268592d4,,leak site,leak site,leak site,,,leak site
INC Ransom,UNIPLASTICS.COM,uniplastics.com,US,United States,stated,Manufacturing,,inferred from description,5000000,,,Encrypted; AD Dump; Proof; Stocks,Databases / backups,,"Universal Plastics Inc. is a family-owned commercial specialty subcontractor with over 50 years of experience, specializing in custom wall panel systems, wall protection, and high-impact wall coverings. They serve a diverse clientele, including commercial projects such as airports and medical facilities, providing innovative solutions with materials like FRP, stainless steel, and plastic laminates. As a master distributor for Marlite in Northern California, they also offer a wide range of products including solid surfaces and decorative wall panels. Their commitment to quality and customer service makes them a leader in the industry.",2026-08-19,2026-08,stated by site,yes,no,6a857d4d9cd108bf2685c646,leak site,leak site,leak site,leak site,,,leak site
INC Ransom,EXEL,,CA,Canada,stated,Construction,,inferred from description,6200000,,,Encrypted; Proof,,,"Exel Systems Inc. specializes in providing high-quality custom heating, ventilation, and air conditioning (HVAC) and energy recovery products. Established in 1993, the company serves the institutional, commercial, and industrial markets, collaborating with building owners, consulting engineers, and contractors to deliver innovative and energy-efficient solutions. Their extensive product range and expertise enable them to handle complex projects tailored to specific client needs. Exel Systems encourages clients to explore their website for new products and application information to enhance building sustainability.",2026-08-19,2026-08,stated by site,yes,no,6a85895b9cd108bf268747e9,,leak site,leak site,leak site,,,
INC Ransom,CDGARVINLAW,,US,United States,stated,Education,,inferred from description,1000000,,,Encrypted; Proof,,,"CHRISTOPHER D. GARVIN (Docket #2352300) is a Wood-Ridge attorney admitted to New York State in 1990 and registered with the Office of Court Administration (OCA) of the New York State Unified Court System. Employer - CHRISTOPHER D. GARVIN, ESQ. COUNSEL AT LAW. The attorney graduated from SETON HALL UNIVERSITY. The registered office is located at 268 Valley Blvd, Wood Ridge, NJ 07075-1202, contact telephone: (201) 804-7681. Current lawyer status: registered.",2026-08-19,2026-08,stated by site,yes,no,6a8586419cd108bf2686ecf0,,leak site,leak site,leak site,,,
INC Ransom,nyklawfirm.com nyk.ae,,AE,United Arab Emirates,stated,,,,20000000,,,Proof,,,/,2026-08-18,2026-08,stated by site,yes,yes,6a842ea69cd108bf265b14cb,,leak site,,leak site,,,
INC Ransom,Foresee Pharmaceuticals,,TW,Taiwan,stated,Pharmaceuticals & Biotech,,inferred from description,25000000,,,Proof,Financial / accounting; Corporate / confidential; Engineering / R&D / IP,,"Foresee Pharmaceuticals Co., Ltd. https://www.foreseepharma.com Total leak: 1,2TB Leak includes: Drug Master File, ASMF, FDA/EMA, R&D, Financial statements, Clinical study reports and other confidential information. Projects: CAMCEVI, SIF, Casppian, NCE, Aderamastat, Linvemastat, FP-045, FP-016, FP-018, FP-014... Partners: Accord BioPharma, Intas Pharmaceuticals, Primevera Therapeutics, Accord Healthcare... Type of information: Confidential Full publication of the data within a few weeks!",2026-08-18,2026-08,stated by site,yes,no,6a8414a79cd108bf2657cdc6,,leak site,leak site,leak site,,,leak site
INC Ransom,ssf-int.com ssf-ing.de,,DE,Germany,stated,Engineering & Architecture,,inferred from description,60000000,,,Proof,,,"SSF International GmbH is an engineering firm headquartered in Munich, Germany. A subsidiary of SSF Ingenieure AG, the company provides comprehensive engineering services in project management, supervision, consultancy, design, quality management, and special construction design worldwide. It specializes in railways, high-speed railway lines, metro and light rail, Maglev lines, and large infrastructure projects, including bridges and railway stations. The company serves international clients across various stages of project development, from early studies and design to construction, commissioning, operation, and maintenance. Its service portfolio includes BIM and GIS solutions, environmental protection, and specialized solutions for acoustic and vibration control.",2026-08-18,2026-08,stated by site,yes,yes,6a842a739cd108bf265a9a4a,,leak site,leak site,leak site,,,
INC Ransom,Lansing Urgent Care,,US,United States,stated,Healthcare,,inferred from description,21800000,,,Proof,,,"Lansing Urgent Care provides a range of urgent care services for both adults and children, including on-site medications, lab tests, and X-rays. Their facilities are designed for quick visits, with an average wait time of under one hour, and they offer telemedicine options for added convenience. The company caters to patients seeking immediate medical attention, sports physicals, and occupational health services. With multiple locations in Lansing, Okemos, and surrounding areas, they aim to deliver friendly and efficient healthcare.",2026-08-17,2026-08,stated by site,yes,no,6a834cdb9cd108bf263e89dd,,leak site,leak site,leak site,,,
INC Ransom,"Otter Tail County, Minnesota",,US,United States,stated,,,,7000000,,,Encrypted; Proof,,,https://ottertailcounty.gov/,2026-08-17,2026-08,stated by site,yes,no,6a82d06d9cd108bf262ee4f8,,leak site,,leak site,,,
INC Ransom,SD Associates Sdn Bhd,,MY,Malaysia,stated,Engineering & Architecture,,inferred from description,3000000,,,Proof,,,"SD Associates (SDA) is a globally expanding company that prides itself in providing quality service to every client. We provide comprehensive professional project management and engineering consultancy services in diverse market segments. Our multi-disciplinary teams consisting of experienced Project Managers, Professional Engineers, Architects, Quantity surveyors, and Technical Support Managers. We are an ISO 9001, ISO 45001, and ISO 14001 certified WE HAS COLLECTED SUCH DATA AS: - Confidential documents - Clients Data - NDA - Financial data - Operations - Corporate data - Business Agreements - Development - Financial databases, all transactions, all clients And a lot of other VERY IMPORTANT information!",2026-08-16,2026-08,stated by site,yes,no,6a81fb7c9cd108bf2614728e,,leak site,leak site,leak site,,,
INC Ransom,cambrialawfirm.com,cambrialawfirm.com,CA,Canada,stated,Healthcare,,inferred from description,10000000,,,Proof,,,personal and medical cards of all clients.,2026-08-13,2026-08,stated by site,yes,yes,6a7e49da9cd108bf269d76d0,leak site,leak site,leak site,leak site,,,
INC Ransom,https://pacific-construction.com/,pacific-construction.com,GB,United Kingdom,stated,Construction,,inferred from description,30000000,,,Proof,,,project data client data contract,2026-08-13,2026-08,stated by site,yes,yes,6a7e4ea49cd108bf269e158e,leak site,leak site,leak site,leak site,,,
INC Ransom,gamaus.com,gamaus.com,US,United States,stated,,,,32,,,Proof,,,https://www.zoominfo.com/c/greater-austin-merchants-cooperative-association/98978085 greater-austin-merchants-cooperative-association 400gb,2026-08-12,2026-08,stated by site,yes,yes,6a7cc2679cd108bf266aea60,leak site,leak site,,leak site,,,
INC Ransom,diabetesandmetabolism.com,diabetesandmetabolism.com,US,United States,stated,Healthcare,,stated in description,5500000,,,Encrypted,,50,"Diabetes and Metabolism Specialists is a specialty medical clinic located in San Antonio, TX, focused on the diagnosis and treatment of endocrine-related medical conditions. The clinic is staffed by board-certified endocrinologists, nurse practitioners, and certified diabetes educators who provide comprehensive care and education for chronic conditions such as diabetes, hyperparathyroidism, and metabolic syndrome. They emphasize professionalism and patient education, ensuring that clients understand their diagnoses and treatment options. The intended clients are individuals seeking specialized care for endocrine disorders and metabolic conditions. Employees: 50 Revenue: $5.5 Million Industry: Hospitals & Physicians Clinics Phone Number: (210) 494-3739",2026-08-12,2026-08,stated by site,yes,no,6a7c827d9cd108bf26618d5d,leak site,leak site,leak site,leak site,leak site,,
INC Ransom,BEDC.COM.AU,bedc.com.au,AU,Australia,stated,Healthcare,,stated in description,5000000,,,Encrypted,,50,"Brighton East Dental Clinic (BEDC) is a family dental clinic dedicated to providing comprehensive dental care for families in Brighton, Caulfield, and Bentleigh. They offer a wide range of services including kids dentistry, general dentistry, cosmetic procedures, and preventative care, with a strong emphasis on patient needs and comfort. With over 30 years of experience, their team of certified dentists focuses on creating healthy, happy smiles while accepting all major health funds. The clinic is known for its convenient evening hours and commitment to emergency dental care. Employees: 50 Revenue: $5 Million Industry: Dental Practice Management Phone Number: +61 395788500",2026-08-12,2026-08,stated by site,yes,no,6a7c86919cd108bf266231b4,leak site,leak site,leak site,leak site,leak site,,
INC Ransom,stuartandassociates.com,stuartandassociates.com,US,United States,stated,Construction,,stated in description,6400000,,,Encrypted,,50,"Stuart & Associates Commercial Flooring, Inc. specializes in providing high-quality commercial flooring solutions designed to enhance customer experiences. They offer a three-year warranty on new installations when clients purchase maintenance programs, ensuring satisfaction and value throughout the process. The company features a design center with extensive product samples and emphasizes delivering projects on budget and on schedule. Their target clients include businesses seeking safe, comfortable, and aesthetically pleasing flooring options. Employees: 50 Revenue: $6.4 Million Industry: Construction Management Phone Number: (316) 267-0743",2026-08-12,2026-08,stated by site,yes,no,6a7c7a059cd108bf26607e5f,leak site,leak site,leak site,leak site,leak site,,
INC Ransom,https://geleximco.vn/,geleximco.vn,VN,Vietnam,stated,Holding Companies,,web research,9000000,,,Proof,,,200gb data,2026-08-04,2026-08,stated by site,yes,yes,6a7153669cd108bf261e30d1,leak site,leak site,web,leak site,,,
INC Ransom,lccgroup.com,lccgroup.com,PH,Philippines,stated,Retail & Wholesale,,inferred from description,600000,,,Proof,,,"LCC - Liberty Commercial Center, Inc is one of the pioneering retail establishments in the Bicol Region. Based in the dynamic province of Albay, LCC primarily operates supermarkets, department stores, malls, and food establishments. LCC is also engaged in property development. Banking on the cherished Filipino trait of hospitality, LCC's corporate tagline - The company's Best For You empowers its stakeholders and corps of new - generation and seasoned managers to commit themselves to a market stewardship that puts a high premium on rewarding LCC customers for their loyalty and patronage. LCC's growth is rooted in the Filipino spirit of entrepreneurship as an agent of change and progress. Over 75 years of retailing knowhow and quality service continue to touch the lives of its Bicolano consumers and their communities www.lcc.com.ph",2026-08-04,2026-08,stated by site,yes,yes,6a7152ea9cd108bf261e1d04,leak site,leak site,leak site,leak site,,,
INC Ransom,pushidrosal.id,pushidrosal.id,ID,Indonesia,stated,,,,40000000,,,Proof,,,*,2026-08-04,2026-08,stated by site,yes,yes,6a7152689cd108bf261e08da,leak site,leak site,,leak site,,,
INC Ransom,clintonhealthaccess.org,clintonhealthaccess.org,US,United States,stated,Non-profit,,inferred from description,178000000,,,Encrypted; Proof,,,"This Clinton foundation sponsors the sterilization of women in Africa and South America. With the help of this foundation, organs harvested criminally by transplant surgeons from people in Third World countries are legalized to improve the quality of life of the rich in capitalist countries, including the United States. We have irrefutable evidence of their secret accounts, including transactions in cryptocurrency, from which transplanted organs were purchased to replace Bill Clinton's wife, Hillary Clinton.",2026-08-04,2026-08,stated by site,yes,no,6a713ccd9cd108bf261acf63,leak site,leak site,leak site,leak site,,,
INC Ransom,TRULITE GLASS & ALUMINUM SOLUTIONS,,US,United States,stated,Engineering & Architecture,,inferred from description,1000000,,,Proof,,,"TRULITE GLASS & ALUMINUM SOLUTIONS Date: August 2026 Overview Trulite Glass & Aluminum Solutions, a portfolio company of Truelink Capital (Los Angeles, CA), is a leading North American fabricator and distributor of architectural glass and aluminum systems. Headquartered in Alpharetta, Georgia, the company operates 40+ fabrication and distribution facilities across the United States and Canada, serving the commercial construction industry. Trulite was founded in 1978 and has undergone significant expansion through acquisitions — including Vitro America, Western States Glass, AGC Fabrication, Super Sky Products, American Insulated Glass, and others. In October 2022, Truelink Capital acquired Trulite from Sun Capital Partners. The company generates estimated annual revenue of $800M–$1.2B and employs 2,000–3,500 people. Incident We have obtained full and unrestricted access to Trulite's internal infrastructure. The total volume of exfiltrated data exceeds 8 terabytes. Data in Our Possession The dataset includes but is not limited to: - Complete corporate databases — ERP system (Microsoft Dynamics AX), CRM, operational databases - Financial records — multi-year Profit & Loss statements by branch, EBITDA schedules, debt covenant compliance calculations, 13-week cash flow forecasts, weekly and monthly financial reporting packages prepared for private equity ownership - M&A documentation — Confidential Information Memorandums (CIM), executed Stock Purchase Agreements, acquisition pipeline documents, due diligence materials, corporate structure charts with ownership percentages - Private equity communications — internal correspondence and reporting between Trulite management and fund ownership (Sun Capital Partners, Truelink Capital) - Board of Directors materials — governance records, board presentations, strategic planning documents - HR and employee data — personnel records, payroll, benefits information - Customer and vendor data — contracts, pricing agreements, project documentation, accounts receivable/payable - IT infrastructure documentation — network architecture, system configurations, credentials - Operational data — production records, logistics, fleet management, facility documentation across all 40+ locations Proof of Access Sample data will be published to confirm the scope and authenticity of the breach. Full data publication will follow if no resolution is reached. Contact The Trulite management team has been contacted directly and provided with instructions to initiate private negotiations. A deadline has been communicated. This is the only public statement at this time. Further updates — including data samples — will follow according to the established timeline.",2026-08-04,2026-08,stated by site,yes,no,6a72219f9cd108bf2638cb21,,leak site,leak site,leak site,,,
INC Ransom,Loyalist College,loyalistcollege.com,CA,Canada,stated,Education,,inferred from description,67800000,,,Encrypted; AD Dump; Proof; Stocks,Databases / backups,,"The management of this institution was repeatedly warned about the disclosure of hundreds of personal data. Each of you who is faced with the consequences of the leak can be absolutely sure that the management of Loyalist College absolutely does not care about its students, employees and partners. ------------------------- Loyalist is Ontario's Destination College, empowering students, faculty, staff, and partners through experiential, industry cluster-based education, training and applied research programs. The College provides job-ready graduates for, and knowledge transfer to, industry and the community.",2026-08-03,2026-08,stated by site,yes,no,6a70f8179cd108bf2610d332,web,leak site,leak site,leak site,,,leak site
INC Ransom,ATMS,,IN,India,stated,,,,18000000,,,Encrypted,,,"Unauthorized access has been gained to the company's confidential files, including client data, proprietary R&D, and financial documentation.",2026-08-03,2026-08,stated by site,yes,no,6a705e329cd108bf26faa3a1,,leak site,,leak site,,,
INC Ransom,vprj.org,vprj.org,US,United States,stated,Government,,web research,10900000,,,Encrypted; Proof,,,"The Virginia Peninsula Regional Jail (VPRJ) is a state-authorized, regional correctional facility located in Williamsburg, Virginia, USA. Opened in 1997, VPRJ provides short-to-medium-term detention services, ensuring public safety and order across the Virginia Peninsula region under the governance of a multi-jurisdictional jail board.",2026-08-02,2026-08,stated by site,yes,no,6a6fb7ac9cd108bf26e25640,leak site,leak site,web,leak site,,,
INC Ransom,lantisnet.com,lantisnet.com,US,United States,stated,Healthcare,,inferred from description,30900000,,,Encrypted; Proof,,,"Lantis Enterprises, Inc. is an American consulting and management organization historically rooted in rural healthcare, skilled nursing, and senior living operations. Headquartered in Spearfish, South Dakota, the firm has expanded its focus to cross-industry advisory services",2026-08-02,2026-08,stated by site,yes,no,6a6fb5629cd108bf26e205ca,leak site,leak site,leak site,leak site,,,
INC Ransom,ecfa.org,ecfa.org,US,United States,stated,Non-profit,,inferred from description,5000000,,,Encrypted; Proof,,,"The Evangelical Council for Financial Accountability (ECFA) is an American accreditation agency founded in 1979 that certifies Christian churches and nonprofits based on financial integrity, board governance, and transparent fundraising. It represents over 2,700 member organizations with billions in collective revenue.",2026-08-02,2026-08,stated by site,yes,no,6a6faf9c9cd108bf26e11d36,leak site,leak site,leak site,leak site,,,
INC Ransom,obrieneng.com,obrieneng.com,US,United States,stated,Engineering & Architecture,,web research,20000000,,,Proof,,,.,2026-07-30,2026-07,stated by site,yes,yes,6a6ab72b5ae71db30c73cdaa,leak site,leak site,web,leak site,,,
INC Ransom,sslf.local,sslf.local,US,United States,stated,Legal,,inferred from description,5000000,,,Proof,,,"Samuels & Thornton is a law firm based in New Orleans, specializing in medical malpractice and personal injury cases. They provide personalized legal guidance to individuals, families, and businesses facing legal challenges, ensuring that each client receives dedicated attention from experienced attorneys. Their practice areas include medical malpractice, product liability, auto accident litigation, and more. The firm is committed to delivering proven results and effective representation throughout Louisiana.",2026-07-30,2026-07,stated by site,yes,no,6a6b426a5ae71db30c84c336,leak site,leak site,leak site,leak site,,,
INC Ransom,PARTNERED HEALTH GROUP,partneredhealth.com.au,AU,Australia,stated,Healthcare,,inferred from description,40000000,,,Proof,Personal data (PII); Employee / HR; Financial / accounting; Medical / health (PHI); Legal / contracts; Corporate / confidential; Databases / backups,1001-5000,"PARTNERED HEALTH GROUP — Australia ━━━━━━━━━━━━━━━━━━━━━━━━━━━━━━━━━━━━━━━━━━━━━━━━━ Industry: Healthcare — Primary Care, Occupational Health, Psychology, Telehealth Headquarters: Australia (NSW, QLD, VIC, WA, ACT) Owner: Quadrant Private Equity Clinics: 60+ nationwide Brands: Partnered Health Medical Centres, Jobfit, Baseline Onsite, New View Psychology, NewPsych, Australian EAP, Fuel Your Life, Northcare Physio, TeleWell Website: partneredhealth.com.au PENDING ACQUISITION: Bupa — ~$450,000,000 AUD Announced July 2, 2026 (Australian Financial Review) ACCC and FIRB regulatory approval pending. ━━━━━━━━━━━━━━━━━━━━━━━━━━━━━━━━━━━━━━━━━━━━━━━━━ BREACH SUMMARY ━━━━━━━━━━━━━━━━━━━━━━━━━━━━━━━━━━━━━━━━━━━━━━━━━ Date of access: 23 June 2026 Data exfiltrated: 3.2 TB Total files: 2,298,203 Servers accessed: 21 (9 AD Controllers + 11 Best Practice Medical Servers + 1 Central SQL Server) SQL Databases: ZedMed.mdf, Payroll.mdf, DocPays.mdf, VectraplexECG.mdf, BPM.mdf + 1,104 SQL backups Clinics compromised: 21 locations across 5 states/territories Patient records: 17,727+ named patient files identified Staff HR files: Full employee records including passports, AHPRA registrations, tax declarations Period of data: 1999 — 2026 (27 years) ━━━━━━━━━━━━━━━━━━━━━━━━━━━━━━━━━━━━━━━━━━━━━━━━━ WHAT WE HAVE ━━━━━━━━━━━━━━━━━━━━━━━━━━━━━━━━━━━━━━━━━━━━━━━━━ ▪ Complete patient medical records from 21 GP clinics — consultation notes, referral letters, pathology results, diagnostic imaging reports, prescriptions ▪ Full SQL database dumps — ZedMed (patient management), Payroll (all staff salaries), DocPays (doctor payments), VectraplexECG (cardiac/ECG monitoring data) ▪ 11 complete Best Practice patient database backups — one per clinic — including BPSPatients, BPSDocuments (up to 48 document partitions per clinic) ▪ Staff HR files — employment contracts, passport scans, AHPRA medical registrations, tax file declarations, superannuation details, performance reviews ▪ Bupa corporate data — direct billing agreements, fund tables for all Australian states, patient invoices, corporate program documents (Bronze/Silver/Gold), and active Bupa web portal session cookies ▪ Financial records — QuickBooks databases (2004-2026), Medicare billing, DVA remittances, private health fund claims ▪ Clinical governance — full RACGP accreditation files, patient consent templates, internal clinical audit data ▪ 27 years of accumulated medical data (1999-2026) across ━━━━━━━━━━━━━━━━━━━━━━━━━━━━━━━━━━━━━━━━━━━━━━━━━ TO PARTNERED HEALTH / QUADRANT PRIVATE EQUITY ━━━━━━━━━━━━━━━━━━━━━━━━━━━━━━━━━━━━━━━━━━━━━━━━━ Partnered Health was given the opportunity to resolve this matter privately and protect patient data. Instead of acting in the interest of their patients, they spent 22 days in silence, hired lawyers, and obtained a court injunction that has no practical effect outside Australian jurisdiction. Their public statement of July 15 describes the breach as affecting ""some"" data from ""some"" clinics. This is misleading. The reality: 3.2 terabytes. 2.3 million files. 21 servers. 27 years of patient medical history. Every clinic server in their network was accessed. Complete SQL database dumps were taken including the central patient management system and payroll for every employee. And critically — the data includes Bupa's own corporate information: billing agreements, fund pricing tables for every Australian state, named patient invoices, and active browser session cookies from Bupa's login, corporate, and web portals. We understand this acquisition matters. $450 million is a significant transaction. A full data publication would create material regulatory complications with the ACCC and FIRB review process. We trust the board and advisors at Quadrant understand what that means. This is not a threat. This is a deadline. ━━━━━━━━━━━━━━━━━━━━━━━━━━━━━━━━━━━━━━━━━━━━━━━━━ DEADLINE: [DATE + 10 DAYS] ━━━━━━━━━━━━━━━━━━━━━━━━━━━━━━━━━━━━━━━━━━━━━━━━━ Partnered Health has 10 days to resume negotiations and reach a settlement. If no agreement is reached: Stage 1 — Complete file tree listing (2.3M files) + all HR/staff records published Stage 2 — SQL databases (ZedMed, Payroll, ECG) released for download Stage 3 — Bupa corporate data, fund tables, billing agreements, session data published. ACCC, FIRB, and Bupa executive leadership notified directly. Stage 4 — Full 3.2 TB data dump made available for public download.",2026-07-30,2026-07,stated by site,yes,no,6a6b75a95ae71db30c8b0b19,web,leak site,leak site,leak site,web,,leak site
INC Ransom,harwal.net,harwal.net,AE,United Arab Emirates,stated,Manufacturing,,inferred from description,17900000,,,Encrypted; AD Dump; Proof; Stocks,Databases / backups,,"Harwal.net Harwal Group is the largest plastics recycler in the Middle East, founded in 1938, with an annual processing capacity of over 200,000 tons of plastics and metals. Manufacturing includes construction materials, pre-engineered building systems, industrial packaging, consumer goods, and refrigeration equipment, including commercial chillers and freezers under the Celsius brand. Companies within the group: four main divisions — TSSC, Interplast, Cosmoplast, and Intermetal — unite 28 business units operating in 65 countries worldwide. DATA- 12tb",2026-07-29,2026-07,stated by site,yes,no,6a6a24085ae71db30c60bd45,leak site,leak site,leak site,leak site,,,leak site
INC Ransom,Della Casa Group AG,dellacasa.group,CH,Switzerland,stated,Real Estate,,web research,1000000,,,Encrypted; Proof,,,"041 785 61 31 / 041 785 61 46 / info@dellacasa.group 041 785 61 36 / s.pajaziti@dellacasa.group 041 785 61 30 / gdc@dellacasa.group 041 785 61 33 / a.stirnimann@dellacasa.group 041 785 61 43 / a.marku@dellacasa.group 041 785 61 42 / d.meier@dellacasa.group *************************************************** (240,391,913,425 bytes) 86,332 Files, / 15,359 Folders Personal / Client Information Accounting / Finance Details of current and future projects Other",2026-07-27,2026-07,stated by site,yes,no,6a6774db5ae71db30c14ce5b,web,leak site,web,leak site,,,
INC Ransom,healthlawadvocates.org,healthlawadvocates.org,US,United States,stated,Legal,,inferred from description,9000000,,,Proof; Encrypted,,,"Health Law Advocates (HLA), an American non-profit, public interest law firm based in Boston, Massachusetts. Founded in 1996, HLA provides free (pro bono) legal representation to low-income residents and vulnerable populations who face barriers to accessing or paying for healthcare.",2026-07-26,2026-07,stated by site,yes,no,6a655dd45ae71db30cdbf8e4,leak site,leak site,leak site,leak site,,,
INC Ransom,foundationstofreedom.org,foundationstofreedom.org,US,United States,stated,Non-profit,,inferred from description,7000000,,,AD Dump; Proof,Databases / backups,,"Foundations to Freedom is a US-registered 501(c)(3) non-profit organization that provides recovery housing, social adaptation programs, and comprehensive therapeutic support for individuals overcoming alcohol and substance abuse, as well as survivors of domestic violence.The organization is dedicated to offering a safe, structured environment for individuals to rebuild their lives from the ground up and maintain long-term sobriety. It is headquartered in DeLand, Florida, USA",2026-07-25,2026-07,stated by site,yes,no,6a65400c5ae71db30cd89b27,leak site,leak site,leak site,leak site,,,leak site
INC Ransom,greenecountyga.gov,greenecountyga.gov,US,United States,stated,Engineering & Architecture,,inferred from description,12345,,,Encrypted; Proof,,,"Greene County, Georgia is a historic and scenic county located in the east-central ""Lake Country"" region of the state, roughly halfway between Atlanta and Augusta. Established in 1786 as Georgia's 11th county, it is widely known for its combination of rural heritage, historic architecture, and upscale resort living centered around Lake Oconee.",2026-07-25,2026-07,stated by site,yes,no,6a653b8c5ae71db30cd8266a,leak site,leak site,leak site,leak site,,,
INC Ransom,DUCON,,CO,Colombia,stated,,,,5000000,,,Encrypted,,,"Unauthorized access has been gained to the company's confidential files, including client data, proprietary R&D, and financial documentation.",2026-07-24,2026-07,stated by site,yes,no,6a6321575ae71db30c9bd08e,,leak site,,leak site,,,
INC Ransom,minigrip.com.mx,minigrip.com.mx,MX,Mexico,stated,,,,5000000,,,Encrypted,,,"Unauthorized access has been gained to the company's confidential files, including client data, proprietary R&D, and financial documentation.",2026-07-24,2026-07,stated by site,yes,no,6a631e935ae71db30c9b88ce,leak site,leak site,,leak site,,,
INC Ransom,takethehop.com,takethehop.com,US,United States,stated,Transportation & Logistics,,inferred from description,21400000,,,Encrypted; Proof,,,"The HOP, an American regional public transit system operated by the Hill Country Transit District (HCTD). Founded in the 1960s in the state of Texas (USA) as a voluntary transportation service, the organization has grown over the decades into a major public public-transport network.",2026-07-23,2026-07,stated by site,yes,no,6a6277ab5ae71db30c86ca0a,leak site,leak site,leak site,leak site,,,
INC Ransom,cabincreekhealth.com,cabincreekhealth.com,US,United States,stated,Healthcare,,inferred from description,4000000,,,Encrypted; Proof,,,"Cabin Creek Health Systems (CCHS), a non-profit community healthcare organization founded in 1973 by coal miners in West Virginia. It operates as a Federally Qualified Health Center (FQHC), providing comprehensive medical services to rural and urban residents across Kanawha County",2026-07-23,2026-07,stated by site,yes,no,6a62763d5ae71db30c869abb,leak site,leak site,leak site,leak site,,,
INC Ransom,autismuslink.ch,autismuslink.ch,CH,Switzerland,stated,Non-profit,,inferred from description,5000000,,,Encrypted; Proof,,,"The Stiftung Autismuslink (Autism Link Foundation), a Switzerland-based competence center dedicated to supporting adolescents and young adults with Autism Spectrum Disorder (ASD). Headquartered in Bern, the organization focuses on helping individuals with autism achieve social and professional integration.",2026-07-23,2026-07,stated by site,yes,no,6a6274345ae71db30c86536e,leak site,leak site,leak site,leak site,,,
INC Ransom,Ali-Monde,,US,United States,stated,,,,6100000,,,Encrypted,,,"Ali-Monde is a food production and distribution company that's been around for over 50 years. They've got 5 of their own brands and an impressive lineup of 800+ dry, organic, and gluten-free products. Based just south of Montreal, they distribute food across Quebec, Ontario, New Brunswick, and parts of Western Canada. Ali-Monde is all about giving customers exactly what they want - tasty, diverse food products that meet different dietary needs.",2026-07-20,2026-07,stated by site,yes,no,6a5e5bba5ae71db30c1e8750,,leak site,,leak site,,,
INC Ransom,Oleoductos del Valle,,AR,Argentina,stated,Financial Services,,inferred from description,7500000,,,Proof; Encrypted,,,"During the analysis of data obtained from Oldelval, we have compiled information covering key aspects of the company's operations. The materials include: 1.HR documentation: full payroll data, bank account details (CBU), employee health insurance records (OSDE, SWISS MEDICAL), as well as severance calculations and compensation agreements. 2.Financial and regulatory reports filed with CNV and BYMA, including documents related to rating agencies (Moody's) and internal shareholder agreements. 3.Tax declarations and reports submitted to AFIP (Sicore, Ganancias, DDJJ IVA). 4.Documents related to tariff policy and SEN interactions, including WACC and TIR calculations used in tariff reviews. 5.Incident reports and environmental documentation, including reports on spills in Catriel and Medanito, as well as Rosen OSSR technical reports on pipeline conditions. 6.Confidentiality agreements with key partners, including Halliburton, Horizon, YPF, Otasa, McKinsey, and KPMG. 7.Internal whistleblower channel materials (Ley 27.401), including internal complaints and compliance reports. 8.Documents related to dividend payments and banking transactions. 9.Personal data of directors, candidates, and key employees, including ID numbers and CVs.",2026-07-20,2026-07,stated by site,yes,no,6a5e4dc55ae71db30c1d10a0,,leak site,leak site,leak site,,,
INC Ransom,V&P Nurseries,,US,United States,stated,Construction,,inferred from description,16,,,Proof,,,"V&P Nurseries is an Arizona-based wholesale grower specializing in drought-tolerant, subtropical, and desert-adapted plants for landscapes across the Southwest. Established in 1978, the company operates production facilities and a tissue culture lab focused on sustainable, water-conservative horticulture. For more information,",2026-07-18,2026-07,stated by site,yes,yes,6a5ad7a05ae71db30cbd0738,,leak site,leak site,leak site,,,
INC Ransom,reatile.co.za,reatile.co.za,ZA,South Africa,stated,Energy & Utilities,,inferred from description,28,,,AD Dump; Proof,Databases / backups,,"Reatile Group is an innovative, black-owned investment holding company established in 2003, focusing on the energy, petrochemical, and industrial sectors in South Africa. The company aims to leverage growth opportunities within these industrial sectors of the South African economy. Reatile Group is committed to improving the quality of life for disadvantaged communities through its foundation. Their strategic vision emphasizes growth and development in key sectors.",2026-07-18,2026-07,stated by site,yes,yes,6a5ad7205ae71db30cbcf9e2,leak site,leak site,leak site,leak site,,,leak site
INC Ransom,pokka.co,pokka.co,SG,Singapore,stated,Agriculture & Food,,inferred from description,32000000,,,Proof,,,"Founded in 1977 and headquartered in Central Singapore, Pokka Sg manufactures and markets a wide range of beverages",2026-07-18,2026-07,stated by site,yes,yes,6a5ad6bb5ae71db30cbcec59,leak site,leak site,leak site,leak site,,,
INC Ransom,vedan corp,,VN,Vietnam,stated,Manufacturing,,inferred from description,51000000,,,Proof,,,"Vedan Vietnam is a leading manufacturer specializing in a wide range of products including seasoning, starch, MSG, chemicals, and consumer goods. The company is committed to quality and safety, utilizing advanced technology and local agricultural resources to produce high-quality products. Their services also extend to port operations and frozen food offerings, catering to both domestic and international markets. Vedan Vietnam aims to meet the growing demand for natural and non-GMO food products while maintaining a strong focus on corporate social responsibility and environmental protection.",2026-07-18,2026-07,stated by site,yes,yes,6a5ad67e5ae71db30cbce558,,leak site,leak site,leak site,,,
INC Ransom,"D.MAG New Material Technology Co., Ltd. Taiwan Giant",,TW,Taiwan,stated,Manufacturing,,inferred from description,50000000,,,Proof,,,"D.MAG New Material Technology Co., Ltd. is a key manufacturing subsidiary controlled by Taiwan’s Giant Group (Giant Manufacturing Co., Ltd.). Specializing in aluminum and magnesium alloys, D.MAG operates from Kunshan, Jiangsu Province, China, to develop and supply lightweight, high-performance materials and components for the bicycle, automotive, railway, and aerospace industries",2026-07-18,2026-07,stated by site,yes,yes,6a5ad5fc5ae71db30cbcd79c,,leak site,leak site,leak site,,,
INC Ransom,FAST.COM.PH,fast.com.ph,PH,Philippines,stated,Transportation & Logistics,,inferred from description,50,,,Proof,,,"FAST Logistics Group is a leading provider of end-to-end logistics and supply chain solutions in the Philippines, offering a comprehensive network of transport, warehousing, distribution, and logistics services. With over 50 years of experience, the company serves a diverse range of industries including FMCG, pharmaceuticals, and technology, enabling businesses of all sizes to expand their reach across the archipelago. Their innovative and sustainable solutions are designed to support business growth and ensure dependable operations at every stage of the supply chain. FAST Logistics Group is committed to helping clients navigate logistics challenges and achieve operational efficiency through tailored services and a strong nationwide presence.",2026-07-18,2026-07,stated by site,yes,yes,6a5ad58e5ae71db30cbcc904,leak site,leak site,leak site,leak site,,,
INC Ransom,v-silicon.com,v-silicon.com,TW,Taiwan,stated,Manufacturing,,inferred from description,50000000,,,Proof,,,"威视芯半导体（合肥）有限公司 specializes in advanced audio and video processing technologies for the global smart TV and set-top box market. The company offers a range of products including high-definition smart TV chips and network camera chips, aimed at enhancing smart home, community, and city solutions. Their target clients include manufacturers in the smart display and visual technology sectors. 威视芯 is committed to driving innovation in the audio-visual industry",2026-07-18,2026-07,stated by site,yes,yes,6a5ad53a5ae71db30cbcbe61,leak site,leak site,leak site,leak site,,,
INC Ransom,Kyokuto Kaihatsu Kogyo,,JP,Japan,stated,Construction,,inferred from description,790300000,,,Encrypted,,,"Kyokuto Kaihatsu Kogyo Co., Ltd. is a leading manufacturer specializing in special purpose vehicles such as dump trucks, tankers, and garbage collection vehicles. The company serves various sectors including construction, logistics, and environmental services, providing innovative solutions to meet diverse client needs. With a strong presence in both domestic and international markets, it aims to support sustainable infrastructure development. The company is committed to enhancing operational efficiency and environmental sustainability through its advanced technologies and services.",2026-07-17,2026-07,stated by site,yes,no,6a5984205ae71db30c99e780,,leak site,leak site,leak site,,,
INC Ransom,asa-international.com,asa-international.com,GB,United Kingdom,stated,,,,220000000,,,Proof,,,"ASA International is a major international microfinance institution operating across South Asia, Southeast Asia, and Africa. The company's shares are traded on the London Stock Exchange under the ticker symbol ASAI",2026-07-16,2026-07,stated by site,yes,no,6a59188d5ae71db30c8f3e00,leak site,leak site,,leak site,,,
INC Ransom,VantagePoint Management & Autoclear,,US,United States,stated,Energy & Utilities,,inferred from description,500000000,,,Encrypted,,,"VantagePoint Capital Partners is a global venture investor established in 1996, focusing on energy innovation and efficiency. With over $4 billion under management, the company supports start-up to scale-up companies by providing capital, strategic resources, and partnership alliances. Headquartered in Silicon Valley, VantagePoint also has offices in Beijing, China, and maintains strategic partnerships worldwide. Their diverse portfolio includes a range of entrepreneurs and companies in the energy sector.",2026-07-14,2026-07,stated by site,yes,no,6a56788b5ae71db30c45116e,,leak site,leak site,leak site,,,
INC Ransom,Golden Glasko & Associates,,US,United States,stated,Legal,,inferred from description,5000000,,,Proof,,,"Golden Glasko Haddy and Associates, P.A. is a law firm based in Miami specializing in estate law, probate, guardianship, and trust issues. With over 70 years of combined experience, they provide services including estate planning, probate litigation, and trust administration. The firm aims to offer personalized legal strategies and tenacious advocacy to support clients throughout South Florida. They also offer free initial consultations to prospective clients seeking legal guidance.",2026-07-14,2026-07,stated by site,yes,no,6a5681a95ae71db30c45deb5,,leak site,leak site,leak site,,,
INC Ransom,samberger24.de,samberger24.de,DE,Germany,stated,Healthcare,,inferred from description,10000000,,,Encrypted; Proof,,,"Samberger is a long-established medical supply store and sports and analysis center in Munich, offering orthopedic aids, shoe insoles and health products.",2026-07-03,2026-07,stated by site,yes,no,6a4706c25ae71db30cb381c1,leak site,leak site,leak site,leak site,,,
INC Ransom,oakparkmi.gov,oakparkmi.gov,US,United States,stated,Hospitality & Travel,,inferred from description,50000000,,,Encrypted; Proof,,,"Oak Park, Michigan, is a vibrant, diverse inner-ring suburb of Metro Detroit located in Oakland County. Incorporated as a city in 1945, it spans 5.5 square miles and is home to roughly 30,000 residents. The city is currently experiencing a renaissance, transforming areas like the 11 Mile Road corridor into bustling hubs with breweries, restaurants, and new community spaces.",2026-07-03,2026-07,stated by site,yes,no,6a4704745ae71db30cb3362a,leak site,leak site,leak site,leak site,,,
INC Ransom,tambasa.com,tambasa.com,BR,Brazil,stated,Retail & Wholesale,,inferred from description,5000000,,,Proof; Encrypted,,,"Tambasa Atacadistas is one of the largest wholesale distributors in Brazil, operating primarily in the B2B marketplace. Founded in 1949, the company supplies retail stores, supermarkets, and construction shops across the entire national territory.",2026-07-02,2026-07,stated by site,yes,no,6a468eaf5ae71db30ca4ccc0,leak site,leak site,leak site,leak site,,,
INC Ransom,hamilton-eye.com,hamilton-eye.com,US,United States,stated,Healthcare,,inferred from description,123,,,Encrypted; Proof,,,"Hamilton Eye Institute is a comprehensive vision care practice operating out of two Pennsylvania locations: Allentown and Easton. They provide routine eye exams, medical/surgical eye treatments, and an in-house MediSpa.",2026-07-02,2026-07,stated by site,yes,no,6a468c355ae71db30ca47b2d,leak site,leak site,leak site,leak site,,,
INC Ransom,ezortea.com.br,ezortea.com.br,BR,Brazil,stated,Manufacturing,,inferred from description,750000000,,,Encrypted; Proof,,,"Estrutural Zortea is a Brazilian company founded in 1995, specializing in the design, fabrication, and assembly of large-scale metal structures. ISO 9001-2015 certified, they provide industrial, logistics, and port solutions throughout the country. Specialties include: roofing for grain warehouses and industrial sheds, hoppers, silos, metal towers, and buildings.",2026-07-02,2026-07,stated by site,yes,no,6a468b5b5ae71db30ca45835,leak site,leak site,leak site,leak site,,,
INC Ransom,carvalima.com.br,carvalima.com.br,BR,Brazil,stated,Transportation & Logistics,,inferred from description,136300000,,,Encrypted; Proof,,1001-5000,"Carvalima Transportes is a specialized freight transportation company with over 35 years of experience, headquartered in Cuiabá, MT. The company operates in multiple regions, including Mato Grosso, Mato Grosso do Sul, Rondônia, Acre, and parts of Pará, as well as providing reverse logistics services across several states in Brazil. Their services include fractional cargo transport, dedicated cargo, e-commerce logistics, and air freight.",2026-07-02,2026-07,stated by site,yes,no,6a468abe5ae71db30ca4400d,leak site,leak site,leak site,leak site,web,,
INC Ransom,acworth-ga.gov,acworth-ga.gov,US,United States,stated,Financial Services,,inferred from description,10000000,,,Encrypted; Proof,,,"Acworth is located in the foothills of the North Georgia mountains and is nestled along the banks of Lake Acworth and Lake Allatoona, hence its nickname “The Lake City.” The city boasts a rich history, a charming downtown, abundant outdoor recreational activities, a vibrant restaurant scene, and an active festival and events calendar. Acworth is one of the best, family-friendly destinations in the Atlanta region.",2026-07-02,2026-07,stated by site,yes,no,6a46888b5ae71db30ca3fad9,leak site,leak site,leak site,leak site,,,
INC Ransom,tricountyhs.org,tricountyhs.org,US,United States,stated,Education,,inferred from description,13000000,,,Encrypted; Proof,,,"Flowers Early Learning (formerly known as Tri-County Head Start) is a non-profit 501(c)(3) organization providing free, high-quality early childhood education and family support services across Berrien, Cass, and Van Buren counties in Southwest Michigan. Funded by a federal grant through the Office of Head Start, the organization serves eligible families with children from birth to age five, as well as expectant mothers.",2026-07-02,2026-07,stated by site,yes,no,6a4691a75ae71db30ca5296a,leak site,leak site,leak site,leak site,,,
INC Ransom,https://www.roundshield.com/,roundshield.com,GB,United Kingdom,stated,Financial Services,,web research,300000000000,,,Proof,,,400gb,2026-07-01,2026-07,stated by site,yes,yes,6a455c245ae71db30c80f236,leak site,leak site,web,leak site,,,
INC Ransom,https://sza.it/,sza.it,IT,Italy,stated,,,,24000000,,,Proof,,,"client, contracts, personal, NDA and other",2026-06-30,2026-06,stated by site,yes,yes,6a43bac85ae71db30c4f3cb1,leak site,leak site,,leak site,,,
INC Ransom,GDN AR(Dorinka),,AR,Argentina,stated,Retail & Wholesale,,stated in description,1800000000,,,Proof,,,"Dorinka S.R.L. is based in Argentina, with the head office in Cidade Autonoma De Buenos Aires. The enterprise operates in the Grocery Stores industry. Dorinka S.R.L. was incorporated on June 29, 2026. There are currently 8,000 (2024) people employed by Dorinka S.R.L..",2026-06-29,2026-06,stated by site,yes,no,6a42457f5ae71db30c23ffa4,,leak site,leak site,leak site,,,
INC Ransom,theswansonlawgroup.com,theswansonlawgroup.com,US,United States,stated,,,,5000000,,,Proof,,,Meet Ben Swanson. The clients confidentiality worst nightmare.,2026-06-26,2026-06,stated by site,yes,no,6a3ecaeb5ae71db30cc2d19e,leak site,leak site,,leak site,,,
INC Ransom,callhorton.com,callhorton.com,US,United States,stated,Legal,,inferred from description,1000000,,,Proof,,,Horton Personal Injury Lawyers is the premier law firm at not protecting it's clients confidential data.,2026-06-26,2026-06,stated by site,yes,no,6a3ed7185ae71db30cc451c5,leak site,leak site,leak site,leak site,,,
INC Ransom,johndufourlaw.com,johndufourlaw.com,US,United States,stated,,,,1000000,,,Proof,,,"If you find yourself injured, disabled or deep in debt, the Law Office of John Dufour is ready to help. John brings 25 years of focused experience and favorable outcomes. Our success is built on attentive service and attention to the legal details.",2026-06-26,2026-06,stated by site,yes,no,6a3ec89a5ae71db30cc28853,leak site,leak site,,leak site,,,
INC Ransom,GSP Crop Science Pvt,,IN,India,stated,Agriculture & Food,,inferred from description,253000000,,,Proof,,,"GSP Crop Science Limited is a leader in agricultural innovation, specializing in crop science and sustainable farming solutions. The company offers a wide range of products including pesticides, herbicides, fungicides, and plant growth regulators, designed to enhance crop productivity while minimizing environmental impact. Their target clients include farmers and agricultural businesses seeking effective and reliable crop protection solutions. With a strong commitment to research and development, GSP aims to revolutionize agriculture and support farmers in achieving high-quality, healthy crops.",2026-06-25,2026-06,stated by site,yes,no,6a3db5855ae71db30ca5c454,,leak site,leak site,leak site,,,
INC Ransom,Life Bridges,,US,United States,stated,Healthcare,,inferred from description,37800000,,,Proof,,,"Life Bridges is a non-profit organization dedicated to supporting individuals with intellectual and developmental disabilities, providing a range of services including residential support, healthcare, and community living services. Established in 1973, the organization focuses on promoting independence and dignity for its clients through tailored support and therapeutic services. Their intended clients include individuals with various developmental disabilities, as well as their families, ensuring a holistic approach to care and community involvement. Life Bridges is committed to bridging the gap between abilities and disabilities, fostering an inclusive environment where all individuals can thrive.",2026-06-25,2026-06,stated by site,yes,no,6a3db3e25ae71db30ca592ca,,leak site,leak site,leak site,,,
INC Ransom,belpointeasset.com \ belpointe.com,,US,United States,stated,,,,25000000,,,Proof,,,400gb,2026-06-22,2026-06,stated by site,yes,yes,6a39bd685ae71db30c36b16f,,leak site,,leak site,,,
INC Ransom,Newspaper Media Group,,US,United States,stated,Media & Entertainment,,inferred from description,19000000,,,Encrypted; Proof,,,"Newspaper Media Group is a local news organization that provides comprehensive coverage of news, sports, entertainment, and community events across various regions, including Central Jersey and South Jersey. They publish multiple newspapers and magazines, ensuring that they reach more households than their competitors in nearly every zip code they cover. Their services are aimed at local communities, delivering news that is often not found elsewhere. With a commitment to connecting readers to the communities they care about, NMG stands out for its focus on local reporting.",2026-06-20,2026-06,stated by site,yes,no,6a36e3205ae71db30cedda2d,,leak site,leak site,leak site,,,
INC Ransom,jasperplastics.info,jasperplastics.info,US,United States,stated,Manufacturing,,stated in description,5000000,,,Encrypted; Proof,,10,"Jasper Plastics Solutions specializes in providing turn-key plastic and polyurethane solutions primarily for OEM manufacturers in the RV, Marine, Automotive, and Construction industries. Their product offerings include polyurethane thermal column blocks, fiberglass components, and innovative design boards that are weather-resistant and customizable. With nearly 20 years of experience, they utilize advanced manufacturing techniques, including a new HD Digital Division for large format printing, to create high-quality parts that mimic natural materials. Jasper Plastics is committed to delivering practical and innovative solutions tailored to the specific needs of their clients. Employees: 10 Revenue: $5 Million Industry: Manufacturing Phone Number: (574) 457-2062",2026-06-16,2026-06,stated by site,yes,no,6a317d755ae71db30c5cc0e2,leak site,leak site,leak site,leak site,leak site,,
INC Ransom,framesiprofessional.com,framesiprofessional.com,US,United States,stated,Retail & Wholesale,,inferred from description,25000000,,,Encrypted,,200,"Framesi specializes in creating and distributing professional hair products, including styling tools, color dyes, and hair treatments, exclusively for licensed stylists and salons. The company is dedicated to supporting the professional beauty industry by ensuring high-quality formulations that deliver reliable results. Framesi does not sell its products to retail chains or discount beauty outlets, maintaining a focus on professional use. Their offerings include a wide range of color products, care items, and styling solutions tailored for expert hands Employees: 200 Revenue: $25.1 Million Cosmetics, Beauty Supply & Personal Care Products Phone Number: (800) 321-9648",2026-06-16,2026-06,stated by site,yes,no,6a31672f5ae71db30c5a0b52,leak site,leak site,leak site,leak site,leak site,,
INC Ransom,jktornel,,MX,Mexico,stated,,,,10000000,,,Encrypted,,,"Unauthorized access has been gained to the company's confidential files, including client data, proprietary R&D, and financial documentation.",2026-06-16,2026-06,stated by site,yes,no,6a319a635ae71db30c606f82,,leak site,,leak site,,,
INC Ransom,neuwoges.de,neuwoges.de,DE,Germany,stated,Government,,inferred from description,70000000,,,Encrypted; Proof,,,"The Neubrandenburger Wohnungsgesellschaft mbH (NEUWOGES), a municipal housing company and subsidiary of the Vier-Tore-Stadt Neubrandenburg in Mecklenburg-Western Pomerania, Germany. It is one of the largest regional housing providers, managing around 12,000 apartments alongside commercial units and care facilities. It’s no secret that the company was subjected to a cyberattack and that data was stolen. But let’s pull back the curtain a bit. At first, the company’s leadership cut costs on proper IT infrastructure, and after the attack they continued to do so—this time at the expense of the security of their clients, employees, vendors, etc. Relying on the supervisory board, they attempted to obtain more information about the compromised data in order to protect themselves. Now you’re learning about this for free. Stay tuned.",2026-06-16,2026-06,stated by site,yes,no,6a3195195ae71db30c5fac11,leak site,leak site,leak site,leak site,,,
INC Ransom,3,,US,United States,stated,Professional Services,,inferred from description,5000000,,,Proof,,,"smithassociatescpa.com Smith and Associates is a Certified Public Accounting Firm based in Maine, offering a comprehensive range of services including accounting, auditing, tax planning, and management advisory services. The firm caters to a diverse clientele, including individuals, corporations, partnerships, and non-profits in Maine and New Hampshire. They provide specialized support for business start-ups and QuickBooks, along with professional consulting in various areas of tax and accounting practices. Established in 1987, Smith and Associates is committed to being personable, knowledgeable, and responsive to their clients' needs.",2026-06-15,2026-06,stated by site,yes,no,6a3058735ae71db30c1c87a3,,leak site,leak site,leak site,,,
INC Ransom,Signazon_USA,,US,United States,stated,,,,6600000,,,Encrypted,,,"Signazon.com was founded with the mission of providing the company's customers with the very best in printing. It's one thing to print fast and cheap - it's another thing to do that and do it well. The company believes in getting the little details right. From asking the company's customers the right questions to picking out different weights of paper, fine-tuning the company's printers for optimal quality to hand-checking every order several times throughout the production process, no stone is left unturned. And the company works hard every day to make sure that each and every customer gets the highest-quality, personalized products and service. With thousands of customers around the country, ranging from Fortune 500 companies to small business owners and even personal consumers, we've embraced the company's place as leaders at the innovative edge of the industry. We're constantly looking to improve and grow by streamlining the company's website, adding new products, and more.",2026-06-11,2026-06,stated by site,yes,no,6a2afb385ae71db30c29d014,,leak site,,leak site,,,
INC Ransom,fineconsulting,,RO,Romania,stated,Professional Services,,inferred from description,5000000,,,Encrypted,,,"Unauthorized access has been gained to the company's confidential files, including client data, proprietary R&D, and financial documentation.",2026-06-11,2026-06,stated by site,yes,no,6a2a81c95ae71db30c1dd7e0,,leak site,leak site,leak site,,,
INC Ransom,DISCOLABINDU,,FR,France,stated,,,,5000000,,,Encrypted,,,"Unauthorized access has been gained to the company's confidential files, including client data, proprietary R&D, and financial documentation.",2026-06-11,2026-06,stated by site,yes,no,6a2a7bbf5ae71db30c1d4136,,leak site,,leak site,,,
INC Ransom,FIZA,,CZ,Czechia,stated,Professional Services,,inferred from description,300000,,,Proof,,,"FIZA, a.s. is an established, medium-sized auditing and consulting company with a good capital base enabling its further development. Its roots go back to the very beginning of the 1990s, when it provided its services in the form of its legal predecessor, the association of individuals Ing. Jiří Ficbauer, civilingenjör. – FIZA. The current joint-stock company was established in 2001. We specialize in auditing, economic-organizational and tax consulting. We approach every job and every client carefully and responsibly. We want to become your long-term and trustworthy partner. We will be happy to accommodate you even in the case of one-off cooperation. Laek: 100GB WE HAS COLLECTED SUCH DATA AS: - Confidential documents - Clients Data - NDA - Financial data - Operations - Corporate data - Business Agreements - Development - Financial databases, all transactions, all clients And a lot of other VERY IMPORTANT information!",2026-06-08,2026-06,stated by site,yes,no,6a270bf95ae71db30cb8589e,,leak site,leak site,leak site,,,
INC Ransom,Stuga Machinery,,GB,United Kingdom,stated,Manufacturing,,inferred from description,15000000,,,Proof,,,"Stuga Machinery Ltd specializes in designing and manufacturing precision sawing and machining centers for the fenestration industry, serving clients primarily in the UK and Ireland. With over 50 years of experience, the company offers a range of fully automated cutting and prepping centers, as well as refurbishment services for existing machinery. As a subsidiary of Stürtz GmbH, Stuga combines British engineering with international innovation, providing reliable local support and access to global technical resources. Their commitment to customer service includes lifecycle support, genuine parts supply, and tailored service contracts to ensure optimal machine performance",2026-06-04,2026-06,stated by site,yes,no,6a21bd57d152110a6a4b4f68,,leak site,leak site,leak site,,,
INC Ransom,Colina Financial Advisors,,BS,Bahamas,stated,Professional Services,,inferred from description,7900000,,,Encrypted; Proof,,,"Colina Financial Advisors Limited (CFAL) is a prominent, independent wealth management and investment advisory firm based in Nassau, The Bahamas. Established in 1997, it serves as the investment arm of Colina Holdings Ltd.. The firm provides diverse financial services to both individual and institutional clients. While customers continue to entrust the company with their money, senior executives are actively working to cover up a major data breach involving approximately 500 GB of highly confidential data. The leak includes, but is not limited to: 1. Client Personally Identifiable Information (PII) 2. Client Financial Profiles & Asset Data 3. Proprietary Business Intel & System Data 4. Holistic Estate & Legal Planning 5. Regulatory & Compliance Records Stay tuned for further updates.",2026-06-03,2026-06,stated by site,yes,no,6a20239dd152110a6a17aa7e,,leak site,leak site,leak site,,,
INC Ransom,trrac.net,trrac.net,US,United States,stated,Insurance,,web research,5000000,,,Proof,,,150gb,2026-06-02,2026-06,stated by site,yes,no,6a1f24b6d152110a6af8cb74,leak site,leak site,web,leak site,,,
INC Ransom,kelmreuter.com,kelmreuter.com,US,United States,stated,Healthcare,,inferred from description,5000000,,,Proof,,,"www.personadental.com Persona Dental offers personalized dental care for families in Sartell, MN, focusing on both general and specialized services such as cosmetic dentistry, dental implants, and solutions for snoring and sleep apnea. The clinic prides itself on creating a comfortable environment and empowering patients to make informed decisions about their dental health. With a friendly and experienced team, they provide comprehensive care under one roof, ensuring convenience for their clients. Persona Dental is dedicated to building confidence and achieving the best smiles for their patients",2026-06-02,2026-06,stated by site,yes,no,6a1ecd41d152110a6aed661c,leak site,leak site,leak site,leak site,,,
INC Ransom,CUSTOMSIGN,,US,United States,stated,,,,17600000,,,Encrypted; AD Dump; Proof,Databases / backups,,"About Custom Sign & Engineering Custom Sign & Engineering, Inc. specializes in creating high-quality, custom commercial digital signs and billboards in Evansville, Indiana. The company offers a wide range of products, including LED dimensional letters, monumental signs, and information displays, all designed to meet the specific needs of businesses. The company is committed to providing customer-focused services at competitive prices and with free estimates. It serves clients in three states—Illinois, Indiana, and Kentucky—helping businesses enhance their visibility and brand image through eye-catching signage. Translated with DeepL.com (free version)",2026-06-02,2026-06,stated by site,yes,no,6a1ede26d152110a6aefc2ad,,leak site,,leak site,,,leak site
INC Ransom,pdcbodynits,,SG,Singapore,stated,Manufacturing,,inferred from description,50000000,,,Encrypted,,,"Bodynits Group is a leading apparel manufacturer specializing in design and innovation, offering comprehensive manufacturing solutions.Access was gained to accounting and finance, all asset management systems, client databases, employee personal data, non-disclosure agreements, as well as developments and technologies.",2026-06-01,2026-06,stated by site,yes,no,6a1d4367d152110a6ac2b472,,leak site,leak site,leak site,,,
INC Ransom,Oztugotomotiv,,TR,Turkey,stated,Automotive,,inferred from description,14000000,,,Proof,,,"Öztuğ Otomotiv & Endüstri is a Turkish company established in 1990 in Bursa, specializing in the production of high-precision components for the automotive, industrial, defense, and aerospace sectors. The company offers comprehensive services including design, mold manufacturing, and serial production of plastic, metal, and rubber parts, as well as industrial seals and vibration dampers. Öztuğ Otomotiv utilizes modern equipment (high-tonnage presses, progressive dies) and adheres to international quality standards, including a zero-defect principle and compliance with OEM standards. Financial performance (not publicly disclosed, but the company positions itself as a stable business): As of 2025, the company reports over 35 years of successful operations, more than 300 employees, and three production facilities with a total enclosed area of 12,000 m². Structure and facilities: The company operates three production sites in Hasantığla, Nilüfer (Bursa), and Adapazarı. As of 2025, the workforce comprises over 300 specialists. Production capabilities include plastic injection, metal forming, and rubber molding lines. Laek: 100GB WE HAS COLLECTED SUCH DATA AS: - Confidential documents - Clients Data - NDA - Financial data - Operations - Corporate data - Business Agreements - Development - Financial databases, all transactions, all clients And a lot of other VERY IMPORTANT information!",2026-06-01,2026-06,stated by site,yes,no,6a1de902d152110a6ad5bf1e,,leak site,leak site,leak site,,,
INC Ransom,Bradley law firm,,US,United States,stated,Legal,,inferred from description,5800000,,,Encrypted; AD Dump; Proof,Databases / backups,,"Bradley Law Personal Injury Lawyers is a law firm dedicated to representing clients who have suffered injuries due to accidents, medical malpractice, and other forms of negligence. With over 30 years of experience, they have successfully recovered more than $100 million in settlements and verdicts for their clients across Missouri and Illinois. Their services include free case consultations and a commitment to fight for maximum compensation on behalf of accident victims. The firm is known for its expertise in personal injury law, including vehicle accidents, workplace injuries, and wrongful death cases.",2026-06-01,2026-06,stated by site,yes,no,6a1d7512d152110a6ac7b3d5,,leak site,leak site,leak site,,,leak site
INC Ransom,Champaign-Urbana Public Health District,c-uphd.org,US,United States,stated,Healthcare,,inferred from description,13200000,,,Encrypted; Proof,,51-200,"Champaign Urbana Public Health District provides a wide range of health services including dental care, nutrition assistance, mental health support, and food safety inspections. Their programs cater to various demographics, including adolescents, women, infants, and families, focusing on preventive health and education. The district also offers resources for substance abuse treatment, sexual health, and community food initiatives. Their intended clients include residents of Champaign County seeking health services, food assistance, and educational resources.",2026-06-01,2026-06,stated by site,yes,no,6a1d6c87d152110a6ac6d153,web,leak site,leak site,leak site,web,,
INC Ransom,belimed.com,belimed.com,US,United States,stated,Manufacturing,,web research,700000000,,,Proof,Employee / HR; Financial / accounting; Corporate / confidential,,"We are announcing the successful breach of the secure network of Belimed AG, a leading provider of sterilization equipment. Our team has gained full access to the digital assets of their finance department and has exfiltrated the entire dataset. Data Volume: 1.5 Terabytes. In our possession is the complete financial picture of Belimed AG. This isn't just tables or reports; it is the entire nervous system of their business, including: * **SAP (SUP) Databases:** Full dumps containing all operational and financial information. * **Accounting Records:** All transactions, entries, and financial operations spanning many years. * **Client Contracts and Payments:** Detailed information on deals, pricing, and accounts receivable. * **Employee Data:** Salaries, bonuses, and personal financial information. * **Internal Audits and Strategic Planning:** Documents revealing their weaknesses, future plans, and trade secrets. * **Tax Documentation and Banking Details:** All information necessary for a complete understanding of their financial flows. The management of Belimed AG was given the opportunity to resolve this matter privately and without consequence. They chose silence, believing they could ignore us. This was a fatal mistake. By refusing to engage, they have jeopardized not only their own reputation but also the security of their clients, partners, and employees. **This is not a threat. It is an announcement of a coming event.** Exactly one month from the date of this post, the entire 1.5 TB data archive will be published for public access on this resource. Anyone—competitors, journalists, regulators—will be able to download and scrutinize the inner workings of Belimed AG. To the management of Belimed AG: you have made your choice. Now you will serve as an example to all others. Enjoy the consequences. The clock is ticking.",2026-05-29,2026-05,stated by site,yes,no,6a18dda1d152110a6a470e18,leak site,leak site,web,leak site,,,leak site
INC Ransom,Distrigaz Vest S.A.,distrigazvest.ro,RO,Romania,stated,Retail & Wholesale,,inferred from description,300000,,,Proof,,,"Distrigaz Vest S.A. is an independent gas distribution company established in 2001, renowned for being the exclusive natural gas distributor in Oradea, Romania. The company offers a wide range of services including public gas distribution, network operation, and maintenance of gas infrastructure. Distrigaz Vest utilizes modern, automated equipment aligned with European standards to ensure safety and operational efficiency. In terms of financial performance, for the fiscal year 2024, Distrigaz Vest S.A. reported a turnover of RON 86.53 million and a net profit of RON 9.89 million, reflecting a 60% increase compared to the previous year . The company maintains a stable operational structure with 50 employees as of 2024 . Regarding ownership, Distrigaz Vest S.A. is primarily controlled by S.C. Luxten Lighting Company S.A., which acquired its stake in 2012 by converting debts into shares . The current shareholding structure, established following the dissolution of shareholder RMG Romania S.R.L. in 2016, is as follows : S.C. Luxten Lighting Company S.A. – 75.0101% Xxxxxxxxx Xxxxxxx Xxxxxxx (individual) – 24.3631% Laek: 100GB WE HAS COLLECTED SUCH DATA AS: - Confidential documents - Clients Data - NDA - Financial data - Operations - Corporate data - Business Agreements - Development - Financial databases, all transactions, all clients And a lot of other VERY IMPORTANT information!",2026-05-26,2026-05,stated by site,yes,no,6a15bd2bd152110a6af5b33b,web,leak site,leak site,leak site,,,
INC Ransom,PILLER AIMMCO,,US,United States,stated,Agriculture & Food,,inferred from description,25000000,,,Proof,,,"PILLER AIMMCO is a leading vertically integrated custom plastic injection molding and tool-making company based in Woodland and Washougal, Washington. The company serves as a ""one-stop shop"" by managing the entire manufacturing lifecycle under one roof—from initial part design and engineering to mold production, automated high-volume manufacturing, and secondary assembly. PILLER AIMMCO holds ISO 9001:2015 certifications across both its tooling and molding operations, enabling it to support rigorous industrial regulations: 1. Medical Devices & Biotech: Fluid management components, orthodontic instruments, and lab devices that meet FDA, biocompatibility, and sterilization metrics. 2. Aerospace & Defense: Specialized tooling, gauges, fixtures, and finished components requiring absolute traceability. 3. Consumer Electronics: Complex enclosures, wearable technology components, and carbon-fiber-filled metal replacements. 4. Industrial & Agriculture: Heavy-duty commodities, nursery containers, large housings, and automotive/heavy trucking aftermarket parts",2026-05-25,2026-05,stated by site,yes,no,6a14d339d152110a6addfb1e,,leak site,leak site,leak site,,,
INC Ransom,lawants,lawants.com,ES,Spain,stated,Financial Services,,inferred from description,300000,,,Proof,,,"Lawants provides its clients with lawyers, Tax Advisors and Accountants accustomed to working in the international arena. Our goal is to become the client’s referents in the areas of expertise to address and solve all phases of a project, or issue, with an interdisciplinary and problem-solving-oriented approach. Likewise, we believe that the client must necessarily be an integral part of the Lawants team. We like to work, dialogue, confront each other and make our clients participants in every process that affects them to help them grow in their Business in Spain, the United States and South America. Laek: 100GB WE HAS COLLECTED SUCH DATA AS: - Confidential documents - Clients Data - NDA - Financial data - Operations - Corporate data - Business Agreements - Development - Financial databases, all transactions, all clients And a lot of other VERY IMPORTANT information!",2026-05-25,2026-05,stated by site,yes,no,6a144ad3d152110a6acdd762,web,leak site,leak site,leak site,,,
INC Ransom,pacificwestinjury.com,pacificwestinjury.com,US,United States,stated,Legal,,inferred from description,20000000,,,Proof,,,"""We’ve built more than a law firm... We’ve built trust."" Clearly not for their clients safety!",2026-05-23,2026-05,stated by site,yes,no,6a10f48ed152110a6a7d2ace,leak site,leak site,leak site,leak site,,,
INC Ransom,www.labexpress.com,labexpress.com,US,United States,stated,Financial Services,,inferred from description,5000000,,,AD Dump; Encrypted; Stocks,Databases / backups,,"LABEXPRESS & GARONIT PHARMA: 200 GB OF SHARED INFRASTRUCTURE We have obtained 200 GB of internal data from a US-based group operating under two legal entities: Labexpress and Garonit Pharma. The materials show a single Active Directory domain (LABEXPRESS1.local), a shared file server, and extensive cross‑company records. This data will be made publicly available in the near future. Active Directory Overview - 65 computers, 142 user accounts, 98 groups, 11 organizational units (OUs). - Domain controllers: DC01 (Server 2019), LABXDC01 (Server 2012 R2). - A single AD domain serves both Labexpress and Garonit Pharma. Notable account: cn: Troy Austin sAMAccountName: Taustin memberOf: QuickBooks, LABEXPRESS, LABEXPRESSUSERS The same person appears in Exchange mailboxes as taustin@garonitpharma.com. Weak Passwords and Brute‑Force Indicators - Administrator account: 3,193 failed logon attempts, last successful logon 2026-04-30. - Computer accounts FRONTDESK$, DEV$, LABEL$ – more than 3,000 failures each. - Cleartext password found on FILE01\passwords.txt: Admin: LabExpress2024! - The Domain Admins group includes: Administrator, labadmin, adminiss, Protect, xtratech, LAE009-CT. - Password for user Protect: Password123! - Outdated password templates in the “SBSUsers” OU are still in use. Mail Servers and Exchange - LABSERVER2 runs Windows Server 2003 SP2 with Exchange 2007. - Full mailbox export performed using the built‑in Export-Mailbox cmdlet – no special exploit required. Contents of the Obtained Data (200 GB) We have data from drive E:\, including: 1. Financial & Accounting - QuickBooks Enterprise 2021 installer and data files (QB2021.DSN, QB2021.ND). - Folder: E:\Garonit Documents\Clients 2022\ – hundreds of invoices, COAs, and COCs (e.g., Amtrade International INV# 50268.pdf for ~21M USD, Estee Lauder Inv# 24.pdf). - Folder: E:\Garonit Documents\ACCOUNTS PAYABLES 2022 09 22\ – detailed accounts payable records for 50+ vendors. 2. Quality & Production - Thousands of COA/COC files (e.g., CHG 20% Lot 429012 CoA.pdf, COC CHG 20%, Lot# 705103.docx). - Complete batch records for 2023–2026 (folders Batch Records\2023, 2024, 2025, 2026). - Stability study protocols and raw HPLC data for CHG 0.12% Oral Rinse. 3. ANDA & Regulatory Documentation - Folder “00 Oral Rinse ANDA-Old One” – complete ANDA dossier, including DMF, method validation, stability, and correspondence with the FDA. - Files: ANDA Checklist-Oral Rinse.docx, DMF Assessment in advance.pdf. 4. Vendor & Customer Records - Folder: E:\Garonit Documents\Vendor from 2022 07 19 TO 2022 09 21\Vendor\ – dossiers on each supplier (contracts, invoices, assessments). - Folder: E:\LABEXPRESSDATA\ALL LEI ORDERS\ – customer purchase orders and sales quotations. 5. Human Resources (HR) - Folder: E:\LABEXPRESSDATA\HUMAN RESOURCES\ – employment contracts, W‑9 forms, tax deductions, resignation letters. - Passport scans, Green Card copies, health insurance records for many employees. - Files: Employee Handbook.pdf, PTO Request Form.docx, Time off request form.pdf. 6. Internal Communications & Scans - Directory “C224E BIZHUB SCANNER DUMPS” containing subfolders named after employees (Burcu, Frank, Iliany, Kelvin, Dave, Randy, Sudhir, etc.). - Scans include: Green Cards, IDs, credit card authorization forms, bank letters, and correspondence with the IRS. - Examples: Burcu Green Card.pdf, Rohit Garg X-Ray.pdf, SKM_C250i... (thousands of scanned documents). 7. Tax & Banking Documentation - Correspondence with the IRS, State of New Jersey, Valley National Bank, Citibank. - Files: IRS Notice Lab Express.pdf, Valley Bank Garonit Deceember 2020.pdf, Credit Application, Bank instructions.pdf. Shared Infrastructure – Observed Facts - The same Active Directory domain and file server (drive E:\) store data for both Labexpress and Garonit Pharma. - Cross‑company records reside in the same folders (e.g., “Garonit Documents” and “LABEXPRESSDATA” coexist on the same drive). - User Troy Austin has an AD account (Taustin) and also uses the email address taustin@garonitpharma.com. - Purchase orders, invoices, COA/COC files refer to both companies interchangeably. - At the IT level, there is no separation between the two legal entities. The obtained data demonstrates that Labexpress and Garonit Pharma operate on a single, shared IT infrastructure. All files, accounts, mailboxes, and production records are stored on the same systems. A 200 GB archive will be publicly released in the near future.",2026-05-22,2026-05,stated by site,yes,no,6a0fdc7bd152110a6a5e7814,leak site,leak site,leak site,leak site,,,leak site
INC Ransom,Open Door Health Center,,US,United States,stated,Healthcare,,inferred from description,5000000,,,Proof,,,"Open Door Health Center of Illinois offers a comprehensive medical home approach to primary health care, focusing on improving community health since 1977. Their services include medical assistance, HIV programs, behavioral health, case management, and community outreach, catering especially to LGBTQI individuals and those living with HIV/AIDS. The center aims to provide affordable and accessible healthcare without discrimination, while also engaging in education and training initiatives. Their intended clients include patients in need of medical care, community members seeking support, and volunteers looking to contribute to health equity.",2026-05-22,2026-05,stated by site,yes,no,6a101ddfd152110a6a6658dc,,leak site,leak site,leak site,,,
INC Ransom,Mecanizados y Montajes Aeronáuticos (mymgroup.es),,ES,Spain,stated,Manufacturing,,inferred from description,500000,,,Proof,,,"MyM specializes in the manufacturing of metallic components and subassemblies for aerospace applications, serving major Tier 1 and OEM programs globally. The company is committed to excellence, utilizing advanced technology, infrastructure, and a skilled workforce to ensure high-quality production and timely delivery. MyM is recognized as an innovative SME, actively engaging in research and development within the aerospace and industrial sectors. Their clientele includes prominent companies such as Airbus, Boeing, Embraer, and Leonardo. Laek: 100GB WE HAS COLLECTED SUCH DATA AS: - Confidential documents - Clients Data - NDA - Financial data - Operations - Corporate data - Business Agreements - Development - Financial databases, all transactions, all clients And a lot of other VERY IMPORTANT information!",2026-05-21,2026-05,stated by site,yes,no,6a0f5600d152110a6a4f6aa3,,leak site,leak site,leak site,,,
INC Ransom,threadinnovations,,CA,Canada,stated,,,,15000000,,,Encrypted,,,"Thread has developed a proprietary technology for the production of cost-effective, efficient, and scalable carbon fiber. This process is based on utilizing the natural molecular structure of asphaltenes found in oil sands bitumen. Unauthorized access has been gained to the company's confidential files, including client data, proprietary R&D, and financial documentation.",2026-05-21,2026-05,stated by site,yes,no,6a0f559dd152110a6a4f6395,,leak site,,leak site,,,
INC Ransom,Nothing,,TW,Taiwan,stated,,,,122000000,,,Proof,,,NOTHING Website: https://nothing.tech/ https://www.zoominfo.com/c/nothing/557232902 WE HAS COLLECTED SUCH DATA AS: - Confidential documents - Clients Data - NDA - Financial data - Operations - Corporate data - Business Agreements - Technology - Total: 52GB And a lot of other VERY IMPORTANT information!,2026-05-19,2026-05,stated by site,yes,no,6a0cac1fd152110a6a17ee94,,leak site,,leak site,,,
INC Ransom,Meirc training and consulting,,AE,United Arab Emirates,stated,Professional Services,,inferred from description,21000000,,,Encrypted; Proof,,,"Meirc offer a wide range of training programs across various categories, including accounting, finance, artificial intelligence, project management. They is recognized as a ""trusted"" training and consulting partner. We accessed the entire MEIRC network and downloaded 1TB of data - accounting - internal mail -planning - budgets - all personal information of all employees of the company In a week everything will be in the public domain.",2026-05-17,2026-05,stated by site,yes,no,6a0a55f6d152110a6acc24fa,,leak site,leak site,leak site,,,
INC Ransom,metaval.com.au,metaval.com.au,AU,Australia,stated,Retail & Wholesale,,stated in description,5000000,,,Encrypted; Proof,,50,"Metaval Consolidated is an Australian owned and operated manufacturers representative supplying all Australian states and territories. Metaval was established in 1967 to provide an engineering supply service to users in the paper industry. As our company grew and diversified, the range of industries serviced also increased. Today we provide engineered products to all major industries in Australia. We represent some of the worlds leading manufacturers in the supply of industrial equipment to a wide range of industries including water, manufacturing, mining and processing. Since commencing operations we have: Grown to be a leading Melbourne-based manufacturers representative for dozens of well known international brands. Worked and consulted on hundreds of projects from thousands of dollars to million dollar projects. Located in our own industrial premises and warehouse in Bayswater. Work with customers and consultants located in all Australian states and territories. Employees: 50 Revenue: $5 Million Industry: Home Improvement & Hardware Retail Phone Number: (646) 256-4886",2026-05-17,2026-05,stated by site,yes,no,6a099da9d152110a6ab7ed5b,leak site,leak site,leak site,leak site,leak site,,
INC Ransom,defenseisready.com,defenseisready.com,US,United States,stated,,,,1000000,,,Proof,,,"Deandra Grant Law is a Texas criminal defense and DWI firm with a practice exclusively concentrated on DWI, federal and criminal defense. The firm has defended clients across North and Central Texas for more than 30 years, with more than 500 cases tried to verdict.",2026-05-15,2026-05,stated by site,yes,no,6a072947d152110a6a706176,leak site,leak site,,leak site,,,
INC Ransom,Silergy Corp,,US,United States,stated,Manufacturing,,inferred from description,223000000,,,Encrypted; Proof; AD Dump; Stocks,Databases / backups,,"Silergy Corp. specializes in the manufacture and sale of power integrated circuits. Silergy Corp. is headquartered in Hangzhou, Zhejiang, China.",2026-05-14,2026-05,stated by site,yes,no,6a0600fed152110a6a4ef108,,leak site,leak site,leak site,,,leak site
INC Ransom,rbh aerospace inc,,US,United States,stated,Aerospace & Defense,,inferred from description,8200000,,,Proof,Financial / accounting; Legal / contracts; Corporate / confidential; Email / correspondence; Engineering / R&D / IP,,"RBH Aerospace, Inc. -is a manufacturing company located in Long Beach, California, specializing in the production of aerospace components. Established in January 2005, the company focuses on providing high-quality parts for both commercial and military aircraft. Their product offerings include aircraft frames, fuselages, wings, and various metal alloy components such as steel, aluminum, and titanium. 2708 Seaboard Lane, Long Beach, CA 90805 http://www.rbhaerospace.com/ Leaked data 240 GB: Corporate information, including electronic correspondence with counterparties, contracts including NDAs, transactions and payments related to them, STP (STEP) files, part drawings (including those for F-15, F-22), manuals and instructions.",2026-05-11,2026-05,stated by site,yes,no,6a026194d152110a6aeddbc7,,leak site,leak site,leak site,,,leak site
INC Ransom,lalsgroup.com,lalsgroup.com,AE,United Arab Emirates,stated,Retail & Wholesale,,inferred from description,87000000,,,Stocks,,,"Lals Group is a large UAE-based family business group operating in retail, FMCG, distribution, home goods, and lifestyle brands across the GCC region. Founded in 1979, the company manages well-known brands and retail chains including Homes r Us, Daiso Japan, Carter’s, Mom Store, and others. Lals Group operates across the UAE, Qatar, Bahrain, Oman, Kuwait, and Saudi Arabia, with activities spanning retail stores, shopping malls, and logistics services. -- 400 gb",2026-05-11,2026-05,stated by site,yes,no,6a02334bd152110a6ae8fc6c,leak site,leak site,leak site,leak site,,,
INC Ransom,https://sibillacapital.com/,sibillacapital.com,US,United States,stated,,,,1,,,Proof,,,data,2026-05-10,2026-05,stated by site,yes,yes,69fffa6bd152110a6ab10d5a,leak site,leak site,,leak site,,,
INC Ransom,lopezlawfl.com,lopezlawfl.com,US,United States,stated,,,,500000,,,Stocks,,,full data,2026-05-10,2026-05,stated by site,yes,yes,69fff6d3d152110a6ab0bb0a,leak site,leak site,,leak site,,,
INC Ransom,Bideawee,,US,United States,stated,Healthcare,,inferred from description,11100000,,,Encrypted; Proof,,,"Bideawee is a no-kill animal rescue and shelter located in NYC, Wantagh, and Westhampton. The organization offers a variety of services including adoptions, medical care, pet therapy, and fostering opportunities. Bideawee aims to strengthen the human-animal bond through compassionate care for both pets and their owners. Its targeted clients include individuals and families seeking to adopt or foster pets, as well as volunteers looking to support animal welfare.",2026-05-09,2026-05,stated by site,yes,no,69ffb56dd152110a6aaad633,,leak site,leak site,leak site,,,
INC Ransom,Calsoft Inc,,US,United States,stated,,,,300000000,,,Proof,Personal data (PII); Employee / HR; Customer data; Financial / accounting; Legal / contracts; Corporate / confidential,,"CalSoft Inc. is a company focused on providing digital transformation and AI services tailored for enterprises. Their offerings are designed to enhance operational efficiency, accelerate product delivery, and ensure robust data security, AI-Powered Solutions, Cloud and Infrastructure Services, Data Management, Product Development 1762 Technology Dr, San Jose, California, 95110 calsoftinc.com Leaked data 24.4 Gb Technical information of clients, logs, software and its instructions, contracts including NDAs, client lists, personal data of employees with passports and personal photos, accounting records, and other corporate information.",2026-05-08,2026-05,stated by site,yes,no,69fe673ad152110a6a8abbbd,,leak site,,leak site,,,leak site
INC Ransom,earthsystems.com.au earthsystemseurope.com,earthsystemsglobal.com,AU,Australia,stated,Engineering & Architecture,,web research,20000000,,,Proof,,,full corp data nda client contract project,2026-05-07,2026-05,stated by site,yes,yes,69fd03998f1d14b743bbf310,web,leak site,web,leak site,,,
INC Ransom,autorisk.org,autorisk.org,US,United States,stated,,,,5000000,,,Proof,,,client data,2026-05-07,2026-05,stated by site,yes,yes,69fcfec88f1d14b743bb4c38,leak site,leak site,,leak site,,,
INC Ransom,egnyte.com,egnyte.com,US,United States,stated,Technology,,web research,200000000,,,Proof,,,development department EU pl,2026-05-07,2026-05,stated by site,yes,yes,69fd06c68f1d14b743bc5851,leak site,leak site,web,leak site,,,
INC Ransom,bergen1.net,bergen1.net,US,United States,stated,Education,,inferred from description,146500000,,,Encrypted; Proof,,,"Founded in 1965, Bergen Community College is a comprehensive higher education institute that offers academic degree programs to students. Bergen Community College is located out of Paramus, New Jersey We will publish all the data(1TB) in a week",2026-05-07,2026-05,stated by site,yes,no,69fd1aa08f1d14b743bed25b,leak site,leak site,leak site,leak site,,,
INC Ransom,cmswpc.com,cmswpc.com,US,United States,stated,Healthcare,,inferred from description,50000000,,,Proof,,,"All patient medical records in their entirety. All data from the medical center, including personal and confidential information, will be stolen. The data will be divided into 7 parts, with each part containing 200–300 GB",2026-05-07,2026-05,stated by site,yes,yes,69fcf1d98f1d14b743b95793,leak site,leak site,leak site,leak site,,,
INC Ransom,childplace.org,childplace.org,US,United States,stated,Non-profit,,stated in description,7200000,,,Encrypted; Proof,,100,"Childplace Family Services is dedicated to nurturing children and empowering families through a range of services including fostering, adoption, counseling, and community support. The organization aims to serve children and families at risk, particularly those who have experienced abandonment, abuse, or neglect. With a history of over 50 years, Childplace has successfully helped thousands of children find loving homes and provided essential support to families in need. Their mission is rooted in promoting hope and healing within the community, guided by a spirit of Christian love. Employees: 100 Revenue: $7.2 Million Industry: Non-Profit & Charitable Organizations Phone Number: (812) 282-8248",2026-05-04,2026-05,stated by site,yes,no,69f920828f1d14b7435a480d,leak site,leak site,leak site,leak site,leak site,,
INC Ransom,sanver.com.mx,sanver.com.mx,MX,Mexico,stated,Retail & Wholesale,,stated in description,37000000,,,Encrypted; Proof,,1000,"Sanver Forte is a leading hardware wholesaler with over 30 years of experience in the northeastern, central, and Bajío regions of Mexico. The company offers a wide range of products and services related to hardware and construction, focusing on meeting the needs and expectations of its clients through timely deliveries and excellent customer service. Their mission is to simplify the distribution of leading brands, ensuring satisfaction and profitability for customers, collaborators, and shareholders. Sanver Forte aims to be the most comprehensive and secure provider of hardware and home preservation products, contributing to the growth of its employees and the community. Employees: 1000 Revenue: $30 Million Industry: Home Improvement & Hardware Retail Phone Number: +52 7898933030",2026-05-04,2026-05,stated by site,yes,no,69f91d448f1d14b74359fb5d,leak site,leak site,leak site,leak site,leak site,,
INC Ransom,https://www.wilkemgroup.com/,wilkemgroup.com,BS,Bahamas,stated,Holding Companies,,web research,20000000,,,Proof,,,wilkemsolutions.com wilkemgroup.com 400gb gov contract etc,2026-05-04,2026-05,stated by site,yes,no,69f817388f1d14b743413276,leak site,leak site,web,leak site,,,
INC Ransom,Aerodiagnostics,aerodiagnostics.com,US,United States,stated,Healthcare,,web research,30000000,,,Proof,,,"Aerodiagnostics, LLC is a Massachusetts-based laboratory specializing in advanced diagnostic testing for gastrointestinal disorders, including Small Intestinal Bacterial Overgrowth (SIBO), fructose malabsorption, sucrose intolerance, and lactose intolerance. The company utilizes state-of-the-art technology and non-invasive breath tests to provide accurate results while ensuring a high level of customer service Laek: 50GB WE HAS COLLECTED SUCH DATA AS: - Confidential documents - Clients Data - NDA - Financial data - Operations - Corporate data - Business Agreements - Development - Financial databases, all transactions, all clients And a lot of other VERY IMPORTANT information!",2026-05-04,2026-05,stated by site,yes,no,69f845818f1d14b743454e7c,web,leak site,web,leak site,,,
INC Ransom,northshoreenv.com,northshoreenv.com,US,United States,stated,Professional Services,,stated in description,23500000,,,Encrypted; AD Dump,Databases / backups,200,"North Shore Environmental Consultants is a progressive environmental company that provides a wide range of environmental management and consulting services to help clients navigate complex environmental and regulatory challenges. With over 20 years of experience, they offer solutions in areas such as remediation, emergency spill response, air quality, and corporate consulting. Their client base spans various industries across western Canada, and they are recognized for their innovative operational programs and commitment to client satisfaction. North Shore is dedicated to fostering a sustainable future while continuously expanding their expertise and services. Employees: 200 Revenue: $23.5 Million Industry: Business Services Phone Number: (780) 467-3354",2026-05-02,2026-05,stated by site,yes,no,69f53ed68f1d14b743ffbc53,leak site,leak site,leak site,leak site,leak site,,leak site
INC Ransom,EXPEDITOR,expeditor.com,US,United States,stated,Healthcare,,inferred from description,18000000,,,Proof,,,"Expeditor Systems specializes in improving patient flow through innovative light signaling systems designed for medical practices and institutions. Their solutions, including the LEAN Patient Flow System and Life Safety Nurse Call Systems, aim to enhance patient experience, increase operational efficiency, and boost revenues. With over 40 years of experience and a client base exceeding 8,000 Laek: 50GB WE HAS COLLECTED SUCH DATA AS: - Confidential documents - Clients Data - NDA - Financial data - Operations - Corporate data - Business Agreements - Development - Financial databases, all transactions, all clients And a lot of other VERY IMPORTANT information!",2026-05-01,2026-05,stated by site,yes,no,69f424de8f1d14b743e44b1e,web,leak site,leak site,leak site,,,
INC Ransom,Iowa Spring Manufacturing & Sales,iowaspring.com,US,United States,stated,Agriculture & Food,,inferred from description,20300000,,,Proof,Financial / accounting; Legal / contracts; Corporate / confidential,,"Iowa Spring is a well-established manufacturer specializing in a variety of springs, including those for overhead garage doors, mechanical applications, and agricultural equipment. Founded in 1977 and based in Adel, Iowa, the company has built a strong reputation for quality and reliability in the spring manufacturing industry. 2112 Greene Street P.O. Box 130 Adel, IA 50003, US www.iowaspring.com Leaked data: 49,4Gb Accounting, product development and testing, laboratory defect analysis, supply logistics, contracts, NDA, financial indicators, corporate information, and much more",2026-04-29,2026-04,stated by site,yes,no,69f2821e8f1d14b743bc4e9a,web,leak site,leak site,leak site,,,leak site
INC Ransom,https://www.fulcrumre.com/,fulcrumre.com,US,United States,stated,,,,50000000,,,Proof,,,2tb data all company data,2026-04-28,2026-04,stated by site,yes,yes,69f0d6b38f1d14b74390f7b1,leak site,leak site,,leak site,,,
INC Ransom,sumacinc.com,sumacinc.com,US,United States,stated,,,,50000000,,,Proof,,,all client data 2tb,2026-04-28,2026-04,stated by site,yes,yes,69f012738f1d14b7437c5997,leak site,leak site,,leak site,,,
INC Ransom,www.durable-tech.com,durable-tech.com,US,United States,stated,Professional Services,,inferred from description,1000000,,,Proof,,,"Durable Mecco is a small company (1-10 employees) operating in the HR & Staffing industry, located at 176 Thorn Hill Rd, Warrendale, Pennsylvania, 15086. This entity is distinct from ""Durable Technologies,"" which focuses on industrial marking equipment.",2026-04-28,2026-04,stated by site,yes,no,69f07fd58f1d14b7438902a4,leak site,leak site,leak site,leak site,,,
INC Ransom,ldisolutions.com,ldisolutions.com,US,United States,stated,Manufacturing,,stated in description,5000000,,,Encrypted; Proof,,50,"Pneutronics, a division of Parker Hannifin Corporation's Instrumentation group, is a New Hampshire-based designer and manufacturer of pneumatic and electronic control systems serving diverse industrial markets. Founded in 1977 with the mission of combining pneumatics and electronics into modular package control solutions, Pneutronics has evolved from its initial focus on semiconductor equipment subsystems to become a trusted component supplier across kidney dialysis, patient monitoring, gas chromatography, automotive paint spray, and semiconductor equipment applications. Located in Hollis, New Hampshire, approximately one hour north of Boston, the company operates as part of Fortune 500 Parker Hannifin Corporation, headquartered in Cleveland, Ohio, providing access to world-class resources and global distribution capabilities. Employees: 50 Revenue: $5 Million Industry: Industrial Machinery & Equipment Phone Number: (866) 332-0700",2026-04-27,2026-04,stated by site,yes,no,69ef4e668f1d14b743662bdf,leak site,leak site,leak site,leak site,leak site,,
INC Ransom,BELFOR,,SG,Singapore,stated,,,,2000000000,,,Proof,Personal data (PII); Employee / HR; Financial / accounting; Legal / contracts; Corporate / confidential; Engineering / R&D / IP,,"BELFOR (Asia) Pte Ltd, Singapore. RecoveryPro Ltd, Japan. Country list: Singapore, Japan, Korea, Taiwan, Thailand, Malaysia. Total Data: 430GB Data: Confidential (Classified) - non-disclosure agreements (NDA's), Personal scan passports, Employee Privacy, Employment contracts, Employment Records, Health Information. Finance Department - Salary & Bonus structures, Internal audit reports, Insurance contracts & payments, Payroll Reports, Benefits & pension details, Internal investigations, Partners agreements, Balance sheets, Budget reports, Credit agreements, Tax filings, Marketing plans. IT Department - IT network infrastructure, Research and development data, SDLC documentation. Other - All projects report & files, Buildings drawings, Object Photo, Photo of damages, Object plans, a lot of internal documentation. Clients: Mitsubishi, Samsung, Toyota, Kawasaki Motors, Sony Technology, Fujifilm Business Innovation, Siemens, Seiko, Nissan and many other. Full data release coming soon!!!",2026-04-27,2026-04,stated by site,yes,no,69ef61a08f1d14b743681c09,,leak site,,leak site,,,leak site
INC Ransom,Selex - Gruppo Commerciale,,IT,Italy,stated,Retail & Wholesale,,inferred from description,22500000000,,,Encrypted; AD Dump,Personal data (PII); Employee / HR; Customer data; Financial / accounting; Legal / contracts; Databases / backups,,"Selex Group Announces Cyber Attack and Data Breach Today We confirm that Selex, a leading grocery retailer and distributor in Italy, has fallen victim to a large-scale cyber attack. The breach, which occurred in recent days, has compromised approximately 1 terabyte of sensitive data, including both production and development sources, as well as the personal and financial information of employees, customers, and partners. It is estimated that the attack affected a significant amount of critical company data, including: Production and Development Sources: Intellectual property, project plans, and confidential development documents. Personal and Financial Data: Sensitive personal information, including names, addresses, financial records, and employee payroll details. Customer and Partner Information: Data related to Selex’s customer base and business partners, including transaction history and contractual agreements. Moreover, We dumped databases include: products, suppliers, specifications, login credentials, tokens, workflow engine, production data, and BPM system. UPD: In light of the recent cyber incident, representatives of the Selex Group, including Maniele Tasca, who was personally informed, have indicated that they do not assume any responsibility to their customers regarding this matter. All interested parties may contact us for further details via the ‘Reports’ button.",2026-04-27,2026-04,stated by site,yes,no,69ef627c8f1d14b74368332f,,leak site,leak site,leak site,,,leak site
INC Ransom,United Quality Cooperative / www.uqcoop.com,,US,United States,stated,Energy & Utilities,,inferred from description,33800000,,,Encrypted; Proof,,,"United Quality Cooperative provides a range of services including bulk fuel, propane, lubricants, and agricultural products. We have at our disposal internal corporate correspondence, financial documents, personal data of company employees and much more. All stolen information will be published in the public domain in a week, if the company's management does not pay.",2026-04-27,2026-04,stated by site,yes,no,69eeb5488f1d14b74359d4c5,,leak site,leak site,leak site,,,
INC Ransom,reddycardiology.com,reddycardiology.com,US,United States,stated,Healthcare,,stated in description,5000000,,,Encrypted; Proof,,50,"Reddy Cardiology provides comprehensive cardiovascular care and diabetes management services in Sugar Land, TX. The clinic specializes in the prevention and treatment of heart disease, high blood pressure, and diabetes, utilizing state-of-the-art technology and personalized treatment plans. Their intended clients include adult patients referred by primary physicians for various cardiac symptoms and those seeking preventive care. Reddy Cardiology also offers a unique diet plan, the Reddy Diet, aimed at promoting heart health and managing diabetes. Employees: 50 Revenue: $5 Million Industry: Hospitals & Physicians Clinics Phone Number: (281) 491-0044",2026-04-26,2026-04,stated by site,yes,no,69ee864b8f1d14b743560da8,leak site,leak site,leak site,leak site,leak site,,
INC Ransom,MTCI,,US,United States,stated,Telecommunications,,inferred from description,25000000,,,Proof,Personal data (PII); Employee / HR; Financial / accounting; Medical / health (PHI); Corporate / confidential; Email / correspondence; Engineering / R&D / IP,,"MTCI Telecommunications and IT Consulting . Specializes in VoIP, structured cabling, network protection, and cloud services. They highlight being an independent consultant (vendor-agnostic) and offer 24/7/365 support . They have won the Cincinnati US Regional Chamber of Commerce Small Business of the Year award. 11260 Chester Road, Cincinnati, Ohio, USA mtci.com Leaked data: 320 Gb company projects (including special projects of devices with drawings, air bridges, Wi-Fi bank and many other projects), information about employees with personal data, insurance, medical secrets; corporate information with guidance documents and correspondence with counterparties; finance; employee Video surveillance Files",2026-04-26,2026-04,stated by site,yes,no,69ee77e38f1d14b74354b57f,,leak site,leak site,leak site,,,leak site
INC Ransom,tlctrialteam.com,tlctrialteam.com,US,United States,stated,Legal,,inferred from description,1000000,,,Proof,,,"TLC Trial Team is a personal injury law firm based in Winter Haven, Florida. The firm handles accident and injury-related cases.",2026-04-24,2026-04,stated by site,yes,no,69eb79598f1d14b74309bec2,leak site,leak site,leak site,leak site,,,
INC Ransom,nbd3pl.com,nbd3pl.com,US,United States,stated,Transportation & Logistics,,inferred from description,500000000,,,Proof,,,"North Bay Distribution has been in the warehousing, order fulfillment, and shipping industry for more than 30 years. They are a full service outsourcing logistics service provider. They are based in northern California's City of Vacaville. The proximity of their facility provides streamlined deliveries from the Port of Oakland for goods manufactured and arriving from the Pacific Rim",2026-04-23,2026-04,stated by site,yes,no,69ea301d8f1d14b743ec6c2b,leak site,leak site,leak site,leak site,,,
INC Ransom,krauseundco,,DE,Germany,stated,Engineering & Architecture,,inferred from description,5000000,,,Proof,,,"Provision of civil engineering services, renovation and restoration of all types of buildings, road and path construction, sewer construction, pipeline construction for gas, water, and district heating, plant construction, engineering services, specialized civil engineering services, concrete restoration, trade in building materials, and all activities conducive to furthering the company’s purpose.",2026-04-23,2026-04,stated by site,yes,no,69ea22bb8f1d14b743eb4941,,leak site,leak site,leak site,,,
INC Ransom,Dorotea Sweden,,SE,Sweden,stated,Government,,inferred from description,34400000,,,Encrypted; Proof; AD Dump; Stocks,Databases / backups,,"Despite all our warnings, the Dorotea administration has decided to turn a blind eye to the fate of everyone whose data will be published; now this data will be used in all sorts of ways, and hundreds of people will face problems, as will Dorotea’s management. Dorotea has 24 hours left to make the right decision. -------------------- Dorotea Kommun is a local government entity located in the southern part of Lapland, Sweden, offering a wide range of services including education, childcare, elder care, and community support. The municipality aims to provide a welcoming environment for residents and visitors, promoting various activities in its beautiful natural surroundings. It also focuses on infrastructure development, economic support for businesses, and community engagement through events and programs. The intended clients include local residents, families, and individuals seeking support and services in the region. ----- https://www.zoominfo.com/c/vilhelmina-kommun/430618876 Headquarters Torget 6, Vilhelmina, Vaesterbotten, 912 32, Sweden Phone Number +46 94014000 Website www.vilhelmina.se Revenue $31.7 Million Industry 501-1,000 Employees",2026-04-23,2026-04,stated by site,yes,no,69ea299e8f1d14b743ebd6f1,,leak site,leak site,leak site,,,leak site
INC Ransom,trugreen.com,trugreen.com,US,United States,stated,Consumer Services,,stated in description,290000000,,,Encrypted; Proof,,10,"TruGreen is the nation's leading lawn care provider offering neighborhoods across the country tailored lawn, tree and shrub care along with protection against mosquitoes and other pests. As a company rooted in scientific expertise with a customer-centered approach, TruGreen helps homeowners achieve an outdoor living space that brings them pride. Employees: 10k+ Revenue: $2.9 Billion Industry: Consumer Services Phone Number: (833) 830-2305",2026-04-22,2026-04,stated by site,yes,no,69e94bc78f1d14b743d7124a,leak site,leak site,leak site,leak site,leak site,,
INC Ransom,krwlawyers.com,krwlawyers.com,US,United States,stated,Legal,,inferred from description,1000000,,,Proof,,,"At KRW Lawyers, we understand the profound impacts that an unexpected accident can have on your physical, emotional, and financial well-being. Our personal injury and mass tort lawyers are dedicated to holding negligent parties accountable and recovering a comprehensive settlement for all your current and future care needs. With decades of experience and over $1 Billion recovered, you can trust our attorneys to represent your best interests in and out of the courtroom. Our firm is proud to have its members recognized by Super Lawyers and Martindale-Hubbell, underscoring our impressive record of results and commitment to excellence, integrity, and service.",2026-04-22,2026-04,stated by site,yes,no,69e919e58f1d14b743d20955,leak site,leak site,leak site,leak site,,,
INC Ransom,rheem,,US,United States,stated,Manufacturing,,inferred from description,600000000,,,Proof,Personal data (PII); Employee / HR; Financial / accounting; Legal / contracts; Corporate / confidential; Engineering / R&D / IP,,"Rheem Manufacturing Company 1100 Abernathy Road, Suite 1700 Atlanta, GA 30328, United States www.rheem.com is a well-established manufacturer specializing in heating, cooling, and water heating products. Founded in 1925, the company has its headquarters in Atlanta, Georgia, and has grown to become a global leader in its industry. Company Overview. Rheem produces a wide range of products, including residential and commercial water heaters, boilers, air conditioning units, and heating, ventilation, and air conditioning (HVAC) equipment. The company is particularly noted for its commitment to energy efficiency, offering numerous ENERGY STAR® certified products. Leaked data: 320 GB (479,856 Files, 76,897 Folders) includes developments: technical documentation, drawings, test reports and other technical information, employee data containing personal information, corporate information, contracts and agreements (including non-disclosure agreements), financial information and metrics, and much more.",2026-04-20,2026-04,stated by site,yes,no,69e6890e8f1d14b74393c8d9,,leak site,leak site,leak site,,,leak site
INC Ransom,alupco.com,alupco.com,SA,Saudi Arabia,stated,Engineering & Architecture,,inferred from description,56400000,,,Encrypted,,,"ALUPCO is the Middle East's largest aluminium extruder, established in 1975, offering a diverse range of high-quality extruded profiles and comprehensive building solutions. The company specializes in project management, architectural solutions, and modular buildings, catering to clients across various sectors. With a commitment to sustainability and performance, ALUPCO aims to enhance efficiency in the building journey from start to finish. Their extensive operations span multiple countries, serving a wide array of customers globally.",2026-04-17,2026-04,stated by site,yes,no,69e25d808f1d14b743381eca,leak site,leak site,leak site,leak site,,,
INC Ransom,Mag. Fünder Hausverwaltungs GmbH,,AT,Austria,stated,Real Estate,,inferred from description,5000000,,,Proof,,,"Mag. Fünder Hausverwaltungs GmbH is a property management company operating throughout Austria, offering services such as professional real estate management, tailored property care, precise property accounting, and expert apartment renovations. The company focuses on transparency, fairness, sustainability, and innovation to build long-term relationships with clients. They cater to both small and large property management needs, ensuring high engagement regardless of the property size. Their team is well-trained and motivated, providing customized service packages to meet individual client requirements.",2026-04-17,2026-04,stated by site,yes,no,69e236208f1d14b743348a3d,,leak site,leak site,leak site,,,
INC Ransom,bgcsnv.org,bgcsnv.org,US,United States,stated,Non-profit,,stated in description,15300000,,,Encrypted; Proof,,200,"Boys & Girls Club of Southern Nevada provides a safe and engaging environment for youth through various programs, including early childhood learning, summer camps, and mental health services. With 13 clubhouses across the region, they aim to support children in achieving their potential regardless of their background. The organization encourages community involvement and offers opportunities for volunteering and sponsorship. Their mission is to create a positive impact on the lives of young people in Southern Nevada. Employees: 200 Revenue: 15.3 Million Industry: Membership Organizations Phone Number: (702) 367-2582",2026-04-16,2026-04,stated by site,yes,no,69e16db28f1d14b743252555,leak site,leak site,leak site,leak site,leak site,,
INC Ransom,treelawoffice.com,treelawoffice.com,US,United States,stated,Legal,,stated in description,5000000,,,Encrypted,,50,"Tree Law is a Social Security Disability law firm with 25 years of experience, dedicated to representing claimants in their pursuit of Social Security disability benefits. The firm specializes in assisting disabled individuals who are unable to work, guiding them through the entire Social Security process from initial applications to federal court. With a proven track record of helping thousands of clients, Tree Law aims to provide financial and medical benefits to those in need. Their services are available in Yakima and Tri-Cities, WA. Employees: 50 Revenue: $5 Million Industry: Law Firms & Legal Services Phone Number: (509) 452-1700",2026-04-16,2026-04,stated by site,yes,no,69e1639f8f1d14b743245150,leak site,leak site,leak site,leak site,leak site,,
INC Ransom,Arban & Carosi,arbancarosi.com,US,United States,stated,Manufacturing,,web research,30000000,,,Encrypted; Proof,,,"Arban Carosi: 1TB customer and company data leaked due to negligence. * * Full employee base: Including names, positions, personal and work email addresses, phone numbers. * * Financial Documentation: Contracts, Invoices, Revenue Data * * Customer base: Customer contact details, project details * * Internal correspondence: Service emails and documents disclosing internal processes and company plans. !! In the screenshots, you can see that we have accessed detailed plans of various buildings, including U.S. Army buildings!! We will publish all the data in a week and everyone can use it for their own purposes.",2026-04-14,2026-04,stated by site,yes,no,69ddba468f1d14b743d54bff,web,leak site,web,leak site,,,
INC Ransom,bdac.com.au,bdac.com.au,AU,Australia,stated,Non-profit,,stated in description,19600000,,,Encrypted,,200,"Bendigo and District Aboriginal Co-operative (BDAC) has been providing services and support to the Aboriginal and Torres Strait Islander community of Dja Dja Wurrung for more than 15 years. BDAC is a proud Aboriginal community-controlled organisation, governed by a seven-member board elected by members. It has more than 50 staff - 80 per cent of whom identify as Aboriginal - working across three locations in Bendigo, including the Forest Street medical clinic. The company delivers programs across the core areas of health, education, employment, culture, family and community. BDAC is focused on achieving positive outcomes for and with the company's community, and leads the way in delivering a range of community development and capacity building projects. Employees: 200 Revenue: $19.6 Million Industry: Charitable Organizations Phone Number: +61 354424947",2026-04-12,2026-04,stated by site,yes,no,69dc23a08f1d14b743b06acc,leak site,leak site,leak site,leak site,leak site,,
INC Ransom,Straten & Kollegen,,DE,Germany,stated,Professional Services,,inferred from description,5000000,,,Encrypted; AD Dump; Proof,Databases / backups,,"Straten & Kollegen GmbH is a tax consulting firm based in Nordhorn, serving clients in the Grafschaft Bentheim, Emsland, and surrounding areas. They provide personalized and competent tax advisory services to both businesses and private individuals, including specialized support for Dutch companies entering the German market. The firm also offers expertise in agricultural bookkeeping and assists registered associations with their tax-related challenges. Their goal is to alleviate the burden of tax processes, allowing clients to focus on their core competencies.",2026-04-12,2026-04,stated by site,yes,no,69db99ad8f1d14b743a4694c,,leak site,leak site,leak site,,,leak site
INC Ransom,www.campbell.edu,campbell.edu,US,United States,stated,Education,,inferred from description,100000000,,,Proof,,,"In the university data leak, there will be incidents related to teachers' pedophilia, sexual abuse of students by other students, drug use, personal data, military recruitment of students, and other things 500gb",2026-04-11,2026-04,stated by site,yes,yes,69d9adee8f1d14b7437c374e,leak site,leak site,leak site,leak site,,,
INC Ransom,morgancountyga.gov,morgancountyga.gov,US,United States,stated,Government,,stated in description,23000000,,,Encrypted,,50,"Morgan County offers a range of government services and community resources, including public safety through the Fire Rescue and Sheriff's Office, as well as a Public Transit System. The county actively engages with residents by providing updates on meetings, events, and community initiatives. It features recreational facilities, such as a Recreation Complex, aimed at enhancing community well-being. The intended clients include local residents, visitors, and anyone needing access to county services. Employees: 50 Revenue: $23 Million Industry: Government Phone Number: (706) 342-1507",2026-04-11,2026-04,stated by site,yes,no,69dadc2a8f1d14b74395452e,leak site,leak site,leak site,leak site,leak site,,
INC Ransom,mastercom.com.au,mastercom.com.au,AU,Australia,stated,Telecommunications,,stated in description,12000000,,,Encrypted,,50,"Mastercom is raising the benchmark in Local Government communications in Sydney - building fast, secure and interoperable two way radio communication networks and infrastructure capable of bridging any terrain to enable field workers to be heard loud and clear anywhere, anytime. As a founding partner of The Orion Network we support a number of local government entities including: Newcastle City Council Maitland City Council Penrith City Council. Contact our Sydney two-way radio solutions team to find out more about our local government and emergency response solutions. Employees: 50 Revenue: $12.7 Million Industry: Telecommunications Phone Number: +61 288219588",2026-04-11,2026-04,stated by site,yes,no,69dadb098f1d14b743952754,leak site,leak site,leak site,leak site,leak site,,
INC Ransom,wright-ryan.com,wright-ryan.com,US,United States,stated,Construction,,web research,23000000,,,Proof,,,600gb project nda personal client contract all corp data,2026-04-10,2026-04,stated by site,yes,yes,69d92e6c8f1d14b74370ad02,leak site,leak site,web,leak site,,,
INC Ransom,martek co ltd.,martek.com.tw,TW,Taiwan,stated,Technology,,web research,10000000,,,Proof,,,https://www.martek.com.tw/en 700gb NDA,2026-04-10,2026-04,stated by site,yes,no,69d861b58f1d14b743603f0e,web,leak site,web,leak site,,,
INC Ransom,rxm.com.au,rxm.com.au,AU,Australia,stated,Pharmaceuticals & Biotech,,stated in description,1300000,,,Encrypted,,200,"Rx Management is a franchise network that manages a number of Pharmacy stores across New South Wales, Victoria and South Australia. We care about the wellbeing of our customers and our vision is to be the best in the Community Pharmacy, Health and Beauty space in Australia in dispensing prescriptions, providing health, beauty and lifestyle solutions and selling health and beauty product. Employees: 200 Revenue: $13 Million Industry: Pharmaceutical Manufacturing",2026-04-08,2026-04,stated by site,yes,no,69d676a58f1d14b74332aa2f,leak site,leak site,leak site,leak site,leak site,,
INC Ransom,Kannarr Eye Care,,US,United States,stated,Healthcare,,inferred from description,5000000,,,Proof,,,"Kannarr Eye Care is a full-service optometry provider located in Pittsburg, Kansas, dedicated to improving lives through advanced eye care. They offer a wide range of services including eye exams, contact lens fittings, cataract surgery, and treatment for ocular diseases. The clinic serves patients in the four-state area, ensuring personalized attention and professional care. Kannarr Eye Care also provides vision financing options and works with various insurance providers to promote good eye health.",2026-04-07,2026-04,stated by site,yes,no,69d4bb2e8f1d14b7430855d1,,leak site,leak site,leak site,,,
INC Ransom,BERGE-BAU GmbH & Co. KG,,DE,Germany,stated,Construction,,inferred from description,5000000,,,Encrypted; Proof,,,"Berge-Bau is a German family-run construction firm operating since 1875, specializing in structural engineering, civil engineering, pipeline construction, and turnkey projects. Celebrating its 150th anniversary, the company serves industrial and residential clients from its Erndtebrück headquarters and a branch in Zeitz. ----------------- Unfortunately, this company’s management values its own bottom line more than the safety of its employees and partners. In three days, hundreds of pieces of personal data, as well as contracts containing non-disclosure clauses, will be made public. We are giving Berge-Bau one last chance to resolve this situation amicably.",2026-04-03,2026-04,stated by site,yes,no,69d00e508f1d14b7439e964b,,leak site,leak site,leak site,,,
INC Ransom,roodtrucking.com,roodtrucking.com,US,United States,stated,Transportation & Logistics,,stated in description,5000000,,,Encrypted,,20,Employees: 20 Revenue: $5 Million Industry: Transportation and Warehousing,2026-04-03,2026-04,stated by site,yes,no,69cf9f358f1d14b743937025,leak site,leak site,leak site,leak site,leak site,,
INC Ransom,Infonet Media d.o.o.,,SI,Slovenia,stated,Media & Entertainment,,inferred from description,50000000,,,Proof,,,"Infonet Media d.o.o. (infonet.fm) is a media company based in Slovenia that operates one of the largest radio networks in the country. It brings together several popular radio stations (such as Radio 1, Radio Antena, and others), providing wide national and regional audience coverage. The company specializes in radio broadcasting, content production, and media projects, while also actively working in advertising and partnership campaigns.",2026-04-03,2026-04,stated by site,yes,no,69d01af68f1d14b7439fc1b3,,leak site,leak site,leak site,,,
INC Ransom,coronapa.com,coronapa.com,US,United States,stated,Legal,,inferred from description,5000000,,,Proof,,,"Corona Law Firm is a proud excellent client service and skillful representation. Established in 1997, well-known in the Florida legal community.",2026-04-03,2026-04,stated by site,yes,no,69d04c918f1d14b743a602d2,leak site,leak site,leak site,leak site,,,
INC Ransom,irpea.it,irpea.it,IT,Italy,stated,Non-profit,,stated in description,24000000,,,Encrypted,,200,"Fondazione IRPEA is a passionate nonprofit organization based in Padua that champions community service and volunteer work. Since being named the European Capital of Volunteering in 2020, they have been dedicated to growing local social projects and supporting community initiatives. Their work focuses on creating meaningful change through volunteer engagement and public support. Employees: 200 Revenue: $24.2 Million Industry: Charitable Organizations Phone Number: +39 498727201",2026-04-02,2026-04,stated by site,yes,no,69ce0dba8f1d14b7436c8084,leak site,leak site,leak site,leak site,leak site,,
INC Ransom,VLawyers,,GR,Greece,stated,Legal,,inferred from description,500000,,,Proof,,,"VGLawyers is a modern law firm providing professional legal services in Greece and internationally. Its team of experienced lawyers specializes in corporate law, investments, real estate, and business support, offering clients reliable and effective solutions. 260 gb data downloaded vglawyers.gr",2026-04-02,2026-04,stated by site,yes,yes,69ceb7aa8f1d14b7437d1f41,,leak site,leak site,leak site,,,
INC Ransom,submissionfinance.com,submissionfinance.com,AU,Australia,stated,,,,1000000,,,AD Dump; Encrypted; Proof; Stocks,Databases / backups,,"Collaborate With Our Expert Consultants Now. Since 1972, Submission Finance has been your steadfast partner in navigating the ever-changing world of money. Born from a boomer’s belief in hard work, integrity, and face-to-face relationships, our family-run firm has grown alongside generations of clients, earning trust through transparency and results.At Submission Finance, we don’t just manage numbers; we champion your ambitions. Our name says it all: when you submit your financial goals to us, we commit our decades of expertise to crafting personalized strategies, whether you’re saving for retirement, expanding a family business, or building your first investment portfolio. Contact: info@submissionfinance.com",2026-03-31,2026-03,stated by site,yes,no,69cbc35d8f1d14b743348acf,leak site,leak site,,leak site,,,leak site
INC Ransom,delapazlaw.com,delapazlaw.com,US,United States,stated,Insurance,,inferred from description,1000000,,,Proof,,,"When you work with the Law Office of Michael R. De La Paz, the only thing you have to worry about is recovering from your injuries. Mr. De La Paz will go to bat for you with the insurance companies and fight them in court to get you the compensation you deserve.",2026-03-31,2026-03,stated by site,yes,no,69cbb56d8f1d14b74332df1f,leak site,leak site,leak site,leak site,,,
INC Ransom,barrypgoldberg.com,barrypgoldberg.com,US,United States,stated,,,,2000000,,,Proof,,,"Barry P. Goldberg is truly committed to client satisfaction. We strive to obtain the largest possible result the law will allow and at the same time maximizing our clients’ net amount. We will take your phone calls whenever possible, return all communication promptly and answer each and every question. At Barry P, Goldberg, A Professional Law Corporation, we strive to handle our cases aggressively, ethically and “transparently” for our clients.",2026-03-30,2026-03,stated by site,yes,no,69cac3b58f1d14b7431d311c,leak site,leak site,,leak site,,,
INC Ransom,millersteelelaw.com,millersteelelaw.com,US,United States,stated,Legal,,inferred from description,5000000,,,Proof,,,"At Miller & Steele Law Firm, we believe in protecting and fighting for those who have been affected by the negligence of others. David Miller started this firm in 1978 to fight for those who could not fight their own battle. When he was a young man, he saw a family member involved in a lawsuit who was poorly represented by a bad lawyer which resulted in a poor outcome.",2026-03-30,2026-03,stated by site,yes,no,69caddcb8f1d14b7431fedaf,leak site,leak site,leak site,leak site,,,
INC Ransom,domingogarcia.com,domingogarcia.com,US,United States,stated,,,,9000000,,,Proof,,,"Domingo Garcia’s has been representing accident victims for over 35 years! One of Domingo’s first legal victory happened in 1995 when a jury awarded his client, a car-accident victim, $1,100,000. As the years passed Domingo has surrounded himself with highest skilled and qualified legal team who have recovered millions for victims of injury and wrongful death.",2026-03-30,2026-03,stated by site,yes,no,69caf3e48f1d14b74321bc7d,leak site,leak site,,leak site,,,
INC Ransom,Community Connections,,US,United States,stated,Healthcare,,inferred from description,30000000,,,Proof,,,"Community Connections operates as a non-profit behavioral health organization dedicated to serving vulnerable populations including women, men, youth, and children who face systemic barriers to healthcare access. The organization addresses critical gaps in mental health and substance use treatment by providing comprehensive services tailored to the specific needs of marginalized communities. The organization delivers an integrated continuum of care that combines behavioral health treatment, residential support services, and primary health care coordination.",2026-03-29,2026-03,stated by site,yes,no,69c90c9e8f1d14b743f59f93,,leak site,leak site,leak site,,,
INC Ransom,Greenology Products,,US,United States,stated,,,,8200000,,,Proof,,,"Since 2008, Greenology Products has been on a mission to create household and personal care products that do not harm our environment or human health. Our motto is Good, Clean, Honest. We create a superlative customer-centric experience by producing household and personal care products that deliver performance, delight the senses, and solve everyday needs while using plant-based and responsible ingredients and materials that do not hard people, pets, or our precious planet.",2026-03-29,2026-03,stated by site,yes,no,69c9505a8f1d14b743fad95d,,leak site,,leak site,,,
INC Ransom,"Conveyors, Inc.",,US,United States,stated,Government,,inferred from description,13500000,,,Proof,,,"Conveyors, Inc. is a family-owned manufacturer of bulk material handling equipment, established in 1974, with over 40 years of experience in the industry. The company offers a wide range of products including screw conveyors, bucket elevators, and drag conveyors, designed to efficiently handle bulk materials. Their intended clients span various industries such as commercial, industrial, oil & gas, and governmental sectors. With a commitment to quality and superior service, Conveyors, Inc. aims to exceed customer expectations in every project.",2026-03-29,2026-03,stated by site,yes,no,69c906e98f1d14b743f528dc,,leak site,leak site,leak site,,,
INC Ransom,www.davidhelfandlaw.com,davidhelfandlaw.com,US,United States,stated,Education,,inferred from description,1000000,,,Proof,,,"David A. Helfand, P.A. is admitted to practice in all the state courts of the state of Florida as well as the U.S. District Court in the Southern District of Florida. Mr. Helfand graduated from St. John’s University in 1989 and from Nova Southeastern University Law School in 1992. He formed the Law Offices of David A. Helfand, P.A. in 1998. He is a member of the Miami-Dade County Bar Association and the Association of Trial Lawyers of America.",2026-03-26,2026-03,stated by site,yes,no,69c5609c8f1d14b743a08e12,leak site,leak site,leak site,leak site,,,
INC Ransom,ETFSA,,ZA,South Africa,stated,Education,,inferred from description,8000000,,,Proof,,,"ETFSA.co.za is a South African financial services platform specializing in exchange-traded funds (ETFs). It offers a wide range of investment options, allowing individuals to invest in various sectors, indices, and asset classes through low-cost, diversified ETFs. The platform provides educational resources, investment solutions, and tools to help investors manage their portfolios effectively. ETFSA also supports tax-free savings accounts (TFSA) and retirement accounts, making it accessible for long-term wealth building ETFSA.co.za became the target of a cyberattack, and all confidential and personal client data will be published soon. Mike Brown did not worry about the security of his clients' data; he had the opportunity to ensure the safety of such sensitive data, but he preferred to stay on the sidelines. +27 82 653 5645 (m) Mike Brown",2026-03-26,2026-03,stated by site,yes,no,69c5317f8f1d14b7439c9337,,leak site,leak site,leak site,,,
INC Ransom,pulpdent.com,pulpdent.com,US,United States,stated,Retail & Wholesale,,stated in description,20000000,,,Encrypted,,100,"PULPDENT® Corporation is a family-owned dental research, manufacturing company and leader in bioactive and biomimetic dental materials. ACTIVA BioACTIVE, developed by Pulpdent, is a bioactive restorative material that behaves much like natural teeth and helps stimulate the formation of apatite, chemically bonds to teeth and helps protect against decay. For over 70 years, Pulpdent has been committed to product innovation, clinical education and patient-centered care. Employees: 100 Revenue: $20.1 Million Industry: Retail Phone Number: +(617) 926-6666",2026-03-25,2026-03,stated by site,yes,no,69c42f858f1d14b7438430bc,leak site,leak site,leak site,leak site,leak site,,
INC Ransom,glenmarkpharma.com,glenmarkpharma.com,IN,India,stated,Pharmaceuticals & Biotech,,inferred from description,1400000000,,,Proof,,,"Glenmark Pharmaceuticals, founded in 1977 and headquartered in Mumbai, India, is a global pharmaceutical company that develops, manufactures, and markets pharmaceutical products. The company operates in over 25 countries across North America, South America, Europe, Asia, Africa, and the Middle East, with a strong focus on research and development of innovative medications. Glenmark specializes in various therapeutic areas and maintains a diverse portfolio of pharmaceutical products serving both business and consumer markets worldwide. Rajeev Sharma Senior Vice President and Chief Financial Officer - North America Laura Lester Senior Vice President & General Counsel - North America Jim Brown Senior Vice President Firas B Abulaban Senior Vice President and Corporate Quality Head of North America Bradley Nowels Vice President Institutional Sales – North America Vishal Arora Vice President of Business Development and Licensing Michael Pope Executive Director and Site Head – Monroe, NC Adam Subervi Chief Compliance Officer Fabio Moreno Executive Director and Head of the OTC Business Kathleen (Kathy) McKenna Senior Director – Human Resources INVESTORS Company Secretary & Compliance Officer ComplianceOfficer@glenmarkpharma.com Tel No.: +91 22 4018 9999 Fax No.: +91 22 4018 9986 REGISTRAR AND SHARE TRANSFER AGENTS KFIN Technologies Limited Selenium Building, Tower-B, Plot No 31 & 32,Financial District, Nanakramguda, Serilingampally, Hyderabad, Rangareddy, Telangana, India – 500 032. Email ID: einward.ris@kfintech.com Toll Free/ Phone Number : 1800 309 4001 WhatsApp Number : (91) 910 009 4099 KFINTECH Corporate Website: www.kfintech.com RTA Website: https://ris.kfintech.com Investor Support Centre (DIY Link) https://ris.kfintech.com/clientservices/isc BUSINESS DEVELOPMENT For queries related to collaboration and partnership, please email to : businessdevelopment.web@glenmarkpharma.com INVESTORS Company Secretary & Compliance Officer ComplianceOfficer@glenmarkpharma.com Tel No.: +91 22 4018 9999 ------------------------------------------- GRIEVANCE OFFICER grievance.officer@glenmarkpharma.com Tel No.: +91 22 4018 9999 Fax No.: +91 22 4018 9986 ------------------------------------------- REGISTRAR AND SHARE TRANSFER AGENTS KFIN Technologies Limited Selenium Building, Tower-B, Plot No 31 & 32,Financial District, Nanakramguda, Serilingampally, Hyderabad, Rangareddy, Telangana, India – 500 032. Email ID: einward.ris@kfintech.com Toll Free/ Phone Number : 1800 309 4001 WhatsApp Number : (91) 910 009 4099",2026-03-25,2026-03,stated by site,yes,no,69c3d3d18f1d14b7437c320c,leak site,leak site,leak site,leak site,,,
INC Ransom,PWNA Plains,,US,United States,stated,Non-profit,,inferred from description,5000000,,,Encrypted; Proof,,,"Partnership With Native Americans is a 501 (c)(3) nonprofit organization committed to championing hope for a brighter future for Native Americans living on remote, isolated and impoverished reservations",2026-03-24,2026-03,stated by site,yes,no,69c30c758f1d14b7436d1047,,leak site,leak site,leak site,,,
INC Ransom,jenningsk12.org,jenningsk12.org,US,United States,stated,Education,,stated in description,28500000,,,Encrypted,,500,"The Jennings School District strives to provide students with learning experiences and opportunities that prepare the company's students for college and careers and for the 21st century. The company is a community of learners committed to excellence in education. The company want students to plan and prepare for life after Jennings High School. The company want Jennings students to leave the Jennings School District with the opportunity to take college classes, earned college credit, or have taken career and technical education classes that allow them to start working in their desired career field after graduation. The company is developing community partnerships that will benefit Jennings students and the Jennings community. Please take the time to explore the College and Career link and resources available. It is an honor to serve the families and students of the Jennings School District. CLICK HERE to visit the College and Career Advising page. Employees: 500 Revenue: $28.5 Million Industry: Education Phone Number: +(314) 653-8000",2026-03-24,2026-03,stated by site,yes,no,69c2e4b58f1d14b743698da2,leak site,leak site,leak site,leak site,leak site,,
INC Ransom,cerboniservices.com,cerboniservices.com,US,United States,stated,Hospitality & Travel,,inferred from description,5000000,,,Encrypted; AD Dump; Proof; Stocks,Databases / backups,,"Cerboni specializes in providing expert bookkeeping, tax, and CFO services tailored for the restaurant and hospitality industries, while also serving a diverse range of sectors including retail, healthcare, and construction. The company focuses on optimizing profitability, strengthening financial controls, and driving sustainable growth for its clients. With a commitment to delivering clear financial insights and strategic support, Cerboni partners with businesses to enhance their operational efficiency and long-term success. Their comprehensive services include payroll management, inventory control, tax compliance, and IRS audit support.",2026-03-24,2026-03,stated by site,yes,no,69c2be7f8f1d14b74366cb23,leak site,leak site,leak site,leak site,,,leak site
INC Ransom,Kiswire,,KR,South Korea,stated,Manufacturing,,inferred from description,1300000000,,,Proof,Personal data (PII); Employee / HR; Financial / accounting; Corporate / confidential; Engineering / R&D / IP,,"Kiswire Ltd. 37 Gurak-ro 141beon-gil Suyeong-gu Busan, 48212 South Korea www.kiswire.com is a prominent player in the specialty steel wire industry, headquartered in Busan, South Korea. Founded in 1945, the company has established itself as a global leader, manufacturing a wide range of steel wire products for various sectors, including automotive, construction, energy, and electronics. Kiswire exports its products to over 80 countries and maintains a significant production capacity of approximately 1.2 million tons annually. Leaked data: 128 GB (137,688,514,560 bytes) 118,019 Files, 22,024 Folders Special data: technologies, information about manufactured products, control of technological processes and tests, product assembly schemes, material specifications, drawings, product tests, logistics, financial indicators, complete information about employees including complete personal data, photographs, gender and skin color, etc., corporate information and more. Status of data: confidental",2026-03-23,2026-03,stated by site,yes,no,69c1acc58f1d14b7434fc1f0,,leak site,leak site,leak site,,,leak site
INC Ransom,airports.com.na,airports.com.na,NA,Namibia,stated,Transportation & Logistics,,web research,22000000,,,Encrypted,,200,"Namibia Airports Company founded in 1999 and headquartered in Khomas, Namibia, is a service provider in airport operations and management. Employees: 200 Revenue: $21.5 Million Industry: Federal Phone Number: +264 612955000",2026-03-19,2026-03,stated by site,yes,no,69bbef478f1d14b743d8daad,leak site,leak site,web,leak site,leak site,,
INC Ransom,sensationalteeth.com,sensationalteeth.com,US,United States,stated,Healthcare,,stated in description,5000000,,,Encrypted,,10,"Oelbaum & Kagan Dentistry is a dental practice located in the Bronx, New York City, offering a wide range of services including cosmetic dentistry, restorative care, and orthodontics. Led by experienced dentists Victor Oelbaum and Victor Kagan, the practice is dedicated to providing high-quality dental care in a comfortable environment. They cater to both adults and children, ensuring comprehensive dental health solutions for all patients. The office is equipped with advanced technology to enhance the patient experience and improve treatment outcomes. Employees: 10 Revenue: $5 Million Industry: Dental Practice Management Phone Number: (718) 882-7202",2026-03-18,2026-03,stated by site,yes,no,69bb32478f1d14b743ca453a,leak site,leak site,leak site,leak site,leak site,,
INC Ransom,frazercenter.org,frazercenter.org,US,United States,stated,Education,,stated in description,9200000,,,Encrypted,,200,"Frazer Center is a non-profit organization dedicated to supporting children and adults with developmental disabilities. Their services include a Child Development Program for children aged six weeks to five years and an Adult Program that offers individualized programming for those with intellectual disabilities. The center aims to foster learning, social opportunities, and lasting friendships for all participants. Located in Atlanta, Georgia, they welcome donations and volunteers to support their mission. Employees: 200 Revenue: $9.7 Million Industry: Education Phone Number: (404) 377-3836",2026-03-16,2026-03,stated by site,yes,no,69b83be78f1d14b743891a72,leak site,leak site,leak site,leak site,leak site,,
INC Ransom,www.integer.net,integer.net,US,United States,stated,Healthcare,,inferred from description,2000000000,,,Proof,,11000,"Integer® Holdings Corporation (NYSE:ITGR) is one of the largest medical device outsource (MDO) manufacturers in the world serving the cardiac, neuromodulation, vascular and portable medical markets. The company provides innovative, high-quality technologies and manufacturing to Medical Device OEMs to enhance the lives of patients worldwide. In addition, it develops batteries for high-end niche applications in energy, military, and environmental markets. Greatbatch Medical®, Lake Region Medical® and Electrochem® comprise the companys brands. Our story is one filled with 80 years of industry-changing innovations and exemplary manufacturing. Its a legacy we are proud of as we continue to provide customers with unparalleled expertise, innovation and manufacturing excellence. We are guided by our values of Innovation, Collaboration, Inclusion, Candor, Integrity and Customer.",2026-03-13,2026-03,stated by site,yes,yes,69b4473c8f1d14b743373908,leak site,leak site,leak site,leak site,web,,
INC Ransom,JDV Products,jdvproducts.com,US,United States,stated,,,,13000000,,,Encrypted; Proof,,,"JDV Products, Inc. specializes in providing a wide range of tools and equipment for wire wrapping, including wire wrap guns, wrap tools, and wire handling solutions. The company also features a selection of gas-powered tools and fiber optic tools, ensuring comprehensive support for electrical projects. We have 700GB of data at our disposal, in a week we will publish everything.",2026-03-12,2026-03,stated by site,yes,no,69b214a48f1d14b7430934e7,web,leak site,,leak site,,,
INC Ransom,Kentucky Injury,kentuckyinjury.com,US,United States,stated,Healthcare,,inferred from description,1000000,,,Proof,,,"When you're dealing with an injury, you need more than just legal representation — you need someone who truly understands what you're going through and will stand by your side. That’s where I come in. I'm John Byrnes, a Louisville-based personal injury lawyer dedicated to helping people across Kentucky when they’ve been hurt due to someone else’s negligence. With over 25 years of legal experience and a passion for serving my community, I focus exclusively on personal injury law so I can give every client the time, attention, and strong advocacy they deserve. Whether you were injured in a car accident, harmed by a defective product, or suffered due to medical malpractice, my goal is to help you recover the maximum compensation and care you need to move forward.",2026-03-11,2026-03,stated by site,yes,no,69b1755f8f1d14b743fab8f6,web,leak site,leak site,leak site,,,
INC Ransom,thethibeauxfirm.com,thethibeauxfirm.com,US,United States,stated,Legal,,inferred from description,10000000,,,Proof,,,"At The Thibeaux Firm, our top priority is you. We are a Lafayette, Louisiana-based personal injury law firm committed to high-quality representation, outstanding client support, and the pursuit of maximum compensation for accident victims. Omar Thibeaux started our law firm on the belief that advocacy means more than just negotiating a settlement from those responsible for your accident. It also involves listening to you, understanding your problems, keeping in frequent contact with you, and never losing sight of what your case is worth. Our goal is to get the most return on your accident claim — and to never charge excessive fees in doing so. Whether you’ve been in an accident in Lafayette, New Orleans, Baton Rouge, or anywhere else in the Pelican State, you’re never another claim number to us. You’re part of our community and our family.",2026-03-11,2026-03,stated by site,yes,no,69b171288f1d14b743fa547b,leak site,leak site,leak site,leak site,,,
INC Ransom,meridenct.gov,meridenct.gov,US,United States,stated,Government,,stated in description,23000000,,,Encrypted,,200,"Meriden 2020 provides a variety of government, business, recreational, educational, and transportation resources for residents and visitors of Meriden, Connecticut (CT). Employees: 200 Revenue: $23 Million Industry: Government Phone Number: (203) 630-4000",2026-03-11,2026-03,stated by site,yes,no,69b1930c8f1d14b743fd3bb1,leak site,leak site,leak site,leak site,leak site,,
INC Ransom,Teknopres_TR,,TR,Turkey,stated,Construction,,inferred from description,5000000,,,AD Dump; Encrypted; Proof; Stocks,Databases / backups,,"Our company Teknopres, which was founded in 1978, serves injection casting, mould design and mould construction for the internal and the external markets. Teknopres has the principles of Qualificated Customer Focusing Production. Teknopres has the developing and constantly renewed technology in all departments. The company mainly works for the automotive, construction and electronics sectors.",2026-03-09,2026-03,stated by site,yes,no,69aea23f8f1d14b7431576fd,,leak site,leak site,leak site,,,leak site
INC Ransom,arbd.com,arbd.com,US,United States,stated,Legal,,stated in description,5000000,,,Encrypted,,20,"Abramson Brown & Dugan is a leading law firm in New Hampshire specializing in medical malpractice and personal injury cases. With a reputation for securing the highest number of settlements in the state, they cater to clients who have suffered injuries due to medical negligence or accidents. Their team of experienced attorneys is committed to providing compassionate support during what can be a traumatic time for their clients. The firm also emphasizes their mission to restore trust and advocate fiercely for those affected by serious legal matters. Employees: 20 Revenue: $5 Million Industry: Law Firms & Legal Services Phone Number: (603) 627-1819",2026-03-09,2026-03,stated by site,yes,no,69af27c88f1d14b743442f8c,leak site,leak site,leak site,leak site,leak site,,
INC Ransom,tupeloeye.com,tupeloeye.com,US,United States,stated,Healthcare,,stated in description,5000000,,,Encrypted,,50,"It is home to Tupelo Eye Clinic (Joseph J. Chappell, M.D., William C. Brawner, M.D., and Lee H. Walker, M.D.) and Tupelo Eye Center Optical Shop. Located at 610 Brunson Drive, is the home of the Tupelo Eye Clinic & the Tupelo Eye Center Optical Shop. Our Services Employees: 50 Revenue: $5 Million Industry: Hospitals & Physicians Clinics Phone Number: (662) 844-7211",2026-03-09,2026-03,stated by site,yes,no,69af1cac8f1d14b7433f4e7b,leak site,leak site,leak site,leak site,leak site,,
INC Ransom,altaortho.com,altaortho.com,US,United States,stated,Healthcare,,stated in description,8000000,,,Encrypted,,50,"Alta Orthopaedics specializes in orthopaedic surgery, pain management, and sports medicine, serving clients in Santa Barbara, Solvang, Oxnard, and Santa Maria, CA. They offer a range of services including treatment for ACL injuries, meniscus tears, elbow tendon pathology, rotator cuff disease, fractures, and various types of surgical procedures. The practice boasts a convenient online booking system and a focus on patient education and care, as reflected in positive customer testimonials. Their team of specialists includes physicians and physician assistants experienced in various orthopaedic disciplines. Employees: 50 Revenue: $8.9 Million Industry: Hospitals & Physicians Clinics Phone Number: (805) 688-8821",2026-03-09,2026-03,stated by site,yes,no,69af1b058f1d14b7433e952e,leak site,leak site,leak site,leak site,leak site,,
INC Ransom,LHT Holdings Limited,lht.com.sg,SG,Singapore,stated,Manufacturing,,inferred from description,25400000,,,Encrypted; AD Dump; Proof; Stocks,Databases / backups,203,"LHT Holdings is a leading manufacturer of wooden pallets and crates based in Singapore, established in 1977. The company specializes in environmentally friendly packaging solutions, offering a comprehensive range of products including pest-free IPPC pallets, plastic pallets, and technical wood. LHT also provides services such as industrial packaging, pallet rental, and waste disposal, catering to clients looking for sustainable and innovative packaging options. With a focus on emerging technology and sustainability, LHT aims to reduce carbon footprints while delivering high-quality products and services.",2026-03-09,2026-03,stated by site,yes,no,69ae98878f1d14b74314ae6a,web,leak site,leak site,leak site,web,,leak site
INC Ransom,Estra Automotive,,PL,Poland,stated,Manufacturing,,inferred from description,250000000,,,Encrypted; Proof; Stocks,,,"Estra Automotive is an international automotive supplier that develops and manufactures thermal management components and systems for vehicles. The company focuses on products such as HVAC systems, heat exchangers, and engine cooling solutions used by global automotive manufacturers to maintain optimal vehicle temperature, improve efficiency, and support modern vehicle technologies",2026-03-07,2026-03,stated by site,yes,no,69abe7068f1d14b743e12b6b,,leak site,leak site,leak site,,,
INC Ransom,northstaria.com,northstaria.com,US,United States,stated,Insurance,,stated in description,44000000,,,Encrypted,,200,"North Star Insurance Advisors is the leading final expense telesales company in America, dedicated to serving the senior market, agents, and partners. The company offers innovative training, a competitive compensation structure, and limitless growth opportunities for agents and partners. With over 40 years of combined experience, North Star utilizes proprietary technology to assist families with their final expense needs. As a purpose-driven organization, they prioritize people and aim to provide valuable resources to navigate life's challenges. Employees: 200 Revenue: $44.9 Million Industry: Insurance Phone Number: (636) 205-5005",2026-03-05,2026-03,stated by site,yes,no,69a9f6838f1d14b7434f3234,leak site,leak site,leak site,leak site,leak site,,
INC Ransom,parkerlipman.com,parkerlipman.com,US,United States,stated,Legal,,inferred from description,5000000,,,Proof,,,"Parker Lipman LLP is a premiere Denver personal injury law firm working for years, protecting the rights of the injured. Call our experienced attorneys for representation in personal injury and accidents.",2026-03-05,2026-03,stated by site,yes,no,69a9caa98f1d14b7434b8533,leak site,leak site,leak site,leak site,,,
INC Ransom,saturnmachine.net,saturnmachine.net,US,United States,stated,Manufacturing,,stated in description,6000000,,,Encrypted,,50,"Saturn Machine is a leading designer and manufacturer of equipment for major steel companies in North America, specializing in steel fabrication, machining, laser processing, and sandblasting. The company prides itself on delivering high-quality products and problem-solving solutions, supported by a team of skilled professionals and advanced machinery. With capabilities in mechanical and electrical engineering, hydraulic system design, and welding fabrication, Saturn Machine aims to expand its services to a broader client base. Their commitment to customer satisfaction and excellence in design sets them apart in the steel products manufacturing industry. Employees: 50 Revenue: $6 Million Industry: Industrial Machinery & Equipment Phone Number: (270) 333-2104",2026-03-04,2026-03,stated by site,yes,no,69a86c0b8f1d14b743f6d074,leak site,leak site,leak site,leak site,leak site,,
INC Ransom,napolinlaw.com,napolinlaw.com,US,United States,stated,Insurance,,inferred from description,5000000,,,Proof,,,"Alexander D. Napolin is a top-rated, 100% plaintiff-side California personal injury attorney, exclusively advocating for injured individuals – never defending insurance companies or corporations.",2026-03-03,2026-03,stated by site,yes,no,69a7670b8f1d14b743bd2d3d,leak site,leak site,leak site,leak site,,,
INC Ransom,hopkins-law.com,hopkins-law.com,US,United States,stated,Legal,,inferred from description,1000000,,,Proof,,,"Hopkins Barvié & Hopkins, P.L.L.C. is your trusted Gulf Coast firm for personal injury, business litigation, and family law—fiercely protecting your rights while guiding you with honesty, respect, and genuine care.",2026-03-03,2026-03,stated by site,yes,no,69a761858f1d14b743bcc860,leak site,leak site,leak site,leak site,,,
INC Ransom,lawofficesoferichershler.com,lawofficesoferichershler.com,US,United States,stated,,,,1000000,,,Proof,,,"The Law Offices of Eric Hershler, APC, in Los Angeles, focuses exclusively on personal injury cases.",2026-03-03,2026-03,stated by site,yes,no,69a75fc98f1d14b743bc999c,leak site,leak site,,leak site,,,
INC Ransom,brockmaninjurylawyer.com,brockmaninjurylawyer.com,US,United States,stated,Legal,,inferred from description,1000000,,,Proof,,,"The attorneys at Jonathan R. Brockman, P.C. are dedicated to helping victims who have been injured or killed due to the negligence of others. Between them, our attorneys have more than 70 years of experience pursuing personal injury claims on behalf of clients and representing clients in a court of law. They have successfully tried cases in federal court and argued cases in the Georgia Court of Appeals and the Georgia Supreme Court.",2026-03-03,2026-03,stated by site,yes,no,69a75d7a8f1d14b743bc56dc,leak site,leak site,leak site,leak site,,,
INC Ransom,"The City of Hesperia, CA",,US,United States,stated,Government,,inferred from description,31000000,,,Encrypted,,,"Access was gained to files containing state secrets, non-disclosure agreements, contracts with private and public companies, as well as personal data of employees and government officials. Transactions, payment, and tax documents were also obtained.",2026-03-03,2026-03,stated by site,yes,no,69a745538f1d14b743ba90ba,,leak site,leak site,leak site,,,
INC Ransom,maisonlaw.com,maisonlaw.com,US,United States,stated,,,,3000000,,,Proof,,,"Maison Law provides skilled, experienced, and personalized legal guidance to the voiceless and the injured in the Central Valley.",2026-03-03,2026-03,stated by site,yes,no,69a6f88b8f1d14b743b51a17,leak site,leak site,,leak site,,,
INC Ransom,cwpa.com,cwpa.com,US,United States,stated,Retail & Wholesale,,inferred from description,5000000,,,Proof; AD Dump; Encrypted,Databases / backups,,"Office Products Retail & Distribution PO Box 11309, Spring, Texas, 77391, United States Phone Number (281) 251-9814 Website www.cwpa.com Revenue <$5 Million CWPA is a provider of office equipment and furniture, specializing in customized solutions to improve office efficiency for businesses in Spring, TX. They offer a single-source approach for office supplies, managed print services, promotional products, and office ergonomics. Their intended clients include office managers and businesses seeking reliable, efficient ordering processes. CWPA emphasizes personalized customer service and prompt delivery, making them a preferred partner for various office supply needs.",2026-03-03,2026-03,stated by site,yes,no,69a6d03a8f1d14b743b10cfc,leak site,leak site,leak site,leak site,,,leak site
INC Ransom,bclawoffices.com,bclawoffices.com,US,United States,stated,,,,1000000,,,Proof,,,"At the Law Offices of Brent W. Caldwell, we help people who have been injured in accidents get the legal support they need during a difficult time. While there are many personal injury firms in California and Nevada, we take pride in being more than just a law office with strong results. We are focused on building real relationships with our clients and treating every case with the attention it deserves.",2026-03-03,2026-03,stated by site,yes,no,69a76eeb8f1d14b743bdca2d,leak site,leak site,,leak site,,,
INC Ransom,mcfirm.com,mcfirm.com,US,United States,stated,Legal,,inferred from description,1000000,,,Proof,,,"Martin Cukjati & Tom, LLP is a full service law firm with over 75 years of combined legal experience representing people and businesses in high-stakes litigation. The cornerstone of our success is limiting our case load and dedicating ourselves to serving a select few clients, making sure your case receives the attention it deserves. This allows us to focus on our clients, and work towards achieving the best possible outcome.",2026-03-02,2026-03,stated by site,yes,no,69a5a97b8f1d14b74397b6b7,leak site,leak site,leak site,leak site,,,
INC Ransom,piglerautomation.com,piglerautomation.com,US,United States,stated,Manufacturing,,stated in description,5000000,,,Encrypted,,50,"Pigler Automation specializes in Industrial Automation System Integration, helping clients streamline and modernize their operations to enhance efficiency and productivity. Their services include control system consultation, project planning, and support for various industries such as biopharma, oil and gas, and energy. With over 20 years of experience, their team of certified engineers offers expertise in SCADA design, PLC programming, and system integration. Pigler Automation aims to bridge the gap between legacy systems and cutting-edge automation, ensuring clients can optimize performance and stay ahead of industry challenges. Employees: 50 Revenue: $5 Million Industry: Industrial Machinery & Equipment Phone Number: (866) 871-1456",2026-03-01,2026-03,stated by site,yes,no,69a38f9b8f1d14b7436e50f9,leak site,leak site,leak site,leak site,leak site,,
INC Ransom,http://ramet-trom.co.il/,ramet-trom.co.il,IL,Israel,stated,Government,,inferred from description,50000000,,,Proof,,,"1 terabyte of data, blueprints, contracts and much more, not recognized by the israeli ministry of defense as a terrorist organization.",2026-03-01,2026-03,stated by site,yes,no,69a4a7828f1d14b7438463a2,leak site,leak site,leak site,leak site,,,
INC Ransom,lke-group.com,lke-group.com,DE,Germany,stated,Engineering & Architecture,,stated in description,30000000,,,Encrypted,,500,"LKE Group creates custom transport equipment for businesses across different industries. They design and build specialized gear that helps companies move materials, products, and goods more efficiently. From warehouse systems to industrial transport devices, LKE makes machines that solve real moving and handling challenges for factories, logistics centers, and manufacturing plants. Employees: 500 Revenue: $30.4 Million Industry: Architecture, Engineering & Design Phone Number: +49 23650000000",2026-03-01,2026-03,stated by site,yes,no,69a499e68f1d14b743834763,leak site,leak site,leak site,leak site,leak site,,
INC Ransom,abramssales.com,abramssales.com,US,United States,stated,Engineering & Architecture,,stated in description,5000000,,,Encrypted,,50,"Founded in 2001, Abrams Architectural Products, Inc. is a leading distributor, fabricator, and installer of architectural metals, particularly aluminum composite material cladding systems. They collaborate with architects and general contractors to ensure their visions are realized through quality products, expert solutions, and tailored services. Their product offerings include a variety of architectural metal systems for both exterior and interior cladding, catering to projects of various sizes and complexities. With a strong reputation for excellence, they serve a diverse range of clients across the United States, providing top-tier general contracting services in fields such as airports, museums, and medical centers. Employees: 50 Revenue: $5.3 Million Industry: Architecture, Engineering & Design Phone Number: (770)745-8728",2026-03-01,2026-03,stated by site,yes,no,69a4977f8f1d14b743831307,leak site,leak site,leak site,leak site,leak site,,
INC Ransom,denmark.k12.wi.us,denmark.k12.wi.us,US,United States,stated,Education,,stated in description,18200000,,,Encrypted,,100-249,"Denmark High School is a company that employs 100to249 people and has 10Mto25M of revenue. The company is headquartered in Denmark, Wisconsin. Employees: 200 Revenue: $18.2 Million Industry: Education Phone Number: (920) 863-4200",2026-03-01,2026-03,stated by site,yes,no,69a4948d8f1d14b74382e4e8,leak site,leak site,leak site,leak site,leak site,,
INC Ransom,Lymphedema Therapy Specialists,,US,United States,stated,Healthcare,,inferred from description,5000000,,,Encrypted; Proof,,,"Lymphedema Therapy Specialists is a private outpatient clinic in Houston, Texas, specializing in the treatment of lymphedema through various therapies including manual lymph drainage, pneumatic compression therapy, and wound care. The clinic aims to assist patients in managing their symptoms by providing educational resources and tailored treatment plans. With experienced professionals on staff, they serve individuals suffering from lymphedema and associated conditions in the Houston area. Their mission is to alleviate suffering and support patients in their healing journey.",2026-02-27,2026-02,stated by site,yes,no,69a170778f1d14b743449ab3,,leak site,leak site,leak site,,,
INC Ransom,Empresa de Transportes Via Pajuçara Ltda.,viapajucara.com.br,BR,Brazil,stated,Transportation & Logistics,,web research,33900000,,,Encrypted,,,http://viapajucara.com.br/ sac@pajunet.com.br janaina.felix@pajunet.com.br bianca.barbosa@pajunet.com.br adriano.lima@pajunet.com.br erica.amanda@pajunet.com.br ADMINISTRATIVE (11) 94744-7972 Janaína Félix (Supervisor) ext. 6934 Bianca Barbosa ext. 6783 Adriano Lima ext. 6761 Érica Amanda ext. 6773 COORDINATOR AND OPERATIONAL LEADERS (11) 98717-4485 (11) 97679-6019 (11) 95967-3480,2026-02-27,2026-02,stated by site,yes,no,69a154718f1d14b74341c877,web,leak site,web,leak site,,,
INC Ransom,Tract Consulting,tractconsulting.com,CA,Canada,stated,Engineering & Architecture,,inferred from description,5000000,,,Proof,,,"Tract Consulting Inc. is an award-winning firm specializing in landscape architecture, urban planning, and civil engineering services, based in St. John's, Newfoundland & Labrador. With over 25 years of experience, they focus on creating beautiful, engaging communities where people feel a sense of belonging. Their team is dedicated to implementing community place-based design and effective asset management strategies. Intended clients include municipalities and organizations looking for professional design and planning services for urban improvement projects. In a week we will publish all data.",2026-02-27,2026-02,stated by site,yes,no,69a0f4578f1d14b7433943cd,web,leak site,leak site,leak site,,,
INC Ransom,csi-ri.com,csi-ri.com,US,United States,stated,Manufacturing,,stated in description,5000000,,,Encrypted; AD Dump,Databases / backups,50,"Contractors Supply stocks and distributes only top quality products and materials that conform to the latest DOT, ASTM, and Federal Specifications. In addition, the company only partner with manufacturers and representatives who stand behind their products and prove to be invaluable resources in product selection, technical service, price and availability. Contractors Supply prides itself on partnering with contractors, architects, engineers as well as with the company's manufacturers to continually solve problems and provide solutions to the company's customers' needs. The company strives to share the company's expertise with the company's customers to generate successful results and solutions in all phases of construction. Contractors Supply's goal is to continue to be the company's customers' First Choice supplier by: - Stocking a wide variety of quality material, supplies, and equipment - Delivering the items you need, when and where you need them - Providing accurate and factual Employees: 50 Revenue: $5 Million Industry: Industrial Machinery & Equipment Phone Number: (203) 553-4300",2026-02-27,2026-02,stated by site,yes,no,69a1b9be8f1d14b7434b447b,leak site,leak site,leak site,leak site,leak site,,leak site
INC Ransom,pacepacific.com,pacepacific.com,US,United States,stated,Construction,,stated in description,13000000,,,Encrypted; AD Dump; Proof,Databases / backups,200,"PACE Pacific Corporation is a Native American woman-owned small business that specializes in general contracting services in Arizona and New Mexico. Established in 1991, the company provides ground-up construction services for a diverse range of clients, including state, local, federal, tribal entities, and private developers. PACE offers comprehensive capabilities such as Construction Management, Self-Performing Concrete Division, and Design-Build Services, while maintaining a commitment to quality and a trained professional team. With extensive experience in sectors like education, healthcare, and military facilities, PACE aims to exceed client expectations as both a prime and subcontractor Employees: 200 Revenue: $13.2 Million Industry: Construction Management Phone Number: (602) 437-8729",2026-02-27,2026-02,stated by site,yes,no,69a1b8458f1d14b7434b2a2b,leak site,leak site,leak site,leak site,leak site,,leak site
INC Ransom,APRO Asian Protection Pte Ltd,,SG,Singapore,stated,,,,5300000,,,Encrypted; AD Dump,Databases / backups,,+65 65676388 +60 46560933 enquiry@apro.com.sg register@apro.com.sg,2026-02-26,2026-02,stated by site,yes,no,69a04cff8f1d14b743268d25,,leak site,,leak site,,,leak site
INC Ransom,"JA AKITA KITA LIFE SERVICE, K.K",ja-akitakita-ls.jp,JP,Japan,stated,Energy & Utilities,,web research,5000000,,,Encrypted,,,https://ja-akitakita-ls.jp/ 0186-55-1412,2026-02-26,2026-02,stated by site,yes,yes,69a04fd18f1d14b7432740b8,web,leak site,web,leak site,,,
INC Ransom,WE Fitness,wefitnesssociety.com,TH,Thailand,stated,Consumer Services,,web research,5000000,,,Encrypted,,,Email info@wefitnesssociety.com 02-059-3939,2026-02-26,2026-02,stated by site,yes,no,69a048c68f1d14b74325849a,web,leak site,web,leak site,,,
INC Ransom,https://daricon.com/ (military US/CA/NATO),daricon.com,US,United States,stated,Aerospace & Defense,,web research,20000000,,,Proof,,,"400 GB of data, correspondence with NATO and US Army employees, confidential documents, signatures of NATO generals, their passport addresses, shipments to various countries, photos and videos, drawings, personal data, emails of employees of various US and NATO armies, numerous files, phone numbers, personal data, contracts with the Canadian and US Army, documentation on other companies involved in oil in Iraq, Uganda, and elsewhere.",2026-02-26,2026-02,stated by site,yes,no,69a0a50c8f1d14b743303cea,leak site,leak site,web,leak site,,,
INC Ransom,"Law Offices Taenzer & Ettenson, P.C. (tesalaw.com)",,US,United States,stated,Legal,,inferred from description,30000000,,,Proof,,,"TAENZER & ETTENSON, P.C. is well-prepared to effectively serve your personal and business legal needs with years of experience in the practice of law. Our accomplished, professional staff will: Provide you with expert legal advice Identify key issues in your case Maintain your confidentiality at all times Extend to you the personal service and attention you deserve We are dedicated to providing you with exceptional legal services. Laek: 30GB WE HAS COLLECTED SUCH DATA AS: - Confidential documents - Clients Data - NDA - Financial data - Operations - Corporate data - Business Agreements - Development - Financial databases, all transactions, all clients And a lot of other VERY IMPORTANT information!",2026-02-25,2026-02,stated by site,yes,no,699ecb888f1d14b743ced0c0,,leak site,leak site,leak site,,,
INC Ransom,acwapower.com \ https://www.larsentoubro.com/,,AE,United Arab Emirates,stated,,,,100000000,,,Proof,,,400gb,2026-02-24,2026-02,stated by site,yes,no,699d17108f1d14b743a8a09e,,leak site,,leak site,,,
INC Ransom,primepak.com,primepak.com,US,United States,stated,Manufacturing,,stated in description,54300000,,,Encrypted,,200,"Primepak is your worldwide specialist in packaging. As a leading manufacturer, importer and distributor since 1972, we provide a wide range of solutions for every application in packaging, plastic bags, poly sheets, tubing and films. Employees: 200 Revenue: $54.3 Million Industry: Manufacturing Phone Number: (201) 836-5060",2026-02-23,2026-02,stated by site,yes,no,699c5f118f1d14b7439678c4,leak site,leak site,leak site,leak site,leak site,,
INC Ransom,The City of Cocoa,,US,United States,stated,Government,,inferred from description,20200000,,,Proof,,,"The City of Cocoa offers diverse public services aimed at enhancing the quality of life for its community. Their services include water management, economic development programs, and various community engagement initiatives. Intended clients encompass local residents, businesses, and visitors who seek information and support from city departments. The city is also focused on maintaining public safety, health, and environmental stewardship.",2026-02-23,2026-02,stated by site,yes,no,699c5c908f1d14b743962624,,leak site,leak site,leak site,,,
INC Ransom,polymedicure.com,polymedicure.com,IN,India,stated,Healthcare,,inferred from description,165000000,,,Encrypted; Proof,,,"Polymed is a global leader in the medical device industry, offering a wide range of medical devices since 1997. The company specializes in various fields including infusion therapy, critical care, dialysis, cardiology, and oncology",2026-02-20,2026-02,stated by site,yes,no,699860528f1d14b7434f80f7,leak site,leak site,leak site,leak site,,,
INC Ransom,aircotedivoire.com,aircotedivoire.com,ZA,South Africa,stated,Transportation & Logistics,,stated in description,40500000,,,Encrypted; AD Dump,Databases / backups,1000,"Established in 2012, Air Côte d'Ivoire offers direct and frequent flights. They are based in Abidjan, Ivory Coast. Employees: 1000 Revenue: 40.5 Million Industry: Airlines, Airports & Air Services Phone Number: +225 20251030",2026-02-19,2026-02,stated by site,yes,no,69969fda8f1d14b7432c9104,leak site,leak site,leak site,leak site,leak site,,leak site
INC Ransom,distinctive-systems.com,distinctive-systems.com,AU,Australia,stated,Technology,,inferred from description,7000000,,,Encrypted; Proof; Stocks,,,"Distinctive Systems has been established for over 40 years and is the world’s leading supplier of management software for coach, bus and tour operators. From our head office in the UK and national offices in the USA and Australia, we support our clients in the daily use of over 2,600 of our latest Microsoft SQL Server based systems.",2026-02-17,2026-02,stated by site,yes,no,6994122c8f1d14b743f68d9a,leak site,leak site,leak site,leak site,,,
INC Ransom,Rainier Clinical Research Center,,US,United States,stated,Healthcare,,inferred from description,5000000,,,Encrypted; Proof,,,"Rainier Clinical Research Center is a leading research facility specializing in clinical trials for diabetes, medical devices, and high-volume studies, with over 700 studies completed in 30 years. The center provides a purpose-built 15,000 square-foot research space We will publish all the information next week.",2026-02-15,2026-02,stated by site,yes,no,6991a93c8f1d14b743c5d6b4,,leak site,leak site,leak site,,,
INC Ransom,Ondine Biomedical,,CA,Canada,stated,Healthcare,,inferred from description,5000000,,,Encrypted; Proof,,,"Ondine Biomedical Inc. is a Canadian headquartered company led by founder and CEO, Carolyn Cross. Ondine has developed a patented, photodisinfection technology platform used in treatment and prevention therapies for a broad-spectrum of pathogens - including multidrug-resistant strains. Photodisinfection, which is not currently approved in the United States We will publish all the information next week.",2026-02-15,2026-02,stated by site,yes,no,6991a8838f1d14b743c5c963,,leak site,leak site,leak site,,,
INC Ransom,ACS Accountancy,,US,United States,stated,Financial Services,,inferred from description,1000000,,,Encrypted; Proof,,,"ACS Accounting (Berkshire) Ltd is a chartered management accounting firm that provides a comprehensive range of accounting and taxation services tailored for small and medium-sized businesses. Their services include bookkeeping, annual accounts, payroll, business planning, and tax compliance. We will publish all the information next week.",2026-02-15,2026-02,stated by site,yes,no,6991a8318f1d14b743c5c2e3,,leak site,leak site,leak site,,,
INC Ransom,Bitgo,,IT,Italy,stated,,,,5000000,,,Proof,,,"L'esperienza maturata dai suoi professionisti permette alla società BitGo di operare nel campo dell’Information & Communication Technology (ICT), fornendo servizi di assistenza e consulenza sistemistica.",2026-02-14,2026-02,stated by site,yes,no,6990ec428f1d14b743b91260,,leak site,,leak site,,,
INC Ransom,farbank.com (flywatertravel),,US,United States,stated,Financial Services,,inferred from description,3000000,,,Proof,,,"Far Bank Enterprises is an integrated manufacturer and distributor of fly fishing products and services, including fly fishing rods, reels, waders, lines, leaders, tippet, performance outdoor apparel, and travel to the world's finest fly fishing experiences. Far Bank subsidiaries operate under the brand names Sage, Redington, RIO Products, and Fly Water Travel. Fly Water Travel is a leading provider of guided fly fishing trips and vacations, dedicated to delivering exceptional experiences for passionate anglers. Laek: 100GB WE HAS COLLECTED SUCH DATA AS: - Confidential documents - Clients Data - NDA - Financial data - Operations - Corporate data - Business Agreements - Development - Financial databases, all transactions, all clients And a lot of other VERY IMPORTANT information!",2026-02-13,2026-02,stated by site,yes,no,698eaaca8f1d14b74389543d,,leak site,leak site,leak site,,,
INC Ransom,Hiwassee Builder Supply,,US,United States,stated,Construction,,inferred from description,6000000,,,Proof,,,"HIWASSEE BUILDERS SUPPLY is dedicated to delivering a wide range of building products and services with exceptional value and service across East Tennessee and beyond. They offer in-house expertise for project design, estimation, and timely product delivery, catering to both home remodeling and commercial construction needs. With four locations in East Tennessee, they ensure efficient service and support throughout various projects. Laek: 100GB WE HAS COLLECTED SUCH DATA AS: - Confidential documents - Clients Data - NDA - Financial data - Operations - Corporate data - Business Agreements - Development - Financial databases, all transactions, all clients And a lot of other VERY IMPORTANT information!",2026-02-13,2026-02,stated by site,yes,no,698ea4528f1d14b743888e1b,,leak site,leak site,leak site,,,
INC Ransom,atchadwick.net,atchadwick.net,US,United States,stated,Construction,,stated in description,159000000,,,Encrypted,,500,"A.T. Chadwick is a mechanical contracting firm that offers services in plumbing, heating, air-conditioning, refrigeration, process piping, and field management. The company was founded in 1966 and is headquartered in Bensalem, Pennsylvania. Employees: 500 Revenue: $159.1 Million Industry: Construction Management Phone Number: (215) 245-5800",2026-02-12,2026-02,stated by site,yes,no,698d5c538f1d14b7436dd63b,leak site,leak site,leak site,leak site,leak site,,
INC Ransom,lohmann-tapes.com,lohmann-tapes.com,DE,Germany,stated,Manufacturing,,stated in description,817000000,,,Encrypted; AD Dump; Proof; Stocks,Databases / backups,5000,"For diverse industry needs, Lohmann is your reliable partner in smart bonding solutions. From industrial adhesive tapes to integrated smart products, from individual manufacturing components to comprehensive process integration - everything is provided from a single source. Employees: 5000 Revenue: $817.4 Million Industry: Chemicals & Related Products Phone Number: +33 232092323 - CFO Julie Pappas >telephoneNumber: +18593345280;ext=1014 >mail: Julie.Pappas@lohmann-tapes.com - Data volume: 700GB Finance, accounting & controlling: 24,098 files Sales & customer account files: 115,302 files Supply chain, procurement & logistics: 46,500 files Manufacturing operations & equipment: 453,935 files R&D, engineering & laboratory testing: 40,651 files Quality management & regulatory compliance: 88,287 files Health, safety, environment & SHEQ: 62,982 files IT systems, data exports & communications: 134,558 files Corporate administration, legal & general archives: 179,045 files",2026-02-12,2026-02,stated by site,yes,no,698d9efc8f1d14b743740f09,leak site,leak site,leak site,leak site,leak site,,leak site
INC Ransom,rswater.ae,rswater.ae,SA,Saudi Arabia,stated,,,,5000000,,,Encrypted; Proof,,,Al Rawdah Springs is a brand affiliated to Al Rawdah Green Sweet Water L.L.C an Emirati firm with local management specializing in the production and bottling of water in various sizes.,2026-02-12,2026-02,stated by site,yes,no,698e14758f1d14b7437d38ac,leak site,leak site,,leak site,,,
INC Ransom,Midwestern Oil & Gas,,NG,Nigeria,stated,Government,,inferred from description,27600000,,,Encrypted; Proof,,,Midwestern Oil & Gas Company Limited was incorporated in 1999 and commenced operations in 2001. The Company is owned by a group of Nigerian Investors and Delta State Government.,2026-02-12,2026-02,stated by site,yes,no,698e083f8f1d14b7437c5a09,,leak site,leak site,leak site,,,
INC Ransom,excavationtourigny.ca,excavationtourigny.ca,CA,Canada,stated,Construction,,stated in description,6000000,,,Encrypted,,60,"Excavations Tourigny specializes in excavation, civil engineering, snow removal, and transportation services. The company caters to clients in the construction and infrastructure sectors. They are based in Victoriaville, QC and operate during regular business hours. Excavations Tourigny is dedicated to delivering quality work through their team of skilled professionals. Employees: 60 Revenue: $6.7 Million Industry: Construction Management Phone Number: (819) 330-3000",2026-02-12,2026-02,stated by site,yes,no,698d5cf38f1d14b7436de912,leak site,leak site,leak site,leak site,leak site,,
INC Ransom,auxhomeservices.com,auxhomeservices.com,US,United States,stated,Construction,,stated in description,6000000,,,Encrypted,,50,"Aux Home Services is a trusted provider of plumbing, electrical, heating, and air conditioning services in Birmingham, Alabama, along with Jefferson and Shelby counties. They pride themselves on delivering prompt and reliable service, available 24/7, with skilled technicians who respect and clean up after their work. The company emphasizes upfront pricing and quality craftsmanship, ensuring customer satisfaction. Their diverse range of services includes AC and heating installations, plumbing repairs, and electrical systems management. Employees: 50 Revenue: $6.9 Million Industry: Construction Management Phone Number: (205) 979-0946",2026-02-12,2026-02,stated by site,yes,no,698d59458f1d14b7436d7c6d,leak site,leak site,leak site,leak site,leak site,,
INC Ransom,Valgo SA,valgo.com,FR,France,stated,Construction,,web research,125000000,,,Proof,Customer data; Financial / accounting; Legal / contracts; Corporate / confidential; Email / correspondence; Engineering / R&D / IP,600,"VALGO SAS 72 Rue Aristide Briand, 76650 Petit-Couronne, France valgo.com VALGO is a French company that specializes in environmental services, particularly in the areas of asbestos removal, soil decontamination, and the revitalization of polluted industrial sites. Established in 2004, VALGO has developed a strong reputation for its expertise in managing contaminated sites and providing innovative solutions for environmental remediation. VALGO operates a national network of 17 branches and has an international presence, allowing it to address diverse environmental challenges across different regions. Total data in the leak: 279 GB (225,372 Files, 50,902 Folders) Leaked data: - Clients: Renault Group, Sectra,Evarisk, EPF Reunion,Rousselet and many others famous companies - Data Classification: confidential, Private/Proprietary - Special data: Complete information on projects in countries of operation: contracts, NDAs, correspondence with clients, information about manufacturers of the equipment used and the chemical elements employed, labaratory reserch, hazard information, corporate information, and much more. - Financial data: invoicing and payment records, financial planning documents, accounting, and customer information and VERY IMPORTANT information!",2026-02-11,2026-02,stated by site,yes,no,698cbf008f1d14b74360a03a,web,leak site,web,leak site,web,,leak site
INC Ransom,www.hfplanners.com,hfplanners.com,US,United States,stated,,,,5000000,,,Proof,,,full data corp,2026-02-11,2026-02,stated by site,yes,yes,698cdcf48f1d14b743632546,leak site,leak site,,leak site,,,
INC Ransom,Core Supply,,US,United States,stated,,,,6200000,,,Proof,,,Core Supply has been taking business from the competition since 2010. We believe in our aggressive approach and our active partnerships with our customers and suppliers.,2026-02-06,2026-02,stated by site,yes,no,698600708f1d14b743d63501,,leak site,,leak site,,,
INC Ransom,moultriesheriff.com,moultriesheriff.com,US,United States,stated,,,,5000000,,,Encrypted,,,Sheriff's Office. 187-GB sensitive data,2026-02-04,2026-02,stated by site,yes,no,6982ec7f8f1d14b743943962,leak site,leak site,,leak site,,,
INC Ransom,ChokChey Finance,chokchey.com.kh,KH,Cambodia,stated,Financial Services,,inferred from description,18400000,,,Encrypted; Proof,,,"ChokChey Finance PLC is a microfinance institution based in Cambodia, established in 2015 and licensed by the National Bank of Cambodia in 2016. The company offers a variety of financial products including speed loans, agriculture loans, SME loans, and mobile device loans, targeting low to moderate income families",2026-02-02,2026-02,stated by site,yes,no,6980d22f8f1d14b7436bdbca,web,leak site,leak site,leak site,,,
INC Ransom,www.pucobre.cl,pucobre.cl,CL,Chile,stated,Mining & Materials,,inferred from description,174000000,,,Encrypted; Proof; Stocks,,1200,"Sociedad Punta del Cobre S.A. is a company based in Chile that operates in the mining sector, specifically focusing on copper production",2026-02-02,2026-02,stated by site,yes,no,6980c9b98f1d14b7436aff76,leak site,leak site,leak site,leak site,web,,
INC Ransom,H-Behbehani Brothers WLL,,BH,Bahrain,stated,Automotive,,inferred from description,143000000,,,Encrypted; Proof,,,"Behbehani Motors Company, established in 1957, represents iconic automotive brands such as Volkswagen and Porsche in Kuwait. The company offers a range of services including car sales, a bodyshop, and a car rental division. This was the first Porsche dealership in the Middle East and only the 9th worldwide. We have 1.3TB of data. Internal mail, accounting, company customer information and we will publish all the information next week.",2026-02-02,2026-02,stated by site,yes,no,69800db88f1d14b7435a6af4,,leak site,leak site,leak site,,,
INC Ransom,Foamtec International,foamtecintl.com,US,United States,stated,Manufacturing,,inferred from description,7300000,,,Encrypted; Proof,,,"Foamtec International is a global PU foam Manufacturing partner. We deliver quality, specialty foam products for contamination control, medical and specialty markets",2026-02-01,2026-02,stated by site,yes,no,697f74318f1d14b7434f0b08,web,leak site,leak site,leak site,,,
INC Ransom,Blystone & Bailey,blystonebailey.com,US,United States,stated,Financial Services,,inferred from description,5500000,,,Proof,,,"Blystone & Bailey, CPAs, PC is a Michigan-based CPA firm offering a range of services including audit, tax preparation and planning, payroll, financial planning, bookkeeping, and IT services management. The firm caters to various industries such as real estate, hospitality, oil, gas and energy, professional services, construction, manufacturing, retail, agriculture, franchising, and government and non-profit sectors. We have the entire Blystone & Bailey customer base at our disposal. Mail, financial documents, audits and more.",2026-02-01,2026-02,stated by site,yes,no,697f3f9e8f1d14b7434aab44,web,leak site,leak site,leak site,,,
INC Ransom,Best Attorneys,,US,United States,stated,Legal,,inferred from description,1000000,,,Proof,,,"Eisenberg Lowrance Lundell Lofgren is dedicated to your success. We are contingency fee lawyers specializing in personal injury, immigration, and criminal defense located in South Jordan Utah.",2026-01-31,2026-01,stated by site,yes,no,697e0f238f1d14b743361209,,leak site,leak site,leak site,,,
INC Ransom,Hawk Law Group,hawklawgroup.com,GE,Georgia,stated,Legal,,inferred from description,1000000,,,Proof,,,"At Hawk Law Group, our trial attorneys were born and/or raised in the Augusta area. Collectively, our lawyers have more than 71 years of experience and are widely recognized throughout the Central Savannah River Area (CSRA) due to their tremendous successes in and out of the courtroom. Our lawyers understand the complexities of civil and criminal litigation and realize the importance of our justice system for their clients and families.",2026-01-31,2026-01,stated by site,yes,no,697e08308f1d14b743358d63,web,leak site,leak site,leak site,,,
INC Ransom,Western New York Energy,,US,United States,stated,Energy & Utilities,,inferred from description,15000000,,,Proof,Financial / accounting; Legal / contracts; Corporate / confidential; Engineering / R&D / IP,,"Western New York Energy LLC – Major Data Breach Announcement Western New York Energy LLC (wnyenergy.com), a leading regional ethanol producer and renewable energy company based in Medina, New York, has suffered a significant data compromise. Total volume of obtained data: ≈100 GB The leaked archive contains highly sensitive and business-critical materials, including: Confidential internal documents Client and counterparty data Non-Disclosure Agreements (NDAs) Financial records and reports Operational documentation and procedures Investor-related materials and presentations Corporate governance documents Commercial contracts and business agreements Technical drawings, schematics, and engineering files …and a substantial amount of other proprietary and strategically important information that is vital to the company’s operations, partnerships, and competitive position. This dataset provides deep insight into the internal workings, financial structure, client relationships, and strategic planning of one of the Northeast’s key ethanol producers. The information is authentic, recent, and untouched.",2026-01-30,2026-01,stated by site,yes,no,697d08af8f1d14b7432181d9,,leak site,leak site,leak site,,,leak site
INC Ransom,DIEHL & CELLA ADVOGADOS ASSOCIADOS,,BR,Brazil,stated,Professional Services,,inferred from description,5000000,,,Proof,,,"Diehl & Cella specializes in providing personalized consulting services focusing on business law and tax issues. They assist companies in managing risks and identifying tailored solutions to enhance business outcomes. PK Advogados specializes in providing legal services that facilitate technology and innovation, targeting large and medium-sized companies. Their areas of expertise include family business planning, digital law, and various corporate legal services. The firm emphasizes creative solutions and multidisciplinary approaches, particularly in contracts, regulatory matters, and compliance. They also focus on sectors such as telecommunications, finance, and startups within the realms of blockchain and fintech Laek: 100GB WE HAS COLLECTED SUCH DATA AS: - Confidential documents - Clients Data - NDA - Financial data - Operations - Corporate data - Business Agreements - Development - Financial databases, all transactions, all clients And a lot of other VERY IMPORTANT information!",2026-01-30,2026-01,stated by site,yes,no,697c55308f1d14b74313e587,,leak site,leak site,leak site,,,
INC Ransom,PK PINHÃO & KOIFFMAN ATTORNEYS AT LAW,,BR,Brazil,stated,Legal,,inferred from description,13000000,,,Proof,,,"PK Advogados specializes in providing legal services that facilitate technology and innovation, targeting large and medium-sized companies. Their areas of expertise include family business planning, digital law, and various corporate legal services. The firm emphasizes creative solutions and multidisciplinary approaches, particularly in contracts, regulatory matters, and compliance. They also focus on sectors such as telecommunications, finance, and startups within the realms of blockchain and fintech Laek: 100GB WE HAS COLLECTED SUCH DATA AS: - Confidential documents - Clients Data - NDA - Financial data - Operations - Corporate data - Business Agreements - Development - Financial databases, all transactions, all clients And a lot of other VERY IMPORTANT information!",2026-01-30,2026-01,stated by site,yes,no,697c506e8f1d14b7431387bc,,leak site,leak site,leak site,,,
INC Ransom,Beacon Mutual Insurance,,US,United States,stated,Insurance,,inferred from description,70000000,,,Proof,Personal data (PII); Employee / HR; Financial / accounting; Medical / health (PHI); Databases / backups,,"MAJOR DATA LEAK – Beacon Mutual Insurance Company EXPOSED: 275 GB (296,228,795,086 bytes) of highly sensitive internal data Beacon Mutual Insurance Company (Warwick, RI) – the primary workers' compensation insurer for Rhode Island businesses (also operating in MA & CT) – has suffered a massive data compromise. The leaked archive contains approximately 275 GB of uncompressed/internal files and includes the following categories of highly confidential information: Internal corporate documents and correspondence Complete financial statements and reports (2018–2025) Full employee list with personal details Confidential agreements, NDAs, vendor contracts, and partnership documents Detailed claims data: workers' compensation payouts, injury reports, medical records tied to claims Client / policyholder database: business information, insurance policies, payment history Personally identifiable information (PII) of individuals (employees, claimants, insured workers) – names, SSNs, addresses, dates of birth, contact details, etc. Training materials, internal manuals, compliance & safety documentation Multiple system backups and database dumps …and much more internal operational content",2026-01-29,2026-01,stated by site,yes,no,697bc5858f1d14b743094982,,leak site,leak site,leak site,,,leak site
INC Ransom,AOT Japan,,JP,Japan,stated,Transportation & Logistics,,inferred from description,5000000,,,Encrypted,,,"AOT Japan Ltd. is a Japanese logistics and freight forwarding company and a member of the international AOT Group. It was officially incorporated in 1986, following its establishment as a liaison and sales office of American Overseas Transport Ltd. Initially focused on ocean shipments from the United States to Japan, the company has since expanded its services worldwide. With over 30 years of experience in the Japanese market, AOT Japan Ltd. is a member of JIFFA and the Tokyo Chamber of Commerce and holds an NVOCC license, enabling it to issue its own House Bills of Lading. The company offers a full range of logistics services, emphasizing high service quality, operational expertise, and a personalized, customer-focused approach.",2026-01-29,2026-01,stated by site,yes,no,697b7ec68f1d14b74303bbd8,,leak site,leak site,leak site,,,
INC Ransom,newkirklaw.com,newkirklaw.com,US,United States,stated,Legal,,inferred from description,5000000,,,Proof,,,"Newkirk Zwagerman, P.L.C. is a law firm based in Des Moines, specializing in employment law and advocating for employees' rights. They provide legal services to individuals facing discrimination, harassment, and retaliation in the workplace, as well as those involved in executive employment disputes and Title IX actions. The firm serves clients in Iowa and Minnesota, offering personalized legal representation to help employees navigate complex employment issues. With a commitment to fairness and accountability, Newkirk Zwagerman, P.L.C. empowers clients to stand up against larger corporate entities and seek justice",2026-01-27,2026-01,stated by site,yes,no,697913908f1d14b743d3559a,leak site,leak site,leak site,leak site,,,
INC Ransom,"The Trevino Group, Inc",,US,United States,stated,,,,24100000,,,Proof,,,WE HAS COLLECTED SUCH DATA AS: - Confidential documents - Clients Data - NDA - Financial data - Operations - Corporate data - Business Agreements - Drawings And a lot of other VERY IMPORTANT information!,2026-01-27,2026-01,stated by site,yes,no,697874008f1d14b743c7545f,,leak site,,leak site,,,
INC Ransom,ttmet.co.th,ttmet.co.th,TH,Thailand,stated,Automotive,,stated in description,30000000,,,Encrypted,,150,"The company specializes in the import and export of machinery and spare parts used in the production and quality control for automotive manufacturing. They offer both wholesale and retail sales domestically and internationally, along with installation services, equipment inspections, and maintenance. Their intended clients include automotive manufacturers and businesses in need of machinery and parts. The company is committed to providing comprehensive services to ensure operational efficiency in the automotive sector. Employees: 150 Revenue: $30.4 Million Industry: Automobile Dealers - Retail Phone Number: +66 26255880",2026-01-27,2026-01,stated by site,yes,no,697943738f1d14b743d6869e,leak site,leak site,leak site,leak site,leak site,,
INC Ransom,Callagy Law Firm,,US,United States,stated,Legal,,inferred from description,20000000,,,Proof,Personal data (PII); Customer data; Financial / accounting; Medical / health (PHI); Legal / contracts; Corporate / confidential; Email / correspondence,,"CALLAGY LAW, P.C. 650 From Road, Suite 240 Paramus, NJ 07652 callagylaw.com This law firm specializes in various legal areas, including business litigation, personal injury, family law, and healthcare law. The firm is known for its commitment to providing comprehensive legal representation and has been operational since 1997. Total data in the leak: 355 GB (480,169 Files, 38,388 Folders) Leaked data: - Clients: companies and individuals - Data Classification: confidential, Private/Proprietary - Special data: Corporate email correspondence, external business correspondence, corporate documents,company policies and regulations,customer contracts and NDAs (Non-Disclosure Agreements), court hearing materials and litigation case files (litigation documents),customers' personal data and their medical confidentiality (PII,PHI) and other related information. - Financial data: financial metrics / financial performance data, invoices, payments, and other financial transactions.",2026-01-27,2026-01,stated by site,yes,no,697942638f1d14b743d66e3f,,leak site,leak site,leak site,,,leak site
INC Ransom,nbccministries.org,nbccministries.org,US,United States,stated,,,,5000000,,,Encrypted,,5-9,"New Beginnings Church is a company that operates in the Religious Organizations industry. It employs 5to9 people and has under500K of revenue. The company is headquartered in Matthews, North Carolina. Employees: 25 Revenue: $5 Million Industry: Organizations Phone Number: (704) 567-2900",2026-01-27,2026-01,stated by site,yes,no,697941368f1d14b743d65ad6,leak site,leak site,,leak site,leak site,,
INC Ransom,anagnosdoor.com,anagnosdoor.com,US,United States,stated,Retail & Wholesale,,stated in description,8000000,,,Encrypted,,50,"Anagnos Door Co. specializes in the sale, installation, maintenance, and servicing of commercial overhead doors and related products. Established in 1989, the company is well qualified to serve clients in the competitive construction market of the Chicago area. With a team of IDEA-certified fire door technicians, Anagnos Door Co. ensures high-quality service and expertise. Their primary clients include businesses in need of commercial and industrial door solutions. Employees: 50 Revenue: $8.6 Million Industry: Home Improvement & Hardware Retail Phone Number: (708) 728-9000",2026-01-27,2026-01,stated by site,yes,no,69793ed68f1d14b743d62ea1,leak site,leak site,leak site,leak site,leak site,,
INC Ransom,shawhillprimaryschool.org.uk,shawhillprimaryschool.org.uk,GB,United Kingdom,stated,Education,,stated in description,5000000,,,Encrypted,,24,"Shaw Hill Primary School is dedicated to providing a high-quality education in a supportive and nurturing environment. They focus on developing students' knowledge, skills, and personal growth, preparing them to be successful citizens in modern Britain. The school promotes strong relationships with families and the community while prioritizing student safety and well-being. Their comprehensive curriculum incorporates various subjects and extracurricular activities to stimulate and challenge the children Employees: 24 Revenue: $5 Million Industry: Education Phone Number: +44 8000283550",2026-01-27,2026-01,stated by site,yes,no,697928858f1d14b743d49db8,leak site,leak site,leak site,leak site,leak site,,
INC Ransom,Uniflex Technology Inc,,TW,Taiwan,stated,,,,50000000,,,Proof,Legal / contracts; Corporate / confidential; Engineering / R&D / IP,,"UNIFLEX TECHNOLOGY INC https://www.uniflex.com.tw/ Total data in the leak: 430GB Leaked data: - Clients: Asus, BMW, Mercedes-Benz, ELAN MICROELECTRONICS CORP., Dell, Volkswagen, Wacom, Netronix Inc, Solomon Systech, Innolux and other large clients all over the world! - Data Classification: confidential - Projects: Flexible printed circuit (FPC) boards, surface mount technology (SMT) services, design, manufacturing, assembly of FPC boards. - Data: Agreements, projects, drawings, contracts, technical documentation, reports, research, quality control, technological processes and equipment. And a lot of other VERY IMPORTANT information! Full publication within two weeks!",2026-01-26,2026-01,stated by site,yes,no,6977d2048f1d14b743bb9795,,leak site,,leak site,,,leak site
INC Ransom,www.shrimphouse.com,shrimphouse.com,US,United States,stated,,,,30000000,,,Proof,,,1tb data,2026-01-26,2026-01,stated by site,yes,no,6977ad638f1d14b743b8d731,leak site,leak site,,leak site,,,
INC Ransom,DeRenzis & Associates,,US,United States,stated,Agriculture & Food,,inferred from description,5000000,,,Encrypted; Proof,,,"DeRenzis & Associates, LLP is a specialized accounting firm focusing on agriculture accounting for both dairy and farming sectors. They offer services including financial statement compilation, income tax preparation, estate planning, and breakeven analysis. We will publish all the information next week.",2026-01-25,2026-01,stated by site,yes,no,6975dd598f1d14b7439aa7a4,,leak site,leak site,leak site,,,
INC Ransom,LGBTQ Center Orange county,,US,United States,stated,Non-profit,,inferred from description,1000000,,,Encrypted; Proof,,,"The LGBTQ Center OC was established as a volunteer organization in 1971 and incorporated in 1975 as a 501(c)(3) non-profit community-based organization. The Center provides services to more than 20,000 individuals annually across a broad spectrum of culture, ethnicity, age, and economic background. We will publish all the information next week.",2026-01-25,2026-01,stated by site,yes,no,6975dc838f1d14b7439a97ce,,leak site,leak site,leak site,,,
INC Ransom,JLK Rosenberger,,US,United States,stated,Financial Services,,inferred from description,10000000,,,Encrypted; Proof,,,"JLK Rosenberger LLP, Certified Public Accountants: A full service accounting and business advisory firm with offices in Irvine and Glendale, California and Dallas, Texas. The firm is recognized as a Top 400 Firm by Inside Public Accounting and one of the largest auditors of insurance entities in the United States as ranked by Aon and AM Best We have 300GB of data. Internal mail, accounting, company customer information and we will publish all the information next week.",2026-01-25,2026-01,stated by site,yes,no,6975dbc68f1d14b7439a8b81,,leak site,leak site,leak site,,,
INC Ransom,goldair.gr,goldair.gr,GR,Greece,stated,Transportation & Logistics,,inferred from description,190000000,,,Encrypted; Proof,,201-500,"Goldair Handling Overview Metrics www.goldair-handling.gr This company has 72 hours before we publish 1TB of personal data. Goldair Handling Goldair Handling is a leading provider of ground handling services operating in Greece, Cyprus, Bulgaria, India, and Serbia. The company employs more than 5,000 qualified specialists who have successfully serviced more than 160,000 flights at 36 airports. The company focuses on providing customized services tailored to the needs of its business partners, with a special emphasis on corporate social responsibility and sustainable development. Goldair Handling is committed to innovation and progressive thinking in the aviation industry. Goldair Cargo Greece Headquarters: Tessi Rikya, Aspropyrgos, Greece Phone number: +30 2111804200 Website: www.goldair-cargo.com Revenue: $190.2 million Employees: 201-500 Goldair Cargo, part of the Goldair Group founded in 1987, is a leading international freight forwarding and logistics company based in Greece. The company offers a wide range of high-quality services, including third-party logistics (3PL), road, air, and sea transport, relying on an extensive network of partners. With over 35 years of experience, Goldair Cargo strives to provide reliable and efficient logistics solutions tailored to the needs of its customers. Its focus on sustainable development and corporate social responsibility further strengthens its reputation in the logistics industry. _______________________",2026-01-23,2026-01,stated by site,yes,no,6973856f8f1d14b743731770,leak site,leak site,leak site,leak site,leak site,,
INC Ransom,tob-bmw.sk,tob-bmw.sk,SK,Slovakia,stated,,,,8800000,,,Encrypted; Proof,,,"Some data from 590 gigabytes T.O.B. is an authorized BMW dealer located in Trenčín, Slovakia, offering a wide range of new and certified pre-owned BMW vehicles.",2026-01-23,2026-01,stated by site,yes,no,69737d968f1d14b74372763f,leak site,leak site,,leak site,,,
INC Ransom,minorsgardencenter.com,minorsgardencenter.com,US,United States,stated,Retail & Wholesale,,stated in description,17000000,,,Encrypted,,120,Employees: 120 Revenue: $17.3 Million Industry: Retail Phone Number: (414) 354-4830,2026-01-22,2026-01,stated by site,yes,no,6972ae798f1d14b7436591a8,leak site,leak site,leak site,leak site,leak site,,
INC Ransom,tuftco,tuftco.com,US,United States,stated,Manufacturing,,inferred from description,18000000,,,Proof,,,"Tuftco is a world-leading manufacturer of tufting machines and equipment, providing comprehensive solutions for carpet mills from tufting to finished carpet Laek: 100GB WE HAS COLLECTED SUCH DATA AS: - Confidential documents - Clients Data - NDA - Financial data - Operations - Corporate data - Business Agreements - Development - Financial databases, all transactions, all clients And a lot of other VERY IMPORTANT information!",2026-01-21,2026-01,stated by site,yes,no,697079b78f1d14b7433f3e8c,web,leak site,leak site,leak site,,,
INC Ransom,OAB,oabsp.org.br,BR,Brazil,stated,Legal,,inferred from description,173100000,,,Proof,,,"The Ordem dos Advogados do Brasil - São Paulo serves as the largest section of the Brazilian Bar Association, tirelessly supporting and defending the legal profession. It provides various services including a legal library, digital certification, and public information on legal fees and judicial assistance. OAB SP hosts numerous events and conferences to foster legal dialogue, innovation, and the protection of the rights of lawyers. Its intended clients include legal professionals across São Paulo, as well as the broader community seeking legal assistance and information.",2026-01-21,2026-01,stated by site,yes,no,697066778f1d14b7433e2170,web,leak site,leak site,leak site,,,
INC Ransom,Elmore Goldsmith Kelley & deHoll,elmoregoldsmith.com,US,United States,stated,Legal,,inferred from description,5000000,,,Proof,,,"Elmore Goldsmith Kelley & deHoll is a legal firm specializing in construction law, offering services such as project counsel, construction claims, contract negotiations, risk management, complex litigation, fidelity and surety, and public procurement. They serve clients in the construction industry, providing expert legal support to help them navigate complex issues and protect their interests. The firm prides itself on its industry knowledge and commitment to delivering efficient and effective results. With an award-winning team, they aim to be a trusted legal partner for construction professionals.",2026-01-20,2026-01,stated by site,yes,no,696f63048f1d14b7432dbc14,web,leak site,leak site,leak site,,,
INC Ransom,Sandberg,sandberg.co.uk,GB,United Kingdom,stated,Construction,,inferred from description,17000000,,,Proof,,51-200,"Sandberg is an independent consultancy firm established in 1860, renowned for its expertise in materials testing, inspection, and consultancy services within the construction industry. The company offers a wide range of services including laboratory testing, site inspections, and quality assurance for various materials such as concrete, stone, and metals Laek: 100GB WE HAS COLLECTED SUCH DATA AS: - Confidential documents - Clients Data - NDA - Financial data - Operations - Corporate data - Business Agreements - Development - Financial databases, all transactions, all clients And a lot of other VERY IMPORTANT information!",2026-01-20,2026-01,stated by site,yes,no,696f04578f1d14b743278cb2,web,leak site,leak site,leak site,web,,
INC Ransom,Southern Alberta Community Living Association,sacla.ca,CA,Canada,stated,Non-profit,,web research,12800000,,,Proof,,,"SACLA provides individualized services and supports aimed at assisting individuals with disabilities to achieve their personal goals. Established in 1980, the association focuses on building vibrant communities where every person is connected, contributing, and valued. Their services are tailored to the unique needs of each individual, beginning with a comprehensive consultation to determine the best approach for fostering quality of life and aspirations. SACLA also engages in projects like MyCompass and CATALYST to promote empowerment and address issues such as unemployment for marginalized groups.",2026-01-18,2026-01,stated by site,yes,no,696ce55d8f1d14b74306768b,web,leak site,web,leak site,,,
INC Ransom,MKC Customs Brokers International Inc.,,US,United States,stated,,,,4000000,,,Proof,,,"International trading has never been as complicated and demanding as it is today. Every shipment, large or small, requires a customs broker who is an absolutely dependable working partner. That's MKC Customs Brokers!",2026-01-18,2026-01,stated by site,yes,no,696cdebb8f1d14b743060f95,,leak site,,leak site,,,
INC Ransom,ecsc.org,ecsc.org,US,United States,stated,Energy & Utilities,,inferred from description,11000000,,,Encrypted; AD Dump; Proof,Databases / backups,,"Website www.ecsc.org Revenue $11.2 million Industry Electricity, oil and gas Energy, utilities and waste Organizational structure Similar companies Company analytics About South Carolina Electric Cooperatives Electric Cooperatives of South Carolina, Inc. is a statewide service and trade association representing electric cooperatives throughout the state. It serves 18 consumer-owned electric cooperatives, one wholesale electric cooperative, one transmission cooperative, and one materials cooperative. The association's mission is focused on providing electricity to nearly 2 million South Carolinians through an extensive network of power lines, as well as providing energy efficiency programs and clean energy initiatives. The association advocates for the electrification of rural areas and provides various resources, including educational programs and assistance in purchasing electric vehicles.",2026-01-16,2026-01,stated by site,yes,no,696a62638f1d14b743dd523b,leak site,leak site,leak site,leak site,,,leak site
INC Ransom,https://trustarholdingsllc.com/ https://vistlabs.com/,trustarholdingsllc.com,US,United States,stated,Manufacturing,,web research,20000000,,,Proof,,,"All company data, development drawings, confidential files, investor company files, all financial transactions, equipment, violations, 1.4 TB",2026-01-15,2026-01,stated by site,yes,yes,696842f08f1d14b743b7c396,leak site,leak site,web,leak site,,,
INC Ransom,https://acswinc.com/,acswinc.com,US,United States,stated,Construction,,web research,40000000,,,Proof,,,1.5tb,2026-01-14,2026-01,stated by site,yes,no,696792498f1d14b743a9d829,leak site,leak site,web,leak site,,,
INC Ransom,Ju Teng International Holdings Ltd,,TW,Taiwan,stated,,,,4000000000,,,Proof,Customer data; Financial / accounting; Legal / contracts; Corporate / confidential; Engineering / R&D / IP,,"Ju Teng International Holdings Ltd Total data in the leak: 200GB Leaked data: - Clients: Dell, Acer, HTC, HP, Panasonic, Siemens, Nintendo, Mercedes-Benz, BMW, Scania, Ford, Geely, Continental, other large clients all over the world! - Data Classification: confidential - Projects: DELL JPPA, HP MI & TGA, AMG CDD & ICD and many other projects. All project information: development, laboratory testing, drawings, subcontractors, suppliers. - Financial data: Company income and expenses, IPD information, financial reports. Contracts with customers and suppliers, NDA contracts. And a lot of other VERY IMPORTANT information!",2026-01-13,2026-01,stated by site,yes,no,6966bbef8f1d14b74398968d,,leak site,,leak site,,,leak site
INC Ransom,https://bellowsmfg.com/company/,bellowsmfg.com,US,United States,stated,,,,5000000,,,Proof,,,1.3tb,2026-01-13,2026-01,stated by site,yes,no,6966c1018f1d14b7439913ea,leak site,leak site,,leak site,,,
INC Ransom,cirrusaviation,,US,United States,stated,Aerospace & Defense,,inferred from description,5000000,,,Proof,,,"Cirrus Aviation Services is the largest luxury private jet charter service in Las Vegas. Laek: 100GB WE HAS COLLECTED SUCH DATA AS: - Confidential documents - Clients Data - NDA - Financial data - Operations - Corporate data - Business Agreements - Development - Financial databases, all transactions, all clients And a lot of other VERY IMPORTANT information!",2026-01-12,2026-01,stated by site,yes,no,6965055b8f1d14b7437aec6e,,leak site,leak site,leak site,,,
INC Ransom,gbmme.com,gbmme.com,AE,United Arab Emirates,stated,,,,365600,,,Encrypted; Proof,,,"Founded in 1990, based out of Abu Dhabi, United Arab Emirates, Gulf Business Machines (GBM) is a IT solutions provider, fulfilling the IT requirements of local, regional and international organisations in the GCC. We have 200GB of data at our disposal (fiscal data, internal mail,budgets and many other things)",2026-01-12,2026-01,stated by site,yes,no,69657e3e8f1d14b7437febc5,leak site,leak site,,leak site,,,
INC Ransom,Foshee Architecture,,US,United States,stated,Healthcare,,inferred from description,5000000,,,Proof,,,"Foshee Architecture is a Montgomery, Alabama-based architecture firm specializing in comprehensive design services for a variety of sectors including multi-family housing, healthcare facilities, office spaces, retail, and restaurants. Founded by John H. Foshee, the firm utilizes a personalized design process informed by a rich family history in the construction industry. By collaborating with experts in engineering and other disciplines, they provide tailored architectural solutions that prioritize client objectives and budgets. Their extensive experience positions them to effectively manage complex projects while ensuring high standards of functionality and aesthetic appeal.",2026-01-10,2026-01,stated by site,yes,no,696212578f1d14b7436986b3,,leak site,leak site,leak site,,,
INC Ransom,stimgroup,,IT,Italy,stated,,,,3000000,,,Proof,,,STIM goes beyond by offering a comprehensive technological service ranging from Project Management activities to a Global Service Laek: 100GB WE HAS COLLECTED SUCH DATA AS: - Confidential documents - Clients Data - NDA - Financial data - Operations - Corporate data - Business Agreements - Development And a lot of other VERY IMPORTANT information!,2026-01-10,2026-01,stated by site,yes,no,69620d758f1d14b7436965ea,,leak site,,leak site,,,
INC Ransom,Fit-Line Global,,US,United States,stated,Manufacturing,,inferred from description,6400000,,,Proof,,,"Fit-Line Global® is a trusted supplier, designer, research and development resource for SEMI-F57-0301 compliant PFA and PVDF components. They employ efficient manufacturing processes to create products that meet the most demanding applications. Fit-Line Global has been a trusted supplier to the semiconductor industry for more than 25 years. Headquartered in California, Fit-Line Global dedicates itself to providing quality products, with the fastest lead time in the industry, at a fair price. The company exclusively produces ultra-high purity PFA and PVDF components to eliminate the possibility of cross-contamination.",2026-01-09,2026-01,stated by site,yes,no,6960ed1d8f1d14b743621cad,,leak site,leak site,leak site,,,
INC Ransom,Cape Fear Country Club,,US,United States,stated,,,,7600000,,,Encrypted; Proof,,,"Cape Fear Country Club is a private members-only country club in North Carolina, founded in 1896. It offers an 18-hole golf course designed by Donald Ross, along with tennis, swimming, fitness amenities, dining services, and a wide range of social and family-oriented activities. The club is known for its long-standing traditions, high service standards, and close-knit community environment.",2026-01-09,2026-01,stated by site,yes,no,696162068f1d14b743656303,,leak site,,leak site,,,
INC Ransom,Rod Danielson,,US,United States,stated,Legal,,inferred from description,5000000,,,Proof,,,"Rod Danielson serves as a Chapter 13 Trustee in the Central District of California, Riverside Division. The organization provides public services related to Chapter 13 bankruptcy for debtors, creditors, attorneys, and other interested parties. It offers information on various procedures including appearances at hearings and guidance on case management. The intended clients encompass individuals and entities involved in Chapter 13 bankruptcy proceedings in Riverside.",2026-01-09,2026-01,stated by site,yes,no,6960f3998f1d14b743626a54,,leak site,leak site,leak site,,,
INC Ransom,The Carlson Law Firm,,US,United States,stated,Legal,,inferred from description,20000000,,,Proof,,,"Established in 1976, The Carlson Law Firm has built a reputation not only for our formidable presence in courtrooms but for our deep-rooted desire to serve the community. Our foundation rests on the shoulders of our Managing Partner, Craig Carlson. A proud veteran, Craig's values are the compass that has guided our firm's journey, helping us grow from a modest establishment in Killeen, Texas, to a renowned legal powerhouse with 17 locations in Texas, an office in California, and another in Florida.",2026-01-09,2026-01,stated by site,yes,no,696111d28f1d14b743633c6e,,leak site,leak site,leak site,,,
INC Ransom,https://lpollockpr.com/,lpollockpr.com,US,United States,stated,,,,5000000,,,Proof,,,all data corp / all client data,2026-01-08,2026-01,stated by site,yes,no,695fd6398f1d14b7434fa840,leak site,leak site,,leak site,,,
INC Ransom,CompactInd,,US,United States,stated,Financial Services,,inferred from description,170000000,,,Proof,,,"Compact Industries, Inc. is a leading contract manufacturer specializing in dry food products, particularly powdered food items and sugar-based drink mixes. Established in 1963, the company offers custom blending and contract packaging services, catering to a diverse range of clients. Laek: 100GB WE HAS COLLECTED SUCH DATA AS: - Confidential documents - Clients Data - NDA - Financial data - Operations - Corporate data - Business Agreements - Development And a lot of other VERY IMPORTANT information",2026-01-04,2026-01,stated by site,yes,no,695a7a3e8f1d14b743fb8c9b,,leak site,leak site,leak site,,,
INC Ransom,Automation One Business Systems Inc,,CA,Canada,stated,Professional Services,,inferred from description,5100000,,,Proof,,,"Automation One Business Systems Inc is a leading provider of office equipment solutions in Vancouver, specializing in a wide range of printing products including multifunction printers, document scanners, and mailing machines. The company is dedicated to delivering exceptional customer service and has a highly qualified team of technicians to ensure fast and reliable support. With over 40 years of experience, Automation One offers unbiased consulting services to help clients choose the best solutions for their needs. Their extensive inventory and local presence in Vancouver and Burnaby enable them to minimize downtime and maintain efficient operations for businesses.",2026-01-03,2026-01,stated by site,yes,no,69590e3b8f1d14b743e48df7,,leak site,leak site,leak site,,,
INC Ransom,proton-system_Serbia,,RS,Serbia,stated,Healthcare,,inferred from description,9400000,,,Encrypted; Proof,,,"Website - www.proton.rs https://www.zoominfo.com/c/proton-system/450181945 Despite repeated attempts to convince the organization's management to prevent the leak, we were completely ignored. People who have been affected by the publication of their personal data should understand that www.proton.rs is only interested in making money off you; they do not ensure the safety of their customers and employees. Proton System has two days to continue negotiations, otherwise more than 130 GB of personal data will be made public. ----- About Proton System Proton System is a leading company in the region that specializes in the representation, evaluation, export, and distribution of unique pharmaceutical products across Europe, the Middle East, and North Africa. Founded in 1999, it focuses on providing top-notch services in the distribution, logistics, and marketing of dietary products, medical devices, and medications for family health. The company guarantees efficiency and effectiveness through innovative marketing and a commitment to high-quality standards. Proton System's products feature a unique combination of natural, safe, and effective ingredients, ensuring their effectiveness and safety in the market.",2026-01-03,2026-01,stated by site,yes,no,69590e3b8f1d14b743e48ddb,,leak site,leak site,leak site,,,
INC Ransom,stignatiusijamsville.org,stignatiusijamsville.org,US,United States,stated,,,,5000000,,,Encrypted,,10-19,"St Ignatius of Loyola Catholic Community is a company that operates in the Religious Organizations industry. It employs 10to19 people and has under500K of revenue. The company is headquartered in Ijamsville, Maryland Employees: 20 Revenue: $5 Million Industry: Church Management Phone Number: (301) 695-8845",2026-01-02,2026-01,stated by site,yes,no,6957d6ad8f1d14b743cfc643,leak site,leak site,,leak site,leak site,,
INC Ransom,Harrison Design,,US,United States,stated,Construction,,inferred from description,19000000,,,Proof,,,"Harrison Design is an award-winning design firm specializing in architecture, interior design, and landscape architecture. Their services cater to various sectors including residential, multifamily, sacred, and hospitality projects. Laek: 100GB WE HAS COLLECTED SUCH DATA AS: - Confidential documents - Clients Data - NDA - Financial data - Operations - Corporate data - Business Agreements - Development - Drawings And a lot of other VERY IMPORTANT information!",2026-01-02,2026-01,stated by site,yes,no,69579ba68f1d14b743cbe9ec,,leak site,leak site,leak site,,,
Global Secret Group,Kjla,kjla.com,US,United States,stated,Media & Entertainment,Broadcasting,stated by site,6700000,": 783 GB (501,662 Files, 42,890 Folders)",783.0,,,11–50 employees,"Country: US | Website: kjla.com | Revenue: $6.7 Million | Industry: Broadcasting | Employees: 11–50 employees | Properties:: 783 GB (501,662 Files, 42,890 Folders)",2026-09-21,2026-09,aggregator first-seen (ransomlook.io),yes,,fWprNroEmuAR7tzL,leak site,leak site,leak site,leak site,leak site,leak site,
Global Secret Group,Allied Supply Co.,alliedsupply.com,US,United States,stated,Retail & Wholesale,"Wholesale, Industrial Machinery & Equipment, Manufacturing",stated by site,8000000,"25.3 GB (32,019 Files, 3,994 Folders)",25.3,,,50-100,"Country: Ohio 45402, US Website: alliedsupply.com Revenue: $8 Million Industry: Wholesale, Industrial Machinery & Equipment, Manufacturing | Employees: 50-100 | Properties: 25.3 GB (32,019 Files, 3,994 Folders)",2026-09-21,2026-09,aggregator first-seen (ransomlook.io),yes,,52XdCzy2oN8FMYPi,leak site,leak site,leak site,leak site,leak site,leak site,
Global Secret Group,CO-OP URBAN BANK LTD,indialei.in,IN,India,stated,Financial Services,"Bank, Finance",stated by site,50000000,"41.3 GB (125,988 Files, 14,641 Folders)",41.3,,,25-50,"Country: India | Website: https://indialei.in/detailed-information/353561/335800GR1DJMM8YD7J14/the-gudivada-co-op-urban-bank-limited/ | Revenue: $50 Million | Industry: Bank, Finance | Employees: 25-50 | Properties: 41.3 GB (125,988 Files, 14,641 Folders)",2026-09-11,2026-09,aggregator first-seen (ransomlook.io),yes,,mEMbPCoMYCBhYvwy,leak site,leak site,leak site,leak site,leak site,leak site,
Global Secret Group,Mesan USA,mesanusa.com,US,United States,stated,Manufacturing,"Industrial Machinery & Equipment, Manufacturing",stated by site,5400000,"184 GB (188,562 Files, 26,169 Folders)",184.0,,,10-20,"Country: Miami, Florida 33166, US | Website: mesanusa.com | Revenue: $5.4 Million | Industry: Industrial Machinery & Equipment, Manufacturing | Employees: 10-20 | Properties: 184 GB (188,562 Files, 26,169 Folders)",2026-09-10,2026-09,aggregator first-seen (ransomlook.io),yes,,SyR7gg8M68RCbyjA,leak site,leak site,leak site,leak site,leak site,leak site,
Global Secret Group,Quality Resource Pvt,qualityresourcepvt.com,US,United States,stated,Media & Entertainment,Advertising Networks,stated by site,19000000,"60.1 GB (170,436 Files, 88,440 Folders)",60.1,,,201–500 employees,"Country: United States | Website: qualityresourcepvt.com | Revenue: $19 Million | Industry: Advertising Networks | Employees: 201–500 employees | Properties: 60.1 GB (170,436 Files, 88,440 Folders)",2026-09-02,2026-09,aggregator first-seen (ransomlook.io),yes,,8tEkAvb4TaoYSH37,leak site,leak site,leak site,leak site,leak site,leak site,
Global Secret Group,R L Fine Chem Pvt. Ltd.,rlfinechem.com,IN,India,stated,Pharmaceuticals & Biotech,Pharmaceutical Manufacturing,stated by site,54300000,"18.6 GB (14,155 Files, 2,840 Folders)",18.6,,,500-1000,"Country: BANGALORE, Karnataka, India | Website: rlfinechem.com | Revenue: $54.3 Million | Industry: Pharmaceutical Manufacturing | Employees: 500-1000 | Properties: 18.6 GB (14,155 Files, 2,840 Folders)",2026-08-31,2026-08,aggregator first-seen (ransomlook.io),yes,,b6CUZMNZV4BJUiGi,leak site,leak site,leak site,leak site,leak site,leak site,
Global Secret Group,"Lockheed Architectural Solutions, Inc.",lockheedsolutions.com,US,United States,stated in address/location,Manufacturing,"Manufacturing, Construction, Building Materials",stated by site,31200000,"1.3 TB (558,462 Files, 97,835 Folders)",1300.0,,,100-200,"Country: Pascoag, RI 02859, United States | Website: lockheedsolutions.com | Revenue: $31.2 Million | Industry: Manufacturing, Construction, Building Materials | Employees: 100-200 | Properties: 1.3 TB (558,462 Files, 97,835 Folders)",2026-08-25,2026-08,aggregator first-seen (ransomlook.io),yes,,GjZTZjKjC69Si2Bp,leak site,leak site,leak site,leak site,leak site,leak site,
Global Secret Group,Tiseo Paving,tiseopaving.com,US,United States,stated,Construction,"Construction, Commercial & Residential Construction",stated by site,22600000,"457 GB (83,932 Files, 10,829 Folders)",457.0,,,50-100,"Country: Texas, US | Website: tiseopaving.com | Revenue: $22.6 Million | Industry: Construction, Commercial & Residential Construction | Employees: 50-100 | Properties: 457 GB (83,932 Files, 10,829 Folders)",2026-08-25,2026-08,aggregator first-seen (ransomlook.io),yes,,Rb2qPykYvPvurucj,leak site,leak site,leak site,leak site,leak site,leak site,
Global Secret Group,Johnson City Honda,johnsoncityhonda.com,US,United States,stated,Automotive,Automobile Dealers,stated by site,6500000,"32.9 GB(34,277 Files, 8,896 Folders)",32.9,,,11-50,"Country: Tennessee, United States | Website: johnsoncityhonda.com | Revenue: $6,5 Million | Industry: Automobile Dealers | Employees: 11-50 | Properties: 32.9 GB(34,277 Files, 8,896 Folders)",2026-08-25,2026-08,aggregator first-seen (ransomlook.io),yes,,AUm9jjHmLf3JmpdJ,leak site,leak site,leak site,leak site,leak site,leak site,
Global Secret Group,The Rubber Group,rubber-group.com,US,United States,stated,Manufacturing,"Plastics Manufacturing, Tires & Rubber, Manufacturing",stated by site,19400000,"162 GB (207,203 Files, 21,624 Folders)",162.0,,,50-100,"Country: New Hampshire,US | Website: www.rubber-group.com | Revenue: $19.4 Million | Industry: Plastics Manufacturing, Tires & Rubber, Manufacturing | Employees: 50-100 | Properties: 162 GB (207,203 Files, 21,624 Folders)",2026-08-17,2026-08,aggregator first-seen (ransomlook.io),yes,,WLZ6D95arRYitgdH,leak site,leak site,leak site,leak site,leak site,leak site,
Global Secret Group,4M REALTY COMPANY,4mrealty.com,US,United States,stated,Real Estate,"Real Estate Brokerage, Real Estate Sales, Property Sales, Commercial Real Estate",stated by site,5000000,"237 GB (54,995 Files, 4,600 Folders)",237.0,,,20-50,"Country: Texas, US | Website: 4mrealty.com | Revenue: $5 Million | Industry: Real Estate Brokerage, Real Estate Sales, Property Sales, Commercial Real Estate | Employees: 20-50 | Properties: 237 GB (54,995 Files, 4,600 Folders)",2026-08-17,2026-08,aggregator first-seen (ransomlook.io),yes,,9F8LiFKdZHq377r9,leak site,leak site,leak site,leak site,leak site,leak site,
Global Secret Group,Columbia University Information (Dental),columbia.edu,US,United States,stated,Education,Colleges & Universities,stated by site,6600000000,"296 GB (283,387 Files, 11,268 Folders)",296.0,,,20.000-25.000,"Country: New York, US | Website: columbia.edu | Revenue: $6.6 Billion | Industry: Colleges & Universities | Employees: 20.000-25.000 | Properties: 296 GB (283,387 Files, 11,268 Folders)",2026-08-14,2026-08,aggregator first-seen (ransomlook.io),yes,,gXW5HWHSTD9R439z,leak site,leak site,leak site,leak site,leak site,leak site,
Global Secret Group,MACOFIN HELLAS S.A.,maco-fin.com,GR,Greece,stated,Real Estate,Real Estate / Asset Management / Investment Services,stated by site,10000000,"55.3 GB (48,089 Files, 7,491 Folders)",55.3,,,11–50 Employees,"Country: Greece | Website: maco-fin.com | Revenue: $10 Million | Industry: Real Estate / Asset Management / Investment Services | Employees: 11–50 Employees | Properties: 55.3 GB (48,089 Files, 7,491 Folders)",2026-08-10,2026-08,aggregator first-seen (ransomlook.io),yes,,WDmSnnYt9UZHmPEB,leak site,leak site,leak site,leak site,leak site,leak site,
Global Secret Group,Cook Remodeling,cookremodeling.com,US,United States,stated,Construction,Construction Management,stated by site,5000000,"23.2 GB (47,193 Files, 8,323 Folders)",23.2,,,11-50,"Country: Arizona, United States Website: cookremodeling.com | Revenue: $5 Million | Industry: Construction Management | Employees: 11-50 Properties: 23.2 GB (47,193 Files, 8,323 Folders)",2026-08-10,2026-08,aggregator first-seen (ransomlook.io),yes,,qYAhnXZGA9AjeYzC,leak site,leak site,leak site,leak site,leak site,leak site,
Global Secret Group,Coggins Insurance Agency,cogginsinsurance.com,US,United States,stated,Insurance,Insurance,stated by site,5000000,"85.9 GB (245,768 Files, 26,563 Folders)",85.9,,,1-10,"Country: Florida, United States | Website: cogginsinsurance.com | Revenue: $5 Million | Industry: Insurance | Employees: 1-10 | Properties: 85.9 GB (245,768 Files, 26,563 Folders)",2026-08-10,2026-08,aggregator first-seen (ransomlook.io),yes,,UWeEFwpBdNvP8BDy,leak site,leak site,leak site,leak site,leak site,leak site,
Global Secret Group,Pavillon,pavillon.org,US,United States,stated,Healthcare,"Alcoholism Treatment, Hospitals & Clinics, Healthcare",stated by site,8500000,"646 GB (47,950 Files, 7,750 Folders)",646.0,,,100-200,"Country: Mill Spring, North Carolina, United States | Website: pavillon.org | Revenue: $8.5 Million | Industry: Alcoholism Treatment, Hospitals & Clinics, Healthcare | Employees: 100-200 | Properties: 646 GB (47,950 Files, 7,750 Folders)",2026-08-06,2026-08,aggregator first-seen (ransomlook.io),yes,,H3Ns4a8rrGYSaprb,leak site,leak site,leak site,leak site,leak site,leak site,
Global Secret Group,Vernon & Waldrep,vernonwaldrep.com,US,United States,stated,Healthcare,"Physicians, Mental Health Specialists",stated by site,5000000,"274 GB (56,006 Files, 3,421 Folders)",274.0,,,21–50,"Country: Texas, United States | Website: vernonwaldrep.com | Revenue: $5 Million | Industry: Physicians, Mental Health Specialists | Employees: 21–50 | Properties: 274 GB (56,006 Files, 3,421 Folders)",2026-08-06,2026-08,aggregator first-seen (ransomlook.io),yes,,qv77xRx8Tbtgp3M6,leak site,leak site,leak site,leak site,leak site,leak site,
Global Secret Group,Pro-Tuff | Decals,protuffdecals.com,US,United States,stated,Professional Services,"Business Services General, Business Services",stated by site,9600000,"412 GB (589,623 Files, 40,081 Folders)",412.0,,,10-20,"Country: Crystal Lake, US | Website: protuffdecals.com | Revenue: $9.6 million | Industry: Business Services General, Business Services | Employees: 10-20 | Properties: 412 GB (589,623 Files, 40,081 Folders)",2026-08-06,2026-08,aggregator first-seen (ransomlook.io),yes,,9enE5fGhHgNxmo3o,leak site,leak site,leak site,leak site,leak site,leak site,
Global Secret Group,Spergel,spergel.ca,CA,Canada,stated,Professional Services,"Business Services,Project Management",stated by site,28200000,"5.4 TB (7,830,792 Files, 902,844 Folders)",5400.0,,,51-200,"Country: Canada | Website: spergel.ca | Revenue: $28.2 Million | Industry: Business Services,Project Management | Employees: 51-200 | Properties: 5.4 TB (7,830,792 Files, 902,844 Folders)",2026-07-27,2026-07,aggregator first-seen (ransomlook.io),yes,,aaS7xvDRLCuA8Vwj,leak site,leak site,leak site,leak site,leak site,leak site,
Global Secret Group,Hinduja Tech | BMW Group & Škoda Auto,hindujatech.com,IN,India,stated,Engineering & Architecture,"Engineering Services, Architecture, Engineering & Design, Product Engineering Solutions",stated by site,381000000,"515 GB (212,785 Files, 83,982 Folders)",515.0,,,2000-5000,"Country: India | Website: hindujatech.com | Revenue: $381 Million | Industry: Engineering Services, Architecture, Engineering & Design, Product Engineering Solutions | Employees: 2000-5000 | Properties: 515 GB (212,785 Files, 83,982 Folders)",2026-07-27,2026-07,aggregator first-seen (ransomlook.io),yes,,WKQP68EfcWXih2TU,leak site,leak site,leak site,leak site,leak site,leak site,
Global Secret Group,Louisiana Coalition Against | Domestic Violence,lcadv.org,US,United States,stated,Non-profit,Non-Profit & Charitable Organizations,stated by site,13300000,"241 GB (287,451 Files, 31,100 Folders)",241.0,,,201-500,"Country: US | Website: lcadv.org | Revenue: $13.3 Million | Industry: Non-Profit & Charitable Organizations | Employees: 201-500 | Properties: 241 GB (287,451 Files, 31,100 Folders)",2026-07-27,2026-07,aggregator first-seen (ransomlook.io),yes,,usMmWUEmeitKnqPz,leak site,leak site,leak site,leak site,leak site,leak site,
Global Secret Group,Park Manufacturing Corp.,parkmfg.com,US,United States,stated,Manufacturing,"Appliances, Electrical, and Electronics Manufacturing",stated by site,37900000,"195 GB (411,109 Files, 48,413 Folders)",195.0,,,50-100,"Country: Cambridge, Minnesota 55008, US | Website: parkmfg.com | Revenue: $37.9 Million | Industry: Appliances, Electrical, and Electronics Manufacturing | Employees: 50-100 | Properties: 195 GB (411,109 Files, 48,413 Folders)",2026-07-27,2026-07,aggregator first-seen (ransomlook.io),yes,,Atw7oHwaVP7bzQ5e,leak site,leak site,leak site,leak site,leak site,leak site,
Global Secret Group,Novum Energy,novumenergy.com,US,United States,stated,Retail & Wholesale,"Convenience Stores, Gas Stations & Liquor Stores",stated by site,966000000,"842 GB (971,325 Files, 117,085 Folders)",842.0,,,51-200,"Country: Texas, United States | Website: novumenergy.com | Revenue: $966 Million | Industry: Convenience Stores, Gas Stations & Liquor Stores | Employees: 51-200 | Properties: 842 GB (971,325 Files, 117,085 Folders)",2026-07-26,2026-07,aggregator first-seen (ransomlook.io),yes,,GBanBNFV7n43LsTc,leak site,leak site,leak site,leak site,leak site,leak site,
Global Secret Group,OFS,ofs.com,US,United States,stated,Manufacturing,"Furniture,Manufacturing,Transportation",stated by site,517100000,"321 GB (322,742 Files, 18,081 Folders)",321.0,,,1K - 5K,"Country: Indiana, United States | Website: ofs.com | Revenue: $517.1 Million | Industry: Furniture,Manufacturing,Transportation | Employees: 1K - 5K | Properties: 321 GB (322,742 Files, 18,081 Folders)",2026-07-26,2026-07,aggregator first-seen (ransomlook.io),yes,,pHGEYe5Pi29svNDf,leak site,leak site,leak site,leak site,leak site,leak site,
Global Secret Group,Portman Finance Group,portmanfinancegroup.co.uk,GB,United Kingdom,stated,Financial Services,Finance,stated by site,,"209 GB (255,244 Files, 34,852 Folders)",209.0,,,1000-5000 Employees,"Country: United Kingdom | Website: portmanfinancegroup.co.uk | Revenue: £300 Million | Industry: Finance | Employees: 1000-5000 Employees | Properties: 209 GB (255,244 Files, 34,852 Folders)",2026-07-26,2026-07,aggregator first-seen (ransomlook.io),yes,,qKLbtqKWqahp8CMM,leak site,leak site,leak site,,leak site,leak site,
Global Secret Group,Al Hayat | Pepsi,alhayatco.com,IQ,Iraq,stated,Agriculture & Food,Food & Beverage,stated by site,100000000,"138 GB (205,992 Files, 17,178 Folders)",138.0,,,"501-1,000","Country: Iraq | Website: alhayatco.com | Revenue: $100 Million | Industry: Food & Beverage | Employees: 501-1,000 | Properties: 138 GB (205,992 Files, 17,178 Folders)",2026-07-26,2026-07,aggregator first-seen (ransomlook.io),yes,,G755K6KEXMaLPYFA,leak site,leak site,leak site,leak site,leak site,leak site,
Global Secret Group,Cold Front Distribution,coldfrontdist.com,US,United States,stated,Transportation & Logistics,Transportation,stated by site,120100000,"473 GB (890,775 Files, 51,621 Folders)",473.0,,,201-500 Employees,"Country: Colorado, United States | Website: coldfrontdist.com | Revenue: $120.1 Million | Industry: Transportation | Employees: 201-500 Employees | Properties: 473 GB (890,775 Files, 51,621 Folders)",2026-07-26,2026-07,aggregator first-seen (ransomlook.io),yes,,x3t5do6tevBwM6YU,leak site,leak site,leak site,leak site,leak site,leak site,
Global Secret Group,Nourison | Home,nourison.com,US,United States,stated,Retail & Wholesale,"Wholesale, Furniture, Home Decor, Retail, Real Estate",stated by site,59400000,"799 GB (93,941 Files, 13,733 Folders)",799.0,,,100-300,"Country: New Jersey 07663, US | Website: nourison.com | Revenue: $59.4 Million | Industry: Wholesale, Furniture, Home Decor, Retail, Real Estate | Employees: 100-300 | Properties: 799 GB (93,941 Files, 13,733 Folders)",2026-07-26,2026-07,aggregator first-seen (ransomlook.io),yes,,UqkYzWk5mQyTgfnC,leak site,leak site,leak site,leak site,leak site,leak site,
Global Secret Group,SPDM,spdm.org.br,BR,Brazil,stated,Healthcare,Hospitals & Clinics,stated by site,197000000,"847 GB (871,912 Files, 76,047 Folders)",847.0,,,10.000 - 20.000,"Country: Brazil | Website: spdm.org.br | Revenue: $197 Million | Industry: Hospitals & Clinics | Employees: 10.000 - 20.000 | Properties: 847 GB (871,912 Files, 76,047 Folders)",2026-07-26,2026-07,aggregator first-seen (ransomlook.io),yes,,73yEFuLH8LXRPguz,leak site,leak site,leak site,leak site,leak site,leak site,
Global Secret Group,Sinop Energia,sinopenergia.com.br,BR,Brazil,stated,Energy & Utilities,"Electricity, Oil & Gas",stated by site,12200000,"300 GB (43,113 Files, 5,372 Folders)",300.0,,,51-200,"Country: Brazil | Website: sinopenergia.com.br | Revenue: $12.2 Million | Industry: Electricity, Oil & Gas | Employees: 51-200 | Properties:300 GB (43,113 Files, 5,372 Folders)",2026-07-26,2026-07,aggregator first-seen (ransomlook.io),yes,,MoQE4y7s38u4eqwe,leak site,leak site,leak site,leak site,leak site,leak site,
Global Secret Group,West Nova Fuels & Superline Fuels,westnovasuperline.ca,CA,Canada,stated,Retail & Wholesale,"Convenience Stores, Gas Stations & Liquor Stores",stated by site,18900000,"45.8 GB (114,200 Files, 2,672 Folders)",45.8,,,51-200,"Country: Canada | Website: westnovasuperline.ca | Revenue: $18.9 Million | Industry: Convenience Stores, Gas Stations & Liquor Stores | Employees: 51-200 | Properties: 45.8 GB (114,200 Files, 2,672 Folders)",2026-07-26,2026-07,aggregator first-seen (ransomlook.io),yes,,A2uABpxhHbwPFxTL,leak site,leak site,leak site,leak site,leak site,leak site,
Global Secret Group,Acens | Cloud & Backup,acens.com,ES,Spain,stated,Technology,Hosting,stated by site,46300000,129 GB,129.0,,,201-500,Country: Spain | Website: acens.com | Revenue: $46.3 Million | Industry: Hosting | Employees: 201-500,2026-07-26,2026-07,aggregator first-seen (ransomlook.io),yes,,F5Yavx7AaMytRMoB,leak site,leak site,leak site,leak site,leak site,leak site,
Global Secret Group,One Plus Capital,onepluscapital.net,CY,Cyprus,stated,Financial Services,Finance,stated by site,7000000,"117 GB (285,919 Files, 32,404 Folders)",117.0,,,11-50,"Country: Cyprus | Website: onepluscapital.net | Revenue: $7 Million | Industry: Finance | Employees: 11-50 | Properties: 117 GB (285,919 Files, 32,404 Folders)",2026-07-26,2026-07,aggregator first-seen (ransomlook.io),yes,,C9cf3amytRyxmMWC,leak site,leak site,leak site,leak site,leak site,leak site,
Global Secret Group,La Sevillanita,lasevillanita.com,AR,Argentina,stated,Transportation & Logistics,"Freight & Logistics Services,Transportation",stated by site,15000000,"200 GB (385,318 Files, 13,074 Folders)",200.0,,,11-50,"Country: Argentina | Website: lasevillanita.com | Revenue: $15 million | Industry: Freight & Logistics Services,Transportation | Employees: 11-50 | Properties: 200 GB (385,318 Files, 13,074 Folders)",2026-07-26,2026-07,aggregator first-seen (ransomlook.io),yes,,UeTX8xYu6spgCaoD,leak site,leak site,leak site,leak site,leak site,leak site,
Global Secret Group,Chappell Supply & Equipment,chappellsupply.com,US,United States,stated,Consumer Services,"Consumer Services,Retail,Manufacturing,Repair Services",stated by site,9200000,"160 GB (268,758 Files, 30,522 Folders)",160.0,,,11-50,"Country: Oklahoma, United States | Website: chappellsupply.com | Revenue: $9.2 Million | Industry: Consumer Services,Retail,Manufacturing,Repair Services | Employees: 11-50 | Properties: 160 GB (268,758 Files, 30,522 Folders)",2026-07-26,2026-07,aggregator first-seen (ransomlook.io),yes,,dqobztBJSzUY2mwS,leak site,leak site,leak site,leak site,leak site,leak site,
Global Secret Group,Middendorf Animal Hospital & Laser Centre,middendorfanimalhospital.com,US,United States,stated,Healthcare,"Healthcare Services,Veterinary Services",stated by site,5000000,"28.1 GB (34,237 Files, 8,806 Folders)",28.1,,,11-50,"Country: Kentucky, United States | Website: middendorfanimalhospital.com | Revenue: <$5 Million | Industry: Healthcare Services,Veterinary Services | Employees: 11-50 | Properties: 28.1 GB (34,237 Files, 8,806 Folders)",2026-07-26,2026-07,aggregator first-seen (ransomlook.io),yes,,AndkwbyDaHGFPo63,leak site,leak site,leak site,leak site,leak site,leak site,
Global Secret Group,AnyWeather,ohrestorationservices.com,US,United States,stated,Construction,Construction,stated by site,6000000,"301 GB (33,041 Files, 4,133 Folders)",301.0,,,30 Employees,"Country: Kentucky, United States | Website: ohrestorationservices.com | Revenue: $6 Million | Industry: Construction | Employees: 30 Employees | Properties: 301 GB (33,041 Files, 4,133 Folders)",2026-07-26,2026-07,aggregator first-seen (ransomlook.io),yes,,szmiwcB8JtKjYiip,leak site,leak site,leak site,leak site,leak site,leak site,
Global Secret Group,Carpets Direct,carpetsdirectfindlay.com,US,United States,stated,Retail & Wholesale,"Retail,Furniture",stated by site,5000000,"31.1 GB (1,442 Files, 788 Folders)",31.1,,,11-50,"Country: Ohio, United States | Website: carpetsdirectfindlay.com | Revenue: $5 Million | Industry: Retail,Furniture | Employees: 11-50 | Properties: 31.1 GB (1,442 Files, 788 Folders)",2026-07-26,2026-07,aggregator first-seen (ransomlook.io),yes,,QdbN4dBahA3gtszy,leak site,leak site,leak site,leak site,leak site,leak site,
Global Secret Group,Baker Business & Tax Solutions,bakerbusinessandtax.com,US,United States,stated,Legal,Accounting for Legal Practices,stated by site,1000000,"213Gb (817,209 Files, 48,866 Folders)",213.0,,,1-10 Employees,"Country: Kentucky, United States | Website: bakerbusinessandtax.com | Revenue: $1 Million | Industry: Accounting for Legal Practices | Employees: 1-10 Employees | Properties: 213Gb (817,209 Files, 48,866 Folders)",2026-07-26,2026-07,aggregator first-seen (ransomlook.io),yes,,fmea5NzJUbj4jsLe,leak site,leak site,leak site,leak site,leak site,leak site,
Global Secret Group,West Sixth Law,agslawyers.com,US,United States,stated,Legal,Law Firms & Legal Services,stated by site,5000000,"328 GB (708,816 Files, 47,925 Folders)",328.0,,,11-50 Employees,"Country: Columbus, Indiana, United States | Website: agslawyers.com | Revenue: $5 Million | Industry: Law Firms & Legal Services | Employees: 11-50 Employees | Properties: 328 GB (708,816 Files, 47,925 Folders)",2026-07-26,2026-07,aggregator first-seen (ransomlook.io),yes,,yCK2NGYv4xG4YcwY,leak site,leak site,leak site,leak site,leak site,leak site,
Global Secret Group,Farmers Mutual Fire Insurance,farmersofmarble.com,US,United States,stated,Insurance,Insurance,stated by site,5200000,"5.72 GB (18,699 Files, 2,631 Folders)",5.72,,,11-50,"Country: Pennsylvania, United States | Website: farmersofmarble.com | Revenue: $5.2 Million | Industry: Insurance | Employees: 11-50 | Properties: 5.72 GB (18,699 Files, 2,631 Folders)",2026-07-26,2026-07,aggregator first-seen (ransomlook.io),yes,,uENzAT6a3XWLGAxA,leak site,leak site,leak site,leak site,leak site,leak site,
Global Secret Group,Uniview Technologies,uniview.com,CN,China,stated,Manufacturing,"Manufacturing, Electronics",stated by site,610000000,"1.5 TB (2,172,194 Files, 114,352 Folders)",1500.0,,,1000-5000 Employees,"Country: China | Website: uniview.com | Revenue: $610 Million | Industry: Manufacturing, Electronics | Employees: 1000-5000 Employees | Properties: 1.5 TB (2,172,194 Files, 114,352 Folders)",2026-07-26,2026-07,aggregator first-seen (ransomlook.io),yes,,Me6UtJhTDNXQZ8Dy,leak site,leak site,leak site,leak site,leak site,leak site,
DragonForce,HEC Group,hec-group.com.tw,TW,Taiwan,stated in address/location,Manufacturing,,inferred from description,,301.44 GB,301.44,,,,"On August 30, HEC Group issued an official statement addressed to shareholders of TPE:3032 and other stakeholders, announcing that the company had been the target of a cyberattack. In its statement, the company claimed that the breach was detected immediately, that high-tech countermeasures were deployed, and that no corporate documentation was lost. The incident was characterized as a minimal, random occurrence. The reality, however, is starkly different. Our operation against the company began weeks prior to that publication. Due to a systemic failure to implement basic security principles, we gained nearly total control over the infrastructure supporting the development and commercial operations of the entire corporate group. We conducted a methodical and comprehensive review of the documentation, exfiltrating a vast amount of data. We remained undetected for as long as necessary to secure everything we sought. Only after completing our objectives did we initiate the data encryption process, the company's technical staff did not even detect our presence until many hours later. At the time of their official announcement, HEC Group's leadership knew the statement was entirely false. Its sole purpose was to manipulate stock market trading. Instead of contacting us to mitigate the damage, management chose to deceive the exchange. When we finally managed to contact the company's leadership and offered them a chance to make their official statement more truthful in exchange for the deletion of the taken documents, they showed no interest. If the leadership of HEC Group has decided to pursue a path of selfdestruction, we will not stand in their way. To prove that HEC Group’s statement was a fabrication and that our claims are accurate, we will now publish a portion of the exfiltrated data. This initial release will consist of over 360,000 files, drawn from a total volume measuring in terabytes. This data will provide stock exchange regulators and partner companies with exhaustive evidence of the actual events. The remaining documents will not be released publicly at this time, as we have devised a more strategic use for them. While the countdown timer below this publication runs, the companies affiliated with HEC Group, their shareholders, and regulatory authorities have time to prepare. HEC Group has one final opportunity to accept our proposal and avoid the consequences.",2026-09-24,2026-09,stated by site,yes,,61fc714c-292f-4ca0-ac3f-d185e09a5397,leak site,leak site,leak site,,,leak site,
DragonForce,"Elite Industech Co., Ltd",pjemetal.com,TW,Taiwan,stated in address/location,,,,,34.89 GB,34.89,,,,"Elite Industech Co., Ltd. (established in 2003) is a certified Class-A waste treatment plant based in Kaohsiung, Taiwan. The company operates within the circular economy sector, specializing in the eco-friendly processing of electronic waste (E-waste) and the recycling of rare and precious metals",2026-09-23,2026-09,stated by site,yes,,78625ea1-7180-494c-a14f-e199fac6f139,leak site,leak site,,,,leak site,
DragonForce,BMGP Groupe,polyresine.com,FR,France,stated in address/location,Manufacturing,,inferred from description,,41.58 GB,41.58,,,,"BMGP Groupe (Polyresine) is an established French manufacturer specializing in the formulation, production, and distribution of synthetic resins and high-performance technical polymers. Founded in 1972, the company serves a wide range of industrial sectors, providing tailored chemical formulations for applications such as industrial flooring, waterproofing, encapsulation, and specialized coatings. They are known for engineering reliable, durable chemical solutions to meet complex industrial specifications.",2026-09-23,2026-09,stated by site,yes,,539a46d4-2e59-4ef7-aabf-5cddda6a7606,leak site,leak site,leak site,,,leak site,
DragonForce,"Arizona Vascular Medical Equipment, Inc",arizonavascular.com,US,United States,stated in address/location,Healthcare,,inferred from description,,61.03 GB,61.03,,,11-50,"Arizona Vascular Medical Equipment, Inc. is a trusted provider of specialized medical devices, focusing primarily on compression therapy solutions and vascular care equipment. Headquartered in Mesa, Arizona, the company is dedicated to improving patient mobility and quality of life by delivering high-quality medical products and personalized customer service across the United States.",2026-09-23,2026-09,stated by site,yes,,95e362a7-eb25-4e6a-9762-8f32a5b1bca7,leak site,leak site,leak site,,web estimate,leak site,
DragonForce,Owen Leigh Optometry,owenleighoptometry.co.uk,GB,United Kingdom,stated in address/location,Healthcare,,inferred from description,,Full DATA 400 GB+,432.34,,,,"Full DATA 400 GB+ The brain uses the eyes to gather information about our surroundings. The brain cannot process all our view so it must first decide what to look for. The eyes-brain system then has to select that information, usually by shifting eye position and often by shifting focus. How the eyes-brain go through this process is the real test of visual efficiency. Here at Owen Leigh Optometry, we specialise in helping patients of all ages to develop flexibility in their vision to meet all their needs and interests. We start this by observing and measuring your eye-brain system with a wide range of visual challenges. Eye health and eyesight are important, but this must not be the end point of developing good vision. We want to take you much further than that, to explore ways that you can see more, feel more, move better, plan better and understand quicker. We use 'visual efficiency glasses', vision exercises (vision therapy) and 'training/learning lenses' to help you develop your own vision. We add visual hygiene, consider coloured lenses and refer to other disciplines if that will help you meet your goals. “What we see is dependant upon what we are looking for and what we managed to see last time.”",2026-09-16,2026-09,stated by site,yes,,2be33b50-70f7-4151-8b86-b60b31e5e1ba,leak site,leak site,leak site,,,leak site,
DragonForce,Community Property Management,cpm1.com,,,,Real Estate,,inferred from description,,full data 200 GB+,249.3,,,,"full data 200 GB+ We have been in business since 1978 as a management firm specializing in the management of common interest developments including condominiums and planned unit developments. CPM rapidly evolved into one of the premier association management firms in the industry and is on the forefront of innovative and specialized services. Our reputation for attentiveness to the needs of each association is one of which Community Property Management is very proud. Our dedication to excellence and our staffs skills and professionalism have become the trademark at Community Property Management. Management level personnel attend courses offered through Community Associations Institute, a national organization of community association, and California Association of Community Managers. CPM has also earned its Accredited Management Organization designation with IREM, and Certified Property Manager from CAI, the industries highest designation. We are responsive and dedicated to our Associations and their unique service requirements. We have found, over the years that association needs are constantly changing. Therefore, we analyze and formulate objective plans for the guidance and support of the Association through its Board Members. Our company has developed expertise in all areas of association management and keeps Board Members updated on law changes. We stand ready to assist you with all your Associations requirements.",2026-09-16,2026-09,stated by site,yes,,dbdc4732-e361-4834-a8bf-52778bae559f,leak site,,leak site,,,leak site,
DragonForce,Medical Department Store,medicaldepartmentstore.com,US,United States,stated in address/location,Healthcare,,inferred from description,,27.68 GB,27.68,,,,Medical Department Store in united state,2026-09-10,2026-09,stated by site,yes,,aafe099f-f355-4460-95fb-4443b41efc21,leak site,leak site,leak site,,,leak site,
DragonForce,Norwood Law Firm,norwoodlegal.com,US,United States,stated in address/location,Legal,,inferred from description,,78.56 GB,78.56,,,,"Norwood Law is a Tulsa-based legal firm that specializes in personal injury law, criminal defense, business law, and family law. Founded by attorney Joe Norwood in 2004, the firm is known for its success in high-profile cases and achieving significant legal victories for its clients. The team also includes Todd Maxwell, who specializes in contracts, construction law, and dispute mediation. Norwood Law serves clients in Oklahoma seeking expert legal representation in complex legal matters.",2026-09-04,2026-09,stated by site,yes,,66da3509-a3fc-4ff3-a229-ecfa57caf4e0,leak site,leak site,leak site,,,leak site,
DragonForce,Homewood Sales,homewoodsales.com,US,United States,stated in address/location,Manufacturing,,inferred from description,,140.33 GB,140.33,,,,"Homewood Sales Corporation specializes in equipment life extension solutions, offering a wide range of products including automatic voltage regulators, control panels, and motors, all built to Westinghouse specifications. With over a century of expertise, they provide exceptional quality in industrial and power distribution units and components. Their services include global sourcing, factory revitalization, and technical support, ensuring precise and expert assistance for their clients. Homewood primarily serves industries requiring reliable power distribution and equipment maintenance solutions.",2026-09-04,2026-09,stated by site,yes,,6483b94b-84e1-4416-947f-2591eb728a83,leak site,leak site,leak site,,,leak site,
DragonForce,arsrenacer.com,arsrenacer.com,,,,Healthcare,,inferred from description,,365.65 GB,365.65,,Personal data (PII); Financial / accounting; Medical / health (PHI); Legal / contracts; Corporate / confidential; Email / correspondence,,"ARS RENACER, S.A. DUMP: ANALYSIS OF A HEALTH INSURANCE COMPANY LEAK ═══════════════════════════════════════════════════ ARS Renacer, S.A. (Dominican Republic) is a private Health Risk Administrator (ARS), licensed by SISALRIL (Law 87-01). Member of ADIMARS. It serves hundreds of thousands of affiliates through 24 regional offices. **DUMP VOLUME:** 274,404 files / 158,693 critical and high-risk files ▸ 50,894 files in the ""Usuarios"" (Users) folder — user accounts for all systems ▸ .ssh/ + .bash_history + .gitconfig — access keys and command history of IT personnel ▸ 4,501 files — direct affiliate databases (names, cédulas [national IDs], phone numbers, addresses) ▸ 3,000 backup files — potentially complete database dumps ▸ 679 files — employee payroll data ▸ 500 files — passwords and access tokens to financial systems **MEDICAL DATA (PHI):** ▸ 19,443 medical service authorization files — diagnoses, procedures, patient names ▸ 13,928 pre-certification files ▸ 810 pre-certification files (treatment details) ▸ 199 medical record files (expediente clínico) ▸ 1,569 prescription files linked to diagnoses ▸ 252 claims files containing PHI **FINANCIAL DATA:** ▸ 4,863 financial transaction files — payments, refunds, bank details ▸ 3,676 account files with affiliates' financial data ▸ 3,467 financial documents (reports, balance sheets, budgets) ▸ 1,293 files containing financial system secrets and tokens **REGULATORY RISKS:** ▸ Law 172-13 (Personal Data Protection) — Article 13 directly violated; penalties: 6 months to 2 years in prison + fines up to 150 minimum wages per incident ▸ Law 42-01, Article 28 (Confidentiality of clinical records) ▸ Law 53-07 (Cybercrime) — mandatory DICAT investigation ▸ Circular SSRL-INT-2025-000827 SISALRIL — direct requirement to protect PHI ▸ Precedent: SISALRIL fine of 2.3 million DOP for 5 incidents (2021); the current leak is orders of magnitude larger **OTHER RISKS:** ▸ Exploitation of the Traspaso Digital system (SISALRIL, 2025) for massive illegal transfers of affiliates using leaked credentials ▸ Blackmailing patients with the threat of disclosing diagnoses ▸ BEC (Business Email Compromise) attacks on management (Board of Directors' data is in the dump) ▸ Synthetic identity theft and fabrication of fake cédulas ▸ Mass Habeas Data lawsuits — will paralyze the legal department The dump contains a complete cross-section of the medical insurance company: from server SSH keys to the diagnoses of hundreds of thousands of patients and affiliates' bank details. The data cannot be invalidated — a cédula and medical history are immutable.",2026-09-01,2026-09,stated by site,yes,,01cb9bb7-2f43-4e39-aef6-ef509ed5ecfd,leak site,,leak site,,,leak site,leak site
DragonForce,Frato,frato.com,PT,Portugal,stated in address/location,,,,,133.7 GB,133.7,,,,"(release includes data for the entire group of companies across all countries of operation, financial documentation, shareholder information, personal data of employees and clients, and much more) FRATO is recognized for its commitment to quality and style, merging traditional craftsmanship with innovative design. Drawing inspiration from diverse cultures and breathtaking locations worldwide, the brand creates a unique international aesthetic. It offers an exceptional interior lifestyle concept through its flagship stores located across America, Europe, and the Middle East. FRATO's intended clients are those seeking sophistication and inspiration for their living spaces.",2026-08-24,2026-08,stated by site,yes,,0c6530da-dedd-4f1f-805f-c4c7eb9e6d1a,leak site,leak site,,,,leak site,
DragonForce,Wozair,wozair.com,GB,United Kingdom,stated in address/location,Construction,,inferred from description,,48.22 GB,48.22,,,,"Wozair specializes in the design, manufacture, and installation of heavy-duty heating, ventilating, and air conditioning (HVAC) products for various sectors including Marine, Naval, Military, Nuclear, Oil and Gas, Powergen, and Renewables. Their product range includes air handling units, dampers, filtration solutions, and refrigeration systems. Wozair also offers services such as system design, project management, manufacturing, commissioning, and maintenance. The company aims to provide bespoke solutions to meet specific client requirements while ensuring a safe working environment.",2026-08-24,2026-08,stated by site,yes,,6e06069d-69f2-44e1-8a0d-306d487cc8cd,leak site,leak site,leak site,,,leak site,
DragonForce,Brookview Financial,brookviewfinancial.com,US,United States,stated in address/location,Retail & Wholesale,,inferred from description,,111.37 GB,111.37,,,,"(data of many thousands of customers, including credit reports, SSNs, addresses, etc.) Brookview Financial is a boutique private lender specializing in quick-close financing solutions for real estate projects. Established in 1992, the company has served as a trusted capital partner for thousands of real estate investors across the nation. They offer a range of loan programs, including commercial bridge loans, fix & flip loans, and special situation financing, with amounts ranging from $75,000 to over $50 million. Known for their personal service and flexible terms, Brookview can close deals in as little as 7 days.",2026-08-24,2026-08,stated by site,yes,,65fa9687-26ec-41c7-8aca-7bc0b1d62c51,leak site,leak site,leak site,,,leak site,
DragonForce,winfashion,winfashion.com,US,United States,stated in address/location,Financial Services,,inferred from description,,78.89 GB,78.89,,,,"══════════════════════════ ══════════════════════════ ══════════════════════════ WINFASHION TECHNOLOGIES DUMP: DATA LEAK ANALYSIS OF A B2B ERP PLATFORM FOR THE FASHION INDUSTRY ══════════════════════════ ══════════════════════════ ══════════════════════════ This is a preliminary analysis, processing of sensitive data is currently underway. Target: WinFashion Technologies (Los Angeles, USA) — an international B2B provider of ERP solutions (WF125sR / Fabric ERP V.10) for 250+ fashion brands. Offices in New York, Shanghai, and India. Integrations: Shopify, Acenda, JOOR, NuORDER, CommerceHub, FashionGo. BPO/EDI processing via Inovis/QRS. DUMP VOLUME: ~205K files / ~13K directories / ~73 Gigabytes AT-RISK FILES: 125,274 (61.0%) Critical: 9,350 High: 78,174 Medium: 37,750 PRELIMINARY FINDINGS: ▸ kaktus.bak (5.64 GB) — full MSSQL backup of the ""Kaktus"" client's ERP installation (Customer Master, Style Master, EDI, AR) ▸ 6 SSL PFX containers + EDI-VAN client certificate for ECGrid/OpenText ▸ 33,307 .shxml files — WinSCP SFTP session logs (hosts, paths, sizes) ▸ 332 ASP.NET Web.config files — potentially hardcoded Shopify / Authorize.Net secrets ▸ 171 files with PAN / CreditCard / Cardholder / Payment data — Authorize.Net payment processing code ▸ 39 files with IBAN / SWIFT / BankAccount data — bank account details ▸ 259 Invoice Register / Invoice data files — Excel payment registers (up to 124 MB) CLIENT DATA (~40 BRANDS): ▸ STYLEMASTER.xlsx (48 MB) — aggregated product catalog export ▸ Vendors.XLS (20 MB) + test customers.XLS (7 MB) — Kaktus vendors and customers ▸ 40,621 EDI files (.edi / .850 / .856 / .810 / .997 / .852 / .832 / .846) — full B2B trade lifecycle (PO, ASN, invoices, price catalogs) INTELLECTUAL PROPERTY: ▸ 8,577 .cs files — integration source code (Authorize.Net, Shopify, Acenda, JOOR, NuORDER, DSCO) ▸ 5,828 .pbd files — PowerBuilder WF125sR ERP core ▸ 3,398 .sql files — DB schema, triggers, CLR procedures ▸ 18 .dbf / .mdf files — legacy DBASE / FOXPRO / MSSQL tables without encryption HR / PII: ▸ INV EMPLOYEE ALLOWANCE YTD.xlsx (76 MB) — employee HR data ▸ AR Aging 12.30.25.xls + AR Aging 12.29.25.XLS — accounts receivable for Monrow and Kaktus clients REGULATORY RISKS: ▸ PCI DSS — compromise of PAN processing code + Authorize Excel registers ▸ CCPA / CPRA — HR-PII (76 MB), California jurisdiction ▸ FTC — ""total security"" claims amidst PFX / DBF / Web.config compromise ▸ SEC (Regulation FD) — risk for publicly traded client issuers ▸ GDPR — PII of customers / vendors across ~40 brands The dump represents a cross-tenant B2B SaaS incident involving the disclosure of trade secrets for ~40 fashion brands, the compromise of the Authorize.Net payment infrastructure, and the exposure of the full ERP source code.",2026-08-24,2026-08,stated by site,yes,,282bb4b1-73bc-41e7-b926-a27c05a288c6,leak site,leak site,leak site,,,leak site,
DragonForce,Hogan Omidi P.C.,hoganomidi.com,US,United States,stated in address/location,Legal,,inferred from description,,74.9 GB,74.9,,,,"Hogan Omidi, P.C. is a boutique law firm specializing in family law, including divorce, child custody, and property division, with a focus on high-asset cases. The firm is led by experienced attorneys who have authored key reference materials on Colorado family law, providing them with a unique advantage in legal representation. They serve a diverse clientele, including executives, business owners, and professionals, ensuring personalized and strategic legal solutions. With offices in Denver and Aspen, they are dedicated to protecting clients' interests and achieving favorable outcomes in family law matters.",2026-08-21,2026-08,stated by site,yes,,ed288008-26ad-4b2d-babf-32879da1a35d,leak site,leak site,leak site,,,leak site,
DragonForce,R & D Machine and Engineering,rdmachine.com,US,United States,stated in address/location,Manufacturing,,inferred from description,,306.61 GB,306.61,,,,"&D Machine and Engineering, LLC specializes in CNC machining of precision metal components primarily for the aerospace, defense, and space industries. The company is known for its ability to maintain tight tolerances and produce complex geometries using advanced 5-axis milling and coordinate measuring machines. With a commitment to quality, R&D Machine has built a strong customer base that includes respected blue-chip companies like NASA. Acquired by Compass Precision in 2022, the company continues to focus on manufacturing mission-critical components for demanding applications.",2026-08-18,2026-08,stated by site,yes,,9351fab2-40b4-47c9-bf96-a00af22ab27a,leak site,leak site,leak site,,,leak site,
DragonForce,Vermont XCenter,vermont.com.br,BR,Brazil,inferred from domain,Technology,,inferred from description,,4.44 GB,4.44,,,,"A Vermont coloca seus clientes estrategicamente no Centro das Decisões, pois entende que o cliente deve estar no Centro das Atenções. Com isso estabelecido, a companhia acredita que é mais simples interpretar o mercado a partir dos desejos e perspectivas do mesmo. Vermont XCenter: Centro de interAções modernas que promovem experiências em relacionamento. Soluções de Contact Center que contam com um avanço tecnológico do atendimento e que se adaptam às necessidades de um consumidor cada vez mais exigente e conectado; Soluções de Tecnologia: Pensada por meio de um portfólio que vai desde fábrica de software, mapeamento e modelagem dos processos de negócios (BPM) até Service e Help Desk. Com Skills técnicos e avançadas linguagens de programação.",2026-08-17,2026-08,stated by site,yes,,50670edf-f2a0-45b3-ae78-bfbc7f5e951d,leak site,leak site,leak site,,,leak site,
DragonForce,rubbermill.com,rubbermill.com,US,United States,stated in address/location,Insurance,,inferred from description,,365.63 GB,365.63,,Customer data; Financial / accounting; Databases / backups; Engineering / R&D / IP,,"═════════════════ ═════════════════ ═════════════════ RUBBERMILL, INC. DUMP: BREAKDOWN OF AN OEM MANUFACTURER LEAK ═════════════════ ═════════════════ ═════════════════ Target: RubberMill, Inc. (North Carolina, USA) — contract manufacturer of non-metallic components for appliance, HVAC, automotive, and heavy equipment. Certifications: ISO 9001:2015, WOSB, WBENC. Probable defense contracts (Mil-Spec). DUMP SIZE: ~296K files / 276K data objects / 340+ GB ▸ 146 GB disk image (.mrimg) — full copy of the system ▸ AES PASSWORDS.xlsx file + APWDxx libraries — credentials ▸ outlook.pst (487 MB) — corporate email archive ▸ creditcard.xls — payment data ▸ EMPLOYEE CALL LIST + Employee Information Record Form — PII ▸ Insurance data ▸ Tax forms containing SSNs ENGINEERING DATA: ▸ 3,000+ CAD files (.dxf, .stp, .dwg) with client part numbers: 7J314, K2A31, K7K11, V1324, etc. ▸ Complete set of 3D models ▸ Client drawings FINANCIAL DATA: ▸ Sales analysis.mdb (38 MB) — complete sales database ▸ commercial terms ▸ customer segmentation REGULATORY RISKS: ▸ C-TPAT / NAFTA / Certificate of Origin ▸ Conflict Minerals Reporting Template ▸ Supplier Quality Assurance Manual ▸ Probable Mil-Spec specifications The dump contains a full cross-section of the business: from passwords and SSNs to automotive OEM drawings and military specifications. ═════════════════ ═════════════════ ═════════════════",2026-08-15,2026-08,stated by site,yes,,dabd2c16-5f55-49a2-acd5-28d1de9052f7,leak site,leak site,leak site,,,leak site,leak site
DragonForce,GB Group S.A,gbgroup.com,,,,Construction,,inferred from description,,1757.19 GB,1757.19,,,,"GB Group is one of Haiti’s largest private industrial and trading conglomerates. Headquartered in Port-au-Prince, it operates across nine core industries including construction materials, consumer goods, and energy. Recently, the organization transitioned its corporate identity to B|G|O (Builders of Great Opportunities).",2026-08-11,2026-08,stated by site,yes,,172d1161-42f6-4f69-89a0-d401a2be2b54,leak site,,leak site,,,leak site,
DragonForce,QPC Global,qpcglobal.com,,,,Retail & Wholesale,,inferred from description,,706.71 GB,706.71,,,,"Quest Personal Care Global Ltd is a global company specializing in affordable beauty and personal care products, with over 30 years of experience and a presence in more than 65 countries. They offer a diverse range of innovative brands and products, including skincare, haircare, and fragrance, aimed at helping consumers look and feel their best. The company focuses on speed to market, consumer insights, and sustainable practices, ensuring high-quality products that are both effective and environmentally friendly. Their mission is to simplify beauty for everyone by providing inclusive and trend-led products to retail partners and distributors worldwide",2026-08-10,2026-08,stated by site,yes,,13482e3f-7d7f-4b88-b6bd-b0e8468b7498,leak site,,leak site,,,leak site,
DragonForce,Primary Eye Care,primaryeyecareneworleans.com,US,United States,stated in address/location,Healthcare,,inferred from description,,1.42 GB,1.42,,,,"We offer a full range of options to meet your eyecare needs. From advanced custom LASIK laser vision correction and cataract surgery to glasses, contact lens fittings and routine eye tests, we can provide the treatment that is right for you.",2026-08-05,2026-08,stated by site,yes,,b7c7a087-21bf-459f-b236-f1018767bacf,leak site,leak site,leak site,,,leak site,
DragonForce,One Community FCU,onecommunityfcu.org,US,United States,stated in address/location,Financial Services,,inferred from description,,294.32 GB,294.32,Chat,,21,"(UPD: Added additional internal documentation and longer-term customer data. Also included data showing low network security against breaches.) One Community FCU offers a range of financial services, including loans, savings accounts, and online banking solutions. Its products cater to individuals seeking personal, auto, mortgage, and credit card loans, as well as savings and checking accounts. This release includes databases, internal documentation, client data, documents, financial information (including statements clients supplied to One Community FCU from other banks), and documentation on delinquent payments. Additionally, the release contains reports and documentation produced by TraceSecurity LLC (6300 Corporate Blvd, Suite 200, Baton Rouge, LA 70809). TraceSecurity LLC handled security matters for One Community FCU. In our view, that work was inadequate. These shortcomings contributed to the data breach, though they were not the sole cause, so we believe it is necessary to publish them.",2026-08-05,2026-08,stated by site,yes,,3b6cb0aa-6d4e-4e99-a0f0-d3caf9a03ee5,leak site,leak site,leak site,,web,leak site,
DragonForce,Mike Graham Heating And Air Conditioning,mgpcomfort.com,US,United States,stated in address/location,Construction,,inferred from description,,57.82 GB,57.82,,,,"Mike Graham Heating, Air Conditioning & Plumbing is a trusted HVAC and plumbing service provider based in Wichita Falls, Texas, serving the local community since 1994. The company offers a wide range of services including air conditioning, heating, indoor air quality solutions, and comprehensive plumbing services. Their target clients include homeowners and businesses in Wichita County and surrounding areas, seeking reliable and professional home service assistance. With a commitment to customer satisfaction, they provide upfront estimates, emergency services, and tailored solutions to meet individual needs.",2026-08-05,2026-08,stated by site,yes,,e633d61f-8e85-4f38-884b-56a9fde31cde,leak site,leak site,leak site,,,leak site,
DragonForce,P. A. Inc. (Performance Alloys),painc.com,US,United States,stated in address/location,Manufacturing,,inferred from description,4000000,64.56 GB,64.56,,,,"P.A. Inc. is a leading distributor of high nickel alloy and specialty stainless steel piping products, based in Houston, Texas. The company offers a comprehensive inventory of materials including Nickel 200, Alloy 400, Alloy 600, and various titanium grades, catering to industries requiring high-temperature and corrosion-resistant solutions. Their services include custom fabrication and a qualitative specification assurance process to ensure product quality. P.A. Inc. serves clients in sectors such as specialty chemicals, oil and gas, and petrochemicals, providing efficient and effective procurement solutions.",2026-08-05,2026-08,stated by site,yes,,720bcaea-bde0-4b88-b487-d72bc4d233ce,leak site,leak site,leak site,web estimate,,leak site,
DragonForce,EduSpa,eduspa.com,KR,South Korea,stated in address/location,,,,,3.85 GB,3.85,,,,"Parkmungak has been operating since 1972, providing a range of services and products tailored to meet the needs of its clients. The company focuses on delivering high-quality solutions and has established a reputation for excellence in its field. With a commitment to innovation and customer satisfaction, Parkmungak aims to serve a diverse clientele. Their offerings include various services designed to enhance user experience and operational efficiency.",2026-08-05,2026-08,stated by site,yes,,9a456609-e7aa-4034-a7de-1645f7c50e6d,leak site,leak site,,,,leak site,
DragonForce,TUI China,tui.cn,CN,China,stated in address/location,Hospitality & Travel,,inferred from description,,104.48 GB,104.48,,,,"An affiliate of TUI Group, the world's number one leisure tourism business, TUI China was established in late 2003 as the first joint venture with foreign majority share in the Chinese tourism industry. Passports, visas, internal documentation, legal and financial documents, etc.",2026-08-03,2026-08,stated by site,yes,,eac9b985-c649-480d-815d-805c0c980241,leak site,leak site,leak site,,,leak site,
DragonForce,Lamont Pridmore,lamontpridmore.co.uk,GB,United Kingdom,stated in address/location,Hospitality & Travel,,inferred from description,,"Lamont Pridmore is a leading independent chartered accountancy practice based in Carlisle, Cumbria, and Lancashire, offering a comprehensive range of accountancy, tax, and business advisory services. Their expertise spans various sectors including agriculture, tourism, and family businesses, catering to both individuals and organizations throughout the North of England and Southern Scotland. The firm specializes in services such as asset and wealth management, corporate finance, and tax planning, aiming to support clients in improving their financial performance. The release consists of a single archive that expands to 250 GB of data once unpacked. This includes both internal company documentation and client data containing confidential financial information.",104.85,,,11-50,"Lamont Pridmore is a leading independent chartered accountancy practice based in Carlisle, Cumbria, and Lancashire, offering a comprehensive range of accountancy, tax, and business advisory services. Their expertise spans various sectors including agriculture, tourism, and family businesses, catering to both individuals and organizations throughout the North of England and Southern Scotland. The firm specializes in services such as asset and wealth management, corporate finance, and tax planning, aiming to support clients in improving their financial performance. The release consists of a single archive that expands to 250 GB of data once unpacked. This includes both internal company documentation and client data containing confidential financial information.",2026-07-31,2026-07,stated by site,yes,,b6be8d66-388e-4cc3-8e6d-f18008ed955a,leak site,leak site,leak site,,web,leak site,
DragonForce,www.mbmlawsc.com,mbmlawsc.com,US,United States,stated in address/location,Legal,,inferred from description,,1168.03 GB,1168.03,,,,"MBM Law (Moore Bradley Myers) is a South Carolina-based law firm founded in 1971. For over half a century, the firm has represented individuals, families, and businesses across a wide range of legal matters",2026-07-30,2026-07,stated by site,yes,,7311c4c3-6f5d-42e5-a487-c2d5d5e8410b,leak site,leak site,leak site,,,leak site,
DragonForce,RUS Industrial,rusindustrial.com,US,United States,stated in address/location,Construction,,inferred from description,,12.25 GB,12.25,,,201-500,"RUS Industrial specializes in heavy industrial construction services, catering to sectors such as chemical refineries, petrochemical plants, oil and gas facilities, and mission-critical data centers.",2026-07-30,2026-07,stated by site,yes,,7a02a198-4fa0-47ab-afe0-0b087659af9e,leak site,leak site,leak site,,web,leak site,
DragonForce,Katathani Phuket Beach Resort,katathani.com,TH,Thailand,stated in address/location,Hospitality & Travel,,inferred from description,,409.79 GB,409.79,,,,"Katathani Phuket Beach Resort is a luxury beachfront resort located on Kata Noi Beach in Phuket, Thailand, offering a range of accommodations from suites to family-friendly rooms. The resort features world-class amenities including multiple dining options, a spa, fitness facilities, and a kids club, catering to couples, families, and solo travelers alike. Guests can enjoy stunning ocean views, direct beach access, and a variety of recreational activities, ensuring a memorable stay in a tranquil setting. With its commitment to providing exceptional service and a serene atmosphere, Katathani is an ideal destination for those seeking relaxation and luxury in paradise. We took all the database files related to customer relationships, which contained a large amount of sensitive information, such as names, passport numbers, and other details 1.5T used in 33023 directories, 299789 files",2026-07-27,2026-07,stated by site,yes,,8289671c-c761-48b7-833b-f75f83d4b7b8,leak site,leak site,leak site,,,leak site,
DragonForce,Deluxe Medical Supply,deluxemedical.com,US,United States,stated in address/location,Healthcare,,inferred from description,,460.33 GB,460.33,,,,"Deluxe Medical Supply is a distributor of healthcare supplies that focuses on delivering quality home healthcare products and services. They provide a wide range of medical equipment, including mobility aids, incontinence supplies, and compression therapy garments, aimed at restoring independence and confidence for their clients. Their knowledgeable staff is dedicated to offering fast and efficient service to both patients and medical professionals. The company intends to serve individuals needing home healthcare solutions while ensuring affordable options and high-quality products.",2026-07-26,2026-07,stated by site,yes,,23ed9672-4fc8-4c75-ba59-f6e5d34941e2,leak site,leak site,leak site,,,leak site,
DragonForce,Syntron Bioresearch,syntron.net,US,United States,stated in address/location,Healthcare,,inferred from description,,143.38 GB,143.38,,,,"Syntron Bioresearch, Inc. specializes in manufacturing rapid in vitro diagnostic tests and detection readers, focusing on fertility and over-the-counter tests for ovulation and pregnancy. The company is licensed as a Medical Device Establishment by the US FDA and the State of California Department of Health Services, and is ISO certified. Their intended clients include healthcare providers and individuals seeking reliable diagnostic solutions. Syntron is committed to meeting the needs of its customers with high-quality products and services.",2026-07-26,2026-07,stated by site,yes,,e3e9a2e3-d642-49b5-963b-42cce1b49a6d,leak site,leak site,leak site,,,leak site,
DragonForce,ID engineering,id-engineering.com,,,,Construction,,inferred from description,,298.56 GB,298.56,,,,"ID Engineering & Automated Systems is a machine builder and integrator with over 50 years of combined experience, established in 2002. The company specializes in producing quality, turn-key equipment and offers both stand-alone equipment and fully robotic work cells. With a strong focus on quality, reliability, and operator ergonomics, they cater to the manufacturing industry by meeting demands for safety and process control. Their commitment to competitive pricing and on-time delivery, along with a dedicated workforce, underscores their success in the field.",2026-07-24,2026-07,stated by site,yes,,c19d8971-6581-4a3b-9dec-76e53794edc1,leak site,,leak site,,,leak site,
DragonForce,Koshkaryan Law Group,koshlaw.com,US,United States,stated in address/location,,,,,400.21 GB,400.21,,,,"Koshkaryan Law Group is a legal firm specializing in personal injury and criminal defense cases. They prioritize client service and provide personalized attention to ensure favorable outcomes for their clients. The firm offers free initial consultations and is dedicated to keeping clients informed about their legal options. With a strong track record of recovering over $138 million for clients, they aim to advocate vigorously on behalf of those they represent.",2026-07-22,2026-07,stated by site,yes,,877bb86e-24f9-4685-bbe4-6589ae2725b6,leak site,leak site,,,,leak site,
DragonForce,Baicizhan,baicizhan.com,,,,,,,,271.06 GB,271.06,,,,Baicizhan is a language learning platform specializing in English instruction. It offers a wide range of tools and resources designed to help users overcome the challenges of learning English.,2026-07-21,2026-07,stated by site,yes,,2cef3ae9-229a-4e1b-9434-9abfe97ba161,leak site,,,,,leak site,
DragonForce,NewNet,newnetsa.com,,,,Manufacturing,,inferred from description,,47.02 GB,47.02,,,,"NewNet S.A. is a Colombian company specializing in managing IT risks, offering advanced and personalized data protection services. Their extensive range of services includes information security, cybersecurity, business continuity, and governance, risk, and compliance (GRC) solutions. They cater to various sectors, providing consulting, technology, and managed services to ensure optimal IT operations for their clients. With a commitment to quality and collaboration with recognized manufacturers, NewNet S.A. has been delivering reliable and secure technology solutions since 1996",2026-07-18,2026-07,stated by site,yes,,6f4e3a42-0adb-422b-ba3e-5bd972e17938,leak site,,leak site,,,leak site,
DragonForce,Sinai Grand Casino,sinaigrandcasino.com,EG,Egypt,stated in address/location,Hospitality & Travel,,inferred from description,,1370.54 GB,1370.54,,,,"Sinai Grand Casino is the premier casino in the Middle East, offering a luxurious gaming experience with a variety of games including roulette, blackjack, and poker. The casino provides 24/7 services, entertainment shows, and dining options, making it a top destination for visitors in Sharm El Sheikh. It caters primarily to international tourists, as Egyptian nationals are not permitted to enter due to government regulations. With a commitment to exceptional customer service, Sinai Grand Casino also offers complimentary transportation for qualified players and guests.",2026-07-16,2026-07,stated by site,yes,,989c5e3a-598c-409e-b299-ed842bc4a698,leak site,leak site,leak site,,,leak site,
DragonForce,Petrini Valores,petrini.com.ar,AR,Argentina,stated in address/location,Financial Services,,inferred from description,,138.57 GB,138.57,,,,"Petrini Valores S.A. specializes in personalized wealth management and financial planning, offering tailored financial solutions for individuals, families, and businesses. They provide private banking services, corporate solutions, and sales & trading expertise, ensuring clients can access both local and international markets. The company focuses on creating customized portfolios aligned with clients' profiles and objectives, utilizing innovative strategies and technology. With a commitment to exploring capital market opportunities, Petrini Valores aims to deliver flexible and disruptive financial strategies.",2026-07-16,2026-07,stated by site,yes,,c7a0279c-a105-4324-a7ee-ce72ba0ae329,leak site,leak site,leak site,,,leak site,
DragonForce,Kee Wah Bakery,keewah.com,HK,Hong Kong,stated in address/location,Agriculture & Food,,inferred from description,,397.25 GB,397.25,,,,"Kee Wah Bakery specializes in traditional and innovative baked goods, offering a wide range of products including mooncakes, festive treats, and gift items. The company prides itself on using high-quality ingredients and advanced techniques to create its renowned products. Targeting both individual consumers and corporate clients, Kee Wah Bakery also provides promotional offers and a membership program for added benefits. With a commitment to quality and tradition, the brand continues to uphold its legacy in the baking industry.",2026-07-16,2026-07,stated by site,yes,,bbca2373-ee63-4a48-91a5-9d70a5c142f0,leak site,leak site,leak site,,,leak site,
DragonForce,Heritage Mechanical LLC,heritagemechanical-llc.com,US,United States,stated in address/location,Construction,,inferred from description,,111.16 GB,111.16,,,,"Built on a family legacy of proud steamfitters dating back to over 100 years, Heritage Mechanical was established in 2012 to provide quality mechanical service to the commercial construction industry. Opening its doors with only three employees and a master plan, the company has since grown rapidly to become one of the fastest growing mechanical construction firms serving the DMV.",2026-07-15,2026-07,stated by site,yes,,b3dd9277-35e9-4698-8a7a-144bdf89a688,leak site,leak site,leak site,,,leak site,
DragonForce,Stephens Precision,stephensprecision.com,US,United States,stated in address/location,Manufacturing,,inferred from description,,70.27 GB,70.27,,,,"Stephens Precision, Inc. is a versatile HUBZone manufacturing facility in Vermont, specializing in the machining of mechanical assemblies, components, and tooling for aerospace, defense, commercial, and research sectors. As a Woman-Owned Small Business, they offer solutions from prototype to volume production, emphasizing lean manufacturing and cost control through various programs. The company prides itself on achieving 100% quality and delivery ratings from major clients like Boeing and GE Aviation. With a commitment to quality and a skilled workforce, they provide precision machined parts and a wide range of materials, ensuring strong partnerships with their clients.",2026-07-15,2026-07,stated by site,yes,,a388f700-9866-41dd-876a-e0df581209a7,leak site,leak site,leak site,,,leak site,
DragonForce,Shillen Mackall & Seldon,promotingjustice.com,US,United States,stated in address/location,Legal,,inferred from description,,1276.43 GB,1276.43,,,,"Shillen Mackall Seldon Spicer & Fraas is a law firm dedicated to representing personal injury victims primarily in Vermont, New Hampshire, and Florida since 1980. They offer legal services for a wide range of personal injury cases, including car accidents, medical malpractice, and workers' compensation. The firm is committed to providing compassionate legal counsel and fighting for the rights of clients facing physical, emotional, and financial challenges after accidents. With a team of experienced attorneys, they strive to secure maximum compensation for their clients while ensuring a supportive and understanding environment.",2026-07-15,2026-07,stated by site,yes,,44f4c161-ceec-4599-8f03-6eea8c4e4ea7,leak site,leak site,leak site,,,leak site,
DragonForce,Hughes Atwood & Mullaly pllc,hsh-law.com,US,United States,stated in address/location,Legal,,inferred from description,,487.28 GB,487.28,,,,"Hughes Atwood & Mullaly PLLC is a full-service law firm that offers professional legal services to individuals, businesses, and institutions in the Upper Valley Region of New Hampshire and Vermont. The firm specializes in various practice areas including Business Law, Civil Litigation, Criminal Law, Estate Planning, Real Estate, Divorce Law, Municipal Law, Collections, and Landlord-Tenant issues. Their experienced attorneys are dedicated to providing caring legal support tailored to their clients' needs. The firm does not solicit legal business from clients in jurisdictions where they are not licensed to practice.",2026-07-15,2026-07,stated by site,yes,,a6b51e12-3d64-4267-a3b7-697c95a787b4,leak site,leak site,leak site,,,leak site,
DragonForce,North Atlantic Engineering Consultants,northatlantic.bw,BW,Botswana,stated in address/location,Engineering & Architecture,,inferred from description,,13.66 GB,13.66,,,,"Established in the early 1980's North Atlantic Engineering Consultants has since inception conscientiously led the way with holistic sustainable energy solutions and responsible engineering practice. With a human resource base of professionals of the highest calibre, who are qualified and experienced in project design, co-ordination and management, the firm has grown steadily over the years with a steadfast commitment to quality and cutting-edge design, establishing itself as a trend setter in the field of sustainable building services engineering.",2026-07-15,2026-07,stated by site,yes,,56d4e3ab-85a8-480f-8b8a-9a3f74036dc8,leak site,leak site,leak site,,,leak site,
DragonForce,Metro Design Cente,metrodesigncenter.com,US,United States,stated in address/location,Engineering & Architecture,,inferred from description,,18.09 GB,18.09,,,,"Metro Design Center offers a variety of design ideas through its room settings, creating an experience reminiscent of Architectural Digest. The center is conveniently located in the Lehigh Valley, making it accessible to a wide range of clients",2026-07-15,2026-07,stated by site,yes,,49336a64-38c9-4305-b7ee-3b2ccfa9698c,leak site,leak site,leak site,,,leak site,
DragonForce,Southport Outdoor Living,southportoutdoor.com,CA,Canada,stated in address/location,,,,,22.78 GB,22.78,,,,"Southport Outdoor Living is a Canadian company established in 2008, specializing in outdoor patio furniture. They offer a wide range of products including lounge furniture, dining sets, grills, umbrellas, and custom cushions, all with a focus on quality and thoughtful design. Their services include design consultation and a commitment to supporting local suppliers by providing Canadian-made products. The company aims to deliver exceptional value and reliable service to clients in Toronto, Woodbridge, and Vaughan.",2026-07-15,2026-07,stated by site,yes,,ca8899be-9289-4e32-8661-8fc3d9fe6a14,leak site,leak site,,,,leak site,
DragonForce,Edison Global Networks Limited,edisongn.com,HK,Hong Kong,stated in address/location,Technology,,inferred from description,,298.0 GB,298.0,,,11-50,"Edison Global Networks Limited is a Hong Kong-based IT system integrator and managed service provider with regional offices in Shenzhen, Shanghai, and Beijing. They specialize in cloud solutions, network infrastructure, disaster recovery, global data center services, and communication systems.",2026-07-14,2026-07,stated by site,yes,,dc4e608f-e9fc-48c8-93f9-d4fd52dadbec,leak site,leak site,leak site,,web,leak site,
DragonForce,Road Ahead Technologies Consultant,ratc.com.cn,CN,China,stated in address/location,Healthcare,,inferred from description,,128.3 GB,128.3,,,,"马路科技 specializes in advanced 3D scanning and measurement solutions, offering a range of products including GOM ATOS 3D scanners, industrial CT systems, and 3D printers. They serve various industries such as automotive, aerospace, and medical devices, providing high-precision measurement and reverse engineering services. As the authorized distributor for ZEISS in China, they ensure high-quality products and support for their clients. Their services also include software solutions for quality management and 3D data analysis",2026-07-14,2026-07,stated by site,yes,,59b86793-648f-4822-8c06-61485a57ac1a,leak site,leak site,leak site,,,leak site,
DragonForce,Ifage,ifage.ch,CH,Switzerland,stated in address/location,Education,,inferred from description,,913.19 GB,913.19,,,,"Ifage is a foundation based in Geneva dedicated to the continuous education and professional development of adults. It offers a wide range of courses in languages, management, administration, industry, construction, and new technologies. The foundation serves individuals seeking to enhance their skills and obtain recognized certifications, including federal diplomas and international certificates. Its clients include professionals looking to advance their careers and companies seeking training solutions for their employees.",2026-07-14,2026-07,stated by site,yes,,81b39124-4df9-4825-b410-581d859de945,leak site,leak site,leak site,,,leak site,
DragonForce,Omax Autos,omaxauto.com,IN,India,stated in address/location,Manufacturing,,inferred from description,55600000,386.71 GB,386.71,,,94,"OMAX Autos Limited is a leading manufacturer of sheet metal components, specializing in the production of auto and non-auto components. The company serves various sectors, including commercial vehicles, passenger cars, and railways, with a focus on innovative design and manufacturing solutions. OMAX is committed to bridging the gap between human and technology, evolving from a manufacturing to an engineering company. Their mission emphasizes a performance-driven culture and respect for intellectual property.",2026-07-14,2026-07,stated by site,yes,,e97e4acb-8587-423d-afa3-e4dc8fdb22dd,leak site,leak site,leak site,web,web,leak site,
DragonForce,Midal Cables,midalcable.com,BH,Bahrain,stated in address/location,Manufacturing,,inferred from description,,355.68 GB,355.68,,,1345,"Founded in 1977, Midal Cables manufactures alluminum rods and wires, overhead line conductors, aluminum clad steel and extruded products. Midal Cables has offices located in Bahrain, London, Toronto, Kuala Lampur and Nairobi.",2026-07-14,2026-07,stated by site,yes,,1cca878f-d73a-45df-bc04-d0413369432a,leak site,leak site,leak site,,web estimate,leak site,
DragonForce,Atcom,atcomm.cn,CN,China,inferred from domain,Manufacturing,,inferred from description,,421.93 GB,421.93,,,,"ATCOM Technology Co., LTD. specializes in manufacturing VoIP products, including various types of IP phones and IP PBX systems. They offer a range of solutions such as self-built VoIP, cloud VoIP, call center VoIP, and Wi-Fi VoIP solutions tailored for enterprises. Their focus is on creating value for customers through innovative products and excellent service. The intended clients include businesses looking for reliable and efficient communication systems.",2026-07-14,2026-07,stated by site,yes,,e14ea058-9e63-4d6e-b0c2-2b6baf9065c2,leak site,leak site,leak site,,,leak site,
DragonForce,Intron Technology Holdings,intron-tech.com,CN,China,stated in address/location,Energy & Utilities,,inferred from description,,580.15 GB,580.15,,,,"Intron Technology Holdings Limited is a fast-growing automotive electronics solutions provider in China focuses on providing solutions targeting critical automotive electronic components applied in New Energy, Body Control, Safety and Powertrain systems. The Group utilizes its research and development and engineering capabilities to provide solutions incorporating advanced semiconductor devices to help OEMs achieve industry leading performance.",2026-07-14,2026-07,stated by site,yes,,8d68afdb-9f29-4d4a-941d-3a312b899536,leak site,leak site,leak site,,,leak site,
DragonForce,Isegen South Africa (Pty) Ltd,isegen.co.za,ZA,South Africa,stated in address/location,Mining & Materials,,inferred from description,,251.93 GB,251.93,,,,Isegen South Africa (Pty) Ltd is a South African chemical company founded in 1974. It is the sole producer of certain chemical products in South Africa. Data that will be published: Corporate correspondence Passport / personal identification data Contracts Certificates Intellectual property data And other related information,2026-07-14,2026-07,stated by site,yes,,a48fc159-10de-423a-a16b-7fa21b9bdb81,leak site,leak site,leak site,,,leak site,
DragonForce,asimar.com,asimar.com,TH,Thailand,stated in address/location,Manufacturing,,inferred from description,,68.84 GB,68.84,,,,"Asimar | Asian Marine Service PCL is a leading shipyard in Thailand with over 35 years of experience in the shipbuilding and repair industry. The company specializes in ship repair, ship building, steel fabrication, and engineering services for marine, offshore, and onshore sectors. Committed to quality and timely delivery, Asimar aims to achieve ultimate client satisfaction while adhering to classification society standards. Established in 1981, Asimar has evolved from a marine survey company to a prominent player in the ship repair services market.",2026-07-14,2026-07,stated by site,yes,,927c723b-c1df-46f6-953a-9f8505bcc6e2,leak site,leak site,leak site,,,leak site,
DragonForce,Graphic International Centre,graphicint.com,AE,United Arab Emirates,stated in address/location,Hospitality & Travel,,inferred from description,,781.5 GB,781.5,,,,"Graphic International Centre LLC (GIC) has been providing top-tier printing solutions and office automation products in the UAE since 1982. The company specializes in managed print services, large format printing, and a variety of office accessories, catering to diverse sectors including hospitality, education, oil & gas, and retail. GIC is committed to empowering creativity with high-quality products like Copic markers and advanced printing technologies. With a focus on exceptional customer support, GIC aims to meet the evolving needs of its clients through innovative and technology-driven solutions.",2026-07-14,2026-07,stated by site,yes,,7b04f500-495d-40dc-b4af-4755255b146b,leak site,leak site,leak site,,,leak site,
DragonForce,SITAV SpA,sitav.eu,,,,Construction,,inferred from description,,440.02 GB,440.02,,,,"SITAV specializes in the construction, maintenance, revision, and restoration of trains and railway vehicles, ensuring maximum efficiency for high-speed trains, regional transport carriages, trams, and subways. The company has been operational since its founding, providing corrective and ordinary maintenance services primarily for Trenitalia. With a focus on innovation and safety, SITAV employs a team of experts and advanced technologies to guarantee that every vehicle is in perfect operational condition. Their services also include revamping, which modernizes existing trains to enhance the travel experience.",2026-07-14,2026-07,stated by site,yes,,639ab14a-fdcd-4e32-be98-d16c626fbebe,leak site,,leak site,,,leak site,
DragonForce,Northeast Rescue Systems,northeastrescue.com,US,United States,web research,Manufacturing,,inferred from description,,27.07 GB,27.07,,,,"Northeast Rescue Systems is a dedicated provider of specialized rescue, safety, and protective equipment serving emergency services and industrial safety communities throughout the New England region. The company is known for supplying a wide selection of highquality gear, including protective clothing, technical rescue tools, detection instruments, and missioncritical hardware tailored to the demanding needs of first responders and safety professionals. With a focus on reliability, expert guidance, and personalized service, Northeast Rescue Systems supports teams that operate in hazardous environments by equipping them with trusted products from reputable manufacturers and fostering strong relationships built on professionalism and trust",2026-07-13,2026-07,stated by site,yes,,872e1a75-79c6-4adf-b533-bc796676b244,leak site,web estimate,leak site,,,leak site,
DragonForce,Nicholson y Cano Abogados,nicholsonycano.com.ar,AR,Argentina,inferred from domain,Legal,,inferred from description,,372.55 GB,372.55,,,,"Nicholson y Cano is a leading full-service law firm in Argentina, established in 1976, with a team of 29 partners and over 150 lawyers. The firm provides exceptional legal services to both local and international clients across all sectors of the economy, focusing on strategic solutions that drive business success. With expertise in 20 practice areas, they handle complex legal matters and transactions. Their commitment to client success is reflected in their personalized attention and innovative approaches.",2026-07-13,2026-07,stated by site,yes,,dde8ad3c-5650-48f2-bd90-cb786567b52b,leak site,leak site,leak site,,,leak site,
DragonForce,www.twtci.com Trans World Trading,twtci.com,PH,Philippines,stated in address/location,Agriculture & Food,,inferred from description,,5.17 GB,5.17,,,,"Trans World Trading Company, Inc. is a leading business conglomerate in the Philippines, recognized for its trust and reliability since 1946. The company specializes in providing sustainable material solutions through its divisions in plastics, chemicals, industrial products, and agrochemicals. With a strong commitment to integrating global innovations with local expertise, it serves various industries across the nation. Trans World continues to expand its operations and influence, shaping the future of the Philippine industry",2026-07-13,2026-07,stated by site,yes,,45c18967-51db-4181-97c5-6a0d59ab1122,leak site,leak site,leak site,,,leak site,
DragonForce,degeremcia.com,degeremcia.net,EC,Ecuador,stated in address/location,,,,,38.99 GB,38.99,,,,"DEGEREMCIA is a food operator that is dedicated to the production, distribution and sale of prepared food. It operates mainly through its own chain of fast-food stores; its main brands include Naturissimo and Soldia.",2026-07-13,2026-07,stated by site,yes,,f23e19db-7e99-4185-9673-3ef7cf7a8c17,leak site,leak site,,,,leak site,
DragonForce,STEP Oiltools,stepoiltools.com,AU,Australia,stated in address/location,Energy & Utilities,,inferred from description,,56.28 GB,56.28,,,,"STEP Oiltools is a leading global provider of solids control and drilling waste management services, primarily serving the oil and gas and civil engineering industries. The company offers a range of products including mini separation systems, modular recyclers, and dewatering systems, aimed at enhancing efficiency and sustainability in drilling operations. With a commitment to health and safety, STEP Oiltools has received recognition for its high standards in workplace safety. Their clientele includes major players in the energy sector, civil construction, and water treatment markets.",2026-07-12,2026-07,stated by site,yes,,2aedf0cd-9031-4333-aa3b-3b775041d7d3,leak site,leak site,leak site,,,leak site,
DragonForce,Al - Saidi Factory,alsaidi.com,SA,Saudi Arabia,stated in address/location,Transportation & Logistics,,inferred from description,,124.06 GB,124.06,,,51-200,"Al Saidi Al Saidi Trading and Industry is a prominent group of companies providing tailored chemical and logistics solutions primarily for clients in the Middle East. They offer a comprehensive range of global logistics services, including supply chain management and freight forwarding, designed to enhance business efficiency. Additionally, the company specializes in manufacturing chemicals for the Oil & Gas and petrochemical industries, focusing on reliability and sustainability. With a commitment to high-quality, environmentally friendly products, Al Saidi aims to support clients in maximizing their operational effectiveness.",2026-07-12,2026-07,stated by site,yes,,7dc6bb41-0cc2-4c0a-8b60-dffc1a57317a,leak site,leak site,leak site,,web estimate,leak site,
DragonForce,The Schuett Companies,schuettcares.com,US,United States,stated in address/location,,,,,104.04 GB,104.04,,,,"The Schuett Companies, Inc. is a family-owned business with over 50 years of experience specializing in affordable housing for seniors, individuals with disabilities, and families. They manage approximately 1,600 housing units across Minnesota, North Dakota, and South Dakota. Since 1968, they have also offered Home Health Care services through their CompassionCare program, ensuring residents can age in place comfortably. The company's commitment to providing a supportive community emphasizes the importance of a stable home for a healthy life.",2026-07-10,2026-07,stated by site,yes,,d08d0ea2-3184-4606-8198-38fd270460a4,leak site,leak site,,,,leak site,
DragonForce,Access Equipment Hire,accessgroup.net.au,AU,Australia,inferred from domain,Construction,,inferred from description,,45.23 GB,45.23,,,,"Access Group International is a leading privately owned provider of access, material handling, power generation, and construction equipment. The company is dedicated to safety, performance, and reliability, serving Australia's demanding industries with dependable equipment and expertise. Their integrated services include maintenance, OEM manufacturing, transport, logistics, and workforce solutions, allowing for seamless project support. With a focus on adaptability and tailored solutions, Access Group International is a trusted partner for projects of all sizes.",2026-07-10,2026-07,stated by site,yes,,71752b28-6410-4be5-b260-ffa493fdc9d3,leak site,leak site,leak site,,,leak site,
DragonForce,amplesurveyor.com,amplesurveyor.com,HK,Hong Kong,stated in address/location,Construction,,inferred from description,,85.32 GB,85.32,,,,Ample Surveyor Services Limited is a professional property and construction consultancy firm based in Hong Kong.,2026-07-06,2026-07,stated by site,yes,,a3589bf6-523d-4cee-b2cb-0a8586dd26ef,leak site,leak site,leak site,,,leak site,
DragonForce,hive360.com,hive360.com,GB,United Kingdom,stated in address/location,,,,,60.19 GB,60.19,,,,HIVE360 is a UK-based employment administration and employee benefits specialist. They help businesses streamline their payroll and HR operations while improving employee engagement,2026-07-06,2026-07,stated by site,yes,,accc029a-dadb-49f2-925e-92f614445e37,leak site,leak site,,,,leak site,
DragonForce,vipimaging,vipimaging.com,,,,Healthcare,,inferred from description,,9.31 GB,9.31,,,,"VIP Imaging is the largest mobile nuclear imaging company in Southern California, specializing in cardiac PET/CT and SPECT studies for cardiologists. The company is employee-owned and prides itself on having the best technicians and technology in the industry, ensuring high-quality patient care and support for proper billing.",2026-06-28,2026-06,stated by site,yes,,cba47217-b041-44c5-8c3f-f2edf6cee00a,leak site,,leak site,,,leak site,
DragonForce,stni.co.kr,stni.co.kr,KR,South Korea,stated in address/location,,,,,6.48 GB,6.48,,,,"Creating accurate virtual replicas involves production facilities, workshops, and equipment for modeling, testing, and optimizing technological processes.",2026-06-28,2026-06,stated by site,yes,,2050a4f3-e6f6-441e-b898-99cc53b3f822,leak site,leak site,,,,leak site,
DragonForce,agroprime,agroprime.com,,,,Technology,,inferred from description,,0.79 GB,0.79,,,,development of specialized software (SaaS) for automating agribusiness management and monitoring field personnel,2026-06-28,2026-06,stated by site,yes,,0fe755b6-1c08-4a19-8e89-bd90699bcfc7,leak site,,leak site,,,leak site,
DragonForce,hwaseng,hwaseng.com.tw,TW,Taiwan,stated in address/location,Manufacturing,,inferred from description,,28.15 GB,28.15,,,,"A Taiwanese manufacturer with forty years of experience, specializing in the high-precision production of metal fasteners, precision-machined parts, and components for the electronics and automotive industries.",2026-06-28,2026-06,stated by site,yes,,342630cf-5aaf-4c06-bdf0-80a70c300bbb,leak site,leak site,leak site,,,leak site,
DragonForce,medipakpharma.com,medipakpharma.com,PK,Pakistan,stated in address/location,Pharmaceuticals & Biotech,,inferred from description,,10.51 GB,10.51,,,,"The Pakistani pharmaceutical company Medipak Limited (medipakpharma.com) specializes in the manufacture of infusion solutions, medical devices, and pharmaceutical products.",2026-06-28,2026-06,stated by site,yes,,f34ddda4-9dca-40a8-98e7-d1abccead8ea,leak site,leak site,leak site,,,leak site,
DragonForce,Aptora,aptora.com,US,United States,stated in address/location,Technology,,inferred from description,,123.9 GB,123.9,,,,"Aptora is an aggressively growing software company in Lenexa, KS. The company offers award-winning software and consulting services to the service and contracting industries. In 2006, the company were voted one of the top twenty-five companies in the Kansas City area by the Business Journal. Aptora also provides data hosting and processing services for its clients on its own infrastructure. During our visit, we took not only the company’s own data but also the databases of its clients. Unfortunately, the company showed no interest in preserving its clients’ data. When we contacted them, they told us the company had assured them there was no leak. That’s not true. For the release, we have prepared not only Aptora data but also archives containing the databases of more than 100 of its clients. This could affect Aptora leadership, and they may decide to prevent publication.",2026-06-27,2026-06,stated by site,yes,,5d3ee0c2-d584-4a80-86ae-53328d19f87c,leak site,leak site,leak site,,,leak site,
DragonForce,mihana-v.com,mihana-v.com,JP,Japan,stated in address/location,,,,,30.18 GB,30.18,,,,"Here is the comprehensive corporate overview of MIHANA Seisakusho Co., Ltd. based on their official company profiles, technical catalogs, and industrial registries",2026-06-20,2026-06,stated by site,yes,,a043ec7d-9adc-4f79-a8ea-bd1cd0d96432,leak site,leak site,,,,leak site,
DragonForce,bits-pilani.ac.in,bits-pilani.ac.in,IN,India,stated in address/location,Education,,inferred from description,,66.44 GB,66.44,,,,"BITS Pilani is a premier Indian private research university and ""Institution of Eminence"" known for elite engineering and science programs across five campuses. Founded in 1964, it is highly selective with a 1.47% acceptance rate and offers a 0% attendance policy with mandatory industry immersion.",2026-06-20,2026-06,stated by site,yes,,2683aa7a-5bbf-4be4-b6a2-71a4cea9352d,leak site,leak site,leak site,,,leak site,
DragonForce,Tecfi SpA,tecfi.it,IT,Italy,inferred from domain,,,,,176.98 GB,176.98,,,,"Tecfi is a company specialising in the design, production and sale of fastening systems. Going into more detail, three production lines can be highlighted. ▪ Plastic and rubber moulding ▪ Sheet metal moulding with blanking ▪ Cold stamping and flatbed rolling machines",2026-06-15,2026-06,stated by site,yes,,ee80d66c-c0b2-4efd-bd78-83d3d91d7cb6,leak site,leak site,,,,leak site,
DragonForce,Ink,weareink.co.uk,GB,United Kingdom,stated in address/location,Construction,,inferred from description,,110.43 GB,110.43,,,,"(including internal documentation, counterparties, contractors, software, correspondence, and the like) INK is an award-winning production studio based in London specialising in CGI, Animation and Retouching. We combine the technical and the beautiful to bring ideas to life across film, print and interactive platforms.",2026-06-14,2026-06,stated by site,yes,,168544de-7ef1-4bca-ad6d-e850fab12a5a,leak site,leak site,leak site,,,leak site,
DragonForce,Corniche Hotel Abu Dhabi,abudhabi.corniche-hotels.com,AE,United Arab Emirates,stated in address/location,Hospitality & Travel,,inferred from description,,140.05 GB,140.05,,,,"At the heart of the Central Business District. Situated along the stunning Corniche stretch, our hotel’s 305 luxurious guest rooms offer breathtaking views of the Capital Garden and sparkling turquoise waters of the Arabian Gulf. There’s something here for everyone. Busy executives will appreciate our first-class business centre and car rental services, and families will love our childcare and babysitting services. Our health and fitness center, with sauna and steam room, will delight any globetrotter recovering from jet lag. And our wheelchair accessible rooms and public areas are a comfort for the physically impaired. Sightseeing couldn’t be simpler. Our hotel offers free scheduled pick up and drop off to the city’s main attractions: Yas Waterworld, Ferrari World, Corniche Public Beach, and World Trade Centre Mall. Book here for our Best Price Guarantee promise. Earn and spend loyalty points on all qualifying stays. The level of points, benefits and privileges are subject to availability and may vary at certain participating hotels.",2026-06-12,2026-06,stated by site,yes,,e08d24da-219a-4529-a8f2-d3ca264e5168,leak site,leak site,leak site,,,leak site,
DragonForce,Cheoy Lee Shipyards,cheoylee.com,HK,Hong Kong,stated in address/location,Manufacturing,,inferred from description,332000000,655.85 GB,655.85,,,1000,"Cheoy Lee Shipyards Ltd. specializes in the design and manufacturing of a diverse range of vessels, including tugs, ferries, crew boats, pilot boats, and luxury yachts. Their state-of-the-art facility in Zhuhai, China, is equipped with advanced machinery, enabling the production of high-quality vessels up to 70 meters in length. The company serves a global clientele, focusing on maritime industries that require innovative and efficient solutions for various operational needs. Cheoy Lee is committed to excellence, sustainability, and employee welfare, fostering a strong community within their workforce.",2026-06-12,2026-06,stated by site,yes,,35fcc6bd-3ac2-4175-b2ad-9c58dc4bc4f5,leak site,leak site,leak site,web estimate,web,leak site,
DragonForce,Al Ishrak Contracting,alishrak.com,AE,United Arab Emirates,stated in address/location,Construction,,inferred from description,,46.99 GB,46.99,,,,"Al Ishrak Contracting Company, established in 1975 in Dubai, specializes in construction works including industrial warehouses, residential and commercial buildings, and civil engineering projects on a turnkey basis. The company boasts a skilled workforce of over 250 personnel, including engineers and project managers, dedicated to delivering quality and timely services. Their commitment to client satisfaction is reflected in their values of quality, integrity, teamwork, and technical excellence. Al Ishrak's diverse portfolio includes various projects such as commercial buildings, industrial sheds, and labor accommodations.",2026-06-12,2026-06,stated by site,yes,,5afe6fa8-d4ee-4680-80b1-49f6266d2b1b,leak site,leak site,leak site,,,leak site,
DragonForce,The DRM,drm.bh,BH,Bahrain,stated in address/location,Hospitality & Travel,,inferred from description,,55.39 GB,55.39,,,,"Durrat Resort Management specializes in providing high-quality resort management services. Their offerings include operational management, marketing strategies, and guest services tailored to enhance the overall experience of resort guests. The company primarily targets luxury resort owners and investors looking to optimize their properties' performance. With a focus on excellence and customer satisfaction, Durrat aims to elevate the standards of resort management in the industry.",2026-06-12,2026-06,stated by site,yes,,809847a5-1a4e-4061-b622-fd9f83403823,leak site,leak site,leak site,,,leak site,
DragonForce,Al Shafar GRC,asgrc.ae,AE,United Arab Emirates,stated in address/location,Manufacturing,,inferred from description,,161.46 GB,161.46,,,,"ASGRC is a leading provider of Glass Fiber Reinforced Concrete (GRC) solutions, specializing in the design, manufacturing, and installation of high-quality products for both residential and industrial projects. Established in 2003, the company has grown to become the largest GRC facility in the UAE, known for its innovative and aesthetically pleasing cladding systems, decorative screens, domes, furniture, and precast units. ASGRC has contributed to iconic architectural landmarks in the UAE, combining craftsmanship with sustainability. The company also offers expert construction consulting services to ensure that client visions are realized effectively.",2026-06-12,2026-06,stated by site,yes,,b7d53a52-8293-4d08-b9b8-9daa74f0db0c,leak site,leak site,leak site,,,leak site,
DragonForce,A. Liberty Engineering Co. Ltd,aleengg.com.hk,HK,Hong Kong,stated in address/location,Energy & Utilities,,inferred from description,,144.47 GB,144.47,,,,"Founded in 1973 as Liberty Electrical Engineering Company Limited, A. Liberty Engineering Co Ltd has continually evolved to meet the dynamic needs of the electrical services sector. With a rich history in design and contracting, the company has expanded its offerings to include cutting-edge solutions in the realm of sustainable energy. In response to the burgeoning demand for electric vehicle infrastructure, A. Liberty Engineering proudly introduces its self-branded EV chargers, designed for both AC and DC supercharging. These state-of-the-art systems enhance the efficiency of electric vehicle charging while seamlessly integrating with existing Intelligent EV Charging and IoT LV Switchboard Monitoring systems.",2026-06-12,2026-06,stated by site,yes,,6cdc6f0c-3083-4f25-b358-a37a5e463d54,leak site,leak site,leak site,,,leak site,
DragonForce,Astec Valves & Fittings Pvt,astecflow.com,FR,France,stated in address/location,Mining & Materials,,inferred from description,,1442.7 GB,1442.7,,,,"Astec Valves & Fittings Private Limited specializes in providing high-quality instrumentation and piping solutions for various industries, including Oil & Gas, Refining, Petrochemical, and Nuclear Power. Established in 1965, the company offers a range of products such as instrument tube fittings, valves, and integrated assemblies, with a focus on innovative technologies that enhance process measurement and reduce maintenance downtime. With a presence in 40 countries and over a million installations, Astec is recognized for its eco-friendly product technologies and has received multiple awards for technical innovation. Their clients include sectors like shipbuilding, water treatment, and pharmaceuticals, making them a trusted partner for instrumentation and piping engineers worldwide.",2026-06-11,2026-06,stated by site,yes,,f92435ee-e67b-4091-8940-e5eba4daf3f4,leak site,leak site,leak site,,,leak site,
DragonForce,Brian Cox,brian-cox.co.uk,GB,United Kingdom,stated in address/location,Real Estate,,inferred from description,7900000,55.22 GB,55.22,,,16,"Established in 1984, Brian Cox & Company is a leading estate agent in Middlesex, specializing in residential lettings and property management. With six local offices, they provide maximum exposure for homeowners seeking buyers or tenants. Their services include property valuation and a wide range of property types for rent and sale. The company caters to clients in Harrow, Sudbury, Greenford, and Northolt.",2026-06-11,2026-06,stated by site,yes,,053ff566-6e37-43aa-ac8c-fa181e9a9104,leak site,leak site,leak site,web estimate,web estimate,leak site,
DragonForce,Cekok,cekok.com.tr,TR,Turkey,stated in address/location,Agriculture & Food,,inferred from description,,215.04 GB,215.04,,,,"Çekok Gıda is a leading fruit and vegetable producer in Turkey and Europe, known for its commitment to sustainable agriculture and high-quality products. The company cultivates 35 types of fruits and vegetables across 13,500 decares of farmland, utilizing advanced technology and adhering to strict environmental and safety",2026-06-11,2026-06,stated by site,yes,,bdf68eee-49ed-489a-aa9b-7faac51510a6,leak site,leak site,leak site,,,leak site,
DragonForce,Hong Kong Parkview,hongkongparkview.com,HK,Hong Kong,stated in address/location,,,,,206.76 GB,206.76,,,,"Hong Kong Parkview offers over 200 luxury serviced apartments and a private clubhouse featuring recreational and dining facilities. Located within Tai Tam Country Park, it provides a tranquil living experience just minutes from the city center. The complex includes amenities such as a fitness center, swimming pools, themed playrooms, and various dining options. Targeting both long-term residents and short-term guests, it serves as an ideal home away from home.",2026-06-11,2026-06,stated by site,yes,,65a2b582-2f38-4537-b839-5a250f406c97,leak site,leak site,,,,leak site,
DragonForce,Areco,areco.se,SE,Sweden,stated in address/location,Manufacturing,,inferred from description,350000000,262.09 GB,262.09,,,429,"Areco Steel is the parent company of the privately-owned Areco Group, which includes five divisions: Areco Metals, Areco Profiles, Areco Direct, and Areco Properties. The company's business idea is to develop, manufacture, and globally market products and services tailored to the needs of industries. Their product offerings include various types of metals, profiles, and construction materials. Areco Steel aims to serve a diverse range of industrial clients with innovative solutions.",2026-06-11,2026-06,stated by site,yes,,7c280f4f-e99b-4895-b1a0-bf6b276d762e,leak site,leak site,leak site,web estimate,web estimate,leak site,
DragonForce,Sayre Associates,sayreassociates.com,US,United States,stated in address/location,Construction,,inferred from description,,107.32 GB,107.32,,,,"(Including clients, projects, emails and financial documents) Sayre Associates, Inc. is a civil engineering and land surveying firm based in Sioux Falls, South Dakota, established in 1969. The company offers a range of services including land development planning, parks and recreation facilities design, drainage and erosion control, and construction administration. They focus on delivering high-quality solutions through collaboration and innovation, serving clients in South Dakota, Iowa, and Minnesota. Their talented team of engineers and surveyors is dedicated to improving community efficiency and quality of life.",2026-06-10,2026-06,stated by site,yes,,7bdce603-5d2a-4f3a-a973-a8fb133483bd,leak site,leak site,leak site,,,leak site,
DragonForce,REHA-ACTIV,reha-activ.de,DE,Germany,inferred from domain,Healthcare,,inferred from description,,52.13 GB,52.13,,,,REHA-ACTIV is a medical supply company that has been supporting individuals with health limitations for over 30 years.,2026-06-05,2026-06,stated by site,yes,,346c0da9-56e1-4186-a56e-e9a9a88c2c73,leak site,leak site,leak site,,,leak site,
DragonForce,SETS Solutions,sets.com.lb,LB,Lebanon,inferred from domain,Technology,,inferred from description,,20.94 GB,20.94,,,,"SETS Solutions is a prominent information technology company based in Lebanon, serving the Middle East since 1990. The company specializes in a diverse range of technology solutions, including its flagship Human Resources Management System, People365, which encompasses Time Attendance, Payroll, and HR modules. Additionally, SETS offers services in data center solutions, security, cloud computing, and end-user computing, catering to various industries. With over 25 years of experience, SETS aims to enhance organizational efficiency and productivity through innovative technology solutions.",2026-06-03,2026-06,stated by site,yes,,45d4b57a-01ee-487c-b7a2-16a93c09723d,leak site,leak site,leak site,,,leak site,
DragonForce,Copamex,copamex.com,MX,Mexico,web research,Manufacturing,,inferred from description,,632.12 GB,632.12,,,2500,"Copamex, headquartered in Monterrey, Mexico, and established in 1928, is a paper manufacturing company offering writing and printing, special, corrugated, and kraft paper solutions.",2026-06-03,2026-06,stated by site,yes,,7bc6a138-2d17-464b-bb0e-a332c9869097,leak site,web,leak site,,web,leak site,
DragonForce,Synex International Pvt Ltd,synexint.com,LK,Sri Lanka,stated in address/location,Energy & Utilities,,inferred from description,,14.64 GB,14.64,,,,"Mechanical, Electrical, and Plumbing (MEP) systems, Extra Low Voltage (ELV) solutions, and Solar energy.",2026-05-30,2026-05,stated by site,yes,,56580fc6-68d5-4044-bc50-52cfb859c202,leak site,leak site,leak site,,,leak site,
DragonForce,Panorama BPO,panoramabpo.com,PE,Peru,stated in address/location,,,,,48.1 GB,48.1,,,,Panorama BPO is a large international company specializing in business process outsourcing (BPO) and providing comprehensive operational services for businesses.,2026-05-30,2026-05,stated by site,yes,,ba5f5c05-ae40-4443-9280-65ce3d96becc,leak site,leak site,,,,leak site,
DragonForce,Taos Mountain Casino,taosmountaincasino.com,US,United States,stated in address/location,Hospitality & Travel,,inferred from description,,41.48 GB,41.48,,,,"Taos Mountain Casino is a Native American gaming casino located in Taos, New Mexico. It is owned and operated by the Taos Pueblo, a federally recognized tribe known for its ancient, historic adobe pueblo.",2026-05-30,2026-05,stated by site,yes,,74ea6fa5-c754-4127-b46c-779f8c264b5c,leak site,leak site,leak site,,,leak site,
DragonForce,Shoreline Sightseeing,shorelinesightseeing.com,,,,Engineering & Architecture,,inferred from description,,821.44 GB,821.44,,,,"Shoreline Sightseeing offers guided boat tours and water taxi services in Chicago, focusing on architecture and skyline views. Their popular tours include the Architecture River Tour, Skyline Lake Cruise, and Fireworks Tour, showcasing over 40 landmarks. The company caters to tourists looking for unique perspectives of the city and offers packages like the Chicago CityPASS for additional savings on attractions. Established in 1939, Shoreline operates the largest and most diverse fleet of cruise boats in Chicago",2026-05-29,2026-05,stated by site,yes,,a4fba6c4-17ac-4c49-9f6f-8efbd2415629,leak site,,leak site,,,leak site,
DragonForce,Henry Molded Products Likely to Engage tag.,henry-molded.com,,,,Manufacturing,,inferred from description,,85.32 GB,85.32,,,,"Henry Molded Products specializes in the manufacturing of custom molded pulp fiber products and packaging solutions. The company is recognized for its eco-friendly offerings, which are biodegradable, compostable, and recyclable, catering to a growing demand for sustainable packaging. Their products are designed for various clients, including government, industry, and environmentally conscious consumers. Henry Molded Products is committed to providing cost-effective solutions while leading in technology, design, and engineering in the molded fiber sector.",2026-05-29,2026-05,stated by site,yes,,5aad2e55-7159-4395-a911-fdef0ed82f58,leak site,,leak site,,,leak site,
DragonForce,President Container Group,presidentcontainer.com,US,United States,web research,Manufacturing,,inferred from description,155700000,290.54 GB,290.54,,,215,"President Container Inc., founded in 1947 by Marvin and George Grossbard, not only grew into one of the largest independent manufacturers of corrugated products in the country, but was also the seed of what has become todays President Container Group. From the beginning, President Containers philosophy was simple: Always ensure complete customer satisfaction by providing exceptional service and quality products. At President Container we realized that to ensure satisfaction we must continue to expand our products and services to meet the demands of the marketplace as our customers continue to evolve.",2026-05-27,2026-05,stated by site,yes,,4d26baa3-099b-41f5-984d-38dc3a5b7778,leak site,web,leak site,web estimate,web estimate,leak site,
DragonForce,ksmart.ca,ksmart.ca,CA,Canada,stated in address/location,Engineering & Architecture,,inferred from description,,305.25 GB,305.25,,,34,"K. Smart Associates Limited is a consulting engineering and planning company established in 1975, specialising in civil engineering and land use planning.",2026-05-27,2026-05,stated by site,yes,,4c86a8ef-9010-42a4-b6c1-861e99b45d4d,leak site,leak site,leak site,,web,leak site,
DragonForce,wsm.co.uk,wsm.co.uk,GB,United Kingdom,inferred from domain,Financial Services,,inferred from description,,20.65 GB,20.65,,,51-200,"The firm's core business is focused on UK tax services, which are provided to clients seeking an advisor with not only in-depth knowledge to navigate the country's complex tax system, but also impeccable integrity to ensure optimal tax results. At the core of the company is an experienced team of professionals providing expert knowledge and advice on UK tax matters to private and corporate clients – both local, national, and international. In the current climate of tightening anti-tax evasion measures, WSM specialists firmly believe in the ethical right of taxpayers to manage their financial affairs – strictly within the law – in a way that minimizes their tax liabilities. In addition to tax services, the firm offers accounting, auditing, insolvency (bankruptcy) support, due diligence, and consulting. Additionally, through its European partner network, Europe Fides, the company assists clients seeking complex, often multi-jurisdictional, advice in developing their overall strategic plans.",2026-05-27,2026-05,stated by site,yes,,84613ccf-a791-4a25-be34-1f3a15354424,leak site,leak site,leak site,,web,leak site,
DragonForce,northbridge.com,northbridge.com,US,United States,stated in address/location,Financial Services,,web research,,23.72 GB,23.72,,,,"North Bridge Venture Partners invests in outstanding individuals whose innovative ideas have the potential to transform entire industries. The firm provides funding from seed to growth stages, helping these ideas grow into successful companies. Their goal is to transform startups into market leaders. They work with clients seeking investment and support for their entrepreneurial projects.",2026-05-27,2026-05,stated by site,yes,,79dd69fe-4d2c-42d5-8a0a-892f422ef976,leak site,leak site,web,,,leak site,
DragonForce,dunasgroen.nl,dunasgroen.nl,NL,Netherlands,stated in address/location,Construction,,inferred from description,,23.52 GB,23.52,,,,Landscape design supplies store.The company operates very economically and claims to be located on Dunas Groen. You can contact us only through the contact form or by phone: 06-52452889.,2026-05-27,2026-05,stated by site,yes,,922f4f8a-1212-4bf8-ac30-f16a2be3eb13,leak site,leak site,leak site,,,leak site,
DragonForce,refreshmentsystems.co.uk,refreshmentsystems.co.uk,GB,United Kingdom,inferred from domain,Retail & Wholesale,,web research,,191.38 GB,191.38,,,42,Refreshment Systems is a UK-based vending machine company.,2026-05-27,2026-05,stated by site,yes,,69a8a26b-2d20-468d-92b0-60863b7d1c88,leak site,leak site,web,,web estimate,leak site,
DragonForce,practicus.co.uk,practicus.co.uk,GB,United Kingdom,inferred from domain,Professional Services,,web research,,619.14 GB,619.14,,,,"Practicus specializes in interim management, executive search, and project management services.",2026-05-27,2026-05,stated by site,yes,,ea1cad83-1de6-4f5b-a926-95feb1982b98,leak site,leak site,web,,,leak site,
DragonForce,nemd.com,nemd.com,US,United States,stated in address/location,Engineering & Architecture,,inferred from description,8000000,426.75 GB,426.75,,,13,"NEMD Architects, Inc. specializes in innovative, functional, and sustainable architectural solutions that address the unique challenges of each project.",2026-05-27,2026-05,stated by site,yes,,56330a5d-27db-4722-bca6-83bd9f1d486c,leak site,leak site,leak site,web estimate,web estimate,leak site,
DragonForce,pieralisi.com,pieralisi.com,,,,,,,,1440.33 GB,1440.33,,,,"Pieralisi is a leading company specializing in the production of equipment for the extraction and separation of liquids using centrifugal force, including decanter centrifuges, separators and olive oil extractors.",2026-05-27,2026-05,stated by site,yes,,43da4c92-6bbb-400e-9a2d-a5ea3982d41b,leak site,,,,,leak site,
DragonForce,jcripberger.com,jcripberger.com,US,United States,stated in address/location,Construction,,inferred from description,,47.32 GB,47.32,,,,"J.C. Ripberger Construction Corporation is a full-service General Contractor, which self-performs Buildings/Structural Concrete, Carpentry, and Selective/Mass Demolition. Founded over 68 years ago in Zionsville, Indiana, our strategic focus has and continues to be new construction and renovations within the commercial, educational, health care and industrial sectors.",2026-05-27,2026-05,stated by site,yes,,bec09d67-c1e9-44d8-aaab-e3edd9813d6a,leak site,leak site,leak site,,,leak site,
DragonForce,profundo.nl,profundo.nl,NL,Netherlands,inferred from domain,,,,,160.32 GB,160.32,,,,"Profundo is an independent research organization dedicated to advancing sustainable development and social justice through insightful, evidence-based research and advice.",2026-05-27,2026-05,stated by site,yes,,cbfcb886-6c67-4cd9-baee-768296866a5c,leak site,leak site,,,,leak site,
DragonForce,waypointsolutions.com,waypointsolutions.com,US,United States,stated in address/location,Technology,,inferred from description,,10.4 GB,10.4,,,,"Waypoint Business Solutions partners with Dell Technologies to provide comprehensive IT solutions, including hardware, software, and professional services.",2026-05-27,2026-05,stated by site,yes,,3ff50f8d-524a-4e7e-93e8-da9955512a9e,leak site,leak site,leak site,,,leak site,
DragonForce,erh.co.uk,erh.co.uk,GB,United Kingdom,inferred from domain,,,,,156.03 GB,156.03,,,,"ERH is a leading provider of traffic management solutions, offering installation, maintenance and commissioning services throughout the UK.",2026-05-27,2026-05,stated by site,yes,,0d27a5b1-d3cc-48d4-a744-999dd6c7f67b,leak site,leak site,,,,leak site,
DragonForce,fabbricausa.com,fabbricausa.com,US,United States,stated in address/location,Manufacturing,,inferred from description,,252.97 GB,252.97,,,,"Fabbrica LLC specializes in design, development, and manufacturing, focusing on high quality standards and a creative approach. It serves clients seeking innovative solutions across various industries, emphasizing a human-centered, less corporate approach. Headquartered in the United States and with offices in Canada and Italy, Fabbrica strives to provide timely and relevant services. The company is currently seeking experienced professionals to join its team.",2026-05-27,2026-05,stated by site,yes,,4f016f71-9e64-4b70-8b97-66651c28bfe7,leak site,leak site,leak site,,,leak site,
DragonForce,Ramos Rheumatology,ramosrheumatology.com,US,United States,stated in address/location,Healthcare,,inferred from description,,55.69 GB,55.69,,,,"Ramos Rheumatology is a leading care center in Avoca, PA, specializing in the diagnosis and treatment of autoimmune diseases such as lupus, rheumatoid arthritis, and fibromyalgia. The practice emphasizes personalized care, ensuring that each patient receives tailored treatment plans in a compassionate environment. Their team, including local specialists, collaborates closely with primary care providers to deliver comprehensive rheumatology services. With a commitment to patient autonomy and immediate appointment availability for emergencies, Ramos Rheumatology prioritizes the well-being of its clients",2026-05-27,2026-05,stated by site,yes,,45a8d467-5a2a-4aba-96ab-ed5dbb93ef03,leak site,leak site,leak site,,,leak site,
DragonForce,hbroch.com,hbroch.com,US,United States,stated in address/location,Agriculture & Food,,inferred from description,,82.91 GB,82.91,,,,"Founded in 1941, Henry Broch Foods is an American international food ingredient manufacturer, processor, and packaging company, sourcing high-quality natural ingredients from producers worldwide. Our suppliers produce vegetables, fruits, herbs, spices, and natural colors, which are then concentrated, dehydrated, frozen, extracted, or pasteurized. The company's products are used in a wide range of applications, including: spice and seasoning blends, batters and coatings, bakery mixes, sauces, soups, salad dressings, flavorings, extracts and colors, fruit juices, flavored beverages, jams and jellies, ready-to-eat meats, entrees, ethnic dishes, pasta, rice and grains, pizza, and snack foods.",2026-05-27,2026-05,stated by site,yes,,1115e75c-2615-4c19-9fde-ff94516372ce,leak site,leak site,leak site,,,leak site,
DragonForce,dentonfirm.com,dentonfirm.com,US,United States,stated in address/location,Legal,,inferred from description,,29.1 GB,29.1,,,,Denton Law Firm is committed to rapid response and providing real solutions.,2026-05-27,2026-05,stated by site,yes,,cd06d250-4b20-49d2-aa36-1caf4f88983a,leak site,leak site,leak site,,,leak site,
DragonForce,qlslogistics.com.au,qlslogistics.com.au,AU,Australia,inferred from domain,Transportation & Logistics,,inferred from description,,595.55 GB,595.55,,,,"QLS Group is Australia's leading supplier of large domestic appliances, serving the retail and consumer markets. Last year, the company shipped over 4 million appliances, including 1.4 million televisions, accounting for 65% of the Australian TV market. The company also operates Ecycle Solutions Pty Ltd, which provides recycling services for discarded televisions, computers, and polystyrene, demonstrating a strong commitment to sustainability. With a nationwide network and a focus on logistics, warehousing, and distribution, QLS Group offers reliable and comprehensive solutions throughout Australia.",2026-05-27,2026-05,stated by site,yes,,d1ec16b5-3428-41f6-a40b-34d0b0071cf8,leak site,leak site,leak site,,,leak site,
DragonForce,duboisag.com,duboisag.com,CA,Canada,stated in address/location,Agriculture & Food,,inferred from description,,477.99 GB,477.99,,,,"To find a solution tailored to your situation, the company prioritizes your needs. The company's team's consulting, expertise, and high-quality service enhance the value of its products. The company is constantly evolving and seeking new technologies to improve the quality of your work and your profitability. Dubois Agrinovation was founded to usher in a new era in agriculture.",2026-05-27,2026-05,stated by site,yes,,a56a5db0-2a91-4795-88eb-4757d7812d6c,leak site,leak site,leak site,,,leak site,
DragonForce,WG Neukölln,gwneukoelln.de,DE,Germany,inferred from domain,Energy & Utilities,,inferred from description,,36.13 GB,36.13,,,,"WG Neukölln eG is a cooperative based in Berlin that offers various housing options and services, including apartments and residential projects. The organization is committed to social engagement and provides a venue for events, as well as support for its members through social management. They focus on sustainable energy projects and aim to enhance the living experience for their tenants. Their intended clients include individuals and families seeking affordable housing solutions in the Neukölln area.",2026-05-27,2026-05,stated by site,yes,,0881a6fe-365d-4fc8-824a-c4dd629df551,leak site,leak site,leak site,,,leak site,
DragonForce,Delbrook Capital Advisors,delbrookcapital.com,,,,,,,,271.07 GB,271.07,,,,"Delbrook Capital Advisors is an alternative investment manager that specializes in the global materials sector. The company focuses on providing investment solutions tailored to the unique needs of clients interested in this industry. With a commitment to delivering value, Delbrook Capital Advisors aims to navigate the complexities of the materials market. Their expertise positions them as a key player for investors seeking opportunities in this sector.",2026-05-27,2026-05,stated by site,yes,,68eb47ac-f8c0-44ee-9298-0bf2ba533756,leak site,,,,,leak site,
DragonForce,Greenway Technologies,greenway-technologies.com,,,,,,,,25.23 GB,25.23,,,,"Greenway Technologies is a leading fire protection company based in Phoenix, AZ, specializing in a comprehensive range of services including fire suppression systems, alarms, sprinklers, and smoke control. Established in 2010, the company provides tailored fire protection design, installation, maintenance, and inspection services aimed at ensuring the safety of properties across the federal and commercial sectors. With a strong commitment to innovative, code-compliant solutions, Greenway Technologies aims to protect lives and property through their top-tier services. Their expert team is dedicated to delivering reliable, high-quality fire protection systems that meet the unique needs of their clients",2026-05-27,2026-05,stated by site,yes,,b25fda73-0916-4b09-8de1-6a2ae9ac5f26,leak site,,,,,leak site,
DragonForce,ggroupcpas.com,ggroupcpas.com,US,United States,stated in address/location,Financial Services,,inferred from description,,1186.59 GB,1186.59,,,,"Goldklang Group CPAs specializes in audit and tax services for homeowners associations, condominiums, and housing cooperatives. With over 40 years of experience, the firm strives to deliver superior results to clients through tailored audit and tax procedures. They emphasize expert knowledge and attention to detail in their work, saving clients over $3 million in just three years. Their target audience is homeowners associations seeking reliable and competent financial services.",2026-05-25,2026-05,stated by site,yes,,d760bf8f-4a5c-4f1b-99a9-68c840c89756,leak site,leak site,leak site,,,leak site,
DragonForce,vegfresh.com,vegfresh.com,US,United States,stated in address/location,,,,,64.21 GB,64.21,,,,"Veg-Fresh Farms is a family-owned business committed to providing its customers with the freshest and healthiest produce. The company offers a wide range of products, including organic potatoes and exclusive vine-ripened tomatoes.",2026-05-25,2026-05,stated by site,yes,,af1ebbf8-62ad-4a7b-8cd4-2fff1136128a,leak site,leak site,,,,leak site,
DragonForce,saver.nl,saver.nl,NL,Netherlands,stated in address/location,,,,,63.79 GB,63.79,,,,"Saver NV operates in waste management, environmental services, and recycling. It employs 20 to 49 people and generates revenues of $5 to $10 million. The company is headquartered in Roosendaal, Noord-Brabant, the Netherlands.",2026-05-25,2026-05,stated by site,yes,,2e6fdca6-fa61-44f6-b759-ab32dd9285a3,leak site,leak site,,,,leak site,
DragonForce,xtr-global.de,xtr-global.de,DE,Germany,inferred from domain,,,,,258.96 GB,258.96,,,,"Xchange Technology Rentals is a leading provider of IT and audiovisual equipment rental services for businesses, offering a wide range of devices with professional support and a focus on sustainability.",2026-05-25,2026-05,stated by site,yes,,de31b646-eab6-4f42-a40e-bbb109167d95,leak site,leak site,,,,leak site,
DragonForce,allianceadjustment.com,allianceadjustment.com,US,United States,stated in address/location,Insurance,,inferred from description,,16.34 GB,16.34,,,,"Alliance Adjustment Group is a leading independent insurance claims adjuster serving Pennsylvania and New Jersey, specializing in handling a variety of insurance claims, including water damage, fire, storm damage, theft, and vandalism.",2026-05-25,2026-05,stated by site,yes,,6b820b8a-91b2-4ac8-90ad-904d651fe7c8,leak site,leak site,leak site,,,leak site,
DragonForce,jakn.com,jakn.com,US,United States,stated in address/location,Technology,,inferred from description,,17.94 GB,17.94,,,,JAKN Network Support & Services LLC operates in the custom software development and IT services industry. It employs 10 to 19 people and generates revenues of $5 million to $10 million.,2026-05-25,2026-05,stated by site,yes,,c68f6e44-11a0-4964-9e33-1dba86bbd336,leak site,leak site,leak site,,,leak site,
DragonForce,epbinsurance.com,epbinsurance.com,US,United States,stated in address/location,Insurance,,inferred from description,,46.21 GB,46.21,,,,"Ekblad, Pardee & Bewell, Inc. is an independent insurance agency licensed in Minnesota, Wisconsin, South Dakota, and Arizona, offering a wide range of insurance products including auto, home, life, health, and business insurance.",2026-05-25,2026-05,stated by site,yes,,e4a6823e-9a7d-4aaf-8deb-4261742bff09,leak site,leak site,leak site,,,leak site,
DragonForce,rolser.com,rolser.com,,,,,,,,711.56 GB,711.56,,,,"Rolser specializes in producing a variety of eco-friendly and practical products, including folding and non-folding shopping carts, eco-friendly ironing boards, stylish shopping bags, and versatile aluminum ladders. The product range meets a variety of customer needs, including families with children, eco-conscious consumers, and those seeking convenient home solutions. Rolser emphasizes innovation and quality, offering special edition series and accessories to enhance the user experience.",2026-05-25,2026-05,stated by site,yes,,115f5c2c-ab9e-4104-913c-560ad31fa9fe,leak site,,,,,leak site,
DragonForce,arsenalscaffold.com,arsenalscaffold.com,US,United States,stated in address/location,Construction,,inferred from description,,71.19 GB,71.19,,,,"Founded in 1998, Arsenal Scaffold Inc. specializes in providing professional scaffolding and vertical access solutions, including tubular and system scaffolding, formwork, and construction hoists. The company is committed to exceptional service, safety, and quality workmanship, ensuring every project meets the highest industry standards.",2026-05-25,2026-05,stated by site,yes,,4717aa66-72e3-4eeb-a981-f905a12e975b,leak site,leak site,leak site,,,leak site,
DragonForce,ennsco.ca,ennsco.ca,CA,Canada,stated in address/location,Professional Services,,inferred from description,,531.12 GB,531.12,,,,"Enns & Company Professional Corporation is a leading accounting and audit firm providing entrepreneurs with a full range of services, including auditing, tax consulting, financial reporting, and business advisory services, with an emphasis on teamwork and a personalized approach.",2026-05-25,2026-05,stated by site,yes,,9d5089be-f809-4d9a-a375-f1fb7e14a302,leak site,leak site,leak site,,,leak site,
DragonForce,sphvalue.com,sphvalue.com,US,United States,stated in address/location,Professional Services,,web research,,201.12 GB,201.12,,,,"Since 1992, our team of experts in economics, accounting, finance, and valuation has earned an impeccable reputation for relentless analysis and exemplary quality work. Clients trust Sanli Pastore & Hill's expert opinions, unparalleled research, and in-depth analysis in critical business situations.",2026-05-25,2026-05,stated by site,yes,,41b723e9-e3e9-4add-9be8-39d489b57bd0,leak site,leak site,web,,,leak site,
DragonForce,businessrecord.com,businessrecord.com,US,United States,stated in address/location,Media & Entertainment,,web research,,265.51 GB,265.51,,,40,"BusinessRecord.com provides RSS feeds free of charge for personal, non-commercial use. If you embed an RSS feed on a personal website, please include a link back to Business Record. Business Record reserves the right to request that you cease distributing these feeds at any time and for any reason.",2026-05-25,2026-05,stated by site,yes,,cc30e3e3-0f7c-4216-9fbd-a78081e25d5b,leak site,leak site,web,,web,leak site,
DragonForce,Prologic Construction,prologicconstruction.ca,CA,Canada,inferred from domain,Construction,,inferred from description,,111.14 GB,111.14,,,,"Prologic Construction is a trusted general contractor based in Alberta, specializing in high-quality construction solutions for both public and private sectors since 1999. The company offers a full range of services including commercial, institutional, and municipal projects, ensuring timely completion and adherence to budget. With a commitment to quality craftsmanship and competitive pricing, Prologic Construction has built a strong reputation for reliability and expertise. Their portfolio includes various projects such as school modernizations, arena renovations, and healthcare facilities, reflecting their dedication to excellence and community development",2026-05-24,2026-05,stated by site,yes,,3ef65c5b-aea3-4460-a83f-ae710367e4ec,leak site,leak site,leak site,,,leak site,
DragonForce,HELIX INTERNATIONAL,helix-int.com,,,,Technology,,inferred from description,,24.94 GB,24.94,,,,"Helix International is a software platform and managed services provider specializing in enterprise content management and data migration. They cater to medium, large, and Fortune 500 companies across various industries, including healthcare, finance, retail, and entertainment. The company offers a variety of solutions, such as custom development, hosting, and GDPR compliance, enabled by their advanced software platform and proprietary extraction tools. With a track record of 100% project success and partnerships with major firms like IBM, Helix International is recognized for its ability to manage and optimize complex data environments.",2026-05-24,2026-05,stated by site,yes,,421f3e88-aad6-405d-b978-08c157ee72e5,leak site,,leak site,,,leak site,
DragonForce,Heartland Growers,heartlandgrowers.com,,,,Retail & Wholesale,,inferred from description,,80.15 GB,80.15,,,,"Heartland Growers is a full-service wholesale greenhouse located in Westfield, Indiana, owned and operated by the Gapinski Family since 1984. The company supplies wholesale plants to independent garden centers, florists, landscapers, and national chain stores throughout the Midwest. With a modern and capital-intensive facility covering over 30 acres, Heartland Growers produces a variety of plants including bedding plants, geraniums, lilies, and hanging baskets. The company is committed to maintaining quality and service as top priorities for its customers",2026-05-24,2026-05,stated by site,yes,,a1dccd4b-e34d-4c85-9e31-b5daa4ca41aa,leak site,,leak site,,,leak site,
DragonForce,Le Pain Quotidien US,lepainquotidien.com,,,,Agriculture & Food,,inferred from description,,113.94 GB,113.94,,,,"Established in 1990 and headquartered in New York, New York, Le Pain Quotidien US is a chain of bakery restaurants specializing in baked goods, bread, salads, sandwiches, beverages, tartines, and more.",2026-05-22,2026-05,stated by site,yes,,b4d29f61-59ef-4ca0-9bff-959c292d6225,leak site,,leak site,,,leak site,
DragonForce,Vega,vega-corp.com,,,,Manufacturing,,inferred from description,,202.79 GB,202.79,,,,"Vega combines elite technical skills with personalized customer service and environmental stewardship to excel in the industrial and manufacturing sector. From the loading docks through the warehouse, assembly line, raw product processing, storage, distribution and into the administration areas, the company's work is designed to support the company's customer's operations in the production of everything from fabrication to perishables. ""I/the company continue to use Vega not because the company has to but because the company want to. Vega brings a lot of knowledge and experience with them to the table and adds a great amount of value to the company's projects. The company value the company's relationship with them and expect it to continue for a long, long time",2026-05-20,2026-05,stated by site,yes,,dcde7455-48bb-468e-99df-a63e0b1eae71,leak site,,leak site,,,leak site,
DragonForce,TAURUS INVESTMENT HOLDINGS,tiholdings.com,,,,Real Estate,,inferred from description,,271.07 GB,271.07,,,,"Established in 1976, Taurus is a global real estate private equity firm with over 40 years of experience as a general partner, investor, and operator. Currently active in the United States, Western Europe, Asia, and South America, the firm makes strategic investments into value-add, core-plus, and development opportunities. Throughout North America and Europe, Taurus is consistently recognized as one of the premier owner operators of both directly managed and joint venture commercial real estate. To date, Taurus has purchased and developed more than 54 million square feet (5.01 million square meters) of residential, office, industrial, retail and other commercial real estate assets throughout the world with a total acquisition value of over $8 billion. www.tiholdings.com",2026-05-19,2026-05,stated by site,yes,,235ea5ca-db75-4e61-ba9b-02289478af59,leak site,,leak site,,,leak site,
DragonForce,ZFG ALTHERM Engineering,zfg-altherm.at,AT,Austria,inferred from domain,Engineering & Architecture,,inferred from description,,4416.5 GB,4416.5,,,,"ZFG ALTHERM Engineering GmbH specializes in engineering services for technical building equipment. The company focuses on providing high-quality planning and consulting solutions tailored to complex and technically demanding projects. With a commitment to precision, know-how, and experience, they strive to develop individualized solutions for each client. Their target clients include those seeking specialized engineering services in the field of technical building infrastructure.",2026-05-19,2026-05,stated by site,yes,,b4c8e56d-f86c-4d17-af4c-2eb1157d3ddc,leak site,leak site,leak site,,,leak site,
DragonForce,Plan,plan.com,,,,Telecommunications,,inferred from description,,1183.58 GB,1183.58,,,,"Founded in 2013, Plan.com works with businesses using their platform to find telecom solutions. They are headquartered in Douglas, Isle of Man",2026-05-17,2026-05,stated by site,yes,,ec01828f-e044-43f5-8005-9dbf3dd71654,leak site,,leak site,,,leak site,
DragonForce,Ingelan,ingelan.com,,,,Engineering & Architecture,,inferred from description,,36.42 GB,36.42,,,,"Ingelan is a provider of engineering solutions for systems and communications environments. It specializes in security of information systems, information systems architecture, communications, and automation of plant systems. The company was founded in 1993 and is headquartered in ??Barcelona, Spain",2026-05-17,2026-05,stated by site,yes,,7a4fcb02-4195-4311-a773-c0c5c89ed8a8,leak site,,leak site,,,leak site,
DragonForce,LeRoy Surveyors & Engineers,lseinc.com,,,,Engineering & Architecture,,inferred from description,,246.32 GB,246.32,,,,"LeRoy Surveyors & Engineers, INC. specializes in property boundary surveying, topographic surveys, and subdivision surveys, primarily serving clients in the Puyallup area. With a commitment to quality and a history of excellence since 1958, they provide comprehensive surveying and engineering services to both public and private sectors. Their expertise includes civil engineering, geotechnical services, and environmental engineering, ensuring compliance with local regulations and effective project planning. The company aims to support architects, engineers, developers, and municipalities in making informed decisions about land development.",2026-05-15,2026-05,stated by site,yes,,a733ec48-7b77-4593-8c68-af15bd455910,leak site,,leak site,,,leak site,
DragonForce,Tricon Infotech,triconinfotech.com,IN,India,web research,Education,,inferred from description,,22.15 GB,22.15,,,455,"Tricon Infotech delivers efficient, automated solutions and full digital transformations through custom products and enterprise implementations. The company's worldwide clients include leaders in the publishing, educational technology, finance, and legal sectors",2026-05-13,2026-05,stated by site,yes,,687036b0-7d35-4ba0-993c-bebc96174ad6,leak site,web,leak site,,web,leak site,
DragonForce,Pamil Modulsystem,pamil.se,SE,Sweden,inferred from domain,Education,,inferred from description,2480000,71.55 GB,71.55,,,16,"Pamil Modulsystem specializes in renting flexible modular buildings tailored for various needs, including offices and schools. Established in 1963, the company focuses on providing high-quality, customizable solutions that enhance work and learning environments. They manage the entire process from planning and construction to maintenance, ensuring a seamless experience for their clients. Committed to sustainability, Pamil emphasizes circular building practices by renovating returned modules for future use.",2026-05-13,2026-05,stated by site,yes,,8735ea06-7110-4801-b5f5-b3be61b2b4c0,leak site,leak site,leak site,web estimate,web estimate,leak site,
DragonForce,MicroMarketing,micromarketing.org,US,United States,web research,Hospitality & Travel,,inferred from description,5900000,153.21 GB,153.21,,,15,"MicroMarketing specializes in expert title selections for books, audio CDs, and DVDs, catering primarily to librarians and libraries. The company is known for its personalized service, ensuring that clients receive timely and efficient support without automated responses. They offer valuable services such as downloadable invoices and MARC records, along with a strong price-value proposition. MicroMarketing's commitment to quality and customer satisfaction has garnered positive testimonials from clients who appreciate their reliable and responsive service",2026-05-13,2026-05,stated by site,yes,,19f33588-d8bc-490e-bf95-80ee856cef6a,leak site,web,leak site,web estimate,web estimate,leak site,
DragonForce,CF Evans Construction,cfevans.com,US,United States,stated in address/location,Construction,,inferred from description,,4775.8 GB,4775.8,,,,"A recognized leader in the multi-family housing construction industry, CF Evans Construction provides a product for developers. The company has thrived amid six decades. The data of this company includes: Corporate correspondence of senior executives Financial documents HR documents Accounting documents Certificates, contracts, passwords, databases, and much more.",2026-05-08,2026-05,stated by site,yes,,b008b8b7-0e47-416f-adcd-2313d8136de4,leak site,leak site,leak site,,,leak site,
DragonForce,CMC Expertise Comptable,cmcexpertise.fr,FR,France,stated in address/location,Financial Services,,inferred from description,,226.28 GB,226.28,,,,"CMC Expertise Comptable is a certified accounting firm located in Martinique, dedicated to providing comprehensive support in accounting, social, legal, and fiscal matters. The firm focuses on understanding the unique needs of each client to offer tailored advice and assistance, ensuring precision and efficiency in their services. They specialize in company creation, legal and tax advice, and are committed to simplifying the administrative burdens faced by business leaders. With a strong emphasis on availability and communication, CMC Expertise Comptable aims to be the ideal partner for business growth.",2026-05-08,2026-05,stated by site,yes,,3827192f-9bb3-490c-9c1c-d28b382510cd,leak site,leak site,leak site,,,leak site,
DragonForce,Cult Wines,cultwines.com,GB,United Kingdom,web research,Financial Services,,web research,42800000,308.51 GB,308.51,,,51-200,"Cult Wines is revolutionizing the fine wine industry by leveraging expertise, digital platforms, and innovative technology to enhance the buying, selling, investing, and collecting experience for producers and consumers. Their services support the entire life cycle of fine wine, ensuring transparency and secure transactions. Recognizing fine wine as a unique investment, Cult Wine Investment provides clients with a wealth of possibilities, combining heritage with cutting-edge technology to enrich portfolios and enhance lives. Targeting both new generations of wine drinkers and seasoned collectors, Cult Wines aims to build a global community around fine wine appreciation.",2026-05-04,2026-05,stated by site,yes,,282416b0-8ad9-4980-a147-7bc506476190,leak site,web,web,web,web,leak site,
DragonForce,Promotion AB,promotionab.se,SE,Sweden,inferred from domain,,,,,169.6 GB,169.6,,,,Etablerad redan 1979 och genom en merger med Eclipse Display 2020 kör vi nu full gas framåt på vår resa att bli nordens bästa partner när det gäller att förenklar vardagen för dig som driver en butik!,2026-04-27,2026-04,stated by site,yes,,46716f4a-c0e6-42b4-abba-bb9025de4ef7,leak site,leak site,,,,leak site,
DragonForce,massdevelopment.com,massdevelopment.com,US,United States,stated in address/location,Government,,inferred from description,,1710.2 GB,1710.2,,,,"MassDevelopment, a state agency for finance and development, partners with businesses, nonprofit organizations, financial institutions, and local communities to stimulate economic growth throughout the state. In fiscal year 2017, MassDevelopment financed or managed 377 projects, which attracted more than $4 billion in investment to the Massachusetts economy. These projects are expected to create approximately 9,488 jobs and build or renovate approximately 1,863 housing units.",2026-04-27,2026-04,stated by site,yes,,42b167ed-bfaa-4357-b54c-2dc1ebf57f44,leak site,leak site,leak site,,,leak site,
DragonForce,rosehillgardens.com,rosehillgardens.com,US,United States,stated in address/location,Construction,,inferred from description,,333.1 GB,333.1,,,,"Rosehill Gardens is a professional landscaping company based in Kansas City, employing over 150 specialists in landscape design, maintenance, irrigation, lighting, and the wholesale of gardening supplies. They serve both residential and commercial clients, offering services such as snow removal, garden center supplies, and event space at their winery.",2026-04-27,2026-04,stated by site,yes,,d9360817-f7c1-4a56-b9a3-886fe2e9ed6a,leak site,leak site,leak site,,,leak site,
DragonForce,gelatissimo.com.au,gelatissimo.com.au,AU,Australia,stated in address/location,Retail & Wholesale,,inferred from description,,378.41 GB,378.41,,,,A global brand seeking major investors with experience in retail and franchising to expand its artisanal ice cream chain through a master franchise program,2026-04-27,2026-04,stated by site,yes,,8233839a-78af-4025-b355-888eac072dec,leak site,leak site,leak site,,,leak site,
DragonForce,avalonflooring.com,avalonflooring.com,US,United States,stated in address/location,Manufacturing,,inferred from description,,339.93 GB,339.93,,,,"Avalon Flooring, founded in 1958 and located in Cherry Hill, New Jersey, specializes in installing flooring in both residential and commercial spaces. In addition to flooring installation services, Avalon also specializes in window treatments and the fabrication of bathroom vanities.",2026-04-27,2026-04,stated by site,yes,,81692c11-2b18-487f-a93b-305af7132a5f,leak site,leak site,leak site,,,leak site,
DragonForce,mopec.com,mopec.com,US,United States,stated in address/location,Healthcare,,inferred from description,,87.71 GB,87.71,,,,"Mopec supplies American-made medical equipment and laboratory products for pathological, histological, autopsy, and morgue services.",2026-04-27,2026-04,stated by site,yes,,2740d96d-2f1a-4c99-9fa3-bbb2910869aa,leak site,leak site,leak site,,,leak site,
DragonForce,fatbrands.com,fatbrands.com,US,United States,stated in address/location,,,,,944.04 GB,944.04,,,,"FAT Brands is a leading global franchising company that strategically acquires, promotes, and develops quick-service, fast-casual, and casual dining concepts around the world.",2026-04-27,2026-04,stated by site,yes,,2e00a333-4513-4717-8051-d594282960fe,leak site,leak site,,,,leak site,
DragonForce,andrewtjohnson.com,andrewtjohnson.com,US,United States,stated in address/location,Professional Services,,web research,3800000,37.4 GB,37.4,,,27,"The company is a leading provider of printing and reprographic services, offering image processing, printing, graphic design for exhibitions, copying, offset printing, and an online catalog of drawings",2026-04-27,2026-04,stated by site,yes,,2a2621cb-ec06-48ef-a717-f4c9501df593,leak site,leak site,web,web estimate,web estimate,leak site,
DragonForce,wmsopko.com,wmsopko.com,US,United States,stated in address/location,Manufacturing,,web research,,32.91 GB,32.91,,,5,Wm. Sopko & Sons Co. supplies and distributes the full line of Dumore automatic self-feeding drilling and threading equipment,2026-04-27,2026-04,stated by site,yes,,6db77a92-0c00-4190-b363-90ba0579a60e,leak site,leak site,web,,web estimate,leak site,
DragonForce,aotco.com,aotco.com,US,United States,stated in address/location,Healthcare,,inferred from description,15000000,249.75 GB,249.75,,,180,"AOTCO specializes in metal finishing solutions, offering a wide range of services, including electroplating, anodizing, and passivation, and has over 45 years of experience. It serves various industries, such as aerospace, energy, defense, medical, and semiconductor, providing capabilities for both rapid prototyping and high-volume production.",2026-04-27,2026-04,stated by site,yes,,c25e70c7-e81c-4eb4-9783-fd2c3651c1e5,leak site,leak site,leak site,web estimate,web,leak site,
DragonForce,delonhampton.com,delonhampton.com,US,United States,stated in address/location,Construction,,inferred from description,21900000,70.04 GB,70.04,,,94,"An engineering and consulting firm specializing in civil and structural engineering, program management, and construction, delivering complex infrastructure projects across various sectors, from aviation and roads to water treatment facilities.",2026-04-27,2026-04,stated by site,yes,,de1126b6-0d91-48b2-ac2e-f291371c53d6,leak site,leak site,leak site,web estimate,web estimate,leak site,
DragonForce,ibswebsite.com,ibswebsite.com,US,United States,stated in address/location,Professional Services,,inferred from description,,96.02 GB,96.02,,,11-50,"The company helps commercial organizations invest in technology solutions for their businesses by offering technology consulting, as well as the design and integration of solutions for voice communications, data transmission, video, and security.",2026-04-27,2026-04,stated by site,yes,,b937fe29-713b-46a4-98d5-f9d9342f7b2c,leak site,leak site,leak site,,web,leak site,
DragonForce,Synmosa Biopharma,synmosa.com.tw,TW,Taiwan,stated in address/location,Pharmaceuticals & Biotech,,inferred from description,,300.81 GB,300.81,,,,"Synmosa is a specialty pharmaceutical corporation that engages in diversified development that includes acting as an agent, manufacturing, OEM, and R&D. Adhered to the corporate motto “Honesty, Credibility, Reliability, and Innovation” in the development and manufacture of pharmaceuticals ever since its establishment in 1980.",2026-04-26,2026-04,stated by site,yes,,c3ebdb46-3e1f-4c11-aa50-bb82a2dbfd18,leak site,leak site,leak site,,,leak site,
DragonForce,Primius Law Firm,primiuslawfirm.gr,GR,Greece,inferred from domain,Legal,,inferred from description,,77.23 GB,77.23,,,,"Primius Law Firm is a modern and effective legal firm established to provide holistic solutions to various legal issues. With a team of experienced professionals specializing in all branches of law, the firm has established itself as one of the best and most successful law firms in Greece. The firm is committed to continuous development and support for its clients. Its intended clients include individuals and businesses seeking reliable legal representation and expert advice",2026-04-22,2026-04,stated by site,yes,,e27d0dd4-78f5-4355-a624-a1357edd0b69,leak site,leak site,leak site,,,leak site,
DragonForce,The Galliher Law Firm,galliher-law.com,US,United States,stated in address/location,Legal,,inferred from description,,468.27 GB,468.27,,,,"The Galliher Law Firm, established in 1974, specializes in personal injury law, providing dedicated legal representation to clients in Las Vegas and surrounding areas. With over 40 years of experience, the firm assists clients with various personal injury claims, including car accidents, medical malpractice, and wrongful death cases. Their mission is to help injured clients secure compensation for their medical expenses and lost wages, ensuring they receive the justice they deserve. The firm offers free consultations and is committed to protecting the rights of injured individuals throughout Clark County.",2026-04-22,2026-04,stated by site,yes,,2d75b30a-552c-44ea-99ae-5522337a27fd,leak site,leak site,leak site,,,leak site,
DragonForce,Champion Homes,championhomes.com.au,AU,Australia,inferred from domain,Construction,,inferred from description,,47.71 GB,47.71,,,,"Champion Homes is a progressive residential building company which undertakes building work in the Greater Sydney and Illawarra region. Champion Homes operates as a specialist residential builder in the following major segments of the residential home building market: Duplex Builder Knockdown Rebuild Own Designs Narrow Lot Designs New Home Builder Sydney Townhouse Builder New Home Property Sales Project Home Builder Home and Land Packages Sydney Champion Homes is structured to use its construction expertise and resources so as to cater for both individual and corporate clients. Champion Homes has considerable experience building in the older established suburbs of Sydney. Champion Homes can help you with narrow lots, difficult building lots and customise designs to suit your needs. When the time comes to find project home builders in Sydney, Champion homes has earned their reputation as one of the most trusted and reliable project home builders in Australia",2026-04-21,2026-04,stated by site,yes,,230f8e9a-933c-45cc-a50c-f9ff354ef5c4,leak site,leak site,leak site,,,leak site,
DragonForce,medicalnetworks CJ GmbH & Co. KG,medicalnetworks.de,DE,Germany,stated in address/location,Healthcare,,inferred from description,,637.02 GB,637.02,,,,"Medicalnetworks specializes in integrated healthcare solutions, offering services such as ascleoncare and Hybrid-DRG billing. Their products are designed to streamline processes for health insurance providers and medical practices. The company aims to enhance the efficiency of healthcare delivery through innovative technology. Their intended clients include healthcare providers and insurance companies seeking to improve their operational workflows",2026-04-17,2026-04,stated by site,yes,,14833707-9066-410f-b6a8-b9db41ec1b4f,leak site,leak site,leak site,,,leak site,
DragonForce,Empower Group,goempowergroup.com,,,,,,,,339.71 GB,339.71,,,,"Empower Group has positioned itself in this space as a hub for it's clients to access these different types of funding products. Empower Group has leveraged partnerships with the top lenders in the space to better service Empower Group's client's specific needs. Through Empower Group's relationships, with access to more than 40 private finance institutions, Empower Group prides ourselves at being able to meet Empower Group's clients right where they are to service their specific needs for working capital. Empower Group is committed to continually growing and evolving with the industry as a service to Empower Group's partners; both business owners and lenders alike.",2026-04-15,2026-04,stated by site,yes,,06c26b79-4599-4008-8434-79fb6415c22e,leak site,,,,,leak site,
DragonForce,McCOR,mccor.ca,CA,Canada,inferred from domain,Real Estate,,inferred from description,,56.59 GB,56.59,,,,"McCor is a leading real estate and property management company in Canada, specializing in commercial, retail, and residential property management services. The company offers a comprehensive range of services including investment management, advisory services, leasing, and project management, targeting clients involved in real estate developments. McCor prides itself on building long-term partnerships through innovation, collaboration, and a strong focus on value creation. Their proactive approach ensures high levels of tenant satisfaction and operational efficiency, catering to a diverse clientele across various market segments",2026-04-15,2026-04,stated by site,yes,,eef14cd1-1d68-4f9a-a8e2-3a4c7b94bf63,leak site,leak site,leak site,,,leak site,
DragonForce,Curtis Design Group,curtisdesigngroup.com,,,,Engineering & Architecture,,inferred from description,,176.4 GB,176.4,,,,"Curtis Design Group specializes in home architecture and design, creating beautiful and livable spaces tailored to the needs of families and developers. They focus on understanding client dreams and site specifics to produce detailed blueprints that reflect those visions. The company emphasizes a collaborative approach, ensuring clients are delighted with the final designs before working with builders. Their services extend beyond Utah, aiming to create homes that endure and bring joy for generations.",2026-04-15,2026-04,stated by site,yes,,2558ad00-e293-441a-b326-9bedc8fcb40a,leak site,,leak site,,,leak site,
DragonForce,tulsachamber.com,tulsachamber.com,,,,,,,,56.39 GB,56.39,,,,The Talsi Regional Chamber of Commerce is committed to serving as a leading business-oriented organization and improving the quality of life in the community by fostering regional economic prosperity.,2026-04-14,2026-04,stated by site,yes,,407fd775-a942-4759-ab2b-ddd81b5932cc,leak site,,,,,leak site,
DragonForce,breslinbuilders.com,breslinbuilders.com,US,United States,stated in address/location,Construction,,inferred from description,,47.26 GB,47.26,,,11-50,"Breslin Builders is a general contractor specializing in design and construction, based in Las Vegas, Nevada, and serving the Las Vegas Valley and Southern Nevada since 1980. The company specializes in a wide range of commercial construction services, including pre-development, design, and construction, as well as construction management for various types of projects, such as apartment buildings, retail spaces, and hotel complexes.",2026-04-14,2026-04,stated by site,yes,,fcfc9d37-cabe-44dd-9c33-ba7ccd1e7f4d,leak site,leak site,leak site,,web,leak site,
DragonForce,je-nyc.com,je-nyc.com,US,United States,stated in address/location,Technology,,inferred from description,,32.66 GB,32.66,,,2-10,"Jacmel Enterprise Inc. offers a wide range of IT services, including Microsoft Dynamics solutions, project services such as data cabling and server configuration, as well as cloud services using Microsoft Office 365.",2026-04-14,2026-04,stated by site,yes,,f0a6c94f-b964-4b83-a15c-63c8f17955ff,leak site,leak site,leak site,,web,leak site,
DragonForce,ppiplastics.com,ppiplastics.com,US,United States,stated in address/location,Manufacturing,,inferred from description,,193.7 GB,193.7,,,80,Preproduction Plastics Inc. is a company specializing in structural foam injection molding and gas-assisted injection molding.,2026-04-14,2026-04,stated by site,yes,,814f56ab-0d7f-473f-abad-b239deb9abcd,leak site,leak site,leak site,,web,leak site,
DragonForce,novafp.com,novafp.com,US,United States,stated in address/location,,,,,820.72 GB,820.72,,,,"Nova Fire Protection Inc. specializes in sprinkler fire suppression systems, offering design, installation, repair, inspection, and testing services to homeowners and businesses in the Chicago area. Their team is ready to tackle projects of any scale, from residential homes to large commercial buildings, providing comprehensive fire safety solutions. The company also provides 24/7 emergency services and system upgrades to maintain their effectiveness. With years of experience in the region, Nova Fire Protection is committed to protecting lives and property across various communities.",2026-04-14,2026-04,stated by site,yes,,abf898a3-5883-4657-a4f0-a336b44a231e,leak site,leak site,,,,leak site,
DragonForce,advprograms.com,advprograms.com,US,United States,stated in address/location,Government,,inferred from description,,706.9 GB,706.9,,,51-200,"Advanced Programs, Incorporated (API) specializes in providing secure, high-quality integrated system solutions designed specifically for government and industrial clients, particularly in the fields of intelligence, defense, and foreign policy. The product portfolio includes TEMPEST-certified computers, networking equipment, and secure communication devices that meet stringent security standards. API retrofits existing products from leading manufacturers and develops new designs to ensure reliability in high-risk environments. The company’s typical customers are program management offices responsible for deploying and maintaining secure IT solutions in remote locations.",2026-04-14,2026-04,stated by site,yes,,83b95c5a-633b-4f5d-9309-8aa68a611bcf,leak site,leak site,leak site,,web,leak site,
DragonForce,imadesign.com,imadesign.com,US,United States,web research,Education,,inferred from description,,971.63 GB,971.63,,,,"IMA Design Group, Inc. specializes in master planning, development services, and landscape architecture, with a particular focus on creating exceptional spaces for its clients. The company is distinguished by its unique artistic approach and strives to ensure maximum cost-effectiveness in its projects. The company’s portfolio includes a wide range of projects—from affordable and student housing to commercial spaces—located both in California and beyond. The company strives to help clients create socially oriented environments that harmoniously blend recreational elements with modern technology.",2026-04-14,2026-04,stated by site,yes,,9b6e3e04-9791-4e93-ad79-beb5974076ce,leak site,web,leak site,,,leak site,
DragonForce,tremcar.com,tremcar.com,CA,Canada,stated in address/location,Manufacturing,,inferred from description,,183.63 GB,183.63,,,550,Tremcar Drummond Inc. manufactures and designs high-quality textile machinery and equipment. The company was founded in 1962,2026-04-14,2026-04,stated by site,yes,,8db5a061-8ab7-446a-9c8e-c00b77adf62c,leak site,leak site,leak site,,web,leak site,
DragonForce,gtlcompany.com,gtlcompany.com,US,United States,stated in address/location,Aerospace & Defense,,inferred from description,,415.82 GB,415.82,,,,"Gloyer-Taylor Laboratories, Inc. (GTL) is a high-tech company specializing in providing revolutionary technologies for the aerospace industry. Its product portfolio includes advanced composite cryogenic tanks, propulsion systems, as well as aerospace system design and analysis services. GTL serves customers in the aerospace sector, with a particular focus on innovative solutions for launch vehicles and high-temperature structures. The company also collaborates with organizations such as NASA to develop cutting-edge technologies for space exploration.",2026-04-14,2026-04,stated by site,yes,,c47d2fb2-1f75-422f-ba73-d89a787826a3,leak site,leak site,leak site,,,leak site,
DragonForce,graphicinfo.com,graphicinfo.com,US,United States,stated in address/location,Transportation & Logistics,,inferred from description,,68.37 GB,68.37,,,,"Graphic Information Systems Inc. specializes in the custom production of barcode labels, product number/identification labels, and warehouse signage, serving businesses that require inventory management solutions. They also offer a wide range of promotional products and apparel to enhance a company’s brand recognition. Their services include the installation of warehouse labels and signs, as well as design services. Based in Cincinnati, Ohio, GIS strives to provide high-quality, affordable products to improve warehouse operations and marketing efforts.",2026-04-14,2026-04,stated by site,yes,,c64d7c32-4781-4cb0-9415-08581b25281d,leak site,leak site,leak site,,,leak site,
DragonForce,milliondollarbabyco.com,milliondollarbabyco.com,US,United States,stated in address/location,Retail & Wholesale,,inferred from description,,173.76 GB,173.76,,,,"Million Dollar Baby Co. was founded in 1990 and is a proudly family-owned business based in Los Angeles. Since then, MDB has grown to include seven distinct children’s furniture brands, each with its own style, aesthetic, and price point, while offering some of the most eco-friendly and award-winning designs in the industry. Our products are available at retailers such as Target and Amazon, as well as specialty stores like Pottery Barn Kids and Crate & Barrel. The parent company, Million Dollar Baby Co., includes our brands: Babyletto, daVinci, Nursery Works, and Namesake.",2026-04-14,2026-04,stated by site,yes,,04a980e8-5299-465c-bf27-621fa02e8daf,leak site,leak site,leak site,,,leak site,
DragonForce,Apply Capnor,applycapnor.com,,,,Manufacturing,,inferred from description,,2135.44 GB,2135.44,,,,"Capnor specializes in laser scanning, engineering, and 3D data management services, offering a comprehensive range of solutions including design engineering, reverse engineering, and dimensional control. Their services cater to various industries such as oil and gas, marine, chemical, power, pulp and paper, automotive, steel, and food. Capnor utilizes advanced technologies like drone inspections and 3D modeling to enhance project efficiency and accuracy. The company is dedicated to providing innovative solutions that improve project lifecycle phases and ensure quality and safety",2026-04-14,2026-04,stated by site,yes,,698b5229-4f01-4707-a64c-0dc5b42b9a5f,leak site,,leak site,,,leak site,
DragonForce,rudolf-med.com,rudolf-med.com,,,,Healthcare,,inferred from description,,108.15 GB,108.15,,,,"RUDOLF Medical GmbH + Co. KG specializes in providing medical products and services. They offer a range of items through E-catalogs and support their clients with various services. The company aims to cater to a diverse clientele in the medical field. For further engagement, they participate in trade fairs and provide career opportunities",2026-04-13,2026-04,stated by site,yes,,e7ef8335-38df-4e5b-a03f-0fb95c4e0f74,leak site,,leak site,,,leak site,
DragonForce,Lift,liftag.int,,,,Manufacturing,,inferred from description,,450.33 GB,450.33,,,,"Lift AG is a Swiss lift manufacturer established in 1958, specializing in high-quality elevator solutions for residential and commercial buildings. The company offers a wide range of products including new installations, replacement systems, modernization services, and maintenance contracts. With a commitment to flexibility and customer satisfaction, Lift AG caters to various client needs with tailored solutions. As an independent family business, it prides itself on its experienced team and strong service network across the German-speaking part of Switzerland",2026-04-13,2026-04,stated by site,yes,,0e0a1b30-8f0b-44b1-a928-fb8321133556,leak site,,leak site,,,leak site,
DragonForce,Travel of America,travelofamerica.com,US,United States,web research,Hospitality & Travel,,inferred from description,,40.44 GB,40.44,,,,"Travel of America specializes in luxury ocean, river, and expedition cruises, as well as hotels, resorts, guided tours, and custom land arrangements for both individual and group travel. They offer a wide range of travel options including hosted cruises, shore excursions, and active adventures. Their services cater to clients seeking high-end travel experiences and personalized itineraries. With a focus on exceptional customer service, they provide exclusive offers and loyalty programs to enhance the travel experience.",2026-04-13,2026-04,stated by site,yes,,359e6804-203a-4e08-977f-05638002dcaf,leak site,web,leak site,,,leak site,
DragonForce,edtg.com,edtg.com,US,United States,web research,Financial Services,,stated in description,3000000,26.94 GB,26.94,,,10-19,"The Eldorado Trading Group is a company that operates in the Banking industry. It employs 10to19 people and has 1Mto5M of revenue. The company is headquartered in Mountain View, California",2026-04-13,2026-04,stated by site,yes,,b6165216-5c83-4743-aa5b-d26f47af293a,leak site,web estimate,leak site,web estimate,web estimate,leak site,
DragonForce,www.sistemigestioneintegrata.eu,sistemigestioneintegrata.eu,IT,Italy,stated in address/location,Professional Services,,inferred from description,,383.4 GB,383.4,,,,"SGI – Sistemi Gestione Integrata is an Italian consulting firm headquartered in Bergamo, Lombardy, specializing in workplace health & safety, environmental compliance, and occupational medicine. With over 863 clients, 57,000+ medical visits conducted, and 125 environmental authorizations managed, SGI offers comprehensive services including risk assessments, fire prevention, emergency planning, ISO certification consulting (9001, 14001, 45001), waste management, and REACH compliance. As an accredited training provider (Regione Lombardia No. 691), SGI also delivers in-person and e-learning safety courses. The company supports its services through proprietary digital platforms including NET4SAFE and SGI FAD.",2026-04-13,2026-04,stated by site,yes,,c7d7dc98-e39f-41f6-9ad1-c6caa04fa798,leak site,leak site,leak site,,,leak site,
DragonForce,Affordable Oil,affordableoil.com,US,United States,stated in address/location,Construction,,inferred from description,,4.17 GB,4.17,,,,The goal of Affordable Oil is in our name. We strive to provide the best heating oil delivery service at the lowest cost. Our friendly office staff is here Monday - Friday to help you with all your scheduling needs. We have our own on-site oil storage facility. This ensures that we can serve all our customers without interruption all year round. 24 hour emergency burner service is available through reliable independent contractors.,2026-04-12,2026-04,stated by site,yes,,2cec3774-27a9-4908-8bdd-37fd0f32000a,leak site,leak site,leak site,,,leak site,
DragonForce,Mercedes-Benz of Arlington,justmercedes.com,,,,Automotive,,inferred from description,,99.93 GB,99.93,,,,"Mercedes-Benz of Arlington is a premier dealership specializing in new and pre-owned Mercedes-Benz vehicles, offering a wide selection of luxury cars, SUVs, and convertibles. The dealership provides exceptional customer service and a seamless buying experience for clients in the Arlington and greater Washington, DC area. They also offer financing options, vehicle servicing, and genuine parts to ensure customer satisfaction. With decades of experience, the knowledgeable staff is dedicated to helping clients find their ideal vehicle.",2026-04-06,2026-04,stated by site,yes,,1943c262-5b17-4140-98c5-6acd3e4386f3,leak site,,leak site,,,leak site,
DragonForce,Innovision Holdings,ivcorp.com,,,,Manufacturing,,inferred from description,,1175.49 GB,1175.49,,,,"Founded in 2004, InnoVision Holdings Corporation is a group of apparel and accessories companies that focus on brand developments, product innovation, global sales, marketing and distribution. From the company's luxury fashion division to the company's mass market fan wear subsidiary, InnoVisions companies combine innovative designs, high quality, utility with respected brands in their respective markets. Through its portfolio of brands, be it its fully owned or licensed, created or acquired, InnoVision designs, manufacture and distribute to a diverse base of retailers in luxury lifestyle, outdoor, speciality and mass markets in over 30 countries. To create and develop premium leading global lifestyle brands by focusing on product design and innovation, and developing global sales, marketing and distribution capabilities. Innovation is a core value of InnoVision group. Through ongoing in-house research and development efforts and an open innovation collaboration platform, InnoVision de",2026-04-05,2026-04,stated by site,yes,,f85e068c-1ffc-44c6-959c-86c6a66bfeac,leak site,,leak site,,,leak site,
DragonForce,Siam Okamura International Co,okamura.co.th,TH,Thailand,stated in address/location,Manufacturing,,inferred from description,,395.89 GB,395.89,,,,"Siam Okamura International Co., Ltd., established in Thailand in 1996, is a leading provider of high-quality Japanese-designed ergonomic office furniture and interior solutions. Based in Bangkok with local manufacturing via Siam Okamura Steel Co., Ltd., they offer products and services for offices, education, healthcare, and retail spaces.",2026-04-04,2026-04,stated by site,yes,,5fc214c9-da08-4acd-b173-e934a6e9973a,leak site,leak site,leak site,,,leak site,
DragonForce,Vietnam Fortress Tools JSC,fortresstools.com.vn,VN,Vietnam,stated in address/location,Manufacturing,,inferred from description,,432.0 GB,432.0,,,,"Vietnam Fortress Tools JSC, established in 2006, is a leading manufacturer of gardening tools, with over 90% of its products exported to North America and Europe. The company offers a diverse range of gardening tools that meet international standards at competitive prices. Fortress is committed to its responsibilities towards its employees and the local community, ensuring its factories are regularly audited by independent organizations. Their focus on sustainability and quality positions them as a top partner in the gardening tools industry.",2026-04-04,2026-04,stated by site,yes,,14841b15-0c82-4696-b591-d7a9a1492e00,leak site,leak site,leak site,,,leak site,
DragonForce,AUG Pharma,augpharma.com,EG,Egypt,stated in address/location,Healthcare,,inferred from description,,956.0 GB,956.0,,,,"AUG Pharma is an Egyptian shareholding company dedicated to enhancing public health through the development, manufacturing, and commercialization of innovative pharmaceutical products. Their product range includes various medications and health solutions such as immune sachets, dermatological creams, and pain relief medications. The company aims to serve a diverse clientele, including healthcare professionals and patients, by providing high-quality pharmaceutical products. AUG Pharma is also focused on expanding its market presence, as evidenced by its recent collaborations and participation in industry events.",2026-04-04,2026-04,stated by site,yes,,8abd18c9-deda-4744-b5c6-c8f8c4e68e31,leak site,leak site,leak site,,,leak site,
DragonForce,G Plants,gplants.com,GB,United Kingdom,stated in address/location,Retail & Wholesale,,inferred from description,,388.99 GB,388.99,,,,"G Plants Ltd specializes in providing innovative gardening products and gifts, including seasonal plant items and lawn care solutions. They cater to a diverse clientele, ranging from small retailers to large chains, and collaborate with specialized growers to offer exclusive plant varieties. The company also offers white label solutions and brand management services tailored to their clients' marketing needs. Their product range includes easy gardening kits, seed planters, and eco-friendly options, appealing to both novice and experienced gardeners.",2026-04-04,2026-04,stated by site,yes,,7d51b117-d575-4547-9aff-64ca25a682ba,leak site,leak site,leak site,,,leak site,
DragonForce,Kopran,kopran.com,IN,India,stated in address/location,Pharmaceuticals & Biotech,,inferred from description,,304.72 GB,304.72,,,,"Kopran Limited & its subsidiary Kopran Research Laboratories Limited has established an indomitable presence in the realm of manufacturing an extensive spectrum of Finished Dosage Forms and Active pharmaceutical ingredients (APIs) respectively. With over sixty years of expertise at our disposal, we adeptly seized opportunities and propelled a trajectory of sustained growth.",2026-04-04,2026-04,stated by site,yes,,b8caeabc-1e04-43ad-88e9-988650862c63,leak site,leak site,leak site,,,leak site,
DragonForce,sutex.com,sutex.com,CO,Colombia,stated in address/location,Manufacturing,,web research,,130.39 GB,130.39,,,,"SUTEX was founded in 1985.Our core business includes the development and marketing of textiles used in the production of clothing, upholstery, lingerie, footwear, and leather goods.We collaborate with prestigious international textile mills. Driven by a genuine passion for fashion, for the past three decades, Sutex has been dedicated to refining corporate practices that allow us to remain at the forefront of the textile industry. We closely monitor fashion cycles to identify the latest trends and respond promptly, providing our customers with the most appropriate product at the right time. Our production facilities are located in Bogotá, along with a distribution center equipped with state-of-the-art technology, allowing us to ensure the efficiency and quality of our marketing efforts.",2026-04-02,2026-04,stated by site,yes,,6229fdb6-8d2e-4660-aff5-6bd531b92279,leak site,leak site,web,,,leak site,
DragonForce,bunch.ca,bunch.ca,CA,Canada,stated in address/location,Construction,,inferred from description,,1008.05 GB,1008.05,,,,It is a leading contractor in the construction of facilities for the oil and gas industry in Western Canada.,2026-04-02,2026-04,stated by site,yes,,7a7f61d2-2deb-40c5-99c5-6fd0d4a8f8d4,leak site,leak site,leak site,,,leak site,
DragonForce,kleankanteen.com,kleankanteen.com,US,United States,stated in address/location,Manufacturing,,inferred from description,16800000,478.17 GB,478.17,,,74,"Klean Kanteen was founded in 2004. The company manufactures reusable stainless steel water bottles. The company's headquarters are located in Chico, California.",2026-04-02,2026-04,stated by site,yes,,0bac7dda-ea23-4cd1-bf96-206cb8a2f4fb,leak site,leak site,leak site,web estimate,web estimate,leak site,
DragonForce,northstarmetal.com,northstarmetal.com,US,United States,stated in address/location,Manufacturing,,inferred from description,,158.25 GB,158.25,,,,"Northstar Metal Products is a manufacturer of metal products. Services: CNC machining, laser cutting, robotic welding, powder coating, and prototyping. Industries: telecommunications, manufacturing, transportation, energy, healthcare, and home goods.",2026-04-02,2026-04,stated by site,yes,,f557c1c3-e017-4609-b26d-db0358a461e9,leak site,leak site,leak site,,,leak site,
DragonForce,acmealliance.com,acmealliance.com,US,United States,stated in address/location,Agriculture & Food,,inferred from description,,433.8 GB,433.8,,,,"It is a global manufacturer specializing in the custom production of die-cast components for various industries, including the automotive, marine, and agricultural sectors.",2026-04-02,2026-04,stated by site,yes,,aea30e95-68ad-4b9f-bce5-cfe6f01de778,leak site,leak site,leak site,,,leak site,
DragonForce,jbrand.co.uk,jbrand.co.uk,GB,United Kingdom,inferred from domain,,,,,1156.2 GB,1156.2,,,,"J Brand, headquartered in London, UK, provides a range of services in the electrical engineering and IT sectors.",2026-04-02,2026-04,stated by site,yes,,863f08fe-fd1f-4fdc-bd39-b26615f09459,leak site,leak site,,,,leak site,
DragonForce,cesimaging.com,cesmn.com,US,United States,stated in address/location,,,,,9.57 GB,9.57,,,,"The company is an authorized dealer for Canon, Sharp, Oce, KIP America, and HP",2026-04-02,2026-04,stated by site,yes,,c3991166-99f7-4c64-ad73-54f553f1ec0e,leak site,leak site,,,,leak site,
DragonForce,singita.com,singita.com,,,,Hospitality & Travel,,inferred from description,,46.97 GB,46.97,,,,"Singita is committed to providing unforgettable wildlife experiences, offering accommodations in lodges, camps, and private villas located in some of Africa’s most stunning and sought-after destinations. The company is committed to environmentally responsible hospitality and sustainable conservation, and has been working with local communities since its founding in 1993.",2026-04-02,2026-04,stated by site,yes,,0e64a450-0c5f-43d6-911e-81456466f406,leak site,,leak site,,,leak site,
DragonForce,atpkg.com,atpkg.com,CA,Canada,stated in address/location,Transportation & Logistics,,inferred from description,,73.54 GB,73.54,,,,"At AT Packaging, employees play a key role—dedication, a commitment to quality, and team spirit are at the core of the company’s business philosophy. If you are a dynamic, customer-focused individual, there may be a career opportunity for you at AT Packaging. The following positions are available: Warehouse Operations — the company’s operations must be based on an organized and efficient warehouse to ensure high-quality customer service.",2026-04-02,2026-04,stated by site,yes,,d8181000-caef-4f9a-a19b-064c23d709ca,leak site,leak site,leak site,,,leak site,
DragonForce,congoleum.com,congoleum.com,JE,Jersey,stated in address/location,Manufacturing,,inferred from description,,121.43 GB,121.43,,,,"Founded in 1886 and headquartered in Mercerville, New Jersey, Congoleum develops and manufactures flooring for residential and commercial spaces.",2026-04-02,2026-04,stated by site,yes,,8711b463-2001-47bc-bf7c-89d7087e0943,leak site,leak site,leak site,,,leak site,
DragonForce,greenwayfence.com,greenwayfence.com,NL,Netherlands,stated in address/location,Construction,,inferred from description,,61.6 GB,61.6,,,,"A wholesale supplier of fencing and railings serving both private homeowners and contractors throughout the East Coast. They offer a wide range of custom fencing materials, including vinyl and aluminum options, as well as decking and specialty products.",2026-04-02,2026-04,stated by site,yes,,eedeb683-a30f-4709-b65e-ba8614974605,leak site,leak site,leak site,,,leak site,
DragonForce,fhw-neukoelln.de,fhw-neukoelln.de,DE,Germany,inferred from domain,,,,,61.59 GB,61.59,,,,"Fernheizwerk Neukölln provides heat to homes in the Berlin-Neukölln district. This local heating company generates and supplies heat to approximately 40,000 homes, ensuring a comfortable temperature during the cold months. They make every effort to provide reliable heat to the community by connecting homes to efficient heating systems throughout the district.",2026-04-02,2026-04,stated by site,yes,,14cd73d2-75e0-4f12-a511-a6447823a7a9,leak site,leak site,,,,leak site,
DragonForce,Elara Engineering,elaraeng.com,US,United States,web research,Construction,,inferred from description,,305.46 GB,305.46,,,51-200,"Elara Engineering is a full-service Mechanical, Electrical, Plumbing, Fire Protection, and Technology consulting engineering firm based in Chicago, Illinois. With 25 years of experience, the company specializes in the design, costing, delivery, and oversight of building and utility systems, offering both pre-design and post-construction services. Their clients include educational institutions, municipal entities, and residential developers, focusing on sustainable and innovative engineering solutions. Elara Engineering is committed to reducing energy consumption and carbon footprints through its projects and embraces diversity within its workforce",2026-04-01,2026-04,stated by site,yes,,14fb8686-9317-496b-b9af-d674002cd614,leak site,web,leak site,,web,leak site,
DragonForce,Fountain,fountain.eu,FR,France,web research,Retail & Wholesale,,web research,,68.58 GB,68.58,,,180,"Over the last 40 years, Fountain has established itself as Europe's leading supplier of drinks vending machines for businesses, delivering the widest range of solutions to organisations with 5 to 50 employees, as well as multi-site key account customers. The company now operates in 28 countries and has developed a strong reputation and identity, founded on personalised services and solutions, a wide range of tailor-made products, and a local distribution network. Here at Fountain, we provide our customers with a comprehensive service that covers cartridge and automatic machines, capsule machines, water fountains, accessories and snacks. Fountain distributes a vast range of both own-brand and third-party products. As such, it is able to meet the exacting demands of businesses and organisations looking to tailor their offer to the specific needs of their customers and/or staff, from precise quantities to consumer preferences. Fountain has been listed on the Euronext stock exchange since",2026-04-01,2026-04,stated by site,yes,,3ee4bbb2-0ac1-4a17-ac6e-4fcfbb332aff,leak site,web,web,,web,leak site,
DragonForce,blossmangas.com,blossmangas.com,US,United States,stated in address/location,Energy & Utilities,,inferred from description,300000000,487.81 GB,487.81,,,512,"Blossman Gas, founded in 1951 and located in Ocean Springs, Mississippi, is a family-owned business that provides a wide range of services in the liquefied petroleum gas industry and specializes in gas appliances.",2026-04-01,2026-04,stated by site,yes,,2bb3ac2e-7355-485a-b5ce-c0e2bf9f61de,leak site,leak site,leak site,web estimate,web estimate,leak site,
DragonForce,North Central HIDTA,northcentralhidta.org,US,United States,stated in address/location,Mining & Materials,,inferred from description,,1624.49 GB,1624.49,,,,"North Central HIDTA is a federal program aimed at supporting federal, state, local, and tribal law enforcement agencies in combating drug trafficking in Minnesota and Wisconsin. The organization focuses on creating multi-agency task forces to reduce drug threats and enhance intelligence sharing to dismantle significant drug trafficking and money laundering organizations. Their initiatives include enforcement, prevention, prosecution, and training to foster drug-free communities. Intended clients include law enforcement and public safety professionals in the region.",2026-03-30,2026-03,stated by site,yes,,a9ebb66a-f484-4cd1-b33c-143cddb37dd6,leak site,leak site,leak site,,,leak site,
DragonForce,Alliance Select Foods International,allianceselectfoods.com,PH,Philippines,web research,Agriculture & Food,,web research,78800000,0.02 GB,0.02,,,1937,"Alliance Select Foods International, Inc. is a leading seafood company specializing in the tuna canning industry since 2003, producing premium-quality tuna and salmon products. The company offers a diverse range of products including canned, pouched, and frozen tuna, ensuring high standards of quality and sustainability. With a global presence, ASFII is dedicated to supporting its workforce, empowering communities, and protecting the environment. Their commitment to corporate governance emphasizes sustainable growth and accountability to stakeholders",2026-03-29,2026-03,stated by site,yes,,174bc965-9627-47d9-9ef8-76b59d115634,leak site,web,web,web,web,leak site,
DragonForce,Groupe Courtois Automobiles,groupe-courtois.fr,FR,France,inferred from domain,Automotive,,inferred from description,,14.12 GB,14.12,,,,"Groupe Courtois is an automotive dealership specializing in Honda vehicles, with over 40 years of experience in the automotive industry. They operate in Chambourcy and Saint-Ouen-l'Aumône,",2026-03-27,2026-03,stated by site,yes,,a1829d25-558d-4ac1-bd7a-b634bc82bbd0,leak site,leak site,leak site,,,leak site,
DragonForce,STS Travel,ststravel.com,US,United States,stated in address/location,Education,,inferred from description,,19.85 GB,19.85,,,11-50,"STS Travel was founded in 1984 by two Cornell University graduates who shared one common goal: to specialize in the marketing and operation of travel services designed specifically for students. Since our foundation in 1984, STS has handled the travel plans of over a half of million student travelers. This tremendous volume gives STS a great deal of negotiating power, enabling us to assemble quality vacation packages within the budget confines of the student traveler. Today, we have evolved into one of America's premier collegiate tour operators, having student organizations, travel agents, and campus representatives representing STS on over 1000 campuses throughout the United States.",2026-03-27,2026-03,stated by site,yes,,cc4883a7-8351-4b88-b1d3-332cc7b88ea0,leak site,leak site,leak site,,web,leak site,
DragonForce,Durable Superior Casters,durablesuperior.com,US,United States,stated in address/location,Manufacturing,,inferred from description,,1127.53 GB,1127.53,,,,"Durable Superior Casters, Inc. was established in 1991. In a relatively short period of time Durable USA has become the finest manufacturer and importer of casters and wheels in North America. We provide ""Quality without Compromise"" at very competitive prices and prompt shipment from an inventory in excess of 20 million dollars. We also attribute our success to our loyal customers, experienced and knowledgeable staff, and innovative leadership. We offer one of the broadest caster and wheel selections in the world. In addition to our ongoing new product development program we offer custom built casters for manufacturers that have a large unique or special requirement. Our corporate headquarters, largest US assembly plant with onsite Testing Lab and Engineering Department is in Arlington, Texas. Our assembly plant in Ohio helps to service our customers in New England and the upper Midwest",2026-03-26,2026-03,stated by site,yes,,a521eb45-bffb-4a38-a3cd-fd18d2436150,leak site,leak site,leak site,,,leak site,
DragonForce,pridesol.com,pridesol.com,,,,Transportation & Logistics,,inferred from description,,70.08 GB,70.08,,,,"Pride Solvents & Chemical Co. is an authorized distributor of the largest and most reputable global manufacturers of chemical products and solvents. This list includes companies such as Dow, Exxon, BASF, Sasol, ADM, Penreco, P&G, and Stepan—just to name a few. With an advanced production facility, a fully equipped analytical laboratory, extensive warehouse inventory, and a modern transportation fleet, the company is able to provide an unmatched level of service to customers across all industries—from the state of Maine to Virginia, and westward as far as Ohio.",2026-03-26,2026-03,stated by site,yes,,03ca8e7f-9e77-4881-91c7-1d3e10a36ff2,leak site,,leak site,,,leak site,
DragonForce,kalimaresort.com,kalimaresort.com,TH,Thailand,stated in address/location,Hospitality & Travel,,inferred from description,,331.26 GB,331.26,,,,"Kalima Resort & Spa is a luxurious 5-star resort located just a few minutes from Patong Beach in Phuket, known for its stunning sea views and hillside setting. The resort offers a variety of accommodation options, including deluxe rooms, suites, and private villas, catering to couples, families, and guests seeking relaxation or adventure.",2026-03-26,2026-03,stated by site,yes,,731fdccf-b21e-494f-93f8-1b118aebf8db,leak site,leak site,leak site,,,leak site,
DragonForce,Edward Beiner,edwardbeiner.com,US,United States,stated in address/location,Retail & Wholesale,,inferred from description,,44.05 GB,44.05,,,,"Edward Beiner specializes in designer sunglasses and luxury eyewear, offering a blend of fashion and vision. Their product range includes sunglasses and eyeglasses for both men and women, featuring exclusive collections from high-end brands like Cartier, Gucci, and Tom Ford. The company targets style-conscious clients seeking premium eyewear and eye care services, including eye exams. With a commitment to exceptional customer service, Edward Beiner provides free standard shipping on U.S. orders and a unique shopping experience in their boutiques",2026-03-24,2026-03,stated by site,yes,,0506a0bb-e480-45cd-815a-b0d04185833e,leak site,leak site,leak site,,,leak site,
DragonForce,M3 Group,m3group.biz,,,,Professional Services,,inferred from description,,566.27 GB,566.27,,,,"Founded in Lansing more than 11 years ago by Dowling, M3 Group prides itself on being the only local agency that offers the most comprehensive array of integrated branding, marketing and advertising services in the mid-Michigan region. M3 Group has grown into one of the largest and most respected agencies in the area. For more than a decade, M3 Group has built and refined strong brands through integrated marketing strategies that keep the client's goals and its bottom line in mind. M3 Group's award-winning staff works across traditional and nontraditional platforms, offering an array of market research and consulting, media planning and buying, website development, social and digital media marketing, public relations and promotions, video and audio production, corporate brand development, and graphic design. Take your brand to the next level by visiting M3Group.biz",2026-03-24,2026-03,stated by site,yes,,a4413b32-f2f8-460b-9e74-587d5344a629,leak site,,leak site,,,leak site,
DragonForce,odayequipment.com,odayequipment.com,US,United States,stated in address/location,Energy & Utilities,,inferred from description,,27.83 GB,27.83,,,,"Founded in 1935, ODay Equipment specializes in supplying and maintaining equipment for the oil and gas industry, serving customers in the U.S. Midwest.The company offers fuel storage tanks, retail fueling systems, EV charging solutions,installation, and a variety of repair services.",2026-03-20,2026-03,stated by site,yes,,5547053f-beb9-422d-b09c-171771375a68,leak site,leak site,leak site,,,leak site,
DragonForce,wardencc.com,wardencc.com,US,United States,stated in address/location,Construction,,inferred from description,,219.95 GB,219.95,,,,"Warden Construction is a general contractor based in Jacksonville, Florida, specializing in design-build, construction management, renovation, and new construction. The company primarily serves clients in the government and public sectors, leveraging its expertise in indefinite-delivery/indefinite-quantity (IDIQ) contracts.",2026-03-20,2026-03,stated by site,yes,,21836298-9e44-4b75-bf1c-1630b86805b0,leak site,leak site,leak site,,,leak site,
DragonForce,theunlimited.co.za,theunlimited.co.za,ZA,South Africa,inferred from domain,Insurance,,inferred from description,,339.98 GB,339.98,,,,"The Unlimited offers a full range of insurance products, including health, auto, legal, and life insurance, designed to provide peace of mind and financial protection to its customers. Founded in 1994, the company strives to challenge the status quo and deliver exceptional value to millions of customers. Its services are designed to support individuals and families during life’s unexpected moments, ensuring they are never left alone to face difficulties. Focused on meeting the needs of its clients, The Unlimited strives to treat them like family and provide hassle-free service.",2026-03-20,2026-03,stated by site,yes,,da525115-b16e-40d7-a064-086aed1003de,leak site,leak site,leak site,,,leak site,
DragonForce,centreconcrete.com,centreconcrete.com,US,United States,stated in address/location,Construction,,inferred from description,,15.99 GB,15.99,,,,"Centre Concrete has been a leader in the production and delivery of ready-mix concrete in central Pennsylvania since 1956, operating seven production sites. They offer a wide range of concrete products and services, including ready-mix concrete, roller-finished concrete, and decorative concrete, for residential and commercial customers. Their focus on quality, innovation, and sustainability ensures durable and energy-efficient solutions for construction needs. Through a strong commitment to customer service, Centre Concrete lays the foundation for a wide range of construction projects while contributing to environmentally responsible practices.",2026-03-20,2026-03,stated by site,yes,,d1270aaa-09d1-43f3-9dea-4a9718fd34f3,leak site,leak site,leak site,,,leak site,
DragonForce,liverpoolphil.com,liverpoolphil.com,,,,,,,,301.85 GB,301.85,,,,"The Liverpool Philharmonic Hall, which hosts a variety of concerts and events.",2026-03-20,2026-03,stated by site,yes,,e5dab396-1e8a-4847-9a92-a6038bcf2a1e,leak site,,,,,leak site,
DragonForce,sopower.com,sopower.com,US,United States,stated in address/location,,,,,27.12 GB,27.12,,,,"industrial electrical service provider located in Baton Rouge, LA. Founded in 1994, it specializes in electrical testing, commissioning, maintenance, switchgear, transformers, and substation services, serving as a trusted ally for power infrastructure",2026-03-20,2026-03,stated by site,yes,,b293017e-9b35-4a58-8a5c-fb9b6253e7a3,leak site,leak site,,,,leak site,
DragonForce,Oriska Insurance,oriskainsurance.com,,,,Insurance,,inferred from description,,113.22 GB,113.22,,,,"Oriska Insurance specializes in providing surety bonding, workers compensation, health insurance, and disability insurance tailored for small and minority-owned businesses. The company positions itself as a single source solution for multi-policy requirements, ensuring competitive pricing and comprehensive protection. With a commitment to reliability, Oriska Insurance has a track record of never failing to pay a claim or abandoning an employer. Their services are designed to help clients meet job requirements while staying within budget and legal constraints",2026-03-20,2026-03,stated by site,yes,,3ecf1364-50e5-4ebb-86d0-5fcf71e54979,leak site,,leak site,,,leak site,
DragonForce,The Farese Group,faresegroup.com,US,United States,stated in address/location,,,,,0.34 GB,0.34,,,,"The Farese Group specializes in retirement income planning, investment management, and financial planning, focusing on the distribution phase of retirement. With nearly two decades of experience, they provide strategic game plans to help clients spend their savings wisely and intentionally. They offer complimentary workshops to address common retirement questions and concerns for those in or nearing retirement. The firm values client relationships and shows appreciation through various location-based events throughout the year",2026-03-19,2026-03,stated by site,yes,,5f148fe5-854b-48a8-917a-eb90dcaa734b,leak site,leak site,,,,leak site,
DragonForce,Edifice Design + Architecture,edificedna.com,US,United States,stated in address/location,Engineering & Architecture,,inferred from description,,23.09 GB,23.09,,,,"We shape our buildings, and afterward our buildings shape us - Winston Churchill At Edifice, we believe architecture and design have a unique physical, spiritual, and psychological relationship with our lives. Whether we recognize it or not, design and the buildings we live in, shape our experiences and impact each of us in every aspect of our lives. Innovation and the built environment affect how we live, work, worship and sleep. We believe design and architecture can embrace and provide a unique canvas for our lives, which happens in and around them. As the architect Peter Zumthor said, architecture is a sensitive container for the rhythm of footsteps on the floor, for the concentration of work, for the silence of sleep. We believe excellent design and architecture can complement, accentuate, and highlight the best in the world around us, lifting our environments, building our community, and shaping us into something better. We believe buildings have the potential to EDIFY us and weall deserve to be edified. We believe this is our role, as architects and designers, to EDIFY individuals by crafting environments that inspire, and bring peace and beauty.",2026-03-19,2026-03,stated by site,yes,,a86fd3d3-d7c9-4c73-ac1c-2c9e865aed29,leak site,leak site,leak site,,,leak site,
DragonForce,vatractor.com,vatractor.com,US,United States,stated in address/location,,,,,24.05 GB,24.05,,,,"Virginia Maryland Tractor specializes in John Deere equipment, offering a wide selection of new and used machinery, financing options, parts, and service.",2026-03-19,2026-03,stated by site,yes,,0d493c86-71da-42a0-89ee-8911b43c35f1,leak site,leak site,,,,leak site,
DragonForce,Health Management Systems,hms.com.au,AU,Australia,inferred from domain,Technology,,inferred from description,,165.62 GB,165.62,,,,"Health Management Systems provides tailored health care software designed to enhance business processes and improve staff management for service providers in community health, aged care, and related sectors. Their solutions are NDIS ready and focus on automating scheduling, tracking budgets, and improving client care through efficient practice management. The software aims to maximize staff productivity, reduce client wait times, and ensure compliance with various funding portals. Their target clients include organizations supporting clients with government-funded schemes and packages, ensuring better care delivery",2026-03-19,2026-03,stated by site,yes,,6aabfbe3-d96b-4808-a575-a1940cfdd5ce,leak site,leak site,leak site,,,leak site,
DragonForce,Construction Equipment Parts,ceparts.com,US,United States,web research,Construction,,inferred from description,,23.53 GB,23.53,,,,"Construction Equipment Parts, LLC is a dismantler specializing in heavy equipment parts for various brands, including wheel loaders, excavators, and articulated haulers. They provide a broad selection of new, used, rebuilt, and aftermarket parts tailored to clients who prioritize economic and environmental considerations. With over 200,000 parts available for shipping and expert sales support, they cater to all heavy equipment part needs. The company serves a diverse clientele in the construction industry, ensuring access to reliable equipment components",2026-03-18,2026-03,stated by site,yes,,d692cde6-2430-44da-b73a-ea6915106b18,leak site,web,leak site,,,leak site,
DragonForce,gasteiger.design,gasteiger.design,AT,Austria,web research,Engineering & Architecture,,inferred from description,,40.23 GB,40.23,,,,"Gasteiger specializes in creating unforgettable living designs that reflect individual personalities through unique compositions of materials and craftsmanship. They cater to a diverse clientele, including private customers, developers, and architects, offering comprehensive solutions for various living styles such as chalet, modern, classic, and urban. The company is committed to innovation and quality, regularly drawing inspiration from major European design fairs to surprise and delight their international customers. With a spacious showroom and a focus on complete coordination of all work areas, Gasteiger ensures a seamless and comfortable implementation of their designs",2026-03-18,2026-03,stated by site,yes,,0a55f8e8-d1c2-40ab-a7dd-d50f8ef13651,leak site,web,leak site,,,leak site,
DragonForce,HARTMANN BAU,hartmann-bau.ch,CH,Switzerland,inferred from domain,Agriculture & Food,,inferred from description,,178.87 GB,178.87,,,,"Hartmann Bau GmbH is a construction company based in Borgentreich near Kassel, specializing in residential, commercial, agricultural, and civil engineering projects in the Paderborn, Höxter, and Kassel areas. With over 80 years of experience, the company emphasizes quality, timely completion, and customer satisfaction as the foundation for successful construction projects. They offer a comprehensive range of services from planning to key handover, ensuring adherence to high standards and legal requirements. Their team is equipped to handle diverse projects, including offices, housing, barns, and warehouses, tailored to clients' specific needs",2026-03-18,2026-03,stated by site,yes,,28239bd8-a606-45ef-86c0-1e2399ac547d,leak site,leak site,leak site,,,leak site,
DragonForce,Flexform,flexform.it,IT,Italy,inferred from domain,,,,,31.69 GB,31.69,,,,"Flexform SpA is an Italian company with its head office in Meda, Italy, at the centre of the furniture production district of La Brianza. Founded in 1959 by the Galimberti brothers, the company designs, produces and markets furniture and furnishing accessories for residential and public use",2026-03-18,2026-03,stated by site,yes,,829c5d9f-6e98-41fd-8ad2-71fa41097c81,leak site,leak site,,,,leak site,
DragonForce,Dynex/Rivett,dynextechnologies.com,,,,Energy & Utilities,,inferred from description,,62.8 GB,62.8,,,,"Dynex/Rivett Inc. specializes in high-pressure hydraulic components and systems, including piston pumps, power units, motors, and valves, designed for demanding applications. Their products are rated from 6000 psi to 20,000 psi and are utilized across various industries such as oil and gas, aerospace, and heavy lifting. With over 60 years of experience, Dynex offers both standard and custom hydraulic solutions to meet the specific needs of their clients. The company is committed to providing reliable and efficient hydraulic solutions for mobile and industrial machinery worldwide",2026-03-18,2026-03,stated by site,yes,,f6f5fb28-de88-4f94-8735-b1e63761fcf7,leak site,,leak site,,,leak site,
DragonForce,Conrad Capital Management,conradcapital.com,US,United States,stated in address/location,Professional Services,,inferred from description,,79.7 GB,79.7,Chat,,,"(including customers personal information and financial data) Conrad Capital Management (CCM) is an independent Registered Investment Advisory firm that provides personalized financial advice and investment counseling to individual and institutional investors across the United States. Established in 1998 by Donald E. Conrad, the firm specializes in complex financial services, including fixed income portfolio management, alternative investments, retirement planning, and customized portfolio management strategies. CCM's fiduciary duty ensures that they prioritize the best interests of their clients, fostering deep personal relationships through ongoing interactions. With a focus on risk management, CCM is committed to helping clients achieve their financial goals as soon as possible.",2026-03-18,2026-03,stated by site,yes,,43137bdf-5980-4ccc-b144-c703ea9169bd,leak site,leak site,leak site,,,leak site,
DragonForce,bestgraphics.net,bestgraphics.net,US,United States,stated in address/location,Retail & Wholesale,,web research,,56.13 GB,56.13,,,11-50,"Founded in 1977, Best Graphics Group offers a full range of equipment for printing, bookbinding, finishing, and packaging",2026-03-17,2026-03,stated by site,yes,,eb90fc30-a3f2-4abd-a4b7-353ede743bb2,leak site,leak site,web,,web,leak site,
DragonForce,phoenixlabs.com,phoenixlabs.com,US,United States,stated in address/location,Government,,inferred from description,,1776.24 GB,1776.24,,,,"Phoenix Environmental Laboratories specializes in high-quality analysis of soil, water, air, sediment, and solids, complying with EPA, state environmental protection agency, and health department requirements. The company serves a diverse clientele, including small businesses, large engineering firms, and state and federal agencies. They offer competitive pricing and standard turnaround times of 7 to 10 business days, as well as priority, expedited, and emergency response services. Phoenix strives to collaborate with consulting and municipal partners in an effort to create a cleaner and safer environment.",2026-03-13,2026-03,stated by site,yes,,14eb8a86-549b-48c9-b18e-1efaaad4c079,leak site,leak site,leak site,,,leak site,
DragonForce,hazeldenes.com.au,hazeldenes.com.au,AU,Australia,inferred from domain,Agriculture & Food,,inferred from description,,84.8 GB,84.8,,Personal data (PII); Employee / HR; Corporate / confidential; Financial / accounting,1001-5000,Hazeldenes is a family-owned chicken farm that has been supplying high-quality Australian chicken since 1938.,2026-03-11,2026-03,stated by site,yes,,a5feaa9f-4cea-430d-8734-56905ba21607,leak site,leak site,leak site,,web,leak site,web
DragonForce,tazzetti.com,tazzetti.com,IT,Italy,stated in address/location,Mining & Materials,,inferred from description,97000000,16.05 GB,16.05,,,75,"TAZZETTI - Special fluids and environmental services: Your international partner in refrigerants, specialty gases, hydrodynamic systems, gaseous waste treatment, chemical and environmental analysis, research, and technology development.",2026-03-10,2026-03,stated by site,yes,,42584b0f-4637-4d04-9366-03340cffbfc7,leak site,leak site,leak site,web estimate,web estimate,leak site,
DragonForce,maa-architects.com,maa-architects.com,GB,United Kingdom,stated in address/location,Engineering & Architecture,,inferred from description,,236.61 GB,236.61,,,11-50,"Matthew Allchurch Architects (MAA) specializes in high-quality architectural solutions across a range of sectors, including residential, commercial, office, coworking, and light industrial buildings.",2026-03-10,2026-03,stated by site,yes,,da89a678-c23c-48a2-b005-d878a50a2bda,leak site,leak site,leak site,,web,leak site,
DragonForce,Northern Family Farms,northernfamilyfarms.com,US,United States,stated in address/location,Retail & Wholesale,,inferred from description,,29.43 GB,29.43,,,,"Northern Family Farms, located in Merrillan, WI, has been a trusted wholesale supplier of Christmas trees and nursery plants since 1955. They offer a variety of products including Fraser Fir, Balsam Fir, White Pine, and numerous types of nursery plants such as fruits, topiaries, and shrubs. The company serves distributors and businesses across the country, ensuring top-quality plants for retail and landscaping needs. With a commitment to customer satisfaction, they invite potential clients to tour their facilities in West Central Wisconsin.",2026-03-07,2026-03,stated by site,yes,,2f133f2f-3a52-4efa-8bd9-42fadf0d63d6,leak site,leak site,leak site,,,leak site,
DragonForce,Graham County Electric Cooperative,gce.coop,US,United States,stated in address/location,Energy & Utilities,,inferred from description,,165.82 GB,165.82,,,,Graham County Electric is committed to provide members with affordable cost effective energy solutions.,2026-03-06,2026-03,stated by site,yes,,8fd986b3-a624-47a9-8699-8a25b8a175f2,leak site,leak site,leak site,,,leak site,
DragonForce,Advanced Rehabilitation Technology,artcoatingtech.com,US,United States,stated in address/location,Government,,inferred from description,,126.12 GB,126.12,,,,"Advanced Rehabilitation Technology (ART) specializes in state-of-the-art no-dig technology solutions aimed at protecting and extending the life of critical infrastructure. The company offers innovative products and services for the rehabilitation of water and wastewater structures, including manholes, stormwater culverts, and potable water systems. ART's solutions are designed to be cost-effective and long-lasting, addressing issues such as corrosion and structural integrity while ensuring compliance with health standards. Their intended clients include municipalities and industries seeking to maintain and enhance their infrastructure without the need for extensive excavation",2026-03-06,2026-03,stated by site,yes,,f4f816cb-3775-4e04-9b57-adc716231dbb,leak site,leak site,leak site,,,leak site,
DragonForce,The Delventhal Company,thedelventhalco.com,US,United States,stated in address/location,Construction,,inferred from description,,101.25 GB,101.25,,,,"The Delventhal Company offers a wide range of construction and management services including general contracting, construction management, design-build, and real estate services. They cater to industries such as healthcare, financial, commercial/retail, education, and industrial, providing personalized solutions to meet unique client needs. Their commitment to quality and service is evident in their extensive portfolio of successful projects across various sectors. The company prides itself on being dependable, flexible, and credible, aiming to empower clients throughout the construction process",2026-03-06,2026-03,stated by site,yes,,c5f5dff0-ec33-40e4-b412-cb3fe1774967,leak site,leak site,leak site,,,leak site,
DragonForce,C.A. LINDMAN Inc.,calindman.com,US,United States,stated in address/location,,,,,219.93 GB,219.93,,,,"Numerous data items, including financial and project details, were leaked from servers located at the company's headquarters in Florida, Maryland, and North Carolina. C.A. Lindman, Inc., founded in 1990, has grown from a small restoration company with less than 10 employees, into one of the top 20 national firms specializing in exterior concrete and masonry repairs over the last 30 years. The founders, Rob Pusheck and Jeff Procter, have kept Lindman focused on meeting all of their clients’ needs and expectations. The “Lindman Difference” is the company’s motto and delivering this superior service is the company-wide goal every day.",2026-03-06,2026-03,stated by site,yes,,d9ea51a7-c164-45be-a61a-42bcc2337168,leak site,leak site,,,,leak site,
DragonForce,ICS Electrical Services,icselectricalservices.com,US,United States,stated in address/location,,,,,86.15 GB,86.15,,,,"ICS Electrical Services is a Cincinnati based electrical contracting company that has been specializing in complex industrial installations since 1997. We provide a unique approach to the many facets of the industrial market that set us apart from the rest. Our services include full service electrical installations, outage and startup support, PLC system upgrades, instrumentation installation & Calibration, electrical design-build, UL Listed control panel assembly, automation & programming, and maintenance & repairs.",2026-03-06,2026-03,stated by site,yes,,88339e7d-bc4e-42e1-9245-880c41d297ca,leak site,leak site,,,,leak site,
DragonForce,A C Scott Electric,acscottelectric.com,US,United States,stated in address/location,Construction,,web research,,24.52 GB,24.52,,,9,"A.C. Scott Electric Company was established in 1967 by Dexter C. Ricker and Frederik C. Nielsen as a partnership. On May 14, 1968 the company succeeded to incorporate. With the resignation of Dexter C. Ricker in 1984, Frederik C. Nielsen and his wife, Maiken Nielsen obtained 100% ownership of the corporation. From this point forward, A.C. Scott Electric Co., Inc. was operated as a ""family-owned"" small business enterprise in the State of New Jersey. Frederik and Maiken retired from the day to day operation of the corporation in 1999, relinquishing ownership and operational control to their son, Michael C. Nielsen.",2026-03-06,2026-03,stated by site,yes,,f6241c85-a021-430e-bf37-4ff37c7d1025,leak site,leak site,web,,web estimate,leak site,
DragonForce,salfordcc.ac.uk,salfordcc.ac.uk,GB,United Kingdom,stated in address/location,Education,,inferred from description,,275.86 GB,275.86,,,1246,Salford City College is one of the largest further education providers in Greater Manchester. It was established in 2009 following a merger between several predecessor colleges.,2026-03-06,2026-03,stated by site,yes,,0cdb3d55-953a-4378-8702-8a5c5d8ce98b,leak site,leak site,leak site,,web estimate,leak site,
DragonForce,"R&C Fence, Inc.",randcfence.com,US,United States,stated in address/location,Manufacturing,,inferred from description,,66.1 GB,66.1,,,17,"R&C Fence, Inc. is a locally owned and operated company that has been providing custom-built fence installation services for both commercial and residential clients since 1970. With an in-house fabrication shop, they are equipped to handle complex fencing projects while ensuring high quality and service excellence. Their experienced staff offers guidance on various fencing materials and installation solutions tailored to client needs. They serve the Fort Wayne area and surrounding regions, including South Bend, Auburn, and Warsaw",2026-03-06,2026-03,stated by site,yes,,5f1b0fc5-f63e-455d-945f-62600ce2b103,leak site,leak site,leak site,,web estimate,leak site,
DragonForce,Pantomath Group,pantomathgroup.com,IN,India,stated in address/location,Financial Services,,inferred from description,,132.72 GB,132.72,,,,"Pantomath is a mid-market investment bank that offers a range of financial services including investment banking, corporate advisory, asset management, and structured finance. The company serves mid-market businesses, family offices, and leading investors, leveraging a global network across 12+ countries. With a strong track record of over 100 fund-raising transactions and a vast investor network, Pantomath is committed to providing innovative solutions tailored to the needs of its clients. The firm emphasizes ethical practices, refusing to engage with businesses that involve cruelty or animal killing.",2026-03-04,2026-03,stated by site,yes,,837baa36-cfa2-48f1-bb0a-b5e6be472df7,leak site,leak site,leak site,,,leak site,
DragonForce,Environmental Air,env-air.net,US,United States,stated in address/location,Healthcare,,inferred from description,,15.68 GB,15.68,,,,"Environmental Air, Inc. has been a trusted provider of Sheet Metal Fabrication, Custom Ductwork Fittings, Welding, and HVAC Installation services for over 40 years in Pittsburgh and Western Pennsylvania. They specialize in product design, fabrication, installation, and testing, catering to various sectors, including hospitals, institutional buildings, and retail spaces. The company prides itself on its experience, quality, and value. Their facility is equipped to handle immediate project fabrication and delivery needs",2026-03-04,2026-03,stated by site,yes,,ebf6297c-a24f-49a2-978b-707ddca6585b,leak site,leak site,leak site,,,leak site,
DragonForce,AHMED MUBARAK DEBT COLLECTION,amdc.ae,AE,United Arab Emirates,stated in address/location,Government,,inferred from description,,115.58 GB,115.58,,,,"With over 14 years of experience, Ahmed Mubarak Debt Collection (AMDC) is licensed by the Government of Sharjah as “Debt Collectors” for consumer & commercial debts. We specialize in the recovery of bad debts with a strong sense of sustaining the client’s relationships. Remedial management is our forte, and we have helped our clients keep and further develop the existing relationship with their consumers. Contrary to what people may think, the art of collections is more than just asking for money. It is about knowing who you are speaking to before you pick up the phone. Knowing their financials, assessing their credit, locating assets, and using a range of psychological techniques to engage on an individual basis. With sophisticated world class practices, the AMDC team is well versed in the relevant laws & regulations to maximize results. Relevant case law that pertains to whatever the situation dictates. AMDC uses this information to support its collection efforts and educate the debtor as to why, based on their legal responsibility, it is in their best interest to pay. The law, when it is on your side, is the best advantage you can have.",2026-03-04,2026-03,stated by site,yes,,844e4768-0653-47c0-8d3b-5bd70452ca81,leak site,leak site,leak site,,,leak site,
DragonForce,Öztekin Group,oztekingroup.com,TR,Turkey,stated in address/location,Construction,,inferred from description,,22.82 GB,22.82,,,,"Öztekin Group specializes in project design and construction of industrial, residential, and commercial buildings. The company emphasizes commitment to promises, respect for project integrity, and adherence to universal standards. Their approach is guided by a dedication to excellent engineering and coordination, aiming to transform visions into reality. They serve clients seeking reliable construction solutions in various sectors.",2026-03-04,2026-03,stated by site,yes,,fd825361-af2f-46e5-8541-21763f33eae9,leak site,leak site,leak site,,,leak site,
DragonForce,Tenteks Tente,tenteks.com.tr,TR,Turkey,stated in address/location,Hospitality & Travel,,inferred from description,,14.89 GB,14.89,,,,"Tenteks specializes in high-quality awning and shading systems, offering a wide range of models suitable for various applications. The company provides solutions such as bioclimatic pergolas, motorized systems, and other bespoke designs, catering to the needs of both residential and commercial clients. Their products are designed to enhance comfort and aesthetic appeal, making them ideal for hotels, restaurants, pools, balconies, and patios. Operating since 1989, Tenteks is recognized for its durable offerings that comply with European standards, ensuring client satisfaction across multiple countries.",2026-03-04,2026-03,stated by site,yes,,087abc8c-c252-4bed-afce-b6fc1e03a699,leak site,leak site,leak site,,,leak site,
DragonForce,NEW GENERATION MEDIA,ngmedia.com.tr,TR,Turkey,inferred from domain,Media & Entertainment,,inferred from description,,31.1 GB,31.1,,,,"NGM is a new generation media and production company founded on the understanding that producing content for the television industry is 'not just a commercial activity, but also a social responsibility'. NGM, having produced many successful projects in a short time , has found its place in the global market with the content it produces, and its series are broadcast on leading TV channels all over the world. NGM's vision, blended with the founders' more than twenty years of experience in their respective fields , continues to produce original content for Turkish and international television.",2026-03-04,2026-03,stated by site,yes,,fc8ac41b-3d0d-4b19-95ba-424a9dfbdaa1,leak site,leak site,leak site,,,leak site,
DragonForce,Lincoln Green Brewing,lincolngreenbrewing.co.uk,GB,United Kingdom,stated in address/location,Hospitality & Travel,,inferred from description,,324.96 GB,324.96,,,,"Lincoln Green Brewing Company Ltd. specializes in crafting a wide range of beers, including core, occasional, and special brews, available for online purchase. Their offerings also include cases of bottles, cans, mini-kegs, and thoughtful gifting options for beer enthusiasts. The company aims to serve customers through free delivery on orders over £55 within the UK and encourages collection from their various pubs. Additionally, Lincoln Green emphasizes quality and offers insights into their brewing philosophy and process, catering both to individual consumers and businesses",2026-03-04,2026-03,stated by site,yes,,dc31d2da-c2e5-4ead-8163-7ba3aea164fe,leak site,leak site,leak site,,,leak site,
DragonForce,Bravo Electro Components,bravoelectro.com,US,United States,stated in address/location,Healthcare,,inferred from description,,112.94 GB,112.94,,,,"Bravo Electro specializes in providing a wide range of power supplies, including AC/DC converters, medical power supplies, and modular power solutions. They also offer various fan products, including DC and AC fans, along with components for custom power solutions. Their target clients include engineers, purchasing agents, and technicians looking for reliable power solutions and expert design support. With a commitment to customer service and competitive pricing, Bravo Electro aims to empower designs with exceptional service and technical expertise",2026-03-04,2026-03,stated by site,yes,,8d6fde8f-40c0-43b3-a461-38709529f4a5,leak site,leak site,leak site,,,leak site,
DragonForce,Minogue Associates,minogueassociates.com,US,United States,stated in address/location,Education,,inferred from description,,21.41 GB,21.41,Chat,,,"Minogue Associates, Inc. specializes in comprehensive construction valuation reports and estimates for both commercial and residential properties, as well as consulting services for construction litigation. Established in 1973, the company has extensive experience in damage assessment and estimating services for a wide range of structures, including high-rise buildings, hotels, and schools. Their clients include property owners and insurance companies seeking expert appraisal and dispute resolution services. With a reputation for professionalism and integrity, Minogue Associates handles high-profile assignments involving significant financial exposures.",2026-03-03,2026-03,stated by site,yes,,c463def4-0ffb-4045-baad-cb1f75c26876,leak site,leak site,leak site,,,leak site,
DragonForce,Lawrence Journal - World,ljworld.com,US,United States,stated in address/location,Education,,inferred from description,,110.62 GB,110.62,,,,"Lawrence Journal-World is a news organization based in Lawrence, Kansas, providing coverage on diverse topics including news, sports, opinion, and community events. The publication offers a platform for local announcements, classified ads, and job listings, catering primarily to residents and the surrounding community. It also features educational insights and updates relevant to local schools and government activities. Target clients include local residents, businesses, and those interested in Lawrence's happenings.",2026-03-03,2026-03,stated by site,yes,,06160a3d-a88b-4896-a565-32391867f203,leak site,leak site,leak site,,,leak site,
DragonForce,Encompass,encompass-inc.com,,,,Manufacturing,,inferred from description,,244.78 GB,244.78,,,,"Founded in 2001 and headquartered in Clarksville, Virginia, Encompass Solutions is a preferred Epicor partner and Value-Added Re-seller (VAR), that delivers mission-critical ERP software solutions, custom development services, and process improvements for businesses in manufacturing industries. The company prides themselves on being expert business consultants, software implementation specialists, and managed services providers.",2026-03-03,2026-03,stated by site,yes,,61e8d563-1b2b-423f-add3-1b967492af86,leak site,,leak site,,,leak site,
DragonForce,importservices.co.uk,importservices.co.uk,GB,United Kingdom,stated in address/location,Transportation & Logistics,,inferred from description,,477.23 GB,477.23,,,,"Import Services Ltd (importservices.co.uk) is a Southampton-based UK logistics company specializing in retail supply chain services, contract warehousing, freight forwarding, order fulfillment, and port-centric distribution for imports and domestic operations. breched with love 3",2026-03-02,2026-03,stated by site,yes,,6771fef6-0664-49f3-b855-164749d0b14a,leak site,leak site,leak site,,,leak site,
DragonForce,TIW Group,tiw-group.com,,,,Construction,,inferred from description,,236.94 GB,236.94,,,,"TIW Group consists of two related contracting entities: Tidewater Interior Wall and Ceiling, Inc. and Mid-Atlantic Painting, Inc., offering Class-A drywall and painting services since 1998 and 2002 respectively. They cater to builders and general contractors, providing high-quality, efficient, and timely residential and commercial services. With a strong focus on customer service and a well-seasoned staff, TIW Group ensures excellence in every project with a combination of drywall and painting applications.",2026-03-02,2026-03,stated by site,yes,,ad791ae8-a535-4582-b77f-5911bb010de0,leak site,,leak site,,,leak site,
DragonForce,fgv.br,fgv.br,BR,Brazil,inferred from domain,Education,,inferred from description,,1673.94 GB,1673.94,,,,"Fundação Getulio Vargas (FGV) is a prestigious educational institution in Brazil, offering a wide range of programs including undergraduate, MBA, master's, and doctoral courses. It serves students, professionals, and organizations, focusing on developing leadership and providing high-quality education. FGV also engages in research and provides technical assistance to both public and private sectors, contributing to national and international debates. Additionally, FGV promotes cultural initiatives and publishes academic works to enhance education and research in the country.",2026-03-02,2026-03,stated by site,yes,,4941a871-b19a-4537-b056-e648e3706004,leak site,leak site,leak site,,,leak site,
DragonForce,Aegis Project Controls,consultaegis.com,US,United States,web research,Construction,,inferred from description,14500000,228.99 GB,228.99,,,179,"Aegis Project Controls is a construction company providing 4d scheduling, training, and construction scheduling services. 214GB of files, projects, and documents that threaten US national security. These include projects on military-critical facilities (Space Fence, Nitrocellulose Facility, etc.), biosecurity laboratories (USAMRIID), critical infrastructure facilities, and others. We know you didn't contact the FBI after the attack on your infrastructure, but now the FBI will come to you. We advise you to contact us immediately; your IT department knows how. You have 15 days before this data is made public. Dear David J. Hatwell (+1 269-673-8962, +1 360-918-3187, +1 240-331-0437), we promise you public shame and the destruction of your company if you don't pay. Time has begun.",2026-02-28,2026-02,stated by site,yes,,35757642-d38d-4eb3-9616-966e5fc7713b,leak site,web estimate,leak site,web estimate,web estimate,leak site,
DragonForce,Huffman Insurance Agency,huffmaninsurancegroup.com,US,United States,stated in address/location,Insurance,,inferred from description,,10.9 GB,10.9,,,11-50,"Huffman Insurance Agency was founded in 1975 and operates in the Richlands, Virginia area with an office in Ashland, Kentucky. Huffman represents a strong network of Independent Agents offering home, car, and business insurance",2026-02-27,2026-02,stated by site,yes,,620f6390-ff67-46a5-b85c-05fcb65766ba,leak site,leak site,leak site,,web,leak site,
DragonForce,Audexia group,volkswagen-group-retail-france.fr,FR,France,inferred from domain,Automotive,,inferred from description,,226.38 GB,226.38,,,,"Audexia Bourges - Volkswagen is a dealership known for its strong customer service and expertise in the automotive field. Located in Saint-Doulchard, France, it has garnered positive reviews for its friendly staff and professional guidance throughout the car buying process. Customers appreciate the attentive service they receive, making their experiences memorable and satisfying.",2026-02-27,2026-02,stated by site,yes,,19207784-32cf-407d-ac07-8b464ecc197f,leak site,leak site,leak site,,,leak site,
DragonForce,Middlesex Transporters,middlesextransporters.com,US,United States,stated in address/location,Healthcare,,inferred from description,,88.96 GB,88.96,,,,"Middlesex Transporters LLC specializes in non-emergency medical transportation services aimed at providing cost-effective solutions for patients with healthcare needs in Massachusetts. Their mission focuses on delivering fast, reliable, and comfortable transportation to healthcare appointments, ultimately enhancing community access to medical services. The company serves various locations, including the Merrimack Valley Area, Worcester Area, and Metro Boston, ensuring clients reach their destinations for medical appointments and community resources. With a commitment to improving quality of life through transportation, they are dedicated to helping individuals overcome barriers in accessing healthcare.",2026-02-24,2026-02,stated by site,yes,,2e963f7c-7db8-4761-a258-1d3a78c0b543,leak site,leak site,leak site,,,leak site,
DragonForce,Hudson Awning,hudsonawning.com,US,United States,stated in address/location,Construction,,inferred from description,3394259,122.85 GB,122.85,,,30,"Hudson Awning has been providing exceptional products and services since 1881, specializing in a wide variety of awnings, including fabric awnings, metal canopies, and custom projects. Their products are designed to be durable and high-quality, catering to both architects and contractors. Notable clients include major brands such as Netflix, HBO, Amazon, and Ralph Lauren. The company is dedicated to discussing and fulfilling specific project needs for their clients.",2026-02-24,2026-02,stated by site,yes,,2aa8b028-7f3f-4583-8d29-8e721e122aa2,leak site,leak site,leak site,web estimate,web estimate,leak site,
DragonForce,Zelenkofske Axelrod,zallc.org,US,United States,web research,Financial Services,,inferred from description,,256.79 GB,256.79,,,51-200,"Zelenkofske Axelrod, LLC (ZA) is a regional CPA firm based in Pennsylvania, with multiple offices providing auditing, accounting consulting, and tax services primarily to non-profit and governmental entities. The firm prides itself on its hands-on approach and deep specialization in the governmental sector, serving clients of all sizes with tailored solutions.",2026-02-23,2026-02,stated by site,yes,,6d6a1271-80b5-43d4-82fe-fefebc089d5c,leak site,web,leak site,,web,leak site,
DragonForce,Salvatori Group of Companies,salvatori.com,GB,United Kingdom,stated in address/location,Transportation & Logistics,,inferred from description,,284.75 GB,284.75,,,51-200,"Salvatori Group is a leading provider of transport and distribution services in Kent, specializing in UK and European logistics. They offer a comprehensive range of services including express freight delivery, full load transport, pallet distribution, customs clearance, and storage solutions. Their dedicated fleet and membership in Europe's largest pallet network ensure reliable service and full visibility for clients. The company prides itself on customer care, maintaining high standards of service and communication",2026-02-21,2026-02,stated by site,yes,,61e30c7a-4903-4fd5-9fb4-8e72c0e2c4c3,leak site,leak site,leak site,,web,leak site,
DragonForce,cepezed.nl,cepezedinterieur.nl,NL,Netherlands,stated in address/location,Engineering & Architecture,,inferred from description,,2.81 GB,2.81,,,,"cepezed is an award-winning spatial design firm. Its projects address challenges in urban planning, industry, interior design, and, especially, architecture. cepezed embodies knowledge, craftsmanship, and an inspiring, pragmatic approach.",2026-02-19,2026-02,stated by site,yes,,73e5ac95-268f-4b23-8a30-5358b7fd1224,leak site,leak site,leak site,,,leak site,
DragonForce,fivestates.com,fivestates.com,US,United States,stated in address/location,Financial Services,,inferred from description,,68.81 GB,68.81,,,11-50,"Five States Energy is a private investment firm based in Dallas, Texas, with over 30 years of experience in the energy sector. The company specializes in acquiring producing oil and natural gas properties, primarily focusing on independent, onshore operators and working interest owners across various regions in the U.S. Recently",2026-02-19,2026-02,stated by site,yes,,63e732ab-4cc9-47c7-8f0a-7ee856dcaef3,leak site,leak site,leak site,,web,leak site,
DragonForce,CCR Solutions,ccrsolutions.com,CA,Canada,stated in address/location,Hospitality & Travel,,inferred from description,41000000,925.32 GB,925.32,,,,"Here is porn with the CEO of the company and his naked photos. CCR Solutions is a diverse and talented group of problem solvers, imaginative thinkers and caring people united in our passion for technology and hospitality. We are devoted to assisting companies and individuals in telling their stories, educating others, inspiring change, celebrating, and shaping the future. We value teamwork, relationships, and commitment to excellence. At CCR Solutions, it's all about people. Yours and ours. Combined we can create memorable events and experiences. With offices throughout North America, CCR Solutions is a privately owned company that has been in business since 1995. We remain true to our core values of Passion, Integrity, Accountability and Safety. Extensive training and ongoing development guarantee our team is at the forefront of the latest staging, audio-visual and computer technology trends. Ensuring this experience and knowledge is used to support you. We pride ourselves in diversity of thought, and a can-do attitude combined with creativity",2026-02-18,2026-02,stated by site,yes,,654e90d7-78a4-4471-9b4e-1abb11bdb886,leak site,leak site,leak site,web estimate,,leak site,
DragonForce,hh2home.com,hh2home.com,US,United States,stated in address/location,Retail & Wholesale,,inferred from description,,238.51 GB,238.51,,,,"For 30 years, we have been the preferred wholesale partner for many of your favorite retailers. During this time, we have continued to develop our passion for innovation and creating quality furniture designed to inspire. We believe that real life is beautiful, and nowhere is this more evident than in our homes.",2026-02-16,2026-02,stated by site,yes,,137feb32-c0e7-4c54-af29-5752b7c5a41b,leak site,leak site,leak site,,,leak site,
DragonForce,mapsweb.com,mapsweb.com,,,,,,,,14.75 GB,14.75,,,,"Modern Advanced Print Solutions (MAPS, Inc.) is a leading independent corporation located in Leavenworth, Kansas, specializing in a wide range of products for document management and office systems. The company offers innovative print management, asset lifecycle management, and other professional services designed to improve business efficiency.",2026-02-16,2026-02,stated by site,yes,,2824472f-f90e-4d10-99e1-d39c02a6438a,leak site,,,,,leak site,
DragonForce,traceenv.com,traceenv.com,,,,Energy & Utilities,,inferred from description,,3.28 GB,3.28,,,,"Trace Environmental Systems Inc. is an innovative organization specializing in providing continuous stack emission monitoring systems and data collection solutions that ensure regulatory compliance.The company serves a variety of industries, including ethanol production, power generation, chemical manufacturing, waste-to-energy, wastewater incineration, cogeneration/recovery/university facilities, and refineries.",2026-02-16,2026-02,stated by site,yes,,f9fde2c7-00dc-44e5-9096-5b2943c6e395,leak site,,leak site,,,leak site,
DragonForce,wiproferretto.com,wiproferretto.com,IT,Italy,web research,Manufacturing,,inferred from description,103400000,324.08 GB,324.08,,,118,"Wipro Ferretto Group Srl develops and manufactures material handling and storage solutions for various industries.Its product range includes automated warehouses, warehouse management software, and a wide range of services such as after-sales support and consulting.",2026-02-16,2026-02,stated by site,yes,,2e34ddb0-f34d-4565-bd63-ba3dc3c85282,leak site,web estimate,leak site,web estimate,web estimate,leak site,
DragonForce,Bigso,bigso.com,SE,Sweden,stated in address/location,Manufacturing,,inferred from description,,108.41 GB,108.41,,,,"Bigso Box, established in 1963, specializes in premium storage and packaging solutions that are both sustainable and stylish. Their product range includes customizable storage boxes and luxury packaging options designed for homes, offices, and retailers. The company prides itself on its commitment to quality, innovation, and customer service, ensuring efficient and elegant organization solutions. With a focus on eco-friendly materials and manufacturing processes, Bigso Box serves clients looking for functional yet decorative storage solutions.",2026-02-15,2026-02,stated by site,yes,,018d4be8-8727-415e-80b8-81ae696d4a22,leak site,leak site,leak site,,,leak site,
DragonForce,Betesan,betesan.com,,,,Energy & Utilities,,inferred from description,,631.38 GB,631.38,,,,"Betesan is a leading engineering company established in 1992 in Tuzla, specializing in ship electrical contracting and supply of electrical materials. The company offers innovative and high-quality solutions in ship power and automation systems, electrical panels, and control consoles, catering to the maritime and industrial sectors. Betesan also provides tailored solutions for military maritime needs, energy transmission, and processing industries, ensuring reliability and efficiency. With over 30 years of experience, Betesan serves a diverse clientele, including ship owners and operators, industrial facilities, and military forces.",2026-02-13,2026-02,stated by site,yes,,29c4e797-5fdf-45e5-9511-664bba4ba74e,leak site,,leak site,,,leak site,
DragonForce,Yem Chio Co,ycgroup.tw,TW,Taiwan,stated in address/location,,,,,492.67 GB,492.67,,,,"Yem Chio Co., Ltd. was founded in 1978 by Mr. Chih Hsien Lee who is the current President and CEO. Although our business was started with low capital and easy equipment, but it was with a broad vision and worldview. Since its early development in 1984, Yem Chio Group has now become a total capital up to US$ 850 million multinational corporations.",2026-02-13,2026-02,stated by site,yes,,f5bb2827-ae00-4824-84f5-d59cad49030e,leak site,leak site,,,,leak site,
DragonForce,Shining Labels,shininglabels.com,HK,Hong Kong,stated in address/location,Manufacturing,,inferred from description,,466.17 GB,466.17,,,,"Shining Labels specializes in high-quality apparel accessories, including reusable face masks made from breathable 100% polyester fabric. The company integrates eco-friendly practices by utilizing recycled yarn in its production processes. Their products are aimed at environmentally conscious consumers and industries looking for sustainable labeling solutions. Shining Labels' manufacturing facilities in Hong Kong and China are certified with Oeko-Tex, Bluesign, and HIGG Index, ensuring compliance with strict environmental standards",2026-02-13,2026-02,stated by site,yes,,b2a0613f-bea4-43f0-adb8-459d230b7aa0,leak site,leak site,leak site,,,leak site,
DragonForce,SPIR STAR Asia,spirstarasia.com,DE,Germany,stated in address/location,Manufacturing,,inferred from description,,37.02 GB,37.02,,,,"Headquartered in Mörlenbach, Germany, SPIR STAR designs and manufactures a wide range of thermoplastic high pressure hoses for working pressures up to 3200 bar (46400 psi). The production of high pressure hoses was started in 1981 by PAPUREX in Mörlenbach with SPIR STAR being the brand name of the product. In 1989 SPIR STAR Druckschläuche GmbH was founded by the owners of PAPUREX. In 1991 SPIR STAR France S.A.R.L in Haguenau/France and in 1995 SPIR STAR Inc. in Houston/Texas were founded in order to promote SPIR STAR's products and develop the market. In 1999 SPIR STAR Asia in Singapore was founded. SPIR STAR hoses are constructed with spiral layers of specially treated, highly tensile steel wire. The inner core is made of Polyoxymethylene (POM) or Polyamide (PA) while the outer cover is either of Polyamide or Polyurethane (PUR).",2026-02-13,2026-02,stated by site,yes,,9d9b3d37-4554-484a-80b7-50a11298e6b0,leak site,leak site,leak site,,,leak site,
DragonForce,MAIRIE DE FUMEL,mairiedefumel.fr,FR,France,inferred from domain,Financial Services,,inferred from description,,401.48 GB,401.48,,,,"Fumel is a commune in the Lot-et-Garonne department in south-western France. Situated at the right bank of the river Lot, it is the centre of a small agglomeration which consists of 7 communes, including Monsempron-Libos and Montayral. In 1438, during the Hundred Years' War, it was pillaged by Rodrigo de Villandrando",2026-02-13,2026-02,stated by site,yes,,a8638981-1276-4348-9fc5-f7a534869de2,leak site,leak site,leak site,,,leak site,
DragonForce,Elite Screens Inc.,elitescreens.com,US,United States,stated in address/location,Retail & Wholesale,,inferred from description,,28.19 GB,28.19,,,,"Founded in 2004, Elite Screens Inc. is a US-based projection screen manufacturing company with its world headquarters in California and satellite offices in Australia, China, France, Germany, India, Latvia, Mexico, Japan, and Taiwan. Elite is a certified professional manufacturer of projection screens that specializes in producing retail, commercial and custom integrator sales channels. Elite Screens products are available through authorized distributors, re sellers, retailers and system integrator worldwide.",2026-02-13,2026-02,stated by site,yes,,47cf6589-524d-47c0-9e4a-4167cdb43d2e,leak site,leak site,leak site,,,leak site,
DragonForce,Empire Express,empireexpress.com,US,United States,stated in address/location,Transportation & Logistics,,inferred from description,,100.65 GB,100.65,,,,"Empire Express, Inc. provides trucking transportation services. The company offers transports clothing and apparel, air cargo, home and office products, packaging and containers, retail, electronics, cotton, and general commodities. Empire Express operates in the United States.",2026-02-12,2026-02,stated by site,yes,,42c7b8e9-46d9-435b-8b9f-eaa559b54d73,leak site,leak site,leak site,,,leak site,
DragonForce,Atlantic Refinishing & Restoration,atlanticrr.com,US,United States,stated in address/location,,,,,244.85 GB,244.85,,,,"The data leaked from the company's servers includes all project work(Exp. PENTAGON), employee information, confidential company agreements and etc. In particular, all data related to the renovation work carried out at the Pentagon has been leaked in its entirety.",2026-02-11,2026-02,stated by site,yes,,379c0612-a31d-45ff-9918-979583b42701,leak site,leak site,,,,leak site,
DragonForce,"R.J. Zavoral & Sons, Inc.",rjzavoral.com,US,United States,stated in address/location,Construction,,inferred from description,,111.43 GB,111.43,,,,"Established in 1951, R.J. Zavoral and Sons, Inc. is a leading earth moving and construction services contractor based in East Grand Forks, MN, specializing in asphalt paving, road and rail construction, site work, and underground utilities. The company serves clients across the Red River Valley, including municipalities, private businesses, and industries, providing solutions for flood mitigation and environmental site management. With a commitment to quality and family values, R.J. Zavoral and Sons employs innovative technologies to ensure efficient project execution and customer satisfaction. Their extensive experience in construction has allowed them to build strong relationships with various clients, further solidifying their reputation in the industry",2026-02-11,2026-02,stated by site,yes,,e5469bc2-4711-4aa5-a1e6-0ff279a0734b,leak site,leak site,leak site,,,leak site,
DragonForce,adelphi.uk.com,adelphi.uk.com,GB,United Kingdom,stated in address/location,,,,,491.63 GB,491.63,,,,The Adelphi Group supplies a wide range of packaging and processing equipment for various industries.,2026-02-11,2026-02,stated by site,yes,,0157607d-e39c-4cf6-90f1-ef593096b366,leak site,leak site,,,,leak site,
DragonForce,Esposito Bros. Construction Ltd,espositobros.com,CA,Canada,stated in address/location,Construction,,inferred from description,,55.03 GB,55.03,,,,"Esposito Bros. Construction Ltd. is a leading construction company based in Bolton, Ontario, recognized as one of the top bridge contractors. With over four decades of experience, the firm specializes in managing complex projects involving bridges, roads, demolition, and underground infrastructure. Their commitment to safety and innovation ensures that they provide exceptional construction services while fostering a collaborative work environment. Targeting a diverse clientele, they deliver groundbreaking solutions while maintaining a strong focus on environmental sensitivity and community engagement.",2026-02-06,2026-02,stated by site,yes,,0c47ced9-95eb-41ac-8388-88b67778d657,leak site,leak site,leak site,,,leak site,
DragonForce,Platinum Drywall Inc,platinumdrywall.net,US,United States,stated in address/location,Construction,,inferred from description,,68.57 GB,68.57,,,,Platinum Drywall has been providing drywall and framing services to commercial construction companies since 2001. They specialize in metal framing and truss systems and acoustic applications for commercial projects. Their services include: Drywall Installation Acoustic Ceilings Insulation Wall Systems Fire and Soundproofing Joint Compound Finishing Tenant Improvements Metal Stud Framing Metal Roof Trusses Load-Bearing Metal Stud Systems Hollow Metal Door Frames Metal Support Drywall,2026-02-05,2026-02,stated by site,yes,,836f6ae1-7ea5-4212-9df9-4c6e7f823a96,leak site,leak site,leak site,,,leak site,
DragonForce,Wayco Inc,waycoinc.com,,,,Construction,,inferred from description,,56.46 GB,56.46,,,,"Wayco, Inc. is a family-owned company with over 50 years of experience providing full-service paving solutions in northeastern Pennsylvania. Their extensive offerings include asphalt paving, oil chipping, aggregate sales, concrete services, excavating, and utility site work. The company prides itself on its knowledgeable staff, including licensed engineers for project consultation, and is a PA State Certified Contractor with products approved by PennDOT. Wayco, Inc. caters to clients in need of paving and construction services, ensuring high-quality results through a dedicated team.",2026-02-05,2026-02,stated by site,yes,,2c740bbf-6650-422e-bee7-f04df28a3e92,leak site,,leak site,,,leak site,
DragonForce,Perpetuuiti,ptechnosoft.com,,,,Technology,,inferred from description,,"An initial analysis of the structure and names of the files revealed that the directory contains software source codes, configuration and installation files, backup copies of information systems, database structures and dumps, as well as financial, administrative, operational, and technical documentation related to the functioning of the organization's IT systems. However, the presence or absence of personal data, including contact telephone numbers, cannot be reliably confirmed without additional analysis of the contents of the backups and databases, which indicates a potential area of risk in the context of data protection and information security management requirements. Listing files = 145MB.",638.13,,,,"An initial analysis of the structure and names of the files revealed that the directory contains software source codes, configuration and installation files, backup copies of information systems, database structures and dumps, as well as financial, administrative, operational, and technical documentation related to the functioning of the organization's IT systems. However, the presence or absence of personal data, including contact telephone numbers, cannot be reliably confirmed without additional analysis of the contents of the backups and databases, which indicates a potential area of risk in the context of data protection and information security management requirements. Listing files = 145MB.",2026-02-05,2026-02,stated by site,yes,,143fe1cb-0391-4b13-8e04-2bcd514f463e,leak site,,leak site,,,leak site,
DragonForce,Heavy Motions Inc,heavymotions.com,US,United States,stated in address/location,Agriculture & Food,,inferred from description,,26.23 GB,26.23,,,,"Heavy Motions Inc. specializes in advanced hydraulic solutions that cater to various industries, including mobile trucks, construction, agriculture, and oil & gas. The company offers a wide range of high-performance hydraulic products, such as pumps, valves, and cylinders, designed to meet modern demands and future challenges. With a focus on innovation and reliability, Heavy Motions Inc. aims to power the machines that drive global progress. Their products are tailored for clients seeking efficient hydraulic components for their operations.",2026-02-05,2026-02,stated by site,yes,,8cd2902b-e56f-4b6f-91f0-4db888d55dcf,leak site,leak site,leak site,,,leak site,
DragonForce,Erickson Thorpe & Swainston,etsreno.com,US,United States,stated in address/location,Legal,,inferred from description,3000000,534.15 GB,534.15,,,,"The law firm of Erickson, Thorpe & Swainston was founded in 1969. Since then, the firm has effectively and successfully represented its clients in state and federal courts in Nevada and Northern California. As experienced trial and appellate attorneys, we vigorously defend our clients' interests while remaining committed to the highest legal ethics.",2026-02-02,2026-02,stated by site,yes,,ba05a922-3cf5-4f2c-968b-cc33e47349ac,leak site,leak site,leak site,web estimate,,leak site,
DragonForce,T & M Electric LLC,tmelectricinc.com,US,United States,stated in address/location,Construction,,inferred from description,9021637,34.51 GB,34.51,,,60,"T&M Electric LLC is a state certified full-service electrical contractor based in northeast Florida, specializing in residential and commercial electrical installations and services. They offer a range of services including new construction, electrical troubleshooting, panel upgrades, generator installations, and LED lighting upgrades. Their commitment to quality service, professionalism, and customer satisfaction distinguishes them in the electrical contracting industry. The company targets homeowners and businesses in northeast Florida, providing reliable and efficient solutions for all electrical needs",2026-01-27,2026-01,stated by site,yes,,92245a48-2640-47a9-a611-3f54f314fd9f,leak site,leak site,leak site,web estimate,web estimate,leak site,
DragonForce,Mullinax Ford,mullinaxford.com,US,United States,stated in address/location,Automotive,,inferred from description,953200000,316.38 GB,316.38,,Personal data (PII),501-1000,"Located in Apopka, FL, Mullinax Ford is proud to be one of the premier dealerships in the area. From the moment you walk into our showroom, you'll know our commitment to Customer Service is second to none. We strive to make your experience with Mullinax Ford a good one - for the life of your vehicle. Whether you need to Purchase, Finance, or Service a New or Pre-Owned Ford, you've come to the right place",2026-01-25,2026-01,stated by site,yes,,8ba838e1-c373-4384-b8f8-217a377b7066,leak site,leak site,leak site,web estimate,web,leak site,web
DragonForce,www.advancedcoolingtech.us,advancedcoolingtech.us,US,United States,stated in address/location,Healthcare,,inferred from description,,2.23 GB,2.23,,,,"Advanced Cooling Technologies, Inc is a leading provider of medical cooling solutions, specializing in the distribution of Airsys Medical Chillers in the USA. They offer a comprehensive range of services including replacement chiller sales, maintenance contracts, OEM parts, and technical support. With over 20 years of experience, ACT is recognized for delivering quality service and high availability chillers to hospitals, contractors, and industry peers.",2026-01-24,2026-01,stated by site,yes,,9ef107a0-9db8-4917-ad0a-dbdfd51668c0,leak site,leak site,leak site,,,leak site,
DragonForce,www.hansemerkurintl.com,hansemerkurintl.com,DE,Germany,stated in address/location,Insurance,,inferred from description,4011500000,104.01 GB,104.01,,Financial / accounting; Corporate / confidential,1847,"HanseMerkur, founded in 1875 and headquartered in Germany, is an insurance company specializing in health insurance and other insurance products. The company offers customized insurance solutions with a focus on quality service and competitive pricing.",2026-01-24,2026-01,stated by site,yes,,2f5a80ec-1f58-4876-8fb2-64da4dfbd2a6,leak site,leak site,leak site,web,web,leak site,web
DragonForce,Uinta Bank,uintabank.com,US,United States,stated in address/location,Financial Services,,inferred from description,8814000,206.51 GB,206.51,,,14,"Established in 1919, Uinta Bank is a community bank headquartered in Mountain View, Wyoming. Uinta Bank is proud to provide community banking to the individuals, families and businesses located in Uinta County, the Bridger Valley, and neighboring communities. Personal service has been a legacy passed from generation to generation in the communities Uinta Bank serves. As a community member, we continue to serve in civic leadership and philanthropic capacities. As a community bank, we continue to provide financial services in a manner consistent with the demands of our customers. To remain competitive, Uinta Bank has adapted to the changing needs of customers as well as the changing nature of the banking industry. However, as we change and grow, we continue to place emphasis on the following: Uinta Bank offers a wide range of products and services to meet the needs of the communities we serve. High-quality, personal customer service is offered at all levels of the organization",2026-01-22,2026-01,stated by site,yes,,61627972-2b73-484f-ae0d-b010ee8b9da5,leak site,leak site,leak site,web,web,leak site,
DragonForce,"SINBON Electronics Co., Ltd",sinbon.com,TW,Taiwan,stated in address/location,Manufacturing,,web research,980000000,"This is an updated notice. SINBON Electronics, a major Taiwanese maker of electronic components that works with companies like ASML Holding N.V. and trades under the ticker 3023.TW, has been hit by our attack. The breach hit both the headquarters and the U.S. office. We stayed in the network for several weeks, siphoning off a massive amount of company data, including information on senior managers and executives. Initially we prepared a leak package of roughly 650,000 files totaling about 840 GB. That bundle traditionally contains financial and accounting records, reports, client data, and personal information. In addition, the material includes documentation of the partnership with ASML Holding N.V., production paperwork, and actual records of defects and the company’s financial health. We warned that these files are only a fraction of what we have. We warned that if our threat wasn’t taken seriously, we would have been forced to increase the volume of data we published. We told senior management about it, but our words weren’t taken seriously enough. Now we’ve put together an expanded list of files for release. The total data size is now 1.55 TB. Besides the previously mentioned files, we’ve added a huge (about 740 GB) archive of email correspondence covering business and internal communications from offices in two countries. We’re reaching out to the company’s leadership once more to say we’re open to dialogue and to resolve this incident. We have already sent our contact details to the executives’ email addresses. Use those details to reach out to us so we can discuss how to keep the data from being released while your company continues to grow and thrive.",1706.95,,Corporate / confidential; Engineering / R&D / IP; Customer data,8254,"This is an updated notice. SINBON Electronics, a major Taiwanese maker of electronic components that works with companies like ASML Holding N.V. and trades under the ticker 3023.TW, has been hit by our attack. The breach hit both the headquarters and the U.S. office. We stayed in the network for several weeks, siphoning off a massive amount of company data, including information on senior managers and executives. Initially we prepared a leak package of roughly 650,000 files totaling about 840 GB. That bundle traditionally contains financial and accounting records, reports, client data, and personal information. In addition, the material includes documentation of the partnership with ASML Holding N.V., production paperwork, and actual records of defects and the company’s financial health. We warned that these files are only a fraction of what we have. We warned that if our threat wasn’t taken seriously, we would have been forced to increase the volume of data we published. We told senior management about it, but our words weren’t taken seriously enough. Now we’ve put together an expanded list of files for release. The total data size is now 1.55 TB. Besides the previously mentioned files, we’ve added a huge (about 740 GB) archive of email correspondence covering business and internal communications from offices in two countries. We’re reaching out to the company’s leadership once more to say we’re open to dialogue and to resolve this incident. We have already sent our contact details to the executives’ email addresses. Use those details to reach out to us so we can discuss how to keep the data from being released while your company continues to grow and thrive.",2026-01-17,2026-01,stated by site,yes,,a789f621-e9a1-46d6-afcb-1da852500d29,leak site,leak site,web,web,web,leak site,web
DragonForce,JR Advertising Specialties,jradspec.com,US,United States,stated in address/location,Professional Services,,inferred from description,,108.28 GB,108.28,,,1-10,"JR Advertising Specialties Inc specializes in promotional products and business gifts, offering a vast selection to meet various needs. Their product range includes apparel, bags, drinkware, office supplies, and awards, catering to businesses looking to enhance their brand visibility. The company prides itself on providing high-quality merchandise with fast delivery times and budget-friendly prices. With a commitment to personalized recommendations, they aim to simplify the shopping experience for their clients.",2026-01-16,2026-01,stated by site,yes,,91f163ea-0108-48b3-b6ad-b5053c4991d5,leak site,leak site,leak site,,web estimate,leak site,
DragonForce,NWIMS IT Group,nwims.com,GB,United Kingdom,web research,Technology,,inferred from description,,350.67 GB,350.67,,,,"NWIMS IT Group provides a complete service for all your technology needs including computer repair and upgrade services for Home and Small Business Users. That it's not always an option to take your equipment in for repair or assistance. Therefore they offer a unique service where we will arrange a visit to you at your Home and/or office, where they can fix the problems in your own environment and answer any questions that you may have. At times a site visit will not be necessary and assistance can be given remotely. Here is a summary of the some of the services they offer: Internet and networks installed Hardware and Software upgrades Communications : Mobile Phones, Broadband, VOIP Phone systems Lost file and crash recovery, as well as system backup Virus, Trojan and Malware removal Hardware and Software Sales Security and Internet Filtering Office Virtualization Network Support Hardware upgrades and installations Assistance with other computer problems",2026-01-16,2026-01,stated by site,yes,,99191269-ff2d-44f7-a1d3-7809ab6aa32a,leak site,web,leak site,,,leak site,
DragonForce,"1171 Rue Notre Dame O, Victoriaville, QC G6P 7L1, Canada. (819) 758-0313",soteck.com,CA,Canada,web research,Energy & Utilities,,inferred from description,,1672.49 GB,1672.49,,,65,"Soteck specializes in air treatment, automation, industrial refrigeration, and energy efficiency, catering specifically to the agri-food sector. They provide comprehensive engineering solutions to help clients maintain optimal production conditions for quality products. With over 25 years of experience serving North American food processing plants, their team guarantees performance and client satisfaction. Soteck focuses on creating stable environments to enhance operational efficiency for both agri-food and industrial clients",2026-01-15,2026-01,stated by site,yes,,ef8272e9-70a8-4792-8d5f-df9d413d1676,leak site,web,leak site,,web estimate,leak site,
DragonForce,UBS Office,ubsoffice.com,US,United States,stated in address/location,Education,,inferred from description,21100000,93.34 GB,93.34,,,51-200,"United Business Systems specializes in simplifying the management of hardcopy and digital documents for various industries, with a strong focus on education. Their offerings include printers, copiers, print management, document management, and cloud printing solutions, all designed to enhance efficiency and security. UBS is recognized for its commitment to service excellence, providing reliable support and technology solutions tailored to client needs. The company emphasizes sustainability and cost savings, making it a preferred partner for organizations looking to optimize their document workflows.",2026-01-02,2026-01,stated by site,yes,,128f7e86-5543-41c1-a213-ac9d7f8581d5,leak site,leak site,leak site,web estimate,web estimate,leak site,
